ELMER SOLVER (v 26.2) STARTED AT: 2026/10/01 07:35:40
 Started inside library code
 Going parallel initialization
ParCommInit: Initialize #PEs: 1
 Back from parallel initialization
MAIN: 
MAIN: =============================================================
MAIN: ElmerSolver finite element software, Welcome!
MAIN: This program is free software licensed under (L)GPL
MAIN: Copyright April 1st 1995 -> , CSC - IT Center for Science Ltd.
MAIN: Repository https://www.github.org/elmerCSC/elmerfem
MAIN: Homepage https://www.elmerfem.org/,  Email elmeradm@csc.fi
MAIN: Version: 26.2-devel (Rev: 4b49ea6, Compiled: 2026-09-30)
MAIN:  Running one task without MPI parallelization.
MAIN:  Running with just one thread per task.
MAIN: =============================================================
MAIN: 
MAIN: 
MAIN: -------------------------------------
MAIN: Reading Model: case.sif
LoadInputFile: Scanning input file: case.sif
LoadInputFile: Scanning only size info
LoadInputFile: First time visiting
LoadInputFile: Reading base load of sif file
LoadInputFile: Loading input file: case.sif
LoadInputFile: Reading base load of sif file
LoadInputFile: Number of BCs: 4
LoadInputFile: Number of Body Forces: 1
LoadInputFile: Number of Initial Conditions: 1
LoadInputFile: Number of Materials: 1
LoadInputFile: Number of Equations: 1
LoadInputFile: Number of Solvers: 2
LoadInputFile: Number of Bodies: 1
ElmerMeshReader: Base mesh name: ./square
PrepareMesh: Preparing mesh for the future
LoadMesh: Elapsed REAL time:     0.0027 (s)
MAIN: -------------------------------------
AddVtuOutputSolverHack: Adding ResultOutputSolver to write VTU output in file: case
OptimizeBandwidth: Initial bandwidth for heat equation: 23
OptimizeBandwidth: Optimized bandwidth for heat equation: 42
OptimizeBandwidth: Bandwidth optimization rejected, using original ordering.
OptimizeBandwidth: Initial bandwidth for navier-stokes: 23
OptimizeBandwidth: Optimized bandwidth for navier-stokes: 42
OptimizeBandwidth: Bandwidth optimization rejected, using original ordering.
MAIN: Number of timesteps to be saved: 1000
MAIN: 
MAIN: -------------------------------------
MAIN:  Steady state iteration:            1
MAIN: -------------------------------------
MAIN: 
HeatSolver: ------------------------------------------------
HeatSolver: Solving energy equation for temperature
HeatSolver: Heat solver iteration: 1
IterSolver: "Linear System GCR Restart" not given, setting it to 200
   gcr:    10  0.1477E-07  0.3041E-07
ComputeChange: NS (ITER=1) (NRM,RELC): (  300.00010      2.0000000     ) :: heat equation
HeatSolver: Heat solver iteration: 2
IterSolver: "Linear System GCR Restart" not given, setting it to 200
   gcr:    10  0.4431E-08  0.9122E-08
ComputeChange: NS (ITER=2) (NRM,RELC): (  300.00013     0.12745971E-06 ) :: heat equation
HeatSolver: Heat solver iteration: 3
IterSolver: "Linear System GCR Restart" not given, setting it to 200
   gcr:    10  0.1329E-08  0.2737E-08
ComputeChange: NS (ITER=3) (NRM,RELC): (  300.00015     0.44722681E-07 ) :: heat equation
HeatSolver: Heat solver iteration: 4
IterSolver: "Linear System GCR Restart" not given, setting it to 200
   gcr:    10  0.3988E-09  0.8210E-09
ComputeChange: NS (ITER=4) (NRM,RELC): (  300.00015     0.14009565E-07 ) :: heat equation
HeatSolver: Heat solver iteration: 5
IterSolver: "Linear System GCR Restart" not given, setting it to 200
   gcr:    10  0.1197E-09  0.2463E-09
ComputeChange: NS (ITER=5) (NRM,RELC): (  300.00015     0.42489549E-08 ) :: heat equation
HeatSolver: Heat solver iteration: 6
IterSolver: "Linear System GCR Restart" not given, setting it to 200
   gcr:    10  0.3592E-10  0.7389E-10
ComputeChange: NS (ITER=6) (NRM,RELC): (  300.00015     0.13215637E-08 ) :: heat equation
HeatSolver: Heat solver iteration: 7
IterSolver: "Linear System GCR Restart" not given, setting it to 200
   gcr:    10  0.1101E-10  0.2222E-10
ComputeChange: NS (ITER=7) (NRM,RELC): (  300.00015     0.46006918E-09 ) :: heat equation
HeatSolver: Heat solver iteration: 8
IterSolver: "Linear System GCR Restart" not given, setting it to 200
ComputeChange: NS (ITER=8) (NRM,RELC): (  300.00015     0.89471685E-10 ) :: heat equation
ComputeChange: SS (ITER=1) (NRM,RELC): (  300.00005      2.0000000     ) :: heat equation
FlowSolve: 
FlowSolve: 
FlowSolve: -------------------------------------
FlowSolve:  NAVIER-STOKES ITERATION           1
FlowSolve: -------------------------------------
FlowSolve: 
FlowSolve: Starting Assembly...
FlowSolve: Assembly:
FlowSolve: Assembly done
FlowSolve: Dirichlet conditions done
BiCGStabl:        9 0.3271E-11 0.3271E-11
ComputeChange: NS (ITER=1) (NRM,RELC): ( 0.44148297      2.0000000     ) :: navier-stokes
FlowSolve: iter:    1 Assembly: (s)    0.00    0.00
FlowSolve: iter:    1 Solve:    (s)    0.00    0.00
FlowSolve:  Result Norm     :   0.44148296669455200
FlowSolve:  Relative Change :    2.0000000000000000
FlowSolve: 
FlowSolve: 
FlowSolve: -------------------------------------
FlowSolve:  NAVIER-STOKES ITERATION           2
FlowSolve: -------------------------------------
FlowSolve: 
FlowSolve: Starting Assembly...
FlowSolve: Assembly:
FlowSolve: Assembly done
FlowSolve: Dirichlet conditions done
BiCGStabl:        9 0.1432E-11 0.1432E-11
ComputeChange: NS (ITER=2) (NRM,RELC): ( 0.57391891     0.26085425     ) :: navier-stokes
FlowSolve: iter:    2 Assembly: (s)    0.00    0.01
FlowSolve: iter:    2 Solve:    (s)    0.00    0.01
FlowSolve:  Result Norm     :   0.57391891418933383
FlowSolve:  Relative Change :   0.26085424891964776
FlowSolve: 
FlowSolve: 
FlowSolve: -------------------------------------
FlowSolve:  NAVIER-STOKES ITERATION           3
FlowSolve: -------------------------------------
FlowSolve: 
FlowSolve: Starting Assembly...
FlowSolve: Assembly:
FlowSolve: Assembly done
FlowSolve: Dirichlet conditions done
BiCGStabl:        9 0.8632E-12 0.8632E-12
ComputeChange: NS (ITER=3) (NRM,RELC): ( 0.61364611     0.66905298E-01 ) :: navier-stokes
FlowSolve: iter:    3 Assembly: (s)    0.00    0.01
FlowSolve: iter:    3 Solve:    (s)    0.00    0.01
FlowSolve:  Result Norm     :   0.61364610991556123
FlowSolve:  Relative Change :    6.6905297680303497E-002
FlowSolve: 
FlowSolve: 
FlowSolve: -------------------------------------
FlowSolve:  NAVIER-STOKES ITERATION           4
FlowSolve: -------------------------------------
FlowSolve: 
FlowSolve: Starting Assembly...
FlowSolve: Assembly:
FlowSolve: Assembly done
FlowSolve: Dirichlet conditions done
BiCGStabl:        8 0.9507E-11 0.9507E-11
ComputeChange: NS (ITER=4) (NRM,RELC): ( 0.62556355     0.19233938E-01 ) :: navier-stokes
FlowSolve: iter:    4 Assembly: (s)    0.00    0.02
FlowSolve: iter:    4 Solve:    (s)    0.00    0.01
FlowSolve:  Result Norm     :   0.62556355061674163
FlowSolve:  Relative Change :    1.9233937695516758E-002
FlowSolve: 
FlowSolve: 
FlowSolve: -------------------------------------
FlowSolve:  NAVIER-STOKES ITERATION           5
FlowSolve: -------------------------------------
FlowSolve: 
FlowSolve: Starting Assembly...
FlowSolve: Assembly:
FlowSolve: Assembly done
FlowSolve: Dirichlet conditions done
BiCGStabl:        8 0.3075E-11 0.3075E-11
ComputeChange: NS (ITER=5) (NRM,RELC): ( 0.62913879     0.56989437E-02 ) :: navier-stokes
FlowSolve: iter:    5 Assembly: (s)    0.00    0.02
FlowSolve: iter:    5 Solve:    (s)    0.00    0.01
FlowSolve:  Result Norm     :   0.62913878962821979
FlowSolve:  Relative Change :    5.6989437204367508E-003
FlowSolve: 
FlowSolve: 
FlowSolve: -------------------------------------
FlowSolve:  NAVIER-STOKES ITERATION           6
FlowSolve: -------------------------------------
FlowSolve: 
FlowSolve: Starting Assembly...
FlowSolve: Assembly:
FlowSolve: Assembly done
FlowSolve: Dirichlet conditions done
BiCGStabl:        8 0.5726E-11 0.5726E-11
ComputeChange: NS (ITER=6) (NRM,RELC): ( 0.63021137     0.17033909E-02 ) :: navier-stokes
FlowSolve: iter:    6 Assembly: (s)    0.00    0.02
FlowSolve: iter:    6 Solve:    (s)    0.00    0.01
FlowSolve:  Result Norm     :   0.63021137240158431
FlowSolve:  Relative Change :    1.7033908530027148E-003
FlowSolve: 
FlowSolve: 
FlowSolve: -------------------------------------
FlowSolve:  NAVIER-STOKES ITERATION           7
FlowSolve: -------------------------------------
FlowSolve: 
FlowSolve: Starting Assembly...
FlowSolve: Assembly:
FlowSolve: Assembly done
FlowSolve: Dirichlet conditions done
BiCGStabl:        8 0.1730E-11 0.1730E-11
ComputeChange: NS (ITER=7) (NRM,RELC): ( 0.63053315     0.51045935E-03 ) :: navier-stokes
FlowSolve: iter:    7 Assembly: (s)    0.00    0.03
FlowSolve: iter:    7 Solve:    (s)    0.00    0.02
FlowSolve:  Result Norm     :   0.63053315181709879
FlowSolve:  Relative Change :    5.1045935053954487E-004
FlowSolve: 
FlowSolve: 
FlowSolve: -------------------------------------
FlowSolve:  NAVIER-STOKES ITERATION           8
FlowSolve: -------------------------------------
FlowSolve: 
FlowSolve: Starting Assembly...
FlowSolve: Assembly:
FlowSolve: Assembly done
FlowSolve: Dirichlet conditions done
BiCGStabl:        7 0.7190E-11 0.7190E-11
ComputeChange: NS (ITER=8) (NRM,RELC): ( 0.63062969     0.15308938E-03 ) :: navier-stokes
FlowSolve: iter:    8 Assembly: (s)    0.00    0.03
FlowSolve: iter:    8 Solve:    (s)    0.00    0.02
FlowSolve:  Result Norm     :   0.63062968713282874
FlowSolve:  Relative Change :    1.5308937553270814E-004
FlowSolve: 
FlowSolve: 
FlowSolve: -------------------------------------
FlowSolve:  NAVIER-STOKES ITERATION           9
FlowSolve: -------------------------------------
FlowSolve: 
FlowSolve: Starting Assembly...
FlowSolve: Assembly:
FlowSolve: Assembly done
FlowSolve: Dirichlet conditions done
BiCGStabl:        7 0.9741E-11 0.9741E-11
ComputeChange: NS (ITER=9) (NRM,RELC): ( 0.63065865     0.45922975E-04 ) :: navier-stokes
FlowSolve: iter:    9 Assembly: (s)    0.00    0.03
FlowSolve: iter:    9 Solve:    (s)    0.00    0.02
FlowSolve:  Result Norm     :   0.63065864818937711
FlowSolve:  Relative Change :    4.5922975321852610E-005
FlowSolve: 
FlowSolve: 
FlowSolve: -------------------------------------
FlowSolve:  NAVIER-STOKES ITERATION          10
FlowSolve: -------------------------------------
FlowSolve: 
FlowSolve: Starting Assembly...
FlowSolve: Assembly:
FlowSolve: Assembly done
FlowSolve: Dirichlet conditions done
BiCGStabl:        7 0.5885E-11 0.5885E-11
ComputeChange: NS (ITER=10) (NRM,RELC): ( 0.63066734     0.13776705E-04 ) :: navier-stokes
FlowSolve: iter:   10 Assembly: (s)    0.00    0.04
FlowSolve: iter:   10 Solve:    (s)    0.00    0.02
FlowSolve:  Result Norm     :   0.63066733664716057
FlowSolve:  Relative Change :    1.3776704655113742E-005
ComputeChange: SS (ITER=1) (NRM,RELC): ( 0.22073357      2.0000000     ) :: navier-stokes
ResultOutputSolver: -------------------------------------
ResultOutputSolver: Saving with prefix: case
CreateListForSaving: Field Variables for Saving
ResultOutputSolver: Saving in unstructured VTK XML (.vtu) format
VtuOutputSolver: Saving results in VTK XML format with prefix: case
VtuOutputSolver: Saving number of partitions: 1
ResultOutputSolver: -------------------------------------
MAIN: 
MAIN: -------------------------------------
MAIN:  Steady state iteration:            2
MAIN: -------------------------------------
MAIN: 
HeatSolver: ------------------------------------------------
HeatSolver: Solving energy equation for temperature
HeatSolver: Heat solver iteration: 1
IterSolver: "Linear System GCR Restart" not given, setting it to 200
   gcr:    10  0.8902E-08  0.1943E-07
ComputeChange: NS (ITER=1) (NRM,RELC): (  300.00011     0.19802381E-06 ) :: heat equation
HeatSolver: Heat solver iteration: 2
IterSolver: "Linear System GCR Restart" not given, setting it to 200
   gcr:    10  0.2671E-08  0.5829E-08
ComputeChange: NS (ITER=2) (NRM,RELC): (  300.00014     0.89881856E-07 ) :: heat equation
HeatSolver: Heat solver iteration: 3
IterSolver: "Linear System GCR Restart" not given, setting it to 200
   gcr:    10  0.8012E-09  0.1749E-08
ComputeChange: NS (ITER=3) (NRM,RELC): (  300.00015     0.29707165E-07 ) :: heat equation
HeatSolver: Heat solver iteration: 4
IterSolver: "Linear System GCR Restart" not given, setting it to 200
   gcr:    10  0.2404E-09  0.5246E-09
ComputeChange: NS (ITER=4) (NRM,RELC): (  300.00015     0.91638980E-08 ) :: heat equation
HeatSolver: Heat solver iteration: 5
IterSolver: "Linear System GCR Restart" not given, setting it to 200
   gcr:    10  0.7214E-10  0.1574E-09
ComputeChange: NS (ITER=5) (NRM,RELC): (  300.00015     0.27878282E-08 ) :: heat equation
HeatSolver: Heat solver iteration: 6
IterSolver: "Linear System GCR Restart" not given, setting it to 200
   gcr:    10  0.2177E-10  0.4723E-10
ComputeChange: NS (ITER=6) (NRM,RELC): (  300.00015     0.84711563E-09 ) :: heat equation
HeatSolver: Heat solver iteration: 7
IterSolver: "Linear System GCR Restart" not given, setting it to 200
   gcr:    10  0.6705E-11  0.1419E-10
ComputeChange: NS (ITER=7) (NRM,RELC): (  300.00015     0.30747253E-09 ) :: heat equation
HeatSolver: Heat solver iteration: 8
IterSolver: "Linear System GCR Restart" not given, setting it to 200
ComputeChange: NS (ITER=8) (NRM,RELC): (  300.00015     0.45791709E-10 ) :: heat equation
ComputeChange: SS (ITER=2) (NRM,RELC): (  300.00008     0.79491971E-07 ) :: heat equation
FlowSolve: 
FlowSolve: 
FlowSolve: -------------------------------------
FlowSolve:  NAVIER-STOKES ITERATION           1
FlowSolve: -------------------------------------
FlowSolve: 
FlowSolve: Starting Assembly...
FlowSolve: Assembly:
FlowSolve: Assembly done
FlowSolve: Dirichlet conditions done
BiCGStabl:        9 0.5349E-11 0.5349E-11
ComputeChange: NS (ITER=1) (NRM,RELC): ( 0.77883322      1.1166831     ) :: navier-stokes
FlowSolve: iter:    1 Assembly: (s)    0.00    0.00
FlowSolve: iter:    1 Solve:    (s)    0.00    0.00
FlowSolve:  Result Norm     :   0.77883322399612176
FlowSolve:  Relative Change :    1.1166830685760716
FlowSolve: 
FlowSolve: 
FlowSolve: -------------------------------------
FlowSolve:  NAVIER-STOKES ITERATION           2
FlowSolve: -------------------------------------
FlowSolve: 
FlowSolve: Starting Assembly...
FlowSolve: Assembly:
FlowSolve: Assembly done
FlowSolve: Dirichlet conditions done
BiCGStabl:        9 0.2789E-11 0.2789E-11
ComputeChange: NS (ITER=2) (NRM,RELC): ( 0.94623758     0.19408405     ) :: navier-stokes
FlowSolve: iter:    2 Assembly: (s)    0.00    0.01
FlowSolve: iter:    2 Solve:    (s)    0.00    0.00
FlowSolve:  Result Norm     :   0.94623758499991506
FlowSolve:  Relative Change :   0.19408404586153760
FlowSolve: 
FlowSolve: 
FlowSolve: -------------------------------------
FlowSolve:  NAVIER-STOKES ITERATION           3
FlowSolve: -------------------------------------
FlowSolve: 
FlowSolve: Starting Assembly...
FlowSolve: Assembly:
FlowSolve: Assembly done
FlowSolve: Dirichlet conditions done
BiCGStabl:        9 0.8675E-11 0.8675E-11
ComputeChange: NS (ITER=3) (NRM,RELC): ( 0.99644830     0.51692055E-01 ) :: navier-stokes
FlowSolve: iter:    3 Assembly: (s)    0.00    0.01
FlowSolve: iter:    3 Solve:    (s)    0.00    0.01
FlowSolve:  Result Norm     :   0.99644829786416289
FlowSolve:  Relative Change :    5.1692055115181872E-002
FlowSolve: 
FlowSolve: 
FlowSolve: -------------------------------------
FlowSolve:  NAVIER-STOKES ITERATION           4
FlowSolve: -------------------------------------
FlowSolve: 
FlowSolve: Starting Assembly...
FlowSolve: Assembly:
FlowSolve: Assembly done
FlowSolve: Dirichlet conditions done
BiCGStabl:        8 0.3319E-11 0.3319E-11
ComputeChange: NS (ITER=4) (NRM,RELC): (  1.0115104     0.15002409E-01 ) :: navier-stokes
FlowSolve: iter:    4 Assembly: (s)    0.00    0.02
FlowSolve: iter:    4 Solve:    (s)    0.00    0.01
FlowSolve:  Result Norm     :    1.0115104070203271
FlowSolve:  Relative Change :    1.5002409282147766E-002
FlowSolve: 
FlowSolve: 
FlowSolve: -------------------------------------
FlowSolve:  NAVIER-STOKES ITERATION           5
FlowSolve: -------------------------------------
FlowSolve: 
FlowSolve: Starting Assembly...
FlowSolve: Assembly:
FlowSolve: Assembly done
FlowSolve: Dirichlet conditions done
BiCGStabl:        8 0.7339E-11 0.7339E-11
ComputeChange: NS (ITER=5) (NRM,RELC): (  1.0160290     0.44571703E-02 ) :: navier-stokes
FlowSolve: iter:    5 Assembly: (s)    0.00    0.02
FlowSolve: iter:    5 Solve:    (s)    0.00    0.01
FlowSolve:  Result Norm     :    1.0160289511032239
FlowSolve:  Relative Change :    4.4571702786362520E-003
FlowSolve: 
FlowSolve: 
FlowSolve: -------------------------------------
FlowSolve:  NAVIER-STOKES ITERATION           6
FlowSolve: -------------------------------------
FlowSolve: 
FlowSolve: Starting Assembly...
FlowSolve: Assembly:
FlowSolve: Assembly done
FlowSolve: Dirichlet conditions done
BiCGStabl:        8 0.2681E-11 0.2681E-11
ComputeChange: NS (ITER=6) (NRM,RELC): (  1.0173845     0.13332854E-02 ) :: navier-stokes
FlowSolve: iter:    6 Assembly: (s)    0.00    0.02
FlowSolve: iter:    6 Solve:    (s)    0.00    0.01
FlowSolve:  Result Norm     :    1.0173845113789730
FlowSolve:  Relative Change :    1.3332854343300995E-003
FlowSolve: 
FlowSolve: 
FlowSolve: -------------------------------------
FlowSolve:  NAVIER-STOKES ITERATION           7
FlowSolve: -------------------------------------
FlowSolve: 
FlowSolve: Starting Assembly...
FlowSolve: Assembly:
FlowSolve: Assembly done
FlowSolve: Dirichlet conditions done
BiCGStabl:        8 0.9303E-12 0.9303E-12
ComputeChange: NS (ITER=7) (NRM,RELC): (  1.0177912     0.39964062E-03 ) :: navier-stokes
FlowSolve: iter:    7 Assembly: (s)    0.00    0.03
FlowSolve: iter:    7 Solve:    (s)    0.00    0.02
FlowSolve:  Result Norm     :    1.0177911808146394
FlowSolve:  Relative Change :    3.9964061798324074E-004
FlowSolve: 
FlowSolve: 
FlowSolve: -------------------------------------
FlowSolve:  NAVIER-STOKES ITERATION           8
FlowSolve: -------------------------------------
FlowSolve: 
FlowSolve: Starting Assembly...
FlowSolve: Assembly:
FlowSolve: Assembly done
FlowSolve: Dirichlet conditions done
BiCGStabl:        7 0.8789E-11 0.8789E-11
ComputeChange: NS (ITER=8) (NRM,RELC): (  1.0179132     0.11986166E-03 ) :: navier-stokes
FlowSolve: iter:    8 Assembly: (s)    0.00    0.03
FlowSolve: iter:    8 Solve:    (s)    0.00    0.02
FlowSolve:  Result Norm     :    1.0179131822633902
FlowSolve:  Relative Change :    1.1986165669594934E-004
FlowSolve: 
FlowSolve: 
FlowSolve: -------------------------------------
FlowSolve:  NAVIER-STOKES ITERATION           9
FlowSolve: -------------------------------------
FlowSolve: 
FlowSolve: Starting Assembly...
FlowSolve: Assembly:
FlowSolve: Assembly done
FlowSolve: Dirichlet conditions done
BiCGStabl:        7 0.2669E-11 0.2669E-11
ComputeChange: NS (ITER=9) (NRM,RELC): (  1.0179498     0.35955908E-04 ) :: navier-stokes
FlowSolve: iter:    9 Assembly: (s)    0.00    0.03
FlowSolve: iter:    9 Solve:    (s)    0.00    0.02
FlowSolve:  Result Norm     :    1.0179497829143049
FlowSolve:  Relative Change :    3.5955908173332459E-005
FlowSolve: 
FlowSolve: 
FlowSolve: -------------------------------------
FlowSolve:  NAVIER-STOKES ITERATION          10
FlowSolve: -------------------------------------
FlowSolve: 
FlowSolve: Starting Assembly...
FlowSolve: Assembly:
FlowSolve: Assembly done
FlowSolve: Dirichlet conditions done
BiCGStabl:        7 0.4755E-11 0.4755E-11
ComputeChange: NS (ITER=10) (NRM,RELC): (  1.0179608     0.10786587E-04 ) :: navier-stokes
FlowSolve: iter:   10 Assembly: (s)    0.00    0.04
FlowSolve: iter:   10 Solve:    (s)    0.00    0.02
FlowSolve:  Result Norm     :    1.0179607631773371
FlowSolve:  Relative Change :    1.0786586918786102E-005
ComputeChange: SS (ITER=2) (NRM,RELC): ( 0.49974615     0.77451891     ) :: navier-stokes
ResultOutputSolver: -------------------------------------
ResultOutputSolver: Saving in unstructured VTK XML (.vtu) format
ResultOutputSolver: -------------------------------------
MAIN: 
MAIN: -------------------------------------
MAIN:  Steady state iteration:            3
MAIN: -------------------------------------
MAIN: 
HeatSolver: ------------------------------------------------
HeatSolver: Solving energy equation for temperature
HeatSolver: Heat solver iteration: 1
IterSolver: "Linear System GCR Restart" not given, setting it to 200
   gcr:    10  0.5316E-08  0.1222E-07
ComputeChange: NS (ITER=1) (NRM,RELC): (  300.00013     0.16140132E-06 ) :: heat equation
HeatSolver: Heat solver iteration: 2
IterSolver: "Linear System GCR Restart" not given, setting it to 200
   gcr:    10  0.1595E-08  0.3667E-08
ComputeChange: NS (ITER=2) (NRM,RELC): (  300.00014     0.61453636E-07 ) :: heat equation
HeatSolver: Heat solver iteration: 3
IterSolver: "Linear System GCR Restart" not given, setting it to 200
   gcr:    10  0.4784E-09  0.1100E-08
ComputeChange: NS (ITER=3) (NRM,RELC): (  300.00015     0.19608404E-07 ) :: heat equation
HeatSolver: Heat solver iteration: 4
IterSolver: "Linear System GCR Restart" not given, setting it to 200
   gcr:    10  0.1435E-09  0.3301E-09
ComputeChange: NS (ITER=4) (NRM,RELC): (  300.00015     0.59906233E-08 ) :: heat equation
HeatSolver: Heat solver iteration: 5
IterSolver: "Linear System GCR Restart" not given, setting it to 200
   gcr:    10  0.4309E-10  0.9902E-10
ComputeChange: NS (ITER=5) (NRM,RELC): (  300.00015     0.18149573E-08 ) :: heat equation
HeatSolver: Heat solver iteration: 6
IterSolver: "Linear System GCR Restart" not given, setting it to 200
   gcr:    10  0.1300E-10  0.2971E-10
ComputeChange: NS (ITER=6) (NRM,RELC): (  300.00015     0.61413295E-09 ) :: heat equation
HeatSolver: Heat solver iteration: 7
IterSolver: "Linear System GCR Restart" not given, setting it to 200
ComputeChange: NS (ITER=7) (NRM,RELC): (  300.00015     0.16666311E-09 ) :: heat equation
HeatSolver: Heat solver iteration: 8
IterSolver: "Linear System GCR Restart" not given, setting it to 200
ComputeChange: NS (ITER=8) (NRM,RELC): (  300.00015     0.12282909E-10 ) :: heat equation
ComputeChange: SS (ITER=3) (NRM,RELC): (  300.00010     0.72357202E-07 ) :: heat equation
FlowSolve: 
FlowSolve: 
FlowSolve: -------------------------------------
FlowSolve:  NAVIER-STOKES ITERATION           1
FlowSolve: -------------------------------------
FlowSolve: 
FlowSolve: Starting Assembly...
FlowSolve: Assembly:
FlowSolve: Assembly done
FlowSolve: Dirichlet conditions done
BiCGStabl:        9 0.5729E-11 0.5729E-11
ComputeChange: NS (ITER=1) (NRM,RELC): (  1.0364745     0.69876467     ) :: navier-stokes
FlowSolve: iter:    1 Assembly: (s)    0.00    0.00
FlowSolve: iter:    1 Solve:    (s)    0.00    0.00
FlowSolve:  Result Norm     :    1.0364745113598683
FlowSolve:  Relative Change :   0.69876467198680636
FlowSolve: 
FlowSolve: 
FlowSolve: -------------------------------------
FlowSolve:  NAVIER-STOKES ITERATION           2
FlowSolve: -------------------------------------
FlowSolve: 
FlowSolve: Starting Assembly...
FlowSolve: Assembly:
FlowSolve: Assembly done
FlowSolve: Dirichlet conditions done
BiCGStabl:        9 0.2343E-11 0.2343E-11
ComputeChange: NS (ITER=2) (NRM,RELC): (  1.1974493     0.14411844     ) :: navier-stokes
FlowSolve: iter:    2 Assembly: (s)    0.00    0.01
FlowSolve: iter:    2 Solve:    (s)    0.00    0.01
FlowSolve:  Result Norm     :    1.1974493173257281
FlowSolve:  Relative Change :   0.14411843761080670
FlowSolve: 
FlowSolve: 
FlowSolve: -------------------------------------
FlowSolve:  NAVIER-STOKES ITERATION           3
FlowSolve: -------------------------------------
FlowSolve: 
FlowSolve: Starting Assembly...
FlowSolve: Assembly:
FlowSolve: Assembly done
FlowSolve: Dirichlet conditions done
BiCGStabl:        9 0.2721E-11 0.2721E-11
ComputeChange: NS (ITER=3) (NRM,RELC): (  1.2457302     0.39523021E-01 ) :: navier-stokes
FlowSolve: iter:    3 Assembly: (s)    0.00    0.01
FlowSolve: iter:    3 Solve:    (s)    0.00    0.01
FlowSolve:  Result Norm     :    1.2457302354590882
FlowSolve:  Relative Change :    3.9523020793398443E-002
FlowSolve: 
FlowSolve: 
FlowSolve: -------------------------------------
FlowSolve:  NAVIER-STOKES ITERATION           4
FlowSolve: -------------------------------------
FlowSolve: 
FlowSolve: Starting Assembly...
FlowSolve: Assembly:
FlowSolve: Assembly done
FlowSolve: Dirichlet conditions done
BiCGStabl:        8 0.6370E-11 0.6370E-11
ComputeChange: NS (ITER=4) (NRM,RELC): (  1.2602133     0.11558988E-01 ) :: navier-stokes
FlowSolve: iter:    4 Assembly: (s)    0.00    0.02
FlowSolve: iter:    4 Solve:    (s)    0.00    0.01
FlowSolve:  Result Norm     :    1.2602133210489850
FlowSolve:  Relative Change :    1.1558987872877966E-002
FlowSolve: 
FlowSolve: 
FlowSolve: -------------------------------------
FlowSolve:  NAVIER-STOKES ITERATION           5
FlowSolve: -------------------------------------
FlowSolve: 
FlowSolve: Starting Assembly...
FlowSolve: Assembly:
FlowSolve: Assembly done
FlowSolve: Dirichlet conditions done
BiCGStabl:        8 0.2003E-11 0.2003E-11
ComputeChange: NS (ITER=5) (NRM,RELC): (  1.2645581     0.34417569E-02 ) :: navier-stokes
FlowSolve: iter:    5 Assembly: (s)    0.00    0.02
FlowSolve: iter:    5 Solve:    (s)    0.00    0.01
FlowSolve:  Result Norm     :    1.2645581458870900
FlowSolve:  Relative Change :    3.4417569233525101E-003
FlowSolve: 
FlowSolve: 
FlowSolve: -------------------------------------
FlowSolve:  NAVIER-STOKES ITERATION           6
FlowSolve: -------------------------------------
FlowSolve: 
FlowSolve: Starting Assembly...
FlowSolve: Assembly:
FlowSolve: Assembly done
FlowSolve: Dirichlet conditions done
BiCGStabl:        8 0.4352E-11 0.4352E-11
ComputeChange: NS (ITER=6) (NRM,RELC): (  1.2658616     0.10302181E-02 ) :: navier-stokes
FlowSolve: iter:    6 Assembly: (s)    0.00    0.02
FlowSolve: iter:    6 Solve:    (s)    0.00    0.01
FlowSolve:  Result Norm     :    1.2658615879301593
FlowSolve:  Relative Change :    1.0302180509025784E-003
FlowSolve: 
FlowSolve: 
FlowSolve: -------------------------------------
FlowSolve:  NAVIER-STOKES ITERATION           7
FlowSolve: -------------------------------------
FlowSolve: 
FlowSolve: Starting Assembly...
FlowSolve: Assembly:
FlowSolve: Assembly done
FlowSolve: Dirichlet conditions done
BiCGStabl:        8 0.1320E-11 0.1320E-11
ComputeChange: NS (ITER=7) (NRM,RELC): (  1.2662526     0.30885918E-03 ) :: navier-stokes
FlowSolve: iter:    7 Assembly: (s)    0.00    0.03
FlowSolve: iter:    7 Solve:    (s)    0.00    0.02
FlowSolve:  Result Norm     :    1.2662526212886793
FlowSolve:  Relative Change :    3.0885917949223231E-004
FlowSolve: 
FlowSolve: 
FlowSolve: -------------------------------------
FlowSolve:  NAVIER-STOKES ITERATION           8
FlowSolve: -------------------------------------
FlowSolve: 
FlowSolve: Starting Assembly...
FlowSolve: Assembly:
FlowSolve: Assembly done
FlowSolve: Dirichlet conditions done
BiCGStabl:        7 0.7009E-11 0.7009E-11
ComputeChange: NS (ITER=8) (NRM,RELC): (  1.2663699     0.92639516E-04 ) :: navier-stokes
FlowSolve: iter:    8 Assembly: (s)    0.00    0.03
FlowSolve: iter:    8 Solve:    (s)    0.00    0.02
FlowSolve:  Result Norm     :    1.2663699317519872
FlowSolve:  Relative Change :    9.2639515641231826E-005
FlowSolve: 
FlowSolve: 
FlowSolve: -------------------------------------
FlowSolve:  NAVIER-STOKES ITERATION           9
FlowSolve: -------------------------------------
FlowSolve: 
FlowSolve: Starting Assembly...
FlowSolve: Assembly:
FlowSolve: Assembly done
FlowSolve: Dirichlet conditions done
BiCGStabl:        7 0.6914E-11 0.6914E-11
ComputeChange: NS (ITER=9) (NRM,RELC): (  1.2664051     0.27790314E-04 ) :: navier-stokes
FlowSolve: iter:    9 Assembly: (s)    0.00    0.03
FlowSolve: iter:    9 Solve:    (s)    0.00    0.02
FlowSolve:  Result Norm     :    1.2664051250590473
FlowSolve:  Relative Change :    2.7790314000055879E-005
FlowSolve: 
FlowSolve: 
FlowSolve: -------------------------------------
FlowSolve:  NAVIER-STOKES ITERATION          10
FlowSolve: -------------------------------------
FlowSolve: 
FlowSolve: Starting Assembly...
FlowSolve: Assembly:
FlowSolve: Assembly done
FlowSolve: Dirichlet conditions done
BiCGStabl:        6 0.8566E-11 0.8566E-11
ComputeChange: NS (ITER=10) (NRM,RELC): (  1.2664157     0.83369853E-05 ) :: navier-stokes
FlowSolve: iter:   10 Assembly: (s)    0.00    0.04
FlowSolve: iter:   10 Solve:    (s)    0.00    0.02
FlowSolve:  Result Norm     :    1.2664156831039146
FlowSolve:  Relative Change :    8.3369852563143541E-006
ComputeChange: SS (ITER=3) (NRM,RELC): ( 0.76806675     0.42328107     ) :: navier-stokes
ResultOutputSolver: -------------------------------------
ResultOutputSolver: Saving in unstructured VTK XML (.vtu) format
ResultOutputSolver: -------------------------------------
MAIN: 
MAIN: -------------------------------------
MAIN:  Steady state iteration:            4
MAIN: -------------------------------------
MAIN: 
HeatSolver: ------------------------------------------------
HeatSolver: Solving energy equation for temperature
HeatSolver: Heat solver iteration: 1
IterSolver: "Linear System GCR Restart" not given, setting it to 200
   gcr:    10  0.3485E-08  0.8197E-08
ComputeChange: NS (ITER=1) (NRM,RELC): (  300.00013     0.11845448E-06 ) :: heat equation
HeatSolver: Heat solver iteration: 2
IterSolver: "Linear System GCR Restart" not given, setting it to 200
   gcr:    10  0.1046E-08  0.2459E-08
ComputeChange: NS (ITER=2) (NRM,RELC): (  300.00015     0.41320081E-07 ) :: heat equation
HeatSolver: Heat solver iteration: 3
IterSolver: "Linear System GCR Restart" not given, setting it to 200
   gcr:    10  0.3138E-09  0.7377E-09
ComputeChange: NS (ITER=3) (NRM,RELC): (  300.00015     0.12909702E-07 ) :: heat equation
HeatSolver: Heat solver iteration: 4
IterSolver: "Linear System GCR Restart" not given, setting it to 200
   gcr:    10  0.9414E-10  0.2213E-09
ComputeChange: NS (ITER=4) (NRM,RELC): (  300.00015     0.39214847E-08 ) :: heat equation
HeatSolver: Heat solver iteration: 5
IterSolver: "Linear System GCR Restart" not given, setting it to 200
   gcr:    10  0.2827E-10  0.6640E-10
ComputeChange: NS (ITER=5) (NRM,RELC): (  300.00015     0.12367087E-08 ) :: heat equation
HeatSolver: Heat solver iteration: 6
IterSolver: "Linear System GCR Restart" not given, setting it to 200
   gcr:    10  0.8784E-11  0.1995E-10
ComputeChange: NS (ITER=6) (NRM,RELC): (  300.00015     0.40899823E-09 ) :: heat equation
HeatSolver: Heat solver iteration: 7
IterSolver: "Linear System GCR Restart" not given, setting it to 200
ComputeChange: NS (ITER=7) (NRM,RELC): (  300.00015     0.68572834E-10 ) :: heat equation
ComputeChange: SS (ITER=4) (NRM,RELC): (  300.00012     0.55536783E-07 ) :: heat equation
FlowSolve: 
FlowSolve: 
FlowSolve: -------------------------------------
FlowSolve:  NAVIER-STOKES ITERATION           1
FlowSolve: -------------------------------------
FlowSolve: 
FlowSolve: Starting Assembly...
FlowSolve: Assembly:
FlowSolve: Assembly done
FlowSolve: Dirichlet conditions done
BiCGStabl:        9 0.6718E-11 0.6718E-11
ComputeChange: NS (ITER=1) (NRM,RELC): (  1.2261333     0.45939878     ) :: navier-stokes
FlowSolve: iter:    1 Assembly: (s)    0.00    0.00
FlowSolve: iter:    1 Solve:    (s)    0.00    0.00
FlowSolve:  Result Norm     :    1.2261332773958180
FlowSolve:  Relative Change :   0.45939878012258234
FlowSolve: 
FlowSolve: 
FlowSolve: -------------------------------------
FlowSolve:  NAVIER-STOKES ITERATION           2
FlowSolve: -------------------------------------
FlowSolve: 
FlowSolve: Starting Assembly...
FlowSolve: Assembly:
FlowSolve: Assembly done
FlowSolve: Dirichlet conditions done
BiCGStabl:        9 0.2846E-11 0.2846E-11
ComputeChange: NS (ITER=2) (NRM,RELC): (  1.3635117     0.10609827     ) :: navier-stokes
FlowSolve: iter:    2 Assembly: (s)    0.00    0.01
FlowSolve: iter:    2 Solve:    (s)    0.00    0.00
FlowSolve:  Result Norm     :    1.3635117008967768
FlowSolve:  Relative Change :   0.10609826802709854
FlowSolve: 
FlowSolve: 
FlowSolve: -------------------------------------
FlowSolve:  NAVIER-STOKES ITERATION           3
FlowSolve: -------------------------------------
FlowSolve: 
FlowSolve: Starting Assembly...
FlowSolve: Assembly:
FlowSolve: Assembly done
FlowSolve: Dirichlet conditions done
BiCGStabl:        8 0.8463E-11 0.8463E-11
ComputeChange: NS (ITER=3) (NRM,RELC): (  1.4047165     0.29769828E-01 ) :: navier-stokes
FlowSolve: iter:    3 Assembly: (s)    0.00    0.01
FlowSolve: iter:    3 Solve:    (s)    0.00    0.01
FlowSolve:  Result Norm     :    1.4047165397746013
FlowSolve:  Relative Change :    2.9769827698767463E-002
FlowSolve: 
FlowSolve: 
FlowSolve: -------------------------------------
FlowSolve:  NAVIER-STOKES ITERATION           4
FlowSolve: -------------------------------------
FlowSolve: 
FlowSolve: Starting Assembly...
FlowSolve: Assembly:
FlowSolve: Assembly done
FlowSolve: Dirichlet conditions done
BiCGStabl:        8 0.2034E-11 0.2034E-11
ComputeChange: NS (ITER=4) (NRM,RELC): (  1.4170771     0.87607768E-02 ) :: navier-stokes
FlowSolve: iter:    4 Assembly: (s)    0.00    0.02
FlowSolve: iter:    4 Solve:    (s)    0.00    0.01
FlowSolve:  Result Norm     :    1.4170770918012432
FlowSolve:  Relative Change :    8.7607767544213132E-003
FlowSolve: 
FlowSolve: 
FlowSolve: -------------------------------------
FlowSolve:  NAVIER-STOKES ITERATION           5
FlowSolve: -------------------------------------
FlowSolve: 
FlowSolve: Starting Assembly...
FlowSolve: Assembly:
FlowSolve: Assembly done
FlowSolve: Dirichlet conditions done
BiCGStabl:        8 0.3882E-11 0.3882E-11
ComputeChange: NS (ITER=5) (NRM,RELC): (  1.4207852     0.26132938E-02 ) :: navier-stokes
FlowSolve: iter:    5 Assembly: (s)    0.00    0.02
FlowSolve: iter:    5 Solve:    (s)    0.00    0.01
FlowSolve:  Result Norm     :    1.4207851757508210
FlowSolve:  Relative Change :    2.6132938106093258E-003
FlowSolve: 
FlowSolve: 
FlowSolve: -------------------------------------
FlowSolve:  NAVIER-STOKES ITERATION           6
FlowSolve: -------------------------------------
FlowSolve: 
FlowSolve: Starting Assembly...
FlowSolve: Assembly:
FlowSolve: Assembly done
FlowSolve: Dirichlet conditions done
BiCGStabl:        8 0.1211E-11 0.1211E-11
ComputeChange: NS (ITER=6) (NRM,RELC): (  1.4218976     0.78265430E-03 ) :: navier-stokes
FlowSolve: iter:    6 Assembly: (s)    0.00    0.02
FlowSolve: iter:    6 Solve:    (s)    0.00    0.01
FlowSolve:  Result Norm     :    1.4218975946977508
FlowSolve:  Relative Change :    7.8265430001130804E-004
FlowSolve: 
FlowSolve: 
FlowSolve: -------------------------------------
FlowSolve:  NAVIER-STOKES ITERATION           7
FlowSolve: -------------------------------------
FlowSolve: 
FlowSolve: Starting Assembly...
FlowSolve: Assembly:
FlowSolve: Assembly done
FlowSolve: Dirichlet conditions done
BiCGStabl:        8 0.9512E-11 0.9512E-11
ComputeChange: NS (ITER=7) (NRM,RELC): (  1.4222313     0.23467682E-03 ) :: navier-stokes
FlowSolve: iter:    7 Assembly: (s)    0.00    0.03
FlowSolve: iter:    7 Solve:    (s)    0.00    0.02
FlowSolve:  Result Norm     :    1.4222313202664818
FlowSolve:  Relative Change :    2.3467682282271690E-004
FlowSolve: 
FlowSolve: 
FlowSolve: -------------------------------------
FlowSolve:  NAVIER-STOKES ITERATION           8
FlowSolve: -------------------------------------
FlowSolve: 
FlowSolve: Starting Assembly...
FlowSolve: Assembly:
FlowSolve: Assembly done
FlowSolve: Dirichlet conditions done
BiCGStabl:        7 0.6183E-11 0.6183E-11
ComputeChange: NS (ITER=8) (NRM,RELC): (  1.4223314     0.70392416E-04 ) :: navier-stokes
FlowSolve: iter:    8 Assembly: (s)    0.00    0.03
FlowSolve: iter:    8 Solve:    (s)    0.00    0.02
FlowSolve:  Result Norm     :    1.4223314380884973
FlowSolve:  Relative Change :    7.0392415650808056E-005
FlowSolve: 
FlowSolve: 
FlowSolve: -------------------------------------
FlowSolve:  NAVIER-STOKES ITERATION           9
FlowSolve: -------------------------------------
FlowSolve: 
FlowSolve: Starting Assembly...
FlowSolve: Assembly:
FlowSolve: Assembly done
FlowSolve: Dirichlet conditions done
BiCGStabl:        7 0.5433E-11 0.5433E-11
ComputeChange: NS (ITER=9) (NRM,RELC): (  1.4223615     0.21116809E-04 ) :: navier-stokes
FlowSolve: iter:    9 Assembly: (s)    0.00    0.03
FlowSolve: iter:    9 Solve:    (s)    0.00    0.02
FlowSolve:  Result Norm     :    1.4223614735069525
FlowSolve:  Relative Change :    2.1116809011492809E-005
FlowSolve: 
FlowSolve: 
FlowSolve: -------------------------------------
FlowSolve:  NAVIER-STOKES ITERATION          10
FlowSolve: -------------------------------------
FlowSolve: 
FlowSolve: Starting Assembly...
FlowSolve: Assembly:
FlowSolve: Assembly done
FlowSolve: Dirichlet conditions done
BiCGStabl:        7 0.6058E-11 0.6058E-11
ComputeChange: NS (ITER=10) (NRM,RELC): (  1.4223705     0.63349751E-05 ) :: navier-stokes
FlowSolve: iter:   10 Assembly: (s)    0.00    0.04
FlowSolve: iter:   10 Solve:    (s)    0.00    0.02
FlowSolve:  Result Norm     :    1.4223704841600542
FlowSolve:  Relative Change :    6.3349751299940078E-006
ComputeChange: SS (ITER=4) (NRM,RELC): ( 0.99705999     0.25946379     ) :: navier-stokes
ResultOutputSolver: -------------------------------------
ResultOutputSolver: Saving in unstructured VTK XML (.vtu) format
ResultOutputSolver: -------------------------------------
MAIN: 
MAIN: -------------------------------------
MAIN:  Steady state iteration:            5
MAIN: -------------------------------------
MAIN: 
HeatSolver: ------------------------------------------------
HeatSolver: Solving energy equation for temperature
HeatSolver: Heat solver iteration: 1
IterSolver: "Linear System GCR Restart" not given, setting it to 200
   gcr:    10  0.2078E-08  0.4987E-08
ComputeChange: NS (ITER=1) (NRM,RELC): (  300.00014     0.82568644E-07 ) :: heat equation
HeatSolver: Heat solver iteration: 2
IterSolver: "Linear System GCR Restart" not given, setting it to 200
   gcr:    10  0.6233E-09  0.1496E-08
ComputeChange: NS (ITER=2) (NRM,RELC): (  300.00015     0.27522340E-07 ) :: heat equation
HeatSolver: Heat solver iteration: 3
IterSolver: "Linear System GCR Restart" not given, setting it to 200
   gcr:    10  0.1871E-09  0.4489E-09
ComputeChange: NS (ITER=3) (NRM,RELC): (  300.00015     0.85059114E-08 ) :: heat equation
HeatSolver: Heat solver iteration: 4
IterSolver: "Linear System GCR Restart" not given, setting it to 200
   gcr:    10  0.5619E-10  0.1347E-09
ComputeChange: NS (ITER=4) (NRM,RELC): (  300.00015     0.26017627E-08 ) :: heat equation
HeatSolver: Heat solver iteration: 5
IterSolver: "Linear System GCR Restart" not given, setting it to 200
   gcr:    10  0.1705E-10  0.4041E-10
ComputeChange: NS (ITER=5) (NRM,RELC): (  300.00015     0.84728067E-09 ) :: heat equation
HeatSolver: Heat solver iteration: 6
IterSolver: "Linear System GCR Restart" not given, setting it to 200
   gcr:    10  0.5624E-11  0.1217E-10
ComputeChange: NS (ITER=6) (NRM,RELC): (  300.00015     0.20463222E-09 ) :: heat equation
HeatSolver: Heat solver iteration: 7
IterSolver: "Linear System GCR Restart" not given, setting it to 200
ComputeChange: NS (ITER=7) (NRM,RELC): (  300.00015     0.28880232E-10 ) :: heat equation
ComputeChange: SS (ITER=5) (NRM,RELC): (  300.00013     0.39537559E-07 ) :: heat equation
FlowSolve: 
FlowSolve: 
FlowSolve: -------------------------------------
FlowSolve:  NAVIER-STOKES ITERATION           1
FlowSolve: -------------------------------------
FlowSolve: 
FlowSolve: Starting Assembly...
FlowSolve: Assembly:
FlowSolve: Assembly done
FlowSolve: Dirichlet conditions done
BiCGStabl:        9 0.5214E-12 0.5214E-12
ComputeChange: NS (ITER=1) (NRM,RELC): (  1.3613309     0.30891477     ) :: navier-stokes
FlowSolve: iter:    1 Assembly: (s)    0.00    0.00
FlowSolve: iter:    1 Solve:    (s)    0.00    0.00
FlowSolve:  Result Norm     :    1.3613308758423797
FlowSolve:  Relative Change :   0.30891477146239937
FlowSolve: 
FlowSolve: 
FlowSolve: -------------------------------------
FlowSolve:  NAVIER-STOKES ITERATION           2
FlowSolve: -------------------------------------
FlowSolve: 
FlowSolve: Starting Assembly...
FlowSolve: Assembly:
FlowSolve: Assembly done
FlowSolve: Dirichlet conditions done
BiCGStabl:        9 0.2810E-11 0.2810E-11
ComputeChange: NS (ITER=2) (NRM,RELC): (  1.4705861     0.77159881E-01 ) :: navier-stokes
FlowSolve: iter:    2 Assembly: (s)    0.00    0.01
FlowSolve: iter:    2 Solve:    (s)    0.00    0.01
FlowSolve:  Result Norm     :    1.4705860629915450
FlowSolve:  Relative Change :    7.7159881104530190E-002
FlowSolve: 
FlowSolve: 
FlowSolve: -------------------------------------
FlowSolve:  NAVIER-STOKES ITERATION           3
FlowSolve: -------------------------------------
FlowSolve: 
FlowSolve: Starting Assembly...
FlowSolve: Assembly:
FlowSolve: Assembly done
FlowSolve: Dirichlet conditions done
BiCGStabl:        8 0.7540E-11 0.7540E-11
ComputeChange: NS (ITER=3) (NRM,RELC): (  1.5033575     0.22039065E-01 ) :: navier-stokes
FlowSolve: iter:    3 Assembly: (s)    0.00    0.01
FlowSolve: iter:    3 Solve:    (s)    0.00    0.01
FlowSolve:  Result Norm     :    1.5033575305962623
FlowSolve:  Relative Change :    2.2039064678547795E-002
FlowSolve: 
FlowSolve: 
FlowSolve: -------------------------------------
FlowSolve:  NAVIER-STOKES ITERATION           4
FlowSolve: -------------------------------------
FlowSolve: 
FlowSolve: Starting Assembly...
FlowSolve: Assembly:
FlowSolve: Assembly done
FlowSolve: Dirichlet conditions done
BiCGStabl:        8 0.2196E-11 0.2196E-11
ComputeChange: NS (ITER=4) (NRM,RELC): (  1.5131884     0.65179849E-02 ) :: navier-stokes
FlowSolve: iter:    4 Assembly: (s)    0.00    0.02
FlowSolve: iter:    4 Solve:    (s)    0.00    0.01
FlowSolve:  Result Norm     :    1.5131884311127293
FlowSolve:  Relative Change :    6.5179849014449405E-003
FlowSolve: 
FlowSolve: 
FlowSolve: -------------------------------------
FlowSolve:  NAVIER-STOKES ITERATION           5
FlowSolve: -------------------------------------
FlowSolve: 
FlowSolve: Starting Assembly...
FlowSolve: Assembly:
FlowSolve: Assembly done
FlowSolve: Dirichlet conditions done
BiCGStabl:        8 0.5456E-11 0.5456E-11
ComputeChange: NS (ITER=5) (NRM,RELC): (  1.5161376     0.19471107E-02 ) :: navier-stokes
FlowSolve: iter:    5 Assembly: (s)    0.00    0.02
FlowSolve: iter:    5 Solve:    (s)    0.00    0.01
FlowSolve:  Result Norm     :    1.5161376477471564
FlowSolve:  Relative Change :    1.9471107154876628E-003
FlowSolve: 
FlowSolve: 
FlowSolve: -------------------------------------
FlowSolve:  NAVIER-STOKES ITERATION           6
FlowSolve: -------------------------------------
FlowSolve: 
FlowSolve: Starting Assembly...
FlowSolve: Assembly:
FlowSolve: Assembly done
FlowSolve: Dirichlet conditions done
BiCGStabl:        8 0.1662E-11 0.1662E-11
ComputeChange: NS (ITER=6) (NRM,RELC): (  1.5170224     0.58339126E-03 ) :: navier-stokes
FlowSolve: iter:    6 Assembly: (s)    0.00    0.02
FlowSolve: iter:    6 Solve:    (s)    0.00    0.01
FlowSolve:  Result Norm     :    1.5170224072856457
FlowSolve:  Relative Change :    5.8339126352483449E-004
FlowSolve: 
FlowSolve: 
FlowSolve: -------------------------------------
FlowSolve:  NAVIER-STOKES ITERATION           7
FlowSolve: -------------------------------------
FlowSolve: 
FlowSolve: Starting Assembly...
FlowSolve: Assembly:
FlowSolve: Assembly done
FlowSolve: Dirichlet conditions done
BiCGStabl:        8 0.3555E-11 0.3555E-11
ComputeChange: NS (ITER=7) (NRM,RELC): (  1.5172878     0.17495065E-03 ) :: navier-stokes
FlowSolve: iter:    7 Assembly: (s)    0.00    0.03
FlowSolve: iter:    7 Solve:    (s)    0.00    0.02
FlowSolve:  Result Norm     :    1.5172878345586884
FlowSolve:  Relative Change :    1.7495064900242407E-004
FlowSolve: 
FlowSolve: 
FlowSolve: -------------------------------------
FlowSolve:  NAVIER-STOKES ITERATION           8
FlowSolve: -------------------------------------
FlowSolve: 
FlowSolve: Starting Assembly...
FlowSolve: Assembly:
FlowSolve: Assembly done
FlowSolve: Dirichlet conditions done
BiCGStabl:        7 0.3842E-11 0.3842E-11
ComputeChange: NS (ITER=8) (NRM,RELC): (  1.5173675     0.52479187E-04 ) :: navier-stokes
FlowSolve: iter:    8 Assembly: (s)    0.00    0.03
FlowSolve: iter:    8 Solve:    (s)    0.00    0.02
FlowSolve:  Result Norm     :    1.5173674626796545
FlowSolve:  Relative Change :    5.2479186706004800E-005
FlowSolve: 
FlowSolve: 
FlowSolve: -------------------------------------
FlowSolve:  NAVIER-STOKES ITERATION           9
FlowSolve: -------------------------------------
FlowSolve: 
FlowSolve: Starting Assembly...
FlowSolve: Assembly:
FlowSolve: Assembly done
FlowSolve: Dirichlet conditions done
BiCGStabl:        7 0.4775E-11 0.4775E-11
ComputeChange: NS (ITER=9) (NRM,RELC): (  1.5173914     0.15743219E-04 ) :: navier-stokes
FlowSolve: iter:    9 Assembly: (s)    0.00    0.03
FlowSolve: iter:    9 Solve:    (s)    0.00    0.02
FlowSolve:  Result Norm     :    1.5173913511155293
FlowSolve:  Relative Change :    1.5743218713897360E-005
FlowSolve: 
FlowSolve: 
FlowSolve: -------------------------------------
FlowSolve:  NAVIER-STOKES ITERATION          10
FlowSolve: -------------------------------------
FlowSolve: 
FlowSolve: Starting Assembly...
FlowSolve: Assembly:
FlowSolve: Assembly done
FlowSolve: Dirichlet conditions done
BiCGStabl:        6 0.6838E-11 0.6838E-11
ComputeChange: NS (ITER=10) (NRM,RELC): (  1.5173985     0.47229180E-05 ) :: navier-stokes
FlowSolve: iter:   10 Assembly: (s)    0.00    0.04
FlowSolve: iter:   10 Solve:    (s)    0.00    0.02
FlowSolve:  Result Norm     :    1.5173985176474134
FlowSolve:  Relative Change :    4.7229180233635016E-006
ComputeChange: SS (ITER=5) (NRM,RELC): (  1.1791634     0.16735726     ) :: navier-stokes
ResultOutputSolver: -------------------------------------
ResultOutputSolver: Saving in unstructured VTK XML (.vtu) format
ResultOutputSolver: -------------------------------------
MAIN: 
MAIN: -------------------------------------
MAIN:  Steady state iteration:            6
MAIN: -------------------------------------
MAIN: 
HeatSolver: ------------------------------------------------
HeatSolver: Solving energy equation for temperature
HeatSolver: Heat solver iteration: 1
IterSolver: "Linear System GCR Restart" not given, setting it to 200
   gcr:    10  0.1261E-08  0.3315E-08
ComputeChange: NS (ITER=1) (NRM,RELC): (  300.00014     0.56001242E-07 ) :: heat equation
HeatSolver: Heat solver iteration: 2
IterSolver: "Linear System GCR Restart" not given, setting it to 200
   gcr:    10  0.3782E-09  0.9945E-09
ComputeChange: NS (ITER=2) (NRM,RELC): (  300.00015     0.18223077E-07 ) :: heat equation
HeatSolver: Heat solver iteration: 3
IterSolver: "Linear System GCR Restart" not given, setting it to 200
   gcr:    10  0.1135E-09  0.2984E-09
ComputeChange: NS (ITER=3) (NRM,RELC): (  300.00015     0.55950877E-08 ) :: heat equation
HeatSolver: Heat solver iteration: 4
IterSolver: "Linear System GCR Restart" not given, setting it to 200
   gcr:    10  0.3413E-10  0.8951E-10
ComputeChange: NS (ITER=4) (NRM,RELC): (  300.00015     0.17703165E-08 ) :: heat equation
HeatSolver: Heat solver iteration: 5
IterSolver: "Linear System GCR Restart" not given, setting it to 200
   gcr:    10  0.1055E-10  0.2686E-10
ComputeChange: NS (ITER=5) (NRM,RELC): (  300.00015     0.49109676E-09 ) :: heat equation
HeatSolver: Heat solver iteration: 6
IterSolver: "Linear System GCR Restart" not given, setting it to 200
ComputeChange: NS (ITER=6) (NRM,RELC): (  300.00015     0.11563045E-09 ) :: heat equation
HeatSolver: Heat solver iteration: 7
IterSolver: "Linear System GCR Restart" not given, setting it to 200
ComputeChange: NS (ITER=7) (NRM,RELC): (  300.00015     0.16269147E-10 ) :: heat equation
ComputeChange: SS (ITER=6) (NRM,RELC): (  300.00014     0.27093308E-07 ) :: heat equation
FlowSolve: 
FlowSolve: 
FlowSolve: -------------------------------------
FlowSolve:  NAVIER-STOKES ITERATION           1
FlowSolve: -------------------------------------
FlowSolve: 
FlowSolve: Starting Assembly...
FlowSolve: Assembly:
FlowSolve: Assembly done
FlowSolve: Dirichlet conditions done
BiCGStabl:        9 0.5126E-11 0.5126E-11
ComputeChange: NS (ITER=1) (NRM,RELC): (  1.4549731     0.20941187     ) :: navier-stokes
FlowSolve: iter:    1 Assembly: (s)    0.00    0.00
FlowSolve: iter:    1 Solve:    (s)    0.00    0.00
FlowSolve:  Result Norm     :    1.4549731034934046
FlowSolve:  Relative Change :   0.20941187270247635
FlowSolve: 
FlowSolve: 
FlowSolve: -------------------------------------
FlowSolve:  NAVIER-STOKES ITERATION           2
FlowSolve: -------------------------------------
FlowSolve: 
FlowSolve: Starting Assembly...
FlowSolve: Assembly:
FlowSolve: Assembly done
FlowSolve: Dirichlet conditions done
BiCGStabl:        9 0.2084E-11 0.2084E-11
ComputeChange: NS (ITER=2) (NRM,RELC): (  1.5377077     0.55291274E-01 ) :: navier-stokes
FlowSolve: iter:    2 Assembly: (s)    0.00    0.01
FlowSolve: iter:    2 Solve:    (s)    0.00    0.00
FlowSolve:  Result Norm     :    1.5377076693650757
FlowSolve:  Relative Change :    5.5291273711526978E-002
FlowSolve: 
FlowSolve: 
FlowSolve: -------------------------------------
FlowSolve:  NAVIER-STOKES ITERATION           3
FlowSolve: -------------------------------------
FlowSolve: 
FlowSolve: Starting Assembly...
FlowSolve: Assembly:
FlowSolve: Assembly done
FlowSolve: Dirichlet conditions done
BiCGStabl:        8 0.7240E-11 0.7240E-11
ComputeChange: NS (ITER=3) (NRM,RELC): (  1.5625259     0.16010536E-01 ) :: navier-stokes
FlowSolve: iter:    3 Assembly: (s)    0.00    0.01
FlowSolve: iter:    3 Solve:    (s)    0.00    0.01
FlowSolve:  Result Norm     :    1.5625258698460043
FlowSolve:  Relative Change :    1.6010536088351620E-002
FlowSolve: 
FlowSolve: 
FlowSolve: -------------------------------------
FlowSolve:  NAVIER-STOKES ITERATION           4
FlowSolve: -------------------------------------
FlowSolve: 
FlowSolve: Starting Assembly...
FlowSolve: Assembly:
FlowSolve: Assembly done
FlowSolve: Dirichlet conditions done
BiCGStabl:        8 0.8237E-11 0.8237E-11
ComputeChange: NS (ITER=4) (NRM,RELC): (  1.5699711     0.47535316E-02 ) :: navier-stokes
FlowSolve: iter:    4 Assembly: (s)    0.00    0.02
FlowSolve: iter:    4 Solve:    (s)    0.00    0.01
FlowSolve:  Result Norm     :    1.5699710814593208
FlowSolve:  Relative Change :    4.7535315941578940E-003
FlowSolve: 
FlowSolve: 
FlowSolve: -------------------------------------
FlowSolve:  NAVIER-STOKES ITERATION           5
FlowSolve: -------------------------------------
FlowSolve: 
FlowSolve: Starting Assembly...
FlowSolve: Assembly:
FlowSolve: Assembly done
FlowSolve: Dirichlet conditions done
BiCGStabl:        8 0.2615E-11 0.2615E-11
ComputeChange: NS (ITER=5) (NRM,RELC): (  1.5722046     0.14216490E-02 ) :: navier-stokes
FlowSolve: iter:    5 Assembly: (s)    0.00    0.02
FlowSolve: iter:    5 Solve:    (s)    0.00    0.01
FlowSolve:  Result Norm     :    1.5722046169392210
FlowSolve:  Relative Change :    1.4216490064756621E-003
FlowSolve: 
FlowSolve: 
FlowSolve: -------------------------------------
FlowSolve:  NAVIER-STOKES ITERATION           6
FlowSolve: -------------------------------------
FlowSolve: 
FlowSolve: Starting Assembly...
FlowSolve: Assembly:
FlowSolve: Assembly done
FlowSolve: Dirichlet conditions done
BiCGStabl:        8 0.7238E-11 0.7238E-11
ComputeChange: NS (ITER=6) (NRM,RELC): (  1.5728747     0.42609861E-03 ) :: navier-stokes
FlowSolve: iter:    6 Assembly: (s)    0.00    0.02
FlowSolve: iter:    6 Solve:    (s)    0.00    0.01
FlowSolve:  Result Norm     :    1.5728746738915209
FlowSolve:  Relative Change :    4.2609860695941093E-004
FlowSolve: 
FlowSolve: 
FlowSolve: -------------------------------------
FlowSolve:  NAVIER-STOKES ITERATION           7
FlowSolve: -------------------------------------
FlowSolve: 
FlowSolve: Starting Assembly...
FlowSolve: Assembly:
FlowSolve: Assembly done
FlowSolve: Dirichlet conditions done
BiCGStabl:        7 0.9343E-11 0.9343E-11
ComputeChange: NS (ITER=7) (NRM,RELC): (  1.5730757     0.12779380E-03 ) :: navier-stokes
FlowSolve: iter:    7 Assembly: (s)    0.00    0.03
FlowSolve: iter:    7 Solve:    (s)    0.00    0.02
FlowSolve:  Result Norm     :    1.5730756903617518
FlowSolve:  Relative Change :    1.2779379644062890E-004
FlowSolve: 
FlowSolve: 
FlowSolve: -------------------------------------
FlowSolve:  NAVIER-STOKES ITERATION           8
FlowSolve: -------------------------------------
FlowSolve: 
FlowSolve: Starting Assembly...
FlowSolve: Assembly:
FlowSolve: Assembly done
FlowSolve: Dirichlet conditions done
BiCGStabl:        7 0.2592E-11 0.2592E-11
ComputeChange: NS (ITER=8) (NRM,RELC): (  1.5731360     0.38334874E-04 ) :: navier-stokes
FlowSolve: iter:    8 Assembly: (s)    0.00    0.03
FlowSolve: iter:    8 Solve:    (s)    0.00    0.02
FlowSolve:  Result Norm     :    1.5731359951765529
FlowSolve:  Relative Change :    3.8334874336854141E-005
FlowSolve: 
FlowSolve: 
FlowSolve: -------------------------------------
FlowSolve:  NAVIER-STOKES ITERATION           9
FlowSolve: -------------------------------------
FlowSolve: 
FlowSolve: Starting Assembly...
FlowSolve: Assembly:
FlowSolve: Assembly done
FlowSolve: Dirichlet conditions done
BiCGStabl:        7 0.7290E-11 0.7290E-11
ComputeChange: NS (ITER=9) (NRM,RELC): (  1.5731541     0.11500157E-04 ) :: navier-stokes
FlowSolve: iter:    9 Assembly: (s)    0.00    0.03
FlowSolve: iter:    9 Solve:    (s)    0.00    0.02
FlowSolve:  Result Norm     :    1.5731540865919285
FlowSolve:  Relative Change :    1.1500157268014033E-005
FlowSolve: 
FlowSolve: 
FlowSolve: -------------------------------------
FlowSolve:  NAVIER-STOKES ITERATION          10
FlowSolve: -------------------------------------
FlowSolve: 
FlowSolve: Starting Assembly...
FlowSolve: Assembly:
FlowSolve: Assembly done
FlowSolve: Dirichlet conditions done
BiCGStabl:        6 0.8240E-11 0.8240E-11
ComputeChange: NS (ITER=10) (NRM,RELC): (  1.5731595     0.34500155E-05 ) :: navier-stokes
FlowSolve: iter:   10 Assembly: (s)    0.00    0.04
FlowSolve: iter:   10 Solve:    (s)    0.00    0.02
FlowSolve:  Result Norm     :    1.5731595140072414
FlowSolve:  Relative Change :    3.4500154796517520E-006
ComputeChange: SS (ITER=6) (NRM,RELC): (  1.3170443     0.11047232     ) :: navier-stokes
ResultOutputSolver: -------------------------------------
ResultOutputSolver: Saving in unstructured VTK XML (.vtu) format
ResultOutputSolver: -------------------------------------
MAIN: 
MAIN: -------------------------------------
MAIN:  Steady state iteration:            7
MAIN: -------------------------------------
MAIN: 
HeatSolver: ------------------------------------------------
HeatSolver: Solving energy equation for temperature
HeatSolver: Heat solver iteration: 1
IterSolver: "Linear System GCR Restart" not given, setting it to 200
   gcr:    10  0.9762E-09  0.2685E-08
ComputeChange: NS (ITER=1) (NRM,RELC): (  300.00015     0.37425127E-07 ) :: heat equation
HeatSolver: Heat solver iteration: 2
IterSolver: "Linear System GCR Restart" not given, setting it to 200
   gcr:    10  0.2929E-09  0.8056E-09
ComputeChange: NS (ITER=2) (NRM,RELC): (  300.00015     0.12088314E-07 ) :: heat equation
HeatSolver: Heat solver iteration: 3
IterSolver: "Linear System GCR Restart" not given, setting it to 200
   gcr:    10  0.8790E-10  0.2417E-09
ComputeChange: NS (ITER=3) (NRM,RELC): (  300.00015     0.36573403E-08 ) :: heat equation
HeatSolver: Heat solver iteration: 4
IterSolver: "Linear System GCR Restart" not given, setting it to 200
   gcr:    10  0.2640E-10  0.7249E-10
ComputeChange: NS (ITER=4) (NRM,RELC): (  300.00015     0.10661518E-08 ) :: heat equation
HeatSolver: Heat solver iteration: 5
IterSolver: "Linear System GCR Restart" not given, setting it to 200
   gcr:    10  0.7949E-11  0.2175E-10
ComputeChange: NS (ITER=5) (NRM,RELC): (  300.00015     0.29967627E-09 ) :: heat equation
HeatSolver: Heat solver iteration: 6
IterSolver: "Linear System GCR Restart" not given, setting it to 200
ComputeChange: NS (ITER=6) (NRM,RELC): (  300.00015     0.81181077E-10 ) :: heat equation
ComputeChange: SS (ITER=7) (NRM,RELC): (  300.00014     0.18185989E-07 ) :: heat equation
FlowSolve: 
FlowSolve: 
FlowSolve: -------------------------------------
FlowSolve:  NAVIER-STOKES ITERATION           1
FlowSolve: -------------------------------------
FlowSolve: 
FlowSolve: Starting Assembly...
FlowSolve: Assembly:
FlowSolve: Assembly done
FlowSolve: Dirichlet conditions done
BiCGStabl:        9 0.4830E-11 0.4830E-11
ComputeChange: NS (ITER=1) (NRM,RELC): (  1.5181518     0.14186493     ) :: navier-stokes
FlowSolve: iter:    1 Assembly: (s)    0.00    0.00
FlowSolve: iter:    1 Solve:    (s)    0.00    0.00
FlowSolve:  Result Norm     :    1.5181517535245626
FlowSolve:  Relative Change :   0.14186492994374261
FlowSolve: 
FlowSolve: 
FlowSolve: -------------------------------------
FlowSolve:  NAVIER-STOKES ITERATION           2
FlowSolve: -------------------------------------
FlowSolve: 
FlowSolve: Starting Assembly...
FlowSolve: Assembly:
FlowSolve: Assembly done
FlowSolve: Dirichlet conditions done
BiCGStabl:        9 0.4096E-11 0.4096E-11
ComputeChange: NS (ITER=2) (NRM,RELC): (  1.5784891     0.38969529E-01 ) :: navier-stokes
FlowSolve: iter:    2 Assembly: (s)    0.00    0.01
FlowSolve: iter:    2 Solve:    (s)    0.00    0.00
FlowSolve:  Result Norm     :    1.5784890700555150
FlowSolve:  Relative Change :    3.8969528575287238E-002
FlowSolve: 
FlowSolve: 
FlowSolve: -------------------------------------
FlowSolve:  NAVIER-STOKES ITERATION           3
FlowSolve: -------------------------------------
FlowSolve: 
FlowSolve: Starting Assembly...
FlowSolve: Assembly:
FlowSolve: Assembly done
FlowSolve: Dirichlet conditions done
BiCGStabl:        9 0.1083E-11 0.1083E-11
ComputeChange: NS (ITER=3) (NRM,RELC): (  1.5965900     0.11401879E-01 ) :: navier-stokes
FlowSolve: iter:    3 Assembly: (s)    0.00    0.01
FlowSolve: iter:    3 Solve:    (s)    0.00    0.01
FlowSolve:  Result Norm     :    1.5965900037344412
FlowSolve:  Relative Change :    1.1401878982068857E-002
FlowSolve: 
FlowSolve: 
FlowSolve: -------------------------------------
FlowSolve:  NAVIER-STOKES ITERATION           4
FlowSolve: -------------------------------------
FlowSolve: 
FlowSolve: Starting Assembly...
FlowSolve: Assembly:
FlowSolve: Assembly done
FlowSolve: Dirichlet conditions done
BiCGStabl:        8 0.5052E-11 0.5052E-11
ComputeChange: NS (ITER=4) (NRM,RELC): (  1.6020202     0.33953653E-02 ) :: navier-stokes
FlowSolve: iter:    4 Assembly: (s)    0.00    0.02
FlowSolve: iter:    4 Solve:    (s)    0.00    0.01
FlowSolve:  Result Norm     :    1.6020202288658227
FlowSolve:  Relative Change :    3.3953653221243901E-003
FlowSolve: 
FlowSolve: 
FlowSolve: -------------------------------------
FlowSolve:  NAVIER-STOKES ITERATION           5
FlowSolve: -------------------------------------
FlowSolve: 
FlowSolve: Starting Assembly...
FlowSolve: Assembly:
FlowSolve: Assembly done
FlowSolve: Dirichlet conditions done
BiCGStabl:        8 0.3606E-11 0.3606E-11
ComputeChange: NS (ITER=5) (NRM,RELC): (  1.6036493     0.10163609E-02 ) :: navier-stokes
FlowSolve: iter:    5 Assembly: (s)    0.00    0.02
FlowSolve: iter:    5 Solve:    (s)    0.00    0.01
FlowSolve:  Result Norm     :    1.6036492874358923
FlowSolve:  Relative Change :    1.0163608954605900E-003
FlowSolve: 
FlowSolve: 
FlowSolve: -------------------------------------
FlowSolve:  NAVIER-STOKES ITERATION           6
FlowSolve: -------------------------------------
FlowSolve: 
FlowSolve: Starting Assembly...
FlowSolve: Assembly:
FlowSolve: Assembly done
FlowSolve: Dirichlet conditions done
BiCGStabl:        7 0.7201E-11 0.7201E-11
ComputeChange: NS (ITER=6) (NRM,RELC): (  1.6041380     0.30470591E-03 ) :: navier-stokes
FlowSolve: iter:    6 Assembly: (s)    0.00    0.02
FlowSolve: iter:    6 Solve:    (s)    0.00    0.01
FlowSolve:  Result Norm     :    1.6041380033071571
FlowSolve:  Relative Change :    3.0470590907014268E-004
FlowSolve: 
FlowSolve: 
FlowSolve: -------------------------------------
FlowSolve:  NAVIER-STOKES ITERATION           7
FlowSolve: -------------------------------------
FlowSolve: 
FlowSolve: Starting Assembly...
FlowSolve: Assembly:
FlowSolve: Assembly done
FlowSolve: Dirichlet conditions done
BiCGStabl:        7 0.7704E-11 0.7704E-11
ComputeChange: NS (ITER=7) (NRM,RELC): (  1.6042846     0.91393438E-04 ) :: navier-stokes
FlowSolve: iter:    7 Assembly: (s)    0.00    0.03
FlowSolve: iter:    7 Solve:    (s)    0.00    0.02
FlowSolve:  Result Norm     :    1.6042846176934387
FlowSolve:  Relative Change :    9.1393437586400787E-005
FlowSolve: 
FlowSolve: 
FlowSolve: -------------------------------------
FlowSolve:  NAVIER-STOKES ITERATION           8
FlowSolve: -------------------------------------
FlowSolve: 
FlowSolve: Starting Assembly...
FlowSolve: Assembly:
FlowSolve: Assembly done
FlowSolve: Dirichlet conditions done
BiCGStabl:        7 0.2637E-11 0.2637E-11
ComputeChange: NS (ITER=8) (NRM,RELC): (  1.6043286     0.27416345E-04 ) :: navier-stokes
FlowSolve: iter:    8 Assembly: (s)    0.00    0.03
FlowSolve: iter:    8 Solve:    (s)    0.00    0.02
FlowSolve:  Result Norm     :    1.6043286019175342
FlowSolve:  Relative Change :    2.7416345371104091E-005
FlowSolve: 
FlowSolve: 
FlowSolve: -------------------------------------
FlowSolve:  NAVIER-STOKES ITERATION           9
FlowSolve: -------------------------------------
FlowSolve: 
FlowSolve: Starting Assembly...
FlowSolve: Assembly:
FlowSolve: Assembly done
FlowSolve: Dirichlet conditions done
BiCGStabl:        7 0.8857E-12 0.8857E-12
ComputeChange: NS (ITER=9) (NRM,RELC): (  1.6043418     0.82247434E-05 ) :: navier-stokes
FlowSolve: iter:    9 Assembly: (s)    0.00    0.04
FlowSolve: iter:    9 Solve:    (s)    0.00    0.02
FlowSolve:  Result Norm     :    1.6043417971628533
FlowSolve:  Relative Change :    8.2247433845782542E-006
FlowSolve: 
FlowSolve: 
FlowSolve: -------------------------------------
FlowSolve:  NAVIER-STOKES ITERATION          10
FlowSolve: -------------------------------------
FlowSolve: 
FlowSolve: Starting Assembly...
FlowSolve: Assembly:
FlowSolve: Assembly done
FlowSolve: Dirichlet conditions done
BiCGStabl:        6 0.7417E-11 0.7417E-11
ComputeChange: NS (ITER=10) (NRM,RELC): (  1.6043458     0.24674110E-05 ) :: navier-stokes
FlowSolve: iter:   10 Assembly: (s)    0.00    0.04
FlowSolve: iter:   10 Solve:    (s)    0.00    0.02
FlowSolve:  Result Norm     :    1.6043457557383525
FlowSolve:  Relative Change :    2.4674110108322698E-006
ComputeChange: SS (ITER=7) (NRM,RELC): (  1.4175806     0.73528404E-01 ) :: navier-stokes
ResultOutputSolver: -------------------------------------
ResultOutputSolver: Saving in unstructured VTK XML (.vtu) format
ResultOutputSolver: -------------------------------------
MAIN: 
MAIN: -------------------------------------
MAIN:  Steady state iteration:            8
MAIN: -------------------------------------
MAIN: 
HeatSolver: ------------------------------------------------
HeatSolver: Solving energy equation for temperature
HeatSolver: Heat solver iteration: 1
IterSolver: "Linear System GCR Restart" not given, setting it to 200
   gcr:    10  0.8223E-09  0.2242E-08
ComputeChange: NS (ITER=1) (NRM,RELC): (  300.00015     0.24756414E-07 ) :: heat equation
HeatSolver: Heat solver iteration: 2
IterSolver: "Linear System GCR Restart" not given, setting it to 200
   gcr:    10  0.2467E-09  0.6727E-09
ComputeChange: NS (ITER=2) (NRM,RELC): (  300.00015     0.78615360E-08 ) :: heat equation
HeatSolver: Heat solver iteration: 3
IterSolver: "Linear System GCR Restart" not given, setting it to 200
   gcr:    10  0.7404E-10  0.2018E-09
ComputeChange: NS (ITER=3) (NRM,RELC): (  300.00015     0.23036940E-08 ) :: heat equation
HeatSolver: Heat solver iteration: 4
IterSolver: "Linear System GCR Restart" not given, setting it to 200
   gcr:    10  0.2241E-10  0.6059E-10
ComputeChange: NS (ITER=4) (NRM,RELC): (  300.00015     0.74854370E-09 ) :: heat equation
HeatSolver: Heat solver iteration: 5
IterSolver: "Linear System GCR Restart" not given, setting it to 200
   gcr:    10  0.6849E-11  0.1821E-10
ComputeChange: NS (ITER=5) (NRM,RELC): (  300.00015     0.25849266E-09 ) :: heat equation
HeatSolver: Heat solver iteration: 6
IterSolver: "Linear System GCR Restart" not given, setting it to 200
ComputeChange: NS (ITER=6) (NRM,RELC): (  300.00015     0.92741128E-10 ) :: heat equation
ComputeChange: SS (ITER=8) (NRM,RELC): (  300.00014     0.12070635E-07 ) :: heat equation
FlowSolve: 
FlowSolve: 
FlowSolve: -------------------------------------
FlowSolve:  NAVIER-STOKES ITERATION           1
FlowSolve: -------------------------------------
FlowSolve: 
FlowSolve: Starting Assembly...
FlowSolve: Assembly:
FlowSolve: Assembly done
FlowSolve: Dirichlet conditions done
BiCGStabl:        9 0.9255E-11 0.9255E-11
ComputeChange: NS (ITER=1) (NRM,RELC): (  1.5597677     0.95512542E-01 ) :: navier-stokes
FlowSolve: iter:    1 Assembly: (s)    0.00    0.00
FlowSolve: iter:    1 Solve:    (s)    0.00    0.00
FlowSolve:  Result Norm     :    1.5597676624845174
FlowSolve:  Relative Change :    9.5512541902506770E-002
FlowSolve: 
FlowSolve: 
FlowSolve: -------------------------------------
FlowSolve:  NAVIER-STOKES ITERATION           2
FlowSolve: -------------------------------------
FlowSolve: 
FlowSolve: Starting Assembly...
FlowSolve: Assembly:
FlowSolve: Assembly done
FlowSolve: Dirichlet conditions done
BiCGStabl:        9 0.3812E-11 0.3812E-11
ComputeChange: NS (ITER=2) (NRM,RELC): (  1.6024362     0.26986607E-01 ) :: navier-stokes
FlowSolve: iter:    2 Assembly: (s)    0.00    0.01
FlowSolve: iter:    2 Solve:    (s)    0.00    0.00
FlowSolve:  Result Norm     :    1.6024362396845557
FlowSolve:  Relative Change :    2.6986607138629104E-002
FlowSolve: 
FlowSolve: 
FlowSolve: -------------------------------------
FlowSolve:  NAVIER-STOKES ITERATION           3
FlowSolve: -------------------------------------
FlowSolve: 
FlowSolve: Starting Assembly...
FlowSolve: Assembly:
FlowSolve: Assembly done
FlowSolve: Dirichlet conditions done
BiCGStabl:        8 0.6928E-11 0.6928E-11
ComputeChange: NS (ITER=3) (NRM,RELC): (  1.6152376     0.79568894E-02 ) :: navier-stokes
FlowSolve: iter:    3 Assembly: (s)    0.00    0.01
FlowSolve: iter:    3 Solve:    (s)    0.00    0.01
FlowSolve:  Result Norm     :    1.6152375770759331
FlowSolve:  Relative Change :    7.9568894303062437E-003
FlowSolve: 
FlowSolve: 
FlowSolve: -------------------------------------
FlowSolve:  NAVIER-STOKES ITERATION           4
FlowSolve: -------------------------------------
FlowSolve: 
FlowSolve: Starting Assembly...
FlowSolve: Assembly:
FlowSolve: Assembly done
FlowSolve: Dirichlet conditions done
BiCGStabl:        8 0.9116E-11 0.9116E-11
ComputeChange: NS (ITER=4) (NRM,RELC): (  1.6190780     0.23748177E-02 ) :: navier-stokes
FlowSolve: iter:    4 Assembly: (s)    0.00    0.02
FlowSolve: iter:    4 Solve:    (s)    0.00    0.01
FlowSolve:  Result Norm     :    1.6190780321046956
FlowSolve:  Relative Change :    2.3748177313687958E-003
FlowSolve: 
FlowSolve: 
FlowSolve: -------------------------------------
FlowSolve:  NAVIER-STOKES ITERATION           5
FlowSolve: -------------------------------------
FlowSolve: 
FlowSolve: Starting Assembly...
FlowSolve: Assembly:
FlowSolve: Assembly done
FlowSolve: Dirichlet conditions done
BiCGStabl:        8 0.5726E-11 0.5726E-11
ComputeChange: NS (ITER=5) (NRM,RELC): (  1.6202302     0.71134924E-03 ) :: navier-stokes
FlowSolve: iter:    5 Assembly: (s)    0.00    0.02
FlowSolve: iter:    5 Solve:    (s)    0.00    0.01
FlowSolve:  Result Norm     :    1.6202301718179684
FlowSolve:  Relative Change :    7.1134923924656419E-004
FlowSolve: 
FlowSolve: 
FlowSolve: -------------------------------------
FlowSolve:  NAVIER-STOKES ITERATION           6
FlowSolve: -------------------------------------
FlowSolve: 
FlowSolve: Starting Assembly...
FlowSolve: Assembly:
FlowSolve: Assembly done
FlowSolve: Dirichlet conditions done
BiCGStabl:        8 0.1592E-11 0.1592E-11
ComputeChange: NS (ITER=6) (NRM,RELC): (  1.6205758     0.21330613E-03 ) :: navier-stokes
FlowSolve: iter:    6 Assembly: (s)    0.00    0.02
FlowSolve: iter:    6 Solve:    (s)    0.00    0.01
FlowSolve:  Result Norm     :    1.6205758137169686
FlowSolve:  Relative Change :    2.1330613467326250E-004
FlowSolve: 
FlowSolve: 
FlowSolve: -------------------------------------
FlowSolve:  NAVIER-STOKES ITERATION           7
FlowSolve: -------------------------------------
FlowSolve: 
FlowSolve: Starting Assembly...
FlowSolve: Assembly:
FlowSolve: Assembly done
FlowSolve: Dirichlet conditions done
BiCGStabl:        8 0.4575E-12 0.4575E-12
ComputeChange: NS (ITER=7) (NRM,RELC): (  1.6206795     0.63982933E-04 ) :: navier-stokes
FlowSolve: iter:    7 Assembly: (s)    0.00    0.03
FlowSolve: iter:    7 Solve:    (s)    0.00    0.02
FlowSolve:  Result Norm     :    1.6206795062277175
FlowSolve:  Relative Change :    6.3982932853744634E-005
FlowSolve: 
FlowSolve: 
FlowSolve: -------------------------------------
FlowSolve:  NAVIER-STOKES ITERATION           8
FlowSolve: -------------------------------------
FlowSolve: 
FlowSolve: Starting Assembly...
FlowSolve: Assembly:
FlowSolve: Assembly done
FlowSolve: Dirichlet conditions done
BiCGStabl:        7 0.9347E-11 0.9347E-11
ComputeChange: NS (ITER=8) (NRM,RELC): (  1.6207106     0.19194080E-04 ) :: navier-stokes
FlowSolve: iter:    8 Assembly: (s)    0.00    0.03
FlowSolve: iter:    8 Solve:    (s)    0.00    0.02
FlowSolve:  Result Norm     :    1.6207106139786338
FlowSolve:  Relative Change :    1.9194080170962845E-005
FlowSolve: 
FlowSolve: 
FlowSolve: -------------------------------------
FlowSolve:  NAVIER-STOKES ITERATION           9
FlowSolve: -------------------------------------
FlowSolve: 
FlowSolve: Starting Assembly...
FlowSolve: Assembly:
FlowSolve: Assembly done
FlowSolve: Dirichlet conditions done
BiCGStabl:        7 0.9118E-11 0.9118E-11
ComputeChange: NS (ITER=9) (NRM,RELC): (  1.6207199     0.57581485E-05 ) :: navier-stokes
FlowSolve: iter:    9 Assembly: (s)    0.00    0.04
FlowSolve: iter:    9 Solve:    (s)    0.00    0.02
FlowSolve:  Result Norm     :    1.6207199462978337
FlowSolve:  Relative Change :    5.7581484633536635E-006
FlowSolve: 
FlowSolve: 
FlowSolve: -------------------------------------
FlowSolve:  NAVIER-STOKES ITERATION          10
FlowSolve: -------------------------------------
FlowSolve: 
FlowSolve: Starting Assembly...
FlowSolve: Assembly:
FlowSolve: Assembly done
FlowSolve: Dirichlet conditions done
BiCGStabl:        7 0.9915E-11 0.9915E-11
ComputeChange: NS (ITER=10) (NRM,RELC): (  1.6207227     0.17274334E-05 ) :: navier-stokes
FlowSolve: iter:   10 Assembly: (s)    0.00    0.04
FlowSolve: iter:   10 Solve:    (s)    0.00    0.02
FlowSolve:  Result Norm     :    1.6207227459860620
FlowSolve:  Relative Change :    1.7274334264958574E-006
ComputeChange: SS (ITER=8) (NRM,RELC): (  1.4886615     0.48916005E-01 ) :: navier-stokes
ResultOutputSolver: -------------------------------------
ResultOutputSolver: Saving in unstructured VTK XML (.vtu) format
ResultOutputSolver: -------------------------------------
MAIN: 
MAIN: -------------------------------------
MAIN:  Steady state iteration:            9
MAIN: -------------------------------------
MAIN: 
HeatSolver: ------------------------------------------------
HeatSolver: Solving energy equation for temperature
HeatSolver: Heat solver iteration: 1
IterSolver: "Linear System GCR Restart" not given, setting it to 200
   gcr:    10  0.6754E-09  0.1792E-08
ComputeChange: NS (ITER=1) (NRM,RELC): (  300.00015     0.16321995E-07 ) :: heat equation
HeatSolver: Heat solver iteration: 2
IterSolver: "Linear System GCR Restart" not given, setting it to 200
   gcr:    10  0.2026E-09  0.5375E-09
ComputeChange: NS (ITER=2) (NRM,RELC): (  300.00015     0.51531283E-08 ) :: heat equation
HeatSolver: Heat solver iteration: 3
IterSolver: "Linear System GCR Restart" not given, setting it to 200
   gcr:    10  0.6079E-10  0.1612E-09
ComputeChange: NS (ITER=3) (NRM,RELC): (  300.00015     0.15100822E-08 ) :: heat equation
HeatSolver: Heat solver iteration: 4
IterSolver: "Linear System GCR Restart" not given, setting it to 200
   gcr:    10  0.1842E-10  0.4840E-10
ComputeChange: NS (ITER=4) (NRM,RELC): (  300.00015     0.42954674E-09 ) :: heat equation
HeatSolver: Heat solver iteration: 5
IterSolver: "Linear System GCR Restart" not given, setting it to 200
   gcr:    10  0.5815E-11  0.1457E-10
ComputeChange: NS (ITER=5) (NRM,RELC): (  300.00015     0.17824079E-09 ) :: heat equation
HeatSolver: Heat solver iteration: 6
IterSolver: "Linear System GCR Restart" not given, setting it to 200
ComputeChange: NS (ITER=6) (NRM,RELC): (  300.00015     0.75125361E-10 ) :: heat equation
ComputeChange: SS (ITER=9) (NRM,RELC): (  300.00015     0.79708439E-08 ) :: heat equation
FlowSolve: 
FlowSolve: 
FlowSolve: -------------------------------------
FlowSolve:  NAVIER-STOKES ITERATION           1
FlowSolve: -------------------------------------
FlowSolve: 
FlowSolve: Starting Assembly...
FlowSolve: Assembly:
FlowSolve: Assembly done
FlowSolve: Dirichlet conditions done
BiCGStabl:        9 0.5188E-11 0.5188E-11
ComputeChange: NS (ITER=1) (NRM,RELC): (  1.5865515     0.63663915E-01 ) :: navier-stokes
FlowSolve: iter:    1 Assembly: (s)    0.00    0.00
FlowSolve: iter:    1 Solve:    (s)    0.00    0.00
FlowSolve:  Result Norm     :    1.5865515379220043
FlowSolve:  Relative Change :    6.3663914540488503E-002
FlowSolve: 
FlowSolve: 
FlowSolve: -------------------------------------
FlowSolve:  NAVIER-STOKES ITERATION           2
FlowSolve: -------------------------------------
FlowSolve: 
FlowSolve: Starting Assembly...
FlowSolve: Assembly:
FlowSolve: Assembly done
FlowSolve: Dirichlet conditions done
BiCGStabl:        9 0.1490E-11 0.1490E-11
ComputeChange: NS (ITER=2) (NRM,RELC): (  1.6159333     0.18349349E-01 ) :: navier-stokes
FlowSolve: iter:    2 Assembly: (s)    0.00    0.01
FlowSolve: iter:    2 Solve:    (s)    0.00    0.00
FlowSolve:  Result Norm     :    1.6159332940192979
FlowSolve:  Relative Change :    1.8349349108069141E-002
FlowSolve: 
FlowSolve: 
FlowSolve: -------------------------------------
FlowSolve:  NAVIER-STOKES ITERATION           3
FlowSolve: -------------------------------------
FlowSolve: 
FlowSolve: Starting Assembly...
FlowSolve: Assembly:
FlowSolve: Assembly done
FlowSolve: Dirichlet conditions done
BiCGStabl:        8 0.8536E-11 0.8536E-11
ComputeChange: NS (ITER=3) (NRM,RELC): (  1.6247490     0.54406372E-02 ) :: navier-stokes
FlowSolve: iter:    3 Assembly: (s)    0.00    0.01
FlowSolve: iter:    3 Solve:    (s)    0.00    0.01
FlowSolve:  Result Norm     :    1.6247489822278109
FlowSolve:  Relative Change :    5.4406371603464582E-003
FlowSolve: 
FlowSolve: 
FlowSolve: -------------------------------------
FlowSolve:  NAVIER-STOKES ITERATION           4
FlowSolve: -------------------------------------
FlowSolve: 
FlowSolve: Starting Assembly...
FlowSolve: Assembly:
FlowSolve: Assembly done
FlowSolve: Dirichlet conditions done
BiCGStabl:        8 0.2534E-11 0.2534E-11
ComputeChange: NS (ITER=4) (NRM,RELC): (  1.6273938     0.16265016E-02 ) :: navier-stokes
FlowSolve: iter:    4 Assembly: (s)    0.00    0.02
FlowSolve: iter:    4 Solve:    (s)    0.00    0.01
FlowSolve:  Result Norm     :    1.6273937899944506
FlowSolve:  Relative Change :    1.6265016340794975E-003
FlowSolve: 
FlowSolve: 
FlowSolve: -------------------------------------
FlowSolve:  NAVIER-STOKES ITERATION           5
FlowSolve: -------------------------------------
FlowSolve: 
FlowSolve: Starting Assembly...
FlowSolve: Assembly:
FlowSolve: Assembly done
FlowSolve: Dirichlet conditions done
BiCGStabl:        8 0.3046E-11 0.3046E-11
ComputeChange: NS (ITER=5) (NRM,RELC): (  1.6281872     0.48744110E-03 ) :: navier-stokes
FlowSolve: iter:    5 Assembly: (s)    0.00    0.02
FlowSolve: iter:    5 Solve:    (s)    0.00    0.01
FlowSolve:  Result Norm     :    1.6281872419902779
FlowSolve:  Relative Change :    4.8744109763014282E-004
FlowSolve: 
FlowSolve: 
FlowSolve: -------------------------------------
FlowSolve:  NAVIER-STOKES ITERATION           6
FlowSolve: -------------------------------------
FlowSolve: 
FlowSolve: Starting Assembly...
FlowSolve: Assembly:
FlowSolve: Assembly done
FlowSolve: Dirichlet conditions done
BiCGStabl:        8 0.8881E-12 0.8881E-12
ComputeChange: NS (ITER=6) (NRM,RELC): (  1.6284253     0.14618672E-03 ) :: navier-stokes
FlowSolve: iter:    6 Assembly: (s)    0.00    0.02
FlowSolve: iter:    6 Solve:    (s)    0.00    0.01
FlowSolve:  Result Norm     :    1.6284252787382625
FlowSolve:  Relative Change :    1.4618671792821349E-004
FlowSolve: 
FlowSolve: 
FlowSolve: -------------------------------------
FlowSolve:  NAVIER-STOKES ITERATION           7
FlowSolve: -------------------------------------
FlowSolve: 
FlowSolve: Starting Assembly...
FlowSolve: Assembly:
FlowSolve: Assembly done
FlowSolve: Dirichlet conditions done
BiCGStabl:        7 0.4795E-11 0.4795E-11
ComputeChange: NS (ITER=7) (NRM,RELC): (  1.6284967     0.43851980E-04 ) :: navier-stokes
FlowSolve: iter:    7 Assembly: (s)    0.00    0.03
FlowSolve: iter:    7 Solve:    (s)    0.00    0.02
FlowSolve:  Result Norm     :    1.6284966899771722
FlowSolve:  Relative Change :    4.3851980241277875E-005
FlowSolve: 
FlowSolve: 
FlowSolve: -------------------------------------
FlowSolve:  NAVIER-STOKES ITERATION           8
FlowSolve: -------------------------------------
FlowSolve: 
FlowSolve: Starting Assembly...
FlowSolve: Assembly:
FlowSolve: Assembly done
FlowSolve: Dirichlet conditions done
BiCGStabl:        7 0.3068E-11 0.3068E-11
ComputeChange: NS (ITER=8) (NRM,RELC): (  1.6285181     0.13155253E-04 ) :: navier-stokes
FlowSolve: iter:    8 Assembly: (s)    0.00    0.03
FlowSolve: iter:    8 Solve:    (s)    0.00    0.02
FlowSolve:  Result Norm     :    1.6285181134032998
FlowSolve:  Relative Change :    1.3155252536959349E-005
FlowSolve: 
FlowSolve: 
FlowSolve: -------------------------------------
FlowSolve:  NAVIER-STOKES ITERATION           9
FlowSolve: -------------------------------------
FlowSolve: 
FlowSolve: Starting Assembly...
FlowSolve: Assembly:
FlowSolve: Assembly done
FlowSolve: Dirichlet conditions done
BiCGStabl:        6 0.6042E-11 0.6042E-11
ComputeChange: NS (ITER=9) (NRM,RELC): (  1.6285245     0.39465552E-05 ) :: navier-stokes
FlowSolve: iter:    9 Assembly: (s)    0.00    0.03
FlowSolve: iter:    9 Solve:    (s)    0.00    0.02
FlowSolve:  Result Norm     :    1.6285245404526083
FlowSolve:  Relative Change :    3.9465551984245557E-006
FlowSolve: 
FlowSolve: 
FlowSolve: -------------------------------------
FlowSolve:  NAVIER-STOKES ITERATION          10
FlowSolve: -------------------------------------
FlowSolve: 
FlowSolve: Starting Assembly...
FlowSolve: Assembly:
FlowSolve: Assembly done
FlowSolve: Dirichlet conditions done
BiCGStabl:        6 0.1827E-11 0.1827E-11
ComputeChange: NS (ITER=10) (NRM,RELC): (  1.6285265     0.11839648E-05 ) :: navier-stokes
FlowSolve: iter:   10 Assembly: (s)    0.00    0.04
FlowSolve: iter:   10 Solve:    (s)    0.00    0.02
FlowSolve:  Result Norm     :    1.6285264685694452
FlowSolve:  Relative Change :    1.1839647776574573E-006
ComputeChange: SS (ITER=9) (NRM,RELC): (  1.5375973     0.32340820E-01 ) :: navier-stokes
ResultOutputSolver: -------------------------------------
ResultOutputSolver: Saving in unstructured VTK XML (.vtu) format
ResultOutputSolver: -------------------------------------
MAIN: 
MAIN: -------------------------------------
MAIN:  Steady state iteration:           10
MAIN: -------------------------------------
MAIN: 
HeatSolver: ------------------------------------------------
HeatSolver: Solving energy equation for temperature
HeatSolver: Heat solver iteration: 1
IterSolver: "Linear System GCR Restart" not given, setting it to 200
   gcr:    10  0.5366E-09  0.1372E-08
ComputeChange: NS (ITER=1) (NRM,RELC): (  300.00015     0.10726111E-07 ) :: heat equation
HeatSolver: Heat solver iteration: 2
IterSolver: "Linear System GCR Restart" not given, setting it to 200
   gcr:    10  0.1610E-09  0.4117E-09
ComputeChange: NS (ITER=2) (NRM,RELC): (  300.00015     0.33460828E-08 ) :: heat equation
HeatSolver: Heat solver iteration: 3
IterSolver: "Linear System GCR Restart" not given, setting it to 200
   gcr:    10  0.4836E-10  0.1235E-09
ComputeChange: NS (ITER=3) (NRM,RELC): (  300.00015     0.99816178E-09 ) :: heat equation
HeatSolver: Heat solver iteration: 4
IterSolver: "Linear System GCR Restart" not given, setting it to 200
   gcr:    10  0.1465E-10  0.3708E-10
ComputeChange: NS (ITER=4) (NRM,RELC): (  300.00015     0.24697297E-09 ) :: heat equation
HeatSolver: Heat solver iteration: 5
IterSolver: "Linear System GCR Restart" not given, setting it to 200
   gcr:    10  0.4779E-11  0.1119E-10
ComputeChange: NS (ITER=5) (NRM,RELC): (  300.00015     0.12612696E-09 ) :: heat equation
HeatSolver: Heat solver iteration: 6
IterSolver: "Linear System GCR Restart" not given, setting it to 200
ComputeChange: NS (ITER=6) (NRM,RELC): (  300.00015     0.60410881E-10 ) :: heat equation
ComputeChange: SS (ITER=10) (NRM,RELC): (  300.00015     0.52457402E-08 ) :: heat equation
FlowSolve: 
FlowSolve: 
FlowSolve: -------------------------------------
FlowSolve:  NAVIER-STOKES ITERATION           1
FlowSolve: -------------------------------------
FlowSolve: 
FlowSolve: Starting Assembly...
FlowSolve: Assembly:
FlowSolve: Assembly done
FlowSolve: Dirichlet conditions done
BiCGStabl:        9 0.2921E-11 0.2921E-11
ComputeChange: NS (ITER=1) (NRM,RELC): (  1.6033980     0.41897968E-01 ) :: navier-stokes
FlowSolve: iter:    1 Assembly: (s)    0.00    0.00
FlowSolve: iter:    1 Solve:    (s)    0.00    0.00
FlowSolve:  Result Norm     :    1.6033979949478903
FlowSolve:  Relative Change :    4.1897968240463435E-002
FlowSolve: 
FlowSolve: 
FlowSolve: -------------------------------------
FlowSolve:  NAVIER-STOKES ITERATION           2
FlowSolve: -------------------------------------
FlowSolve: 
FlowSolve: Starting Assembly...
FlowSolve: Assembly:
FlowSolve: Assembly done
FlowSolve: Dirichlet conditions done
BiCGStabl:        8 0.6934E-11 0.6934E-11
ComputeChange: NS (ITER=2) (NRM,RELC): (  1.6231520     0.12244641E-01 ) :: navier-stokes
FlowSolve: iter:    2 Assembly: (s)    0.00    0.01
FlowSolve: iter:    2 Solve:    (s)    0.00    0.00
FlowSolve:  Result Norm     :    1.6231519678144577
FlowSolve:  Relative Change :    1.2244640928885824E-002
FlowSolve: 
FlowSolve: 
FlowSolve: -------------------------------------
FlowSolve:  NAVIER-STOKES ITERATION           3
FlowSolve: -------------------------------------
FlowSolve: 
FlowSolve: Starting Assembly...
FlowSolve: Assembly:
FlowSolve: Assembly done
FlowSolve: Dirichlet conditions done
BiCGStabl:        8 0.5196E-11 0.5196E-11
ComputeChange: NS (ITER=3) (NRM,RELC): (  1.6290793     0.36451095E-02 ) :: navier-stokes
FlowSolve: iter:    3 Assembly: (s)    0.00    0.01
FlowSolve: iter:    3 Solve:    (s)    0.00    0.01
FlowSolve:  Result Norm     :    1.6290793374281303
FlowSolve:  Relative Change :    3.6451095001254490E-003
FlowSolve: 
FlowSolve: 
FlowSolve: -------------------------------------
FlowSolve:  NAVIER-STOKES ITERATION           4
FlowSolve: -------------------------------------
FlowSolve: 
FlowSolve: Starting Assembly...
FlowSolve: Assembly:
FlowSolve: Assembly done
FlowSolve: Dirichlet conditions done
BiCGStabl:        8 0.7486E-11 0.7486E-11
ComputeChange: NS (ITER=4) (NRM,RELC): (  1.6308577     0.10910157E-02 ) :: navier-stokes
FlowSolve: iter:    4 Assembly: (s)    0.00    0.02
FlowSolve: iter:    4 Solve:    (s)    0.00    0.01
FlowSolve:  Result Norm     :    1.6308576586364045
FlowSolve:  Relative Change :    1.0910156916658731E-003
FlowSolve: 
FlowSolve: 
FlowSolve: -------------------------------------
FlowSolve:  NAVIER-STOKES ITERATION           5
FlowSolve: -------------------------------------
FlowSolve: 
FlowSolve: Starting Assembly...
FlowSolve: Assembly:
FlowSolve: Assembly done
FlowSolve: Dirichlet conditions done
BiCGStabl:        8 0.2230E-11 0.2230E-11
ComputeChange: NS (ITER=5) (NRM,RELC): (  1.6313912     0.32708013E-03 ) :: navier-stokes
FlowSolve: iter:    5 Assembly: (s)    0.00    0.02
FlowSolve: iter:    5 Solve:    (s)    0.00    0.01
FlowSolve:  Result Norm     :    1.6313911670269634
FlowSolve:  Relative Change :    3.2708013341097096E-004
FlowSolve: 
FlowSolve: 
FlowSolve: -------------------------------------
FlowSolve:  NAVIER-STOKES ITERATION           6
FlowSolve: -------------------------------------
FlowSolve: 
FlowSolve: Starting Assembly...
FlowSolve: Assembly:
FlowSolve: Assembly done
FlowSolve: Dirichlet conditions done
BiCGStabl:        7 0.6632E-11 0.6632E-11
ComputeChange: NS (ITER=6) (NRM,RELC): (  1.6315512     0.98104279E-04 ) :: navier-stokes
FlowSolve: iter:    6 Assembly: (s)    0.00    0.02
FlowSolve: iter:    6 Solve:    (s)    0.00    0.01
FlowSolve:  Result Norm     :    1.6315512213317338
FlowSolve:  Relative Change :    9.8104278727952402E-005
FlowSolve: 
FlowSolve: 
FlowSolve: -------------------------------------
FlowSolve:  NAVIER-STOKES ITERATION           7
FlowSolve: -------------------------------------
FlowSolve: 
FlowSolve: Starting Assembly...
FlowSolve: Assembly:
FlowSolve: Assembly done
FlowSolve: Dirichlet conditions done
BiCGStabl:        7 0.6347E-11 0.6347E-11
ComputeChange: NS (ITER=7) (NRM,RELC): (  1.6315992     0.29429640E-04 ) :: navier-stokes
FlowSolve: iter:    7 Assembly: (s)    0.00    0.03
FlowSolve: iter:    7 Solve:    (s)    0.00    0.02
FlowSolve:  Result Norm     :    1.6315992380032842
FlowSolve:  Relative Change :    2.9429639943844663E-005
FlowSolve: 
FlowSolve: 
FlowSolve: -------------------------------------
FlowSolve:  NAVIER-STOKES ITERATION           8
FlowSolve: -------------------------------------
FlowSolve: 
FlowSolve: Starting Assembly...
FlowSolve: Assembly:
FlowSolve: Assembly done
FlowSolve: Dirichlet conditions done
BiCGStabl:        7 0.1919E-11 0.1919E-11
ComputeChange: NS (ITER=8) (NRM,RELC): (  1.6316136     0.88287864E-05 ) :: navier-stokes
FlowSolve: iter:    8 Assembly: (s)    0.00    0.03
FlowSolve: iter:    8 Solve:    (s)    0.00    0.02
FlowSolve:  Result Norm     :    1.6316136431080170
FlowSolve:  Relative Change :    8.8287863879250870E-006
FlowSolve: 
FlowSolve: 
FlowSolve: -------------------------------------
FlowSolve:  NAVIER-STOKES ITERATION           9
FlowSolve: -------------------------------------
FlowSolve: 
FlowSolve: Starting Assembly...
FlowSolve: Assembly:
FlowSolve: Assembly done
FlowSolve: Dirichlet conditions done
BiCGStabl:        6 0.3089E-11 0.3089E-11
ComputeChange: NS (ITER=9) (NRM,RELC): (  1.6316180     0.26486416E-05 ) :: navier-stokes
FlowSolve: iter:    9 Assembly: (s)    0.00    0.03
FlowSolve: iter:    9 Solve:    (s)    0.00    0.02
FlowSolve:  Result Norm     :    1.6316179646734719
FlowSolve:  Relative Change :    2.6486415763553163E-006
FlowSolve: 
FlowSolve: 
FlowSolve: -------------------------------------
FlowSolve:  NAVIER-STOKES ITERATION          10
FlowSolve: -------------------------------------
FlowSolve: 
FlowSolve: Starting Assembly...
FlowSolve: Assembly:
FlowSolve: Assembly done
FlowSolve: Dirichlet conditions done
BiCGStabl:        6 0.8269E-11 0.8269E-11
ComputeChange: NS (ITER=10) (NRM,RELC): (  1.6316193     0.79459914E-06 ) :: navier-stokes
FlowSolve: iter:   10 Assembly: (s)    0.00    0.04
FlowSolve: iter:   10 Solve:    (s)    0.00    0.02
FlowSolve:  Result Norm     :    1.6316192611562248
FlowSolve:  Relative Change :    7.9459914386277320E-007
ComputeChange: SS (ITER=10) (NRM,RELC): (  1.5704911     0.21166542E-01 ) :: navier-stokes
ResultOutputSolver: -------------------------------------
ResultOutputSolver: Saving in unstructured VTK XML (.vtu) format
ResultOutputSolver: -------------------------------------
MAIN: 
MAIN: -------------------------------------
MAIN:  Steady state iteration:           11
MAIN: -------------------------------------
MAIN: 
HeatSolver: ------------------------------------------------
HeatSolver: Solving energy equation for temperature
HeatSolver: Heat solver iteration: 1
IterSolver: "Linear System GCR Restart" not given, setting it to 200
   gcr:    10  0.4148E-09  0.1017E-08
ComputeChange: NS (ITER=1) (NRM,RELC): (  300.00015     0.70330480E-08 ) :: heat equation
HeatSolver: Heat solver iteration: 2
IterSolver: "Linear System GCR Restart" not given, setting it to 200
   gcr:    10  0.1244E-09  0.3050E-09
ComputeChange: NS (ITER=2) (NRM,RELC): (  300.00015     0.21846158E-08 ) :: heat equation
HeatSolver: Heat solver iteration: 3
IterSolver: "Linear System GCR Restart" not given, setting it to 200
   gcr:    10  0.3736E-10  0.9151E-10
ComputeChange: NS (ITER=3) (NRM,RELC): (  300.00015     0.58695765E-09 ) :: heat equation
HeatSolver: Heat solver iteration: 4
IterSolver: "Linear System GCR Restart" not given, setting it to 200
   gcr:    10  0.1158E-10  0.2751E-10
ComputeChange: NS (ITER=4) (NRM,RELC): (  300.00015     0.17255531E-09 ) :: heat equation
HeatSolver: Heat solver iteration: 5
IterSolver: "Linear System GCR Restart" not given, setting it to 200
ComputeChange: NS (ITER=5) (NRM,RELC): (  300.00015     0.94706583E-10 ) :: heat equation
ComputeChange: SS (ITER=11) (NRM,RELC): (  300.00015     0.34234715E-08 ) :: heat equation
FlowSolve: 
FlowSolve: 
FlowSolve: -------------------------------------
FlowSolve:  NAVIER-STOKES ITERATION           1
FlowSolve: -------------------------------------
FlowSolve: 
FlowSolve: Starting Assembly...
FlowSolve: Assembly:
FlowSolve: Assembly done
FlowSolve: Dirichlet conditions done
BiCGStabl:        9 0.1811E-11 0.1811E-11
ComputeChange: NS (ITER=1) (NRM,RELC): (  1.6137462     0.27168309E-01 ) :: navier-stokes
FlowSolve: iter:    1 Assembly: (s)    0.00    0.00
FlowSolve: iter:    1 Solve:    (s)    0.00    0.00
FlowSolve:  Result Norm     :    1.6137462471531214
FlowSolve:  Relative Change :    2.7168309194250399E-002
FlowSolve: 
FlowSolve: 
FlowSolve: -------------------------------------
FlowSolve:  NAVIER-STOKES ITERATION           2
FlowSolve: -------------------------------------
FlowSolve: 
FlowSolve: Starting Assembly...
FlowSolve: Assembly:
FlowSolve: Assembly done
FlowSolve: Dirichlet conditions done
BiCGStabl:        8 0.4087E-11 0.4087E-11
ComputeChange: NS (ITER=2) (NRM,RELC): (  1.6267341     0.80159822E-02 ) :: navier-stokes
FlowSolve: iter:    2 Assembly: (s)    0.00    0.01
FlowSolve: iter:    2 Solve:    (s)    0.00    0.00
FlowSolve:  Result Norm     :    1.6267340634732204
FlowSolve:  Relative Change :    8.0159822465260162E-003
FlowSolve: 
FlowSolve: 
FlowSolve: -------------------------------------
FlowSolve:  NAVIER-STOKES ITERATION           3
FlowSolve: -------------------------------------
FlowSolve: 
FlowSolve: Starting Assembly...
FlowSolve: Assembly:
FlowSolve: Assembly done
FlowSolve: Dirichlet conditions done
BiCGStabl:        8 0.4664E-11 0.4664E-11
ComputeChange: NS (ITER=3) (NRM,RELC): (  1.6306314     0.23929464E-02 ) :: navier-stokes
FlowSolve: iter:    3 Assembly: (s)    0.00    0.01
FlowSolve: iter:    3 Solve:    (s)    0.00    0.01
FlowSolve:  Result Norm     :    1.6306314140035703
FlowSolve:  Relative Change :    2.3929464208412065E-003
FlowSolve: 
FlowSolve: 
FlowSolve: -------------------------------------
FlowSolve:  NAVIER-STOKES ITERATION           4
FlowSolve: -------------------------------------
FlowSolve: 
FlowSolve: Starting Assembly...
FlowSolve: Assembly:
FlowSolve: Assembly done
FlowSolve: Dirichlet conditions done
BiCGStabl:        8 0.3129E-11 0.3129E-11
ComputeChange: NS (ITER=4) (NRM,RELC): (  1.6318007     0.71682969E-03 ) :: navier-stokes
FlowSolve: iter:    4 Assembly: (s)    0.00    0.02
FlowSolve: iter:    4 Solve:    (s)    0.00    0.01
FlowSolve:  Result Norm     :    1.6318007181167913
FlowSolve:  Relative Change :    7.1682969384013323E-004
FlowSolve: 
FlowSolve: 
FlowSolve: -------------------------------------
FlowSolve:  NAVIER-STOKES ITERATION           5
FlowSolve: -------------------------------------
FlowSolve: 
FlowSolve: Starting Assembly...
FlowSolve: Assembly:
FlowSolve: Assembly done
FlowSolve: Dirichlet conditions done
BiCGStabl:        7 0.9925E-11 0.9925E-11
ComputeChange: NS (ITER=5) (NRM,RELC): (  1.6321515     0.21495603E-03 ) :: navier-stokes
FlowSolve: iter:    5 Assembly: (s)    0.00    0.02
FlowSolve: iter:    5 Solve:    (s)    0.00    0.01
FlowSolve:  Result Norm     :    1.6321515212188109
FlowSolve:  Relative Change :    2.1495602649567800E-004
FlowSolve: 
FlowSolve: 
FlowSolve: -------------------------------------
FlowSolve:  NAVIER-STOKES ITERATION           6
FlowSolve: -------------------------------------
FlowSolve: 
FlowSolve: Starting Assembly...
FlowSolve: Assembly:
FlowSolve: Assembly done
FlowSolve: Dirichlet conditions done
BiCGStabl:        7 0.6478E-11 0.6478E-11
ComputeChange: NS (ITER=6) (NRM,RELC): (  1.6322568     0.64479015E-04 ) :: navier-stokes
FlowSolve: iter:    6 Assembly: (s)    0.00    0.02
FlowSolve: iter:    6 Solve:    (s)    0.00    0.01
FlowSolve:  Result Norm     :    1.6322567641339374
FlowSolve:  Relative Change :    6.4479014833224252E-005
FlowSolve: 
FlowSolve: 
FlowSolve: -------------------------------------
FlowSolve:  NAVIER-STOKES ITERATION           7
FlowSolve: -------------------------------------
FlowSolve: 
FlowSolve: Starting Assembly...
FlowSolve: Assembly:
FlowSolve: Assembly done
FlowSolve: Dirichlet conditions done
BiCGStabl:        7 0.1947E-11 0.1947E-11
ComputeChange: NS (ITER=7) (NRM,RELC): (  1.6322883     0.19343176E-04 ) :: navier-stokes
FlowSolve: iter:    7 Assembly: (s)    0.00    0.03
FlowSolve: iter:    7 Solve:    (s)    0.00    0.02
FlowSolve:  Result Norm     :    1.6322883374695791
FlowSolve:  Relative Change :    1.9343176252173712E-005
FlowSolve: 
FlowSolve: 
FlowSolve: -------------------------------------
FlowSolve:  NAVIER-STOKES ITERATION           8
FlowSolve: -------------------------------------
FlowSolve: 
FlowSolve: Starting Assembly...
FlowSolve: Assembly:
FlowSolve: Assembly done
FlowSolve: Dirichlet conditions done
BiCGStabl:        6 0.6210E-11 0.6210E-11
ComputeChange: NS (ITER=8) (NRM,RELC): (  1.6322978     0.58029620E-05 ) :: navier-stokes
FlowSolve: iter:    8 Assembly: (s)    0.00    0.03
FlowSolve: iter:    8 Solve:    (s)    0.00    0.02
FlowSolve:  Result Norm     :    1.6322978096043006
FlowSolve:  Relative Change :    5.8029620262627507E-006
FlowSolve: 
FlowSolve: 
FlowSolve: -------------------------------------
FlowSolve:  NAVIER-STOKES ITERATION           9
FlowSolve: -------------------------------------
FlowSolve: 
FlowSolve: Starting Assembly...
FlowSolve: Assembly:
FlowSolve: Assembly done
FlowSolve: Dirichlet conditions done
BiCGStabl:        6 0.1858E-11 0.1858E-11
ComputeChange: NS (ITER=9) (NRM,RELC): (  1.6323007     0.17409037E-05 ) :: navier-stokes
FlowSolve: iter:    9 Assembly: (s)    0.00    0.04
FlowSolve: iter:    9 Solve:    (s)    0.00    0.02
FlowSolve:  Result Norm     :    1.6323006512800589
FlowSolve:  Relative Change :    1.7409036929390334E-006
FlowSolve: 
FlowSolve: 
FlowSolve: -------------------------------------
FlowSolve:  NAVIER-STOKES ITERATION          10
FlowSolve: -------------------------------------
FlowSolve: 
FlowSolve: Starting Assembly...
FlowSolve: Assembly:
FlowSolve: Assembly done
FlowSolve: Dirichlet conditions done
BiCGStabl:        6 0.4962E-11 0.4962E-11
ComputeChange: NS (ITER=10) (NRM,RELC): (  1.6323015     0.52227878E-06 ) :: navier-stokes
FlowSolve: iter:   10 Assembly: (s)    0.00    0.04
FlowSolve: iter:   10 Solve:    (s)    0.00    0.02
FlowSolve:  Result Norm     :    1.6323015037962725
FlowSolve:  Relative Change :    5.2227877893016982E-007
ComputeChange: SS (ITER=11) (NRM,RELC): (  1.5921140     0.13674152E-01 ) :: navier-stokes
ResultOutputSolver: -------------------------------------
ResultOutputSolver: Saving in unstructured VTK XML (.vtu) format
ResultOutputSolver: -------------------------------------
MAIN: 
MAIN: -------------------------------------
MAIN:  Steady state iteration:           12
MAIN: -------------------------------------
MAIN: 
HeatSolver: ------------------------------------------------
HeatSolver: Solving energy equation for temperature
HeatSolver: Heat solver iteration: 1
IterSolver: "Linear System GCR Restart" not given, setting it to 200
   gcr:    10  0.3137E-09  0.7338E-09
ComputeChange: NS (ITER=1) (NRM,RELC): (  300.00015     0.46211801E-08 ) :: heat equation
HeatSolver: Heat solver iteration: 2
IterSolver: "Linear System GCR Restart" not given, setting it to 200
   gcr:    10  0.9410E-10  0.2201E-09
ComputeChange: NS (ITER=2) (NRM,RELC): (  300.00015     0.14270342E-08 ) :: heat equation
HeatSolver: Heat solver iteration: 3
IterSolver: "Linear System GCR Restart" not given, setting it to 200
   gcr:    10  0.2825E-10  0.6604E-10
ComputeChange: NS (ITER=3) (NRM,RELC): (  300.00015     0.37898038E-09 ) :: heat equation
HeatSolver: Heat solver iteration: 4
IterSolver: "Linear System GCR Restart" not given, setting it to 200
   gcr:    10  0.8744E-11  0.1986E-10
ComputeChange: NS (ITER=4) (NRM,RELC): (  300.00015     0.84951499E-10 ) :: heat equation
ComputeChange: SS (ITER=12) (NRM,RELC): (  300.00015     0.22238192E-08 ) :: heat equation
FlowSolve: 
FlowSolve: 
FlowSolve: -------------------------------------
FlowSolve:  NAVIER-STOKES ITERATION           1
FlowSolve: -------------------------------------
FlowSolve: 
FlowSolve: Starting Assembly...
FlowSolve: Assembly:
FlowSolve: Assembly done
FlowSolve: Dirichlet conditions done
BiCGStabl:        8 0.7635E-11 0.7635E-11
ComputeChange: NS (ITER=1) (NRM,RELC): (  1.6199483     0.17331066E-01 ) :: navier-stokes
FlowSolve: iter:    1 Assembly: (s)    0.00    0.00
FlowSolve: iter:    1 Solve:    (s)    0.00    0.00
FlowSolve:  Result Norm     :    1.6199482786104724
FlowSolve:  Relative Change :    1.7331066321479752E-002
FlowSolve: 
FlowSolve: 
FlowSolve: -------------------------------------
FlowSolve:  NAVIER-STOKES ITERATION           2
FlowSolve: -------------------------------------
FlowSolve: 
FlowSolve: Starting Assembly...
FlowSolve: Assembly:
FlowSolve: Assembly done
FlowSolve: Dirichlet conditions done
BiCGStabl:        8 0.2251E-11 0.2251E-11
ComputeChange: NS (ITER=2) (NRM,RELC): (  1.6283069     0.51465585E-02 ) :: navier-stokes
FlowSolve: iter:    2 Assembly: (s)    0.00    0.01
FlowSolve: iter:    2 Solve:    (s)    0.00    0.00
FlowSolve:  Result Norm     :    1.6283069464151025
FlowSolve:  Relative Change :    5.1465585217764500E-003
FlowSolve: 
FlowSolve: 
FlowSolve: -------------------------------------
FlowSolve:  NAVIER-STOKES ITERATION           3
FlowSolve: -------------------------------------
FlowSolve: 
FlowSolve: Starting Assembly...
FlowSolve: Assembly:
FlowSolve: Assembly done
FlowSolve: Dirichlet conditions done
BiCGStabl:        8 0.9066E-11 0.9066E-11
ComputeChange: NS (ITER=3) (NRM,RELC): (  1.6308153     0.15392937E-02 ) :: navier-stokes
FlowSolve: iter:    3 Assembly: (s)    0.00    0.01
FlowSolve: iter:    3 Solve:    (s)    0.00    0.01
FlowSolve:  Result Norm     :    1.6308153196181017
FlowSolve:  Relative Change :    1.5392937105438256E-003
FlowSolve: 
FlowSolve: 
FlowSolve: -------------------------------------
FlowSolve:  NAVIER-STOKES ITERATION           4
FlowSolve: -------------------------------------
FlowSolve: 
FlowSolve: Starting Assembly...
FlowSolve: Assembly:
FlowSolve: Assembly done
FlowSolve: Dirichlet conditions done
BiCGStabl:        8 0.2693E-11 0.2693E-11
ComputeChange: NS (ITER=4) (NRM,RELC): (  1.6315679     0.46137535E-03 ) :: navier-stokes
FlowSolve: iter:    4 Assembly: (s)    0.00    0.02
FlowSolve: iter:    4 Solve:    (s)    0.00    0.01
FlowSolve:  Result Norm     :    1.6315679112138621
FlowSolve:  Relative Change :    4.6137534588083437E-004
FlowSolve: 
FlowSolve: 
FlowSolve: -------------------------------------
FlowSolve:  NAVIER-STOKES ITERATION           5
FlowSolve: -------------------------------------
FlowSolve: 
FlowSolve: Starting Assembly...
FlowSolve: Assembly:
FlowSolve: Assembly done
FlowSolve: Dirichlet conditions done
BiCGStabl:        7 0.4178E-11 0.4178E-11
ComputeChange: NS (ITER=5) (NRM,RELC): (  1.6317937     0.13837748E-03 ) :: navier-stokes
FlowSolve: iter:    5 Assembly: (s)    0.00    0.02
FlowSolve: iter:    5 Solve:    (s)    0.00    0.01
FlowSolve:  Result Norm     :    1.6317936990936570
FlowSolve:  Relative Change :    1.3837748111132807E-004
FlowSolve: 
FlowSolve: 
FlowSolve: -------------------------------------
FlowSolve:  NAVIER-STOKES ITERATION           6
FlowSolve: -------------------------------------
FlowSolve: 
FlowSolve: Starting Assembly...
FlowSolve: Assembly:
FlowSolve: Assembly done
FlowSolve: Dirichlet conditions done
BiCGStabl:        7 0.3184E-11 0.3184E-11
ComputeChange: NS (ITER=6) (NRM,RELC): (  1.6318614     0.41510690E-04 ) :: navier-stokes
FlowSolve: iter:    6 Assembly: (s)    0.00    0.02
FlowSolve: iter:    6 Solve:    (s)    0.00    0.01
FlowSolve:  Result Norm     :    1.6318614373825273
FlowSolve:  Relative Change :    4.1510690338096469E-005
FlowSolve: 
FlowSolve: 
FlowSolve: -------------------------------------
FlowSolve:  NAVIER-STOKES ITERATION           7
FlowSolve: -------------------------------------
FlowSolve: 
FlowSolve: Starting Assembly...
FlowSolve: Assembly:
FlowSolve: Assembly done
FlowSolve: Dirichlet conditions done
BiCGStabl:        7 0.9623E-12 0.9623E-12
ComputeChange: NS (ITER=7) (NRM,RELC): (  1.6318818     0.12453162E-04 ) :: navier-stokes
FlowSolve: iter:    7 Assembly: (s)    0.00    0.03
FlowSolve: iter:    7 Solve:    (s)    0.00    0.02
FlowSolve:  Result Norm     :    1.6318817593443240
FlowSolve:  Relative Change :    1.2453162256802670E-005
FlowSolve: 
FlowSolve: 
FlowSolve: -------------------------------------
FlowSolve:  NAVIER-STOKES ITERATION           8
FlowSolve: -------------------------------------
FlowSolve: 
FlowSolve: Starting Assembly...
FlowSolve: Assembly:
FlowSolve: Assembly done
FlowSolve: Dirichlet conditions done
BiCGStabl:        6 0.3765E-11 0.3765E-11
ComputeChange: NS (ITER=8) (NRM,RELC): (  1.6318879     0.37360029E-05 ) :: navier-stokes
FlowSolve: iter:    8 Assembly: (s)    0.00    0.03
FlowSolve: iter:    8 Solve:    (s)    0.00    0.02
FlowSolve:  Result Norm     :    1.6318878560706671
FlowSolve:  Relative Change :    3.7360028810321268E-006
FlowSolve: 
FlowSolve: 
FlowSolve: -------------------------------------
FlowSolve:  NAVIER-STOKES ITERATION           9
FlowSolve: -------------------------------------
FlowSolve: 
FlowSolve: Starting Assembly...
FlowSolve: Assembly:
FlowSolve: Assembly done
FlowSolve: Dirichlet conditions done
BiCGStabl:        6 0.9832E-11 0.9832E-11
ComputeChange: NS (ITER=9) (NRM,RELC): (  1.6318897     0.11208246E-05 ) :: navier-stokes
FlowSolve: iter:    9 Assembly: (s)    0.00    0.03
FlowSolve: iter:    9 Solve:    (s)    0.00    0.02
FlowSolve:  Result Norm     :    1.6318896851316855
FlowSolve:  Relative Change :    1.1208245631517349E-006
FlowSolve: 
FlowSolve: 
FlowSolve: -------------------------------------
FlowSolve:  NAVIER-STOKES ITERATION          10
FlowSolve: -------------------------------------
FlowSolve: 
FlowSolve: Starting Assembly...
FlowSolve: Assembly:
FlowSolve: Assembly done
FlowSolve: Dirichlet conditions done
BiCGStabl:        5 0.7236E-11 0.7236E-11
ComputeChange: NS (ITER=10) (NRM,RELC): (  1.6318902     0.33625549E-06 ) :: navier-stokes
FlowSolve: iter:   10 Assembly: (s)    0.00    0.04
FlowSolve: iter:   10 Solve:    (s)    0.00    0.02
FlowSolve:  Result Norm     :    1.6318902338636403
FlowSolve:  Relative Change :    3.3625548804319816E-007
ComputeChange: SS (ITER=12) (NRM,RELC): (  1.6060280     0.87013001E-02 ) :: navier-stokes
ResultOutputSolver: -------------------------------------
ResultOutputSolver: Saving in unstructured VTK XML (.vtu) format
ResultOutputSolver: -------------------------------------
MAIN: 
MAIN: -------------------------------------
MAIN:  Steady state iteration:           13
MAIN: -------------------------------------
MAIN: 
HeatSolver: ------------------------------------------------
HeatSolver: Solving energy equation for temperature
HeatSolver: Heat solver iteration: 1
IterSolver: "Linear System GCR Restart" not given, setting it to 200
   gcr:    10  0.2333E-09  0.5191E-09
ComputeChange: NS (ITER=1) (NRM,RELC): (  300.00015     0.30451969E-08 ) :: heat equation
HeatSolver: Heat solver iteration: 2
IterSolver: "Linear System GCR Restart" not given, setting it to 200
   gcr:    10  0.7002E-10  0.1557E-09
ComputeChange: NS (ITER=2) (NRM,RELC): (  300.00015     0.91026750E-09 ) :: heat equation
HeatSolver: Heat solver iteration: 3
IterSolver: "Linear System GCR Restart" not given, setting it to 200
   gcr:    10  0.2117E-10  0.4675E-10
ComputeChange: NS (ITER=3) (NRM,RELC): (  300.00015     0.27162140E-09 ) :: heat equation
HeatSolver: Heat solver iteration: 4
IterSolver: "Linear System GCR Restart" not given, setting it to 200
   gcr:    10  0.6542E-11  0.1406E-10
ComputeChange: NS (ITER=4) (NRM,RELC): (  300.00015     0.50425392E-10 ) :: heat equation
ComputeChange: SS (ITER=13) (NRM,RELC): (  300.00015     0.14672279E-08 ) :: heat equation
FlowSolve: 
FlowSolve: 
FlowSolve: -------------------------------------
FlowSolve:  NAVIER-STOKES ITERATION           1
FlowSolve: -------------------------------------
FlowSolve: 
FlowSolve: Starting Assembly...
FlowSolve: Assembly:
FlowSolve: Assembly done
FlowSolve: Dirichlet conditions done
BiCGStabl:        8 0.3572E-11 0.3572E-11
ComputeChange: NS (ITER=1) (NRM,RELC): (  1.6235638     0.10859403E-01 ) :: navier-stokes
FlowSolve: iter:    1 Assembly: (s)    0.00    0.00
FlowSolve: iter:    1 Solve:    (s)    0.00    0.00
FlowSolve:  Result Norm     :    1.6235637630961184
FlowSolve:  Relative Change :    1.0859403298132489E-002
FlowSolve: 
FlowSolve: 
FlowSolve: -------------------------------------
FlowSolve:  NAVIER-STOKES ITERATION           2
FlowSolve: -------------------------------------
FlowSolve: 
FlowSolve: Starting Assembly...
FlowSolve: Assembly:
FlowSolve: Assembly done
FlowSolve: Dirichlet conditions done
BiCGStabl:        8 0.7958E-11 0.7958E-11
ComputeChange: NS (ITER=2) (NRM,RELC): (  1.6288303     0.32385864E-02 ) :: navier-stokes
FlowSolve: iter:    2 Assembly: (s)    0.00    0.01
FlowSolve: iter:    2 Solve:    (s)    0.00    0.00
FlowSolve:  Result Norm     :    1.6288303426988406
FlowSolve:  Relative Change :    3.2385863652492275E-003
FlowSolve: 
FlowSolve: 
FlowSolve: -------------------------------------
FlowSolve:  NAVIER-STOKES ITERATION           3
FlowSolve: -------------------------------------
FlowSolve: 
FlowSolve: Starting Assembly...
FlowSolve: Assembly:
FlowSolve: Assembly done
FlowSolve: Dirichlet conditions done
BiCGStabl:        8 0.2355E-11 0.2355E-11
ComputeChange: NS (ITER=3) (NRM,RELC): (  1.6304109     0.96987489E-03 ) :: navier-stokes
FlowSolve: iter:    3 Assembly: (s)    0.00    0.01
FlowSolve: iter:    3 Solve:    (s)    0.00    0.01
FlowSolve:  Result Norm     :    1.6304108708116640
FlowSolve:  Relative Change :    9.6987489374621161E-004
FlowSolve: 
FlowSolve: 
FlowSolve: -------------------------------------
FlowSolve:  NAVIER-STOKES ITERATION           4
FlowSolve: -------------------------------------
FlowSolve: 
FlowSolve: Starting Assembly...
FlowSolve: Assembly:
FlowSolve: Assembly done
FlowSolve: Dirichlet conditions done
BiCGStabl:        7 0.4082E-11 0.4082E-11
ComputeChange: NS (ITER=4) (NRM,RELC): (  1.6308851     0.29081594E-03 ) :: navier-stokes
FlowSolve: iter:    4 Assembly: (s)    0.00    0.02
FlowSolve: iter:    4 Solve:    (s)    0.00    0.01
FlowSolve:  Result Norm     :    1.6308850892339353
FlowSolve:  Relative Change :    2.9081593825334008E-004
FlowSolve: 
FlowSolve: 
FlowSolve: -------------------------------------
FlowSolve:  NAVIER-STOKES ITERATION           5
FlowSolve: -------------------------------------
FlowSolve: 
FlowSolve: Starting Assembly...
FlowSolve: Assembly:
FlowSolve: Assembly done
FlowSolve: Dirichlet conditions done
BiCGStabl:        7 0.5406E-11 0.5406E-11
ComputeChange: NS (ITER=5) (NRM,RELC): (  1.6310274     0.87233524E-04 ) :: navier-stokes
FlowSolve: iter:    5 Assembly: (s)    0.00    0.02
FlowSolve: iter:    5 Solve:    (s)    0.00    0.01
FlowSolve:  Result Norm     :    1.6310273632928309
FlowSolve:  Relative Change :    8.7233523870608212E-005
FlowSolve: 
FlowSolve: 
FlowSolve: -------------------------------------
FlowSolve:  NAVIER-STOKES ITERATION           6
FlowSolve: -------------------------------------
FlowSolve: 
FlowSolve: Starting Assembly...
FlowSolve: Assembly:
FlowSolve: Assembly done
FlowSolve: Dirichlet conditions done
BiCGStabl:        7 0.1625E-11 0.1625E-11
ComputeChange: NS (ITER=6) (NRM,RELC): (  1.6310700     0.26169629E-04 ) :: navier-stokes
FlowSolve: iter:    6 Assembly: (s)    0.00    0.02
FlowSolve: iter:    6 Solve:    (s)    0.00    0.01
FlowSolve:  Result Norm     :    1.6310700472319861
FlowSolve:  Relative Change :    2.6169628790035878E-005
FlowSolve: 
FlowSolve: 
FlowSolve: -------------------------------------
FlowSolve:  NAVIER-STOKES ITERATION           7
FlowSolve: -------------------------------------
FlowSolve: 
FlowSolve: Starting Assembly...
FlowSolve: Assembly:
FlowSolve: Assembly done
FlowSolve: Dirichlet conditions done
BiCGStabl:        6 0.7065E-11 0.7065E-11
ComputeChange: NS (ITER=7) (NRM,RELC): (  1.6310829     0.78510307E-05 ) :: navier-stokes
FlowSolve: iter:    7 Assembly: (s)    0.00    0.03
FlowSolve: iter:    7 Solve:    (s)    0.00    0.02
FlowSolve:  Result Norm     :    1.6310828528633106
FlowSolve:  Relative Change :    7.8510307251801125E-006
FlowSolve: 
FlowSolve: 
FlowSolve: -------------------------------------
FlowSolve:  NAVIER-STOKES ITERATION           8
FlowSolve: -------------------------------------
FlowSolve: 
FlowSolve: Starting Assembly...
FlowSolve: Assembly:
FlowSolve: Assembly done
FlowSolve: Dirichlet conditions done
BiCGStabl:        6 0.2116E-11 0.2116E-11
ComputeChange: NS (ITER=8) (NRM,RELC): (  1.6310867     0.23553736E-05 ) :: navier-stokes
FlowSolve: iter:    8 Assembly: (s)    0.00    0.03
FlowSolve: iter:    8 Solve:    (s)    0.00    0.02
FlowSolve:  Result Norm     :    1.6310866946773843
FlowSolve:  Relative Change :    2.3553736357164934E-006
FlowSolve: 
FlowSolve: 
FlowSolve: -------------------------------------
FlowSolve:  NAVIER-STOKES ITERATION           9
FlowSolve: -------------------------------------
FlowSolve: 
FlowSolve: Starting Assembly...
FlowSolve: Assembly:
FlowSolve: Assembly done
FlowSolve: Dirichlet conditions done
BiCGStabl:        6 0.5821E-11 0.5821E-11
ComputeChange: NS (ITER=9) (NRM,RELC): (  1.6310878     0.70663530E-06 ) :: navier-stokes
FlowSolve: iter:    9 Assembly: (s)    0.00    0.04
FlowSolve: iter:    9 Solve:    (s)    0.00    0.02
FlowSolve:  Result Norm     :    1.6310878472612267
FlowSolve:  Relative Change :    7.0663529958311757E-007
FlowSolve: 
FlowSolve: 
FlowSolve: -------------------------------------
FlowSolve:  NAVIER-STOKES ITERATION          10
FlowSolve: -------------------------------------
FlowSolve: 
FlowSolve: Starting Assembly...
FlowSolve: Assembly:
FlowSolve: Assembly done
FlowSolve: Dirichlet conditions done
BiCGStabl:        5 0.4267E-11 0.4267E-11
ComputeChange: NS (ITER=10) (NRM,RELC): (  1.6310882     0.21199796E-06 ) :: navier-stokes
FlowSolve: iter:   10 Assembly: (s)    0.00    0.04
FlowSolve: iter:   10 Solve:    (s)    0.00    0.02
FlowSolve:  Result Norm     :    1.6310881930485535
FlowSolve:  Relative Change :    2.1199795627166937E-007
ComputeChange: SS (ITER=13) (NRM,RELC): (  1.6147939     0.54432253E-02 ) :: navier-stokes
ResultOutputSolver: -------------------------------------
ResultOutputSolver: Saving in unstructured VTK XML (.vtu) format
ResultOutputSolver: -------------------------------------
MAIN: 
MAIN: -------------------------------------
MAIN:  Steady state iteration:           14
MAIN: -------------------------------------
MAIN: 
HeatSolver: ------------------------------------------------
HeatSolver: Solving energy equation for temperature
HeatSolver: Heat solver iteration: 1
IterSolver: "Linear System GCR Restart" not given, setting it to 200
   gcr:    10  0.1704E-09  0.3603E-09
ComputeChange: NS (ITER=1) (NRM,RELC): (  300.00015     0.20149013E-08 ) :: heat equation
HeatSolver: Heat solver iteration: 2
IterSolver: "Linear System GCR Restart" not given, setting it to 200
   gcr:    10  0.5111E-10  0.1081E-09
ComputeChange: NS (ITER=2) (NRM,RELC): (  300.00015     0.59755344E-09 ) :: heat equation
HeatSolver: Heat solver iteration: 3
IterSolver: "Linear System GCR Restart" not given, setting it to 200
   gcr:    10  0.1544E-10  0.3245E-10
ComputeChange: NS (ITER=3) (NRM,RELC): (  300.00015     0.11563063E-09 ) :: heat equation
HeatSolver: Heat solver iteration: 4
IterSolver: "Linear System GCR Restart" not given, setting it to 200
   gcr:    10  0.5102E-11  0.9829E-11
ComputeChange: NS (ITER=4) (NRM,RELC): (  300.00015     0.63508657E-10 ) :: heat equation
ComputeChange: SS (ITER=14) (NRM,RELC): (  300.00015     0.96136289E-09 ) :: heat equation
FlowSolve: 
FlowSolve: 
FlowSolve: -------------------------------------
FlowSolve:  NAVIER-STOKES ITERATION           1
FlowSolve: -------------------------------------
FlowSolve: 
FlowSolve: Starting Assembly...
FlowSolve: Assembly:
FlowSolve: Assembly done
FlowSolve: Dirichlet conditions done
BiCGStabl:        8 0.8003E-11 0.8003E-11
ComputeChange: NS (ITER=1) (NRM,RELC): (  1.6256036     0.66718728E-02 ) :: navier-stokes
FlowSolve: iter:    1 Assembly: (s)    0.00    0.00
FlowSolve: iter:    1 Solve:    (s)    0.00    0.00
FlowSolve:  Result Norm     :    1.6256036328034140
FlowSolve:  Relative Change :    6.6718727992802450E-003
FlowSolve: 
FlowSolve: 
FlowSolve: -------------------------------------
FlowSolve:  NAVIER-STOKES ITERATION           2
FlowSolve: -------------------------------------
FlowSolve: 
FlowSolve: Starting Assembly...
FlowSolve: Assembly:
FlowSolve: Assembly done
FlowSolve: Dirichlet conditions done
BiCGStabl:        8 0.5961E-11 0.5961E-11
ComputeChange: NS (ITER=2) (NRM,RELC): (  1.6288504     0.19953039E-02 ) :: navier-stokes
FlowSolve: iter:    2 Assembly: (s)    0.00    0.01
FlowSolve: iter:    2 Solve:    (s)    0.00    0.00
FlowSolve:  Result Norm     :    1.6288504453350987
FlowSolve:  Relative Change :    1.9953039457492059E-003
FlowSolve: 
FlowSolve: 
FlowSolve: -------------------------------------
FlowSolve:  NAVIER-STOKES ITERATION           3
FlowSolve: -------------------------------------
FlowSolve: 
FlowSolve: Starting Assembly...
FlowSolve: Assembly:
FlowSolve: Assembly done
FlowSolve: Dirichlet conditions done
BiCGStabl:        8 0.5577E-11 0.5577E-11
ComputeChange: NS (ITER=3) (NRM,RELC): (  1.6298249     0.59804742E-03 ) :: navier-stokes
FlowSolve: iter:    3 Assembly: (s)    0.00    0.01
FlowSolve: iter:    3 Solve:    (s)    0.00    0.01
FlowSolve:  Result Norm     :    1.6298248665205739
FlowSolve:  Relative Change :    5.9804742247873948E-004
FlowSolve: 
FlowSolve: 
FlowSolve: -------------------------------------
FlowSolve:  NAVIER-STOKES ITERATION           4
FlowSolve: -------------------------------------
FlowSolve: 
FlowSolve: Starting Assembly...
FlowSolve: Assembly:
FlowSolve: Assembly done
FlowSolve: Dirichlet conditions done
BiCGStabl:        7 0.8364E-11 0.8364E-11
ComputeChange: NS (ITER=4) (NRM,RELC): (  1.6301172     0.17937102E-03 ) :: navier-stokes
FlowSolve: iter:    4 Assembly: (s)    0.00    0.02
FlowSolve: iter:    4 Solve:    (s)    0.00    0.01
FlowSolve:  Result Norm     :    1.6301172360909422
FlowSolve:  Relative Change :    1.7937102019943972E-004
FlowSolve: 
FlowSolve: 
FlowSolve: -------------------------------------
FlowSolve:  NAVIER-STOKES ITERATION           5
FlowSolve: -------------------------------------
FlowSolve: 
FlowSolve: Starting Assembly...
FlowSolve: Assembly:
FlowSolve: Assembly done
FlowSolve: Dirichlet conditions done
BiCGStabl:        7 0.7878E-11 0.7878E-11
ComputeChange: NS (ITER=5) (NRM,RELC): (  1.6302050     0.53809154E-04 ) :: navier-stokes
FlowSolve: iter:    5 Assembly: (s)    0.00    0.02
FlowSolve: iter:    5 Solve:    (s)    0.00    0.01
FlowSolve:  Result Norm     :    1.6302049536805707
FlowSolve:  Relative Change :    5.3809154140500893E-005
FlowSolve: 
FlowSolve: 
FlowSolve: -------------------------------------
FlowSolve:  NAVIER-STOKES ITERATION           6
FlowSolve: -------------------------------------
FlowSolve: 
FlowSolve: Starting Assembly...
FlowSolve: Assembly:
FlowSolve: Assembly done
FlowSolve: Dirichlet conditions done
BiCGStabl:        7 0.9272E-11 0.9272E-11
ComputeChange: NS (ITER=6) (NRM,RELC): (  1.6302313     0.16143084E-04 ) :: navier-stokes
FlowSolve: iter:    6 Assembly: (s)    0.00    0.02
FlowSolve: iter:    6 Solve:    (s)    0.00    0.01
FlowSolve:  Result Norm     :    1.6302312704277129
FlowSolve:  Relative Change :    1.6143083522113475E-005
FlowSolve: 
FlowSolve: 
FlowSolve: -------------------------------------
FlowSolve:  NAVIER-STOKES ITERATION           7
FlowSolve: -------------------------------------
FlowSolve: 
FlowSolve: Starting Assembly...
FlowSolve: Assembly:
FlowSolve: Assembly done
FlowSolve: Dirichlet conditions done
BiCGStabl:        6 0.4575E-11 0.4575E-11
ComputeChange: NS (ITER=7) (NRM,RELC): (  1.6302392     0.48431110E-05 ) :: navier-stokes
FlowSolve: iter:    7 Assembly: (s)    0.00    0.03
FlowSolve: iter:    7 Solve:    (s)    0.00    0.02
FlowSolve:  Result Norm     :    1.6302391658379081
FlowSolve:  Relative Change :    4.8431110476401919E-006
FlowSolve: 
FlowSolve: 
FlowSolve: -------------------------------------
FlowSolve:  NAVIER-STOKES ITERATION           8
FlowSolve: -------------------------------------
FlowSolve: 
FlowSolve: Starting Assembly...
FlowSolve: Assembly:
FlowSolve: Assembly done
FlowSolve: Dirichlet conditions done
BiCGStabl:        6 0.1370E-11 0.1370E-11
ComputeChange: NS (ITER=8) (NRM,RELC): (  1.6302415     0.14529974E-05 ) :: navier-stokes
FlowSolve: iter:    8 Assembly: (s)    0.00    0.03
FlowSolve: iter:    8 Solve:    (s)    0.00    0.02
FlowSolve:  Result Norm     :    1.6302415345728385
FlowSolve:  Relative Change :    1.4529973633190091E-006
FlowSolve: 
FlowSolve: 
FlowSolve: -------------------------------------
FlowSolve:  NAVIER-STOKES ITERATION           9
FlowSolve: -------------------------------------
FlowSolve: 
FlowSolve: Starting Assembly...
FlowSolve: Assembly:
FlowSolve: Assembly done
FlowSolve: Dirichlet conditions done
BiCGStabl:        5 0.8031E-11 0.8031E-11
ComputeChange: NS (ITER=9) (NRM,RELC): (  1.6302422     0.43592266E-06 ) :: navier-stokes
FlowSolve: iter:    9 Assembly: (s)    0.00    0.04
FlowSolve: iter:    9 Solve:    (s)    0.00    0.02
FlowSolve:  Result Norm     :    1.6302422452322118
FlowSolve:  Relative Change :    4.3592265525152717E-007
FlowSolve: 
FlowSolve: 
FlowSolve: -------------------------------------
FlowSolve:  NAVIER-STOKES ITERATION          10
FlowSolve: -------------------------------------
FlowSolve: 
FlowSolve: Starting Assembly...
FlowSolve: Assembly:
FlowSolve: Assembly done
FlowSolve: Dirichlet conditions done
BiCGStabl:        5 0.6526E-11 0.6526E-11
ComputeChange: NS (ITER=10) (NRM,RELC): (  1.6302425     0.13078210E-06 ) :: navier-stokes
FlowSolve: iter:   10 Assembly: (s)    0.00    0.04
FlowSolve: iter:   10 Solve:    (s)    0.00    0.02
FlowSolve:  Result Norm     :    1.6302424584387309
FlowSolve:  Relative Change :    1.3078210050562881E-007
ComputeChange: SS (ITER=14) (NRM,RELC): (  1.6201975     0.33407277E-02 ) :: navier-stokes
ResultOutputSolver: -------------------------------------
ResultOutputSolver: Saving in unstructured VTK XML (.vtu) format
ResultOutputSolver: -------------------------------------
MAIN: 
MAIN: -------------------------------------
MAIN:  Steady state iteration:           15
MAIN: -------------------------------------
MAIN: 
HeatSolver: ------------------------------------------------
HeatSolver: Solving energy equation for temperature
HeatSolver: Heat solver iteration: 1
IterSolver: "Linear System GCR Restart" not given, setting it to 200
   gcr:    10  0.1223E-09  0.2462E-09
ComputeChange: NS (ITER=1) (NRM,RELC): (  300.00015     0.13400020E-08 ) :: heat equation
HeatSolver: Heat solver iteration: 2
IterSolver: "Linear System GCR Restart" not given, setting it to 200
   gcr:    10  0.3668E-10  0.7385E-10
ComputeChange: NS (ITER=2) (NRM,RELC): (  300.00015     0.35252452E-09 ) :: heat equation
HeatSolver: Heat solver iteration: 3
IterSolver: "Linear System GCR Restart" not given, setting it to 200
   gcr:    10  0.1131E-10  0.2221E-10
ComputeChange: NS (ITER=3) (NRM,RELC): (  300.00015     0.54883619E-10 ) :: heat equation
ComputeChange: SS (ITER=15) (NRM,RELC): (  300.00015     0.60386723E-09 ) :: heat equation
FlowSolve: 
FlowSolve: 
FlowSolve: -------------------------------------
FlowSolve:  NAVIER-STOKES ITERATION           1
FlowSolve: -------------------------------------
FlowSolve: 
FlowSolve: Starting Assembly...
FlowSolve: Assembly:
FlowSolve: Assembly done
FlowSolve: Dirichlet conditions done
BiCGStabl:        8 0.8558E-11 0.8558E-11
ComputeChange: NS (ITER=1) (NRM,RELC): (  1.6267189     0.40170106E-02 ) :: navier-stokes
FlowSolve: iter:    1 Assembly: (s)    0.00    0.00
FlowSolve: iter:    1 Solve:    (s)    0.00    0.00
FlowSolve:  Result Norm     :    1.6267189342961976
FlowSolve:  Relative Change :    4.0170105919171174E-003
FlowSolve: 
FlowSolve: 
FlowSolve: -------------------------------------
FlowSolve:  NAVIER-STOKES ITERATION           2
FlowSolve: -------------------------------------
FlowSolve: 
FlowSolve: Starting Assembly...
FlowSolve: Assembly:
FlowSolve: Assembly done
FlowSolve: Dirichlet conditions done
BiCGStabl:        8 0.2589E-11 0.2589E-11
ComputeChange: NS (ITER=2) (NRM,RELC): (  1.6286778     0.12034683E-02 ) :: navier-stokes
FlowSolve: iter:    2 Assembly: (s)    0.00    0.01
FlowSolve: iter:    2 Solve:    (s)    0.00    0.00
FlowSolve:  Result Norm     :    1.6286778177306749
FlowSolve:  Relative Change :    1.2034683227214109E-003
FlowSolve: 
FlowSolve: 
FlowSolve: -------------------------------------
FlowSolve:  NAVIER-STOKES ITERATION           3
FlowSolve: -------------------------------------
FlowSolve: 
FlowSolve: Starting Assembly...
FlowSolve: Assembly:
FlowSolve: Assembly done
FlowSolve: Dirichlet conditions done
BiCGStabl:        8 0.4650E-11 0.4650E-11
ComputeChange: NS (ITER=3) (NRM,RELC): (  1.6292657     0.36090906E-03 ) :: navier-stokes
FlowSolve: iter:    3 Assembly: (s)    0.00    0.01
FlowSolve: iter:    3 Solve:    (s)    0.00    0.01
FlowSolve:  Result Norm     :    1.6292657284065817
FlowSolve:  Relative Change :    3.6090906277602594E-004
FlowSolve: 
FlowSolve: 
FlowSolve: -------------------------------------
FlowSolve:  NAVIER-STOKES ITERATION           4
FlowSolve: -------------------------------------
FlowSolve: 
FlowSolve: Starting Assembly...
FlowSolve: Assembly:
FlowSolve: Assembly done
FlowSolve: Dirichlet conditions done
BiCGStabl:        8 0.1396E-11 0.1396E-11
ComputeChange: NS (ITER=4) (NRM,RELC): (  1.6294421     0.10826577E-03 ) :: navier-stokes
FlowSolve: iter:    4 Assembly: (s)    0.00    0.02
FlowSolve: iter:    4 Solve:    (s)    0.00    0.01
FlowSolve:  Result Norm     :    1.6294421316640568
FlowSolve:  Relative Change :    1.0826576977742343E-004
FlowSolve: 
FlowSolve: 
FlowSolve: -------------------------------------
FlowSolve:  NAVIER-STOKES ITERATION           5
FlowSolve: -------------------------------------
FlowSolve: 
FlowSolve: Starting Assembly...
FlowSolve: Assembly:
FlowSolve: Assembly done
FlowSolve: Dirichlet conditions done
BiCGStabl:        8 0.4192E-12 0.4192E-12
ComputeChange: NS (ITER=5) (NRM,RELC): (  1.6294951     0.32480584E-04 ) :: navier-stokes
FlowSolve: iter:    5 Assembly: (s)    0.00    0.02
FlowSolve: iter:    5 Solve:    (s)    0.00    0.01
FlowSolve:  Result Norm     :    1.6294950577554725
FlowSolve:  Relative Change :    3.2480583907874601E-005
FlowSolve: 
FlowSolve: 
FlowSolve: -------------------------------------
FlowSolve:  NAVIER-STOKES ITERATION           6
FlowSolve: -------------------------------------
FlowSolve: 
FlowSolve: Starting Assembly...
FlowSolve: Assembly:
FlowSolve: Assembly done
FlowSolve: Dirichlet conditions done
BiCGStabl:        7 0.3214E-11 0.3214E-11
ComputeChange: NS (ITER=6) (NRM,RELC): (  1.6295109     0.97447000E-05 ) :: navier-stokes
FlowSolve: iter:    6 Assembly: (s)    0.00    0.02
FlowSolve: iter:    6 Solve:    (s)    0.00    0.01
FlowSolve:  Result Norm     :    1.6295109367733513
FlowSolve:  Relative Change :    9.7447000131104099E-006
FlowSolve: 
FlowSolve: 
FlowSolve: -------------------------------------
FlowSolve:  NAVIER-STOKES ITERATION           7
FlowSolve: -------------------------------------
FlowSolve: 
FlowSolve: Starting Assembly...
FlowSolve: Assembly:
FlowSolve: Assembly done
FlowSolve: Dirichlet conditions done
BiCGStabl:        6 0.3641E-11 0.3641E-11
ComputeChange: NS (ITER=7) (NRM,RELC): (  1.6295157     0.29235909E-05 ) :: navier-stokes
FlowSolve: iter:    7 Assembly: (s)    0.00    0.03
FlowSolve: iter:    7 Solve:    (s)    0.00    0.01
FlowSolve:  Result Norm     :    1.6295157008037191
FlowSolve:  Relative Change :    2.9235909352960237E-006
FlowSolve: 
FlowSolve: 
FlowSolve: -------------------------------------
FlowSolve:  NAVIER-STOKES ITERATION           8
FlowSolve: -------------------------------------
FlowSolve: 
FlowSolve: Starting Assembly...
FlowSolve: Assembly:
FlowSolve: Assembly done
FlowSolve: Dirichlet conditions done
BiCGStabl:        6 0.5833E-11 0.5833E-11
ComputeChange: NS (ITER=8) (NRM,RELC): (  1.6295171     0.87713493E-06 ) :: navier-stokes
FlowSolve: iter:    8 Assembly: (s)    0.00    0.03
FlowSolve: iter:    8 Solve:    (s)    0.00    0.02
FlowSolve:  Result Norm     :    1.6295171301094797
FlowSolve:  Relative Change :    8.7713492609141264E-007
FlowSolve: 
FlowSolve: 
FlowSolve: -------------------------------------
FlowSolve:  NAVIER-STOKES ITERATION           9
FlowSolve: -------------------------------------
FlowSolve: 
FlowSolve: Starting Assembly...
FlowSolve: Assembly:
FlowSolve: Assembly done
FlowSolve: Dirichlet conditions done
BiCGStabl:        5 0.4164E-11 0.4164E-11
ComputeChange: NS (ITER=9) (NRM,RELC): (  1.6295176     0.26315831E-06 ) :: navier-stokes
FlowSolve: iter:    9 Assembly: (s)    0.00    0.03
FlowSolve: iter:    9 Solve:    (s)    0.00    0.02
FlowSolve:  Result Norm     :    1.6295175589305058
FlowSolve:  Relative Change :    2.6315830725203257E-007
FlowSolve: 
FlowSolve: 
FlowSolve: -------------------------------------
FlowSolve:  NAVIER-STOKES ITERATION          10
FlowSolve: -------------------------------------
FlowSolve: 
FlowSolve: Starting Assembly...
FlowSolve: Assembly:
FlowSolve: Assembly done
FlowSolve: Dirichlet conditions done
BiCGStabl:        5 0.3576E-11 0.3576E-11
ComputeChange: NS (ITER=10) (NRM,RELC): (  1.6295177     0.78952321E-07 ) :: navier-stokes
FlowSolve: iter:   10 Assembly: (s)    0.00    0.04
FlowSolve: iter:   10 Solve:    (s)    0.00    0.02
FlowSolve:  Result Norm     :    1.6295176875847046
FlowSolve:  Relative Change :    7.8952321235220114E-008
ComputeChange: SS (ITER=15) (NRM,RELC): (  1.6234575     0.20100616E-02 ) :: navier-stokes
ResultOutputSolver: -------------------------------------
ResultOutputSolver: Saving in unstructured VTK XML (.vtu) format
ResultOutputSolver: -------------------------------------
MAIN: 
MAIN: -------------------------------------
MAIN:  Steady state iteration:           16
MAIN: -------------------------------------
MAIN: 
HeatSolver: ------------------------------------------------
HeatSolver: Solving energy equation for temperature
HeatSolver: Heat solver iteration: 1
IterSolver: "Linear System GCR Restart" not given, setting it to 200
   gcr:    10  0.8726E-10  0.1677E-09
ComputeChange: NS (ITER=1) (NRM,RELC): (  300.00015     0.88434066E-09 ) :: heat equation
HeatSolver: Heat solver iteration: 2
IterSolver: "Linear System GCR Restart" not given, setting it to 200
   gcr:    10  0.2635E-10  0.5036E-10
ComputeChange: NS (ITER=2) (NRM,RELC): (  300.00015     0.26293460E-09 ) :: heat equation
HeatSolver: Heat solver iteration: 3
IterSolver: "Linear System GCR Restart" not given, setting it to 200
   gcr:    10  0.8113E-11  0.1515E-10
ComputeChange: NS (ITER=3) (NRM,RELC): (  300.00015     0.23546237E-10 ) :: heat equation
ComputeChange: SS (ITER=16) (NRM,RELC): (  300.00015     0.40585593E-09 ) :: heat equation
FlowSolve: 
FlowSolve: 
FlowSolve: -------------------------------------
FlowSolve:  NAVIER-STOKES ITERATION           1
FlowSolve: -------------------------------------
FlowSolve: 
FlowSolve: Starting Assembly...
FlowSolve: Assembly:
FlowSolve: Assembly done
FlowSolve: Dirichlet conditions done
BiCGStabl:        8 0.8161E-11 0.8161E-11
ComputeChange: NS (ITER=1) (NRM,RELC): (  1.6272926     0.23595123E-02 ) :: navier-stokes
FlowSolve: iter:    1 Assembly: (s)    0.00    0.00
FlowSolve: iter:    1 Solve:    (s)    0.00    0.00
FlowSolve:  Result Norm     :    1.6272925509098928
FlowSolve:  Relative Change :    2.3595122708616805E-003
FlowSolve: 
FlowSolve: 
FlowSolve: -------------------------------------
FlowSolve:  NAVIER-STOKES ITERATION           2
FlowSolve: -------------------------------------
FlowSolve: 
FlowSolve: Starting Assembly...
FlowSolve: Assembly:
FlowSolve: Assembly done
FlowSolve: Dirichlet conditions done
BiCGStabl:        8 0.2489E-11 0.2489E-11
ComputeChange: NS (ITER=2) (NRM,RELC): (  1.6284446     0.70768949E-03 ) :: navier-stokes
FlowSolve: iter:    2 Assembly: (s)    0.00    0.01
FlowSolve: iter:    2 Solve:    (s)    0.00    0.00
FlowSolve:  Result Norm     :    1.6284445763881961
FlowSolve:  Relative Change :    7.0768949289179493E-004
FlowSolve: 
FlowSolve: 
FlowSolve: -------------------------------------
FlowSolve:  NAVIER-STOKES ITERATION           3
FlowSolve: -------------------------------------
FlowSolve: 
FlowSolve: Starting Assembly...
FlowSolve: Assembly:
FlowSolve: Assembly done
FlowSolve: Dirichlet conditions done
BiCGStabl:        7 0.9814E-11 0.9814E-11
ComputeChange: NS (ITER=3) (NRM,RELC): (  1.6287903     0.21230514E-03 ) :: navier-stokes
FlowSolve: iter:    3 Assembly: (s)    0.00    0.01
FlowSolve: iter:    3 Solve:    (s)    0.00    0.01
FlowSolve:  Result Norm     :    1.6287903402506909
FlowSolve:  Relative Change :    2.1230514307002643E-004
FlowSolve: 
FlowSolve: 
FlowSolve: -------------------------------------
FlowSolve:  NAVIER-STOKES ITERATION           4
FlowSolve: -------------------------------------
FlowSolve: 
FlowSolve: Starting Assembly...
FlowSolve: Assembly:
FlowSolve: Assembly done
FlowSolve: Dirichlet conditions done
BiCGStabl:        7 0.2963E-11 0.2963E-11
ComputeChange: NS (ITER=4) (NRM,RELC): (  1.6288941     0.63695417E-04 ) :: navier-stokes
FlowSolve: iter:    4 Assembly: (s)    0.00    0.02
FlowSolve: iter:    4 Solve:    (s)    0.00    0.01
FlowSolve:  Result Norm     :    1.6288940900356035
FlowSolve:  Relative Change :    6.3695417486123965E-005
FlowSolve: 
FlowSolve: 
FlowSolve: -------------------------------------
FlowSolve:  NAVIER-STOKES ITERATION           5
FlowSolve: -------------------------------------
FlowSolve: 
FlowSolve: Starting Assembly...
FlowSolve: Assembly:
FlowSolve: Assembly done
FlowSolve: Dirichlet conditions done
BiCGStabl:        7 0.5994E-11 0.5994E-11
ComputeChange: NS (ITER=5) (NRM,RELC): (  1.6289252     0.19110193E-04 ) :: navier-stokes
FlowSolve: iter:    5 Assembly: (s)    0.00    0.02
FlowSolve: iter:    5 Solve:    (s)    0.00    0.01
FlowSolve:  Result Norm     :    1.6289252188130405
FlowSolve:  Relative Change :    1.9110192730763743E-005
FlowSolve: 
FlowSolve: 
FlowSolve: -------------------------------------
FlowSolve:  NAVIER-STOKES ITERATION           6
FlowSolve: -------------------------------------
FlowSolve: 
FlowSolve: Starting Assembly...
FlowSolve: Assembly:
FlowSolve: Assembly done
FlowSolve: Dirichlet conditions done
BiCGStabl:        6 0.9057E-11 0.9057E-11
ComputeChange: NS (ITER=6) (NRM,RELC): (  1.6289346     0.57335646E-05 ) :: navier-stokes
FlowSolve: iter:    6 Assembly: (s)    0.00    0.02
FlowSolve: iter:    6 Solve:    (s)    0.00    0.01
FlowSolve:  Result Norm     :    1.6289345583878658
FlowSolve:  Relative Change :    5.7335646491943030E-006
FlowSolve: 
FlowSolve: 
FlowSolve: -------------------------------------
FlowSolve:  NAVIER-STOKES ITERATION           7
FlowSolve: -------------------------------------
FlowSolve: 
FlowSolve: Starting Assembly...
FlowSolve: Assembly:
FlowSolve: Assembly done
FlowSolve: Dirichlet conditions done
BiCGStabl:        6 0.7046E-11 0.7046E-11
ComputeChange: NS (ITER=7) (NRM,RELC): (  1.6289374     0.17202261E-05 ) :: navier-stokes
FlowSolve: iter:    7 Assembly: (s)    0.00    0.03
FlowSolve: iter:    7 Solve:    (s)    0.00    0.01
FlowSolve:  Result Norm     :    1.6289373605260908
FlowSolve:  Relative Change :    1.7202261443998595E-006
FlowSolve: 
FlowSolve: 
FlowSolve: -------------------------------------
FlowSolve:  NAVIER-STOKES ITERATION           8
FlowSolve: -------------------------------------
FlowSolve: 
FlowSolve: Starting Assembly...
FlowSolve: Assembly:
FlowSolve: Assembly done
FlowSolve: Dirichlet conditions done
BiCGStabl:        5 0.6015E-11 0.6015E-11
ComputeChange: NS (ITER=8) (NRM,RELC): (  1.6289382     0.51611655E-06 ) :: navier-stokes
FlowSolve: iter:    8 Assembly: (s)    0.00    0.03
FlowSolve: iter:    8 Solve:    (s)    0.00    0.02
FlowSolve:  Result Norm     :    1.6289382012478333
FlowSolve:  Relative Change :    5.1611654681356976E-007
FlowSolve: 
FlowSolve: 
FlowSolve: -------------------------------------
FlowSolve:  NAVIER-STOKES ITERATION           9
FlowSolve: -------------------------------------
FlowSolve: 
FlowSolve: Starting Assembly...
FlowSolve: Assembly:
FlowSolve: Assembly done
FlowSolve: Dirichlet conditions done
BiCGStabl:        5 0.7555E-11 0.7555E-11
ComputeChange: NS (ITER=9) (NRM,RELC): (  1.6289385     0.15484906E-06 ) :: navier-stokes
FlowSolve: iter:    9 Assembly: (s)    0.00    0.04
FlowSolve: iter:    9 Solve:    (s)    0.00    0.02
FlowSolve:  Result Norm     :    1.6289384534873956
FlowSolve:  Relative Change :    1.5484905604495440E-007
FlowSolve: 
FlowSolve: 
FlowSolve: -------------------------------------
FlowSolve:  NAVIER-STOKES ITERATION          10
FlowSolve: -------------------------------------
FlowSolve: 
FlowSolve: Starting Assembly...
FlowSolve: Assembly:
FlowSolve: Assembly done
FlowSolve: Dirichlet conditions done
BiCGStabl:        5 0.2262E-11 0.2262E-11
ComputeChange: NS (ITER=10) (NRM,RELC): (  1.6289385     0.46457862E-07 ) :: navier-stokes
FlowSolve: iter:   10 Assembly: (s)    0.00    0.04
FlowSolve: iter:   10 Solve:    (s)    0.00    0.02
FlowSolve:  Result Norm     :    1.6289385291643945
FlowSolve:  Relative Change :    4.6457861541514639E-008
ComputeChange: SS (ITER=16) (NRM,RELC): (  1.6253746     0.11801903E-02 ) :: navier-stokes
ResultOutputSolver: -------------------------------------
ResultOutputSolver: Saving in unstructured VTK XML (.vtu) format
ResultOutputSolver: -------------------------------------
MAIN: 
MAIN: -------------------------------------
MAIN:  Steady state iteration:           17
MAIN: -------------------------------------
MAIN: 
HeatSolver: ------------------------------------------------
HeatSolver: Solving energy equation for temperature
HeatSolver: Heat solver iteration: 1
IterSolver: "Linear System GCR Restart" not given, setting it to 200
   gcr:    10  0.6134E-10  0.1133E-09
ComputeChange: NS (ITER=1) (NRM,RELC): (  300.00015     0.61114148E-09 ) :: heat equation
HeatSolver: Heat solver iteration: 2
IterSolver: "Linear System GCR Restart" not given, setting it to 200
   gcr:    10  0.1852E-10  0.3400E-10
ComputeChange: NS (ITER=2) (NRM,RELC): (  300.00015     0.10812996E-09 ) :: heat equation
HeatSolver: Heat solver iteration: 3
IterSolver: "Linear System GCR Restart" not given, setting it to 200
   gcr:    10  0.6116E-11  0.1033E-10
ComputeChange: NS (ITER=3) (NRM,RELC): (  300.00015     0.57574775E-10 ) :: heat equation
ComputeChange: SS (ITER=17) (NRM,RELC): (  300.00015     0.26994016E-09 ) :: heat equation
FlowSolve: 
FlowSolve: 
FlowSolve: -------------------------------------
FlowSolve:  NAVIER-STOKES ITERATION           1
FlowSolve: -------------------------------------
FlowSolve: 
FlowSolve: Starting Assembly...
FlowSolve: Assembly:
FlowSolve: Assembly done
FlowSolve: Dirichlet conditions done
BiCGStabl:        8 0.7621E-11 0.7621E-11
ComputeChange: NS (ITER=1) (NRM,RELC): (  1.6275646     0.13464723E-02 ) :: navier-stokes
FlowSolve: iter:    1 Assembly: (s)    0.00    0.00
FlowSolve: iter:    1 Solve:    (s)    0.00    0.00
FlowSolve:  Result Norm     :    1.6275645749291898
FlowSolve:  Relative Change :    1.3464723390770362E-003
FlowSolve: 
FlowSolve: 
FlowSolve: -------------------------------------
FlowSolve:  NAVIER-STOKES ITERATION           2
FlowSolve: -------------------------------------
FlowSolve: 
FlowSolve: Starting Assembly...
FlowSolve: Assembly:
FlowSolve: Assembly done
FlowSolve: Dirichlet conditions done
BiCGStabl:        7 0.4508E-11 0.4508E-11
ComputeChange: NS (ITER=2) (NRM,RELC): (  1.6282225     0.40413735E-03 ) :: navier-stokes
FlowSolve: iter:    2 Assembly: (s)    0.00    0.01
FlowSolve: iter:    2 Solve:    (s)    0.00    0.00
FlowSolve:  Result Norm     :    1.6282224675022652
FlowSolve:  Relative Change :    4.0413734958785101E-004
FlowSolve: 
FlowSolve: 
FlowSolve: -------------------------------------
FlowSolve:  NAVIER-STOKES ITERATION           3
FlowSolve: -------------------------------------
FlowSolve: 
FlowSolve: Starting Assembly...
FlowSolve: Assembly:
FlowSolve: Assembly done
FlowSolve: Dirichlet conditions done
BiCGStabl:        7 0.1334E-11 0.1334E-11
ComputeChange: NS (ITER=3) (NRM,RELC): (  1.6284199     0.12126945E-03 ) :: navier-stokes
FlowSolve: iter:    3 Assembly: (s)    0.00    0.01
FlowSolve: iter:    3 Solve:    (s)    0.00    0.01
FlowSolve:  Result Norm     :    1.6284199331160607
FlowSolve:  Relative Change :    1.2126944840982858E-004
FlowSolve: 
FlowSolve: 
FlowSolve: -------------------------------------
FlowSolve:  NAVIER-STOKES ITERATION           4
FlowSolve: -------------------------------------
FlowSolve: 
FlowSolve: Starting Assembly...
FlowSolve: Assembly:
FlowSolve: Assembly done
FlowSolve: Dirichlet conditions done
BiCGStabl:        7 0.6118E-11 0.6118E-11
ComputeChange: NS (ITER=4) (NRM,RELC): (  1.6284792     0.36386618E-04 ) :: navier-stokes
FlowSolve: iter:    4 Assembly: (s)    0.00    0.02
FlowSolve: iter:    4 Solve:    (s)    0.00    0.01
FlowSolve:  Result Norm     :    1.6284791868875867
FlowSolve:  Relative Change :    3.6386617664706938E-005
FlowSolve: 
FlowSolve: 
FlowSolve: -------------------------------------
FlowSolve:  NAVIER-STOKES ITERATION           5
FlowSolve: -------------------------------------
FlowSolve: 
FlowSolve: Starting Assembly...
FlowSolve: Assembly:
FlowSolve: Assembly done
FlowSolve: Dirichlet conditions done
BiCGStabl:        7 0.7003E-11 0.7003E-11
ComputeChange: NS (ITER=5) (NRM,RELC): (  1.6284970     0.10917481E-04 ) :: navier-stokes
FlowSolve: iter:    5 Assembly: (s)    0.00    0.02
FlowSolve: iter:    5 Solve:    (s)    0.00    0.01
FlowSolve:  Result Norm     :    1.6284969658753812
FlowSolve:  Relative Change :    1.0917481099358579E-005
FlowSolve: 
FlowSolve: 
FlowSolve: -------------------------------------
FlowSolve:  NAVIER-STOKES ITERATION           6
FlowSolve: -------------------------------------
FlowSolve: 
FlowSolve: Starting Assembly...
FlowSolve: Assembly:
FlowSolve: Assembly done
FlowSolve: Dirichlet conditions done
BiCGStabl:        6 0.4863E-11 0.4863E-11
ComputeChange: NS (ITER=6) (NRM,RELC): (  1.6285023     0.32756743E-05 ) :: navier-stokes
FlowSolve: iter:    6 Assembly: (s)    0.00    0.02
FlowSolve: iter:    6 Solve:    (s)    0.00    0.01
FlowSolve:  Result Norm     :    1.6285023003097392
FlowSolve:  Relative Change :    3.2756742768724381E-006
FlowSolve: 
FlowSolve: 
FlowSolve: -------------------------------------
FlowSolve:  NAVIER-STOKES ITERATION           7
FlowSolve: -------------------------------------
FlowSolve: 
FlowSolve: Starting Assembly...
FlowSolve: Assembly:
FlowSolve: Assembly done
FlowSolve: Dirichlet conditions done
BiCGStabl:        6 0.9204E-11 0.9204E-11
ComputeChange: NS (ITER=7) (NRM,RELC): (  1.6285039     0.98283210E-06 ) :: navier-stokes
FlowSolve: iter:    7 Assembly: (s)    0.00    0.03
FlowSolve: iter:    7 Solve:    (s)    0.00    0.01
FlowSolve:  Result Norm     :    1.6285039008548627
FlowSolve:  Relative Change :    9.8283210082658040E-007
FlowSolve: 
FlowSolve: 
FlowSolve: -------------------------------------
FlowSolve:  NAVIER-STOKES ITERATION           8
FlowSolve: -------------------------------------
FlowSolve: 
FlowSolve: Starting Assembly...
FlowSolve: Assembly:
FlowSolve: Assembly done
FlowSolve: Dirichlet conditions done
BiCGStabl:        5 0.3347E-11 0.3347E-11
ComputeChange: NS (ITER=8) (NRM,RELC): (  1.6285044     0.29488751E-06 ) :: navier-stokes
FlowSolve: iter:    8 Assembly: (s)    0.00    0.03
FlowSolve: iter:    8 Solve:    (s)    0.00    0.02
FlowSolve:  Result Norm     :    1.6285043810803939
FlowSolve:  Relative Change :    2.9488750997793832E-007
FlowSolve: 
FlowSolve: 
FlowSolve: -------------------------------------
FlowSolve:  NAVIER-STOKES ITERATION           9
FlowSolve: -------------------------------------
FlowSolve: 
FlowSolve: Starting Assembly...
FlowSolve: Assembly:
FlowSolve: Assembly done
FlowSolve: Dirichlet conditions done
BiCGStabl:        5 0.5872E-11 0.5872E-11
ComputeChange: NS (ITER=9) (NRM,RELC): (  1.6285045     0.88478161E-07 ) :: navier-stokes
FlowSolve: iter:    9 Assembly: (s)    0.00    0.04
FlowSolve: iter:    9 Solve:    (s)    0.00    0.02
FlowSolve:  Result Norm     :    1.6285045251674737
FlowSolve:  Relative Change :    8.8478161387064128E-008
FlowSolve: 
FlowSolve: 
FlowSolve: -------------------------------------
FlowSolve:  NAVIER-STOKES ITERATION          10
FlowSolve: -------------------------------------
FlowSolve: 
FlowSolve: Starting Assembly...
FlowSolve: Assembly:
FlowSolve: Assembly done
FlowSolve: Dirichlet conditions done
BiCGStabl:        5 0.7455E-11 0.7455E-11
ComputeChange: NS (ITER=10) (NRM,RELC): (  1.6285046     0.26550439E-07 ) :: navier-stokes
FlowSolve: iter:   10 Assembly: (s)    0.00    0.04
FlowSolve: iter:   10 Solve:    (s)    0.00    0.02
FlowSolve:  Result Norm     :    1.6285045684049839
FlowSolve:  Relative Change :    2.6550438759383249E-008
ComputeChange: SS (ITER=17) (NRM,RELC): (  1.6264693     0.67332179E-03 ) :: navier-stokes
ResultOutputSolver: -------------------------------------
ResultOutputSolver: Saving in unstructured VTK XML (.vtu) format
ResultOutputSolver: -------------------------------------
MAIN: 
MAIN: -------------------------------------
MAIN:  Steady state iteration:           18
MAIN: -------------------------------------
MAIN: 
HeatSolver: ------------------------------------------------
HeatSolver: Solving energy equation for temperature
HeatSolver: Heat solver iteration: 1
IterSolver: "Linear System GCR Restart" not given, setting it to 200
   gcr:    10  0.4254E-10  0.7612E-10
ComputeChange: NS (ITER=1) (NRM,RELC): (  300.00015     0.38587472E-09 ) :: heat equation
HeatSolver: Heat solver iteration: 2
IterSolver: "Linear System GCR Restart" not given, setting it to 200
   gcr:    10  0.1309E-10  0.2291E-10
ComputeChange: NS (ITER=2) (NRM,RELC): (  300.00015     0.46527641E-10 ) :: heat equation
ComputeChange: SS (ITER=18) (NRM,RELC): (  300.00015     0.15050803E-09 ) :: heat equation
FlowSolve: 
FlowSolve: 
FlowSolve: -------------------------------------
FlowSolve:  NAVIER-STOKES ITERATION           1
FlowSolve: -------------------------------------
FlowSolve: 
FlowSolve: Starting Assembly...
FlowSolve: Assembly:
FlowSolve: Assembly done
FlowSolve: Dirichlet conditions done
BiCGStabl:        8 0.6144E-11 0.6144E-11
ComputeChange: NS (ITER=1) (NRM,RELC): (  1.6276905     0.75053796E-03 ) :: navier-stokes
FlowSolve: iter:    1 Assembly: (s)    0.00    0.00
FlowSolve: iter:    1 Solve:    (s)    0.00    0.00
FlowSolve:  Result Norm     :    1.6276905325924547
FlowSolve:  Relative Change :    7.5053796413383680E-004
FlowSolve: 
FlowSolve: 
FlowSolve: -------------------------------------
FlowSolve:  NAVIER-STOKES ITERATION           2
FlowSolve: -------------------------------------
FlowSolve: 
FlowSolve: Starting Assembly...
FlowSolve: Assembly:
FlowSolve: Assembly done
FlowSolve: Dirichlet conditions done
BiCGStabl:        8 0.6611E-11 0.6611E-11
ComputeChange: NS (ITER=2) (NRM,RELC): (  1.6280574     0.22536758E-03 ) :: navier-stokes
FlowSolve: iter:    2 Assembly: (s)    0.00    0.01
FlowSolve: iter:    2 Solve:    (s)    0.00    0.00
FlowSolve:  Result Norm     :    1.6280574026029551
FlowSolve:  Relative Change :    2.2536757623920782E-004
FlowSolve: 
FlowSolve: 
FlowSolve: -------------------------------------
FlowSolve:  NAVIER-STOKES ITERATION           3
FlowSolve: -------------------------------------
FlowSolve: 
FlowSolve: Starting Assembly...
FlowSolve: Assembly:
FlowSolve: Assembly done
FlowSolve: Dirichlet conditions done
BiCGStabl:        7 0.3655E-11 0.3655E-11
ComputeChange: NS (ITER=3) (NRM,RELC): (  1.6281675     0.67637160E-04 ) :: navier-stokes
FlowSolve: iter:    3 Assembly: (s)    0.00    0.01
FlowSolve: iter:    3 Solve:    (s)    0.00    0.01
FlowSolve:  Result Norm     :    1.6281675235065978
FlowSolve:  Relative Change :    6.7637160295481766E-005
FlowSolve: 
FlowSolve: 
FlowSolve: -------------------------------------
FlowSolve:  NAVIER-STOKES ITERATION           4
FlowSolve: -------------------------------------
FlowSolve: 
FlowSolve: Starting Assembly...
FlowSolve: Assembly:
FlowSolve: Assembly done
FlowSolve: Dirichlet conditions done
BiCGStabl:        7 0.5289E-11 0.5289E-11
ComputeChange: NS (ITER=4) (NRM,RELC): (  1.6282006     0.20296089E-04 ) :: navier-stokes
FlowSolve: iter:    4 Assembly: (s)    0.00    0.02
FlowSolve: iter:    4 Solve:    (s)    0.00    0.01
FlowSolve:  Result Norm     :    1.6282005692742598
FlowSolve:  Relative Change :    2.0296088599636224E-005
FlowSolve: 
FlowSolve: 
FlowSolve: -------------------------------------
FlowSolve:  NAVIER-STOKES ITERATION           5
FlowSolve: -------------------------------------
FlowSolve: 
FlowSolve: Starting Assembly...
FlowSolve: Assembly:
FlowSolve: Assembly done
FlowSolve: Dirichlet conditions done
BiCGStabl:        7 0.9709E-11 0.9709E-11
ComputeChange: NS (ITER=5) (NRM,RELC): (  1.6282105     0.60900280E-05 ) :: navier-stokes
FlowSolve: iter:    5 Assembly: (s)    0.00    0.02
FlowSolve: iter:    5 Solve:    (s)    0.00    0.01
FlowSolve:  Result Norm     :    1.6282104850914920
FlowSolve:  Relative Change :    6.0900279888830585E-006
FlowSolve: 
FlowSolve: 
FlowSolve: -------------------------------------
FlowSolve:  NAVIER-STOKES ITERATION           6
FlowSolve: -------------------------------------
FlowSolve: 
FlowSolve: Starting Assembly...
FlowSolve: Assembly:
FlowSolve: Assembly done
FlowSolve: Dirichlet conditions done
BiCGStabl:        6 0.5484E-11 0.5484E-11
ComputeChange: NS (ITER=6) (NRM,RELC): (  1.6282135     0.18273462E-05 ) :: navier-stokes
FlowSolve: iter:    6 Assembly: (s)    0.00    0.02
FlowSolve: iter:    6 Solve:    (s)    0.00    0.01
FlowSolve:  Result Norm     :    1.6282134603985190
FlowSolve:  Relative Change :    1.8273462404035118E-006
FlowSolve: 
FlowSolve: 
FlowSolve: -------------------------------------
FlowSolve:  NAVIER-STOKES ITERATION           7
FlowSolve: -------------------------------------
FlowSolve: 
FlowSolve: Starting Assembly...
FlowSolve: Assembly:
FlowSolve: Assembly done
FlowSolve: Dirichlet conditions done
BiCGStabl:        6 0.6883E-11 0.6883E-11
ComputeChange: NS (ITER=7) (NRM,RELC): (  1.6282144     0.54830265E-06 ) :: navier-stokes
FlowSolve: iter:    7 Assembly: (s)    0.00    0.03
FlowSolve: iter:    7 Solve:    (s)    0.00    0.01
FlowSolve:  Result Norm     :    1.6282143531525199
FlowSolve:  Relative Change :    5.4830265067281001E-007
FlowSolve: 
FlowSolve: 
FlowSolve: -------------------------------------
FlowSolve:  NAVIER-STOKES ITERATION           8
FlowSolve: -------------------------------------
FlowSolve: 
FlowSolve: Starting Assembly...
FlowSolve: Assembly:
FlowSolve: Assembly done
FlowSolve: Dirichlet conditions done
BiCGStabl:        5 0.3857E-11 0.3857E-11
ComputeChange: NS (ITER=8) (NRM,RELC): (  1.6282146     0.16452173E-06 ) :: navier-stokes
FlowSolve: iter:    8 Assembly: (s)    0.00    0.03
FlowSolve: iter:    8 Solve:    (s)    0.00    0.02
FlowSolve:  Result Norm     :    1.6282146210291777
FlowSolve:  Relative Change :    1.6452172601857592E-007
FlowSolve: 
FlowSolve: 
FlowSolve: -------------------------------------
FlowSolve:  NAVIER-STOKES ITERATION           9
FlowSolve: -------------------------------------
FlowSolve: 
FlowSolve: Starting Assembly...
FlowSolve: Assembly:
FlowSolve: Assembly done
FlowSolve: Dirichlet conditions done
BiCGStabl:        5 0.4588E-11 0.4588E-11
ComputeChange: NS (ITER=9) (NRM,RELC): (  1.6282147     0.49366006E-07 ) :: navier-stokes
FlowSolve: iter:    9 Assembly: (s)    0.00    0.04
FlowSolve: iter:    9 Solve:    (s)    0.00    0.02
FlowSolve:  Result Norm     :    1.6282147014076320
FlowSolve:  Relative Change :    4.9366005755463602E-008
FlowSolve: 
FlowSolve: 
FlowSolve: -------------------------------------
FlowSolve:  NAVIER-STOKES ITERATION          10
FlowSolve: -------------------------------------
FlowSolve: 
FlowSolve: Starting Assembly...
FlowSolve: Assembly:
FlowSolve: Assembly done
FlowSolve: Dirichlet conditions done
BiCGStabl:        5 0.5091E-11 0.5091E-11
ComputeChange: NS (ITER=10) (NRM,RELC): (  1.6282147     0.14814822E-07 ) :: navier-stokes
FlowSolve: iter:   10 Assembly: (s)    0.00    0.04
FlowSolve: iter:   10 Solve:    (s)    0.00    0.02
FlowSolve:  Result Norm     :    1.6282147255293435
FlowSolve:  Relative Change :    1.4814822220667713E-008
ComputeChange: SS (ITER=18) (NRM,RELC): (  1.6270798     0.37526972E-03 ) :: navier-stokes
ResultOutputSolver: -------------------------------------
ResultOutputSolver: Saving in unstructured VTK XML (.vtu) format
ResultOutputSolver: -------------------------------------
MAIN: 
MAIN: -------------------------------------
MAIN:  Steady state iteration:           19
MAIN: -------------------------------------
MAIN: 
HeatSolver: ------------------------------------------------
HeatSolver: Solving energy equation for temperature
HeatSolver: Heat solver iteration: 1
IterSolver: "Linear System GCR Restart" not given, setting it to 200
   gcr:    10  0.3021E-10  0.5290E-10
ComputeChange: NS (ITER=1) (NRM,RELC): (  300.00015     0.29942976E-09 ) :: heat equation
HeatSolver: Heat solver iteration: 2
IterSolver: "Linear System GCR Restart" not given, setting it to 200
   gcr:    10  0.9293E-11  0.1592E-10
ComputeChange: NS (ITER=2) (NRM,RELC): (  300.00015     0.21064834E-10 ) :: heat equation
ComputeChange: SS (ITER=19) (NRM,RELC): (  300.00015     0.11174899E-09 ) :: heat equation
FlowSolve: 
FlowSolve: 
FlowSolve: -------------------------------------
FlowSolve:  NAVIER-STOKES ITERATION           1
FlowSolve: -------------------------------------
FlowSolve: 
FlowSolve: Starting Assembly...
FlowSolve: Assembly:
FlowSolve: Assembly done
FlowSolve: Dirichlet conditions done
BiCGStabl:        8 0.6775E-11 0.6775E-11
ComputeChange: NS (ITER=1) (NRM,RELC): (  1.6277299     0.39946587E-03 ) :: navier-stokes
FlowSolve: iter:    1 Assembly: (s)    0.00    0.00
FlowSolve: iter:    1 Solve:    (s)    0.00    0.00
FlowSolve:  Result Norm     :    1.6277299192762267
FlowSolve:  Relative Change :    3.9946586793589286E-004
FlowSolve: 
FlowSolve: 
FlowSolve: -------------------------------------
FlowSolve:  NAVIER-STOKES ITERATION           2
FlowSolve: -------------------------------------
FlowSolve: 
FlowSolve: Starting Assembly...
FlowSolve: Assembly:
FlowSolve: Assembly done
FlowSolve: Dirichlet conditions done
BiCGStabl:        8 0.6339E-11 0.6339E-11
ComputeChange: NS (ITER=2) (NRM,RELC): (  1.6279252     0.11999027E-03 ) :: navier-stokes
FlowSolve: iter:    2 Assembly: (s)    0.00    0.01
FlowSolve: iter:    2 Solve:    (s)    0.00    0.00
FlowSolve:  Result Norm     :    1.6279252427505362
FlowSolve:  Relative Change :    1.1999027205811914E-004
FlowSolve: 
FlowSolve: 
FlowSolve: -------------------------------------
FlowSolve:  NAVIER-STOKES ITERATION           3
FlowSolve: -------------------------------------
FlowSolve: 
FlowSolve: Starting Assembly...
FlowSolve: Assembly:
FlowSolve: Assembly done
FlowSolve: Dirichlet conditions done
BiCGStabl:        7 0.4132E-11 0.4132E-11
ComputeChange: NS (ITER=3) (NRM,RELC): (  1.6279839     0.36017059E-04 ) :: navier-stokes
FlowSolve: iter:    3 Assembly: (s)    0.00    0.01
FlowSolve: iter:    3 Solve:    (s)    0.00    0.01
FlowSolve:  Result Norm     :    1.6279838768865356
FlowSolve:  Relative Change :    3.6017059349565678E-005
FlowSolve: 
FlowSolve: 
FlowSolve: -------------------------------------
FlowSolve:  NAVIER-STOKES ITERATION           4
FlowSolve: -------------------------------------
FlowSolve: 
FlowSolve: Starting Assembly...
FlowSolve: Assembly:
FlowSolve: Assembly done
FlowSolve: Dirichlet conditions done
BiCGStabl:        7 0.4225E-11 0.4225E-11
ComputeChange: NS (ITER=4) (NRM,RELC): (  1.6280015     0.10808854E-04 ) :: navier-stokes
FlowSolve: iter:    4 Assembly: (s)    0.00    0.02
FlowSolve: iter:    4 Solve:    (s)    0.00    0.01
FlowSolve:  Result Norm     :    1.6280014736223838
FlowSolve:  Relative Change :    1.0808854435093745E-005
FlowSolve: 
FlowSolve: 
FlowSolve: -------------------------------------
FlowSolve:  NAVIER-STOKES ITERATION           5
FlowSolve: -------------------------------------
FlowSolve: 
FlowSolve: Starting Assembly...
FlowSolve: Assembly:
FlowSolve: Assembly done
FlowSolve: Dirichlet conditions done
BiCGStabl:        7 0.1265E-11 0.1265E-11
ComputeChange: NS (ITER=5) (NRM,RELC): (  1.6280068     0.32435762E-05 ) :: navier-stokes
FlowSolve: iter:    5 Assembly: (s)    0.00    0.02
FlowSolve: iter:    5 Solve:    (s)    0.00    0.01
FlowSolve:  Result Norm     :    1.6280067541778125
FlowSolve:  Relative Change :    3.2435762192573116E-006
FlowSolve: 
FlowSolve: 
FlowSolve: -------------------------------------
FlowSolve:  NAVIER-STOKES ITERATION           6
FlowSolve: -------------------------------------
FlowSolve: 
FlowSolve: Starting Assembly...
FlowSolve: Assembly:
FlowSolve: Assembly done
FlowSolve: Dirichlet conditions done
BiCGStabl:        6 0.5675E-11 0.5675E-11
ComputeChange: NS (ITER=6) (NRM,RELC): (  1.6280083     0.97332935E-06 ) :: navier-stokes
FlowSolve: iter:    6 Assembly: (s)    0.00    0.02
FlowSolve: iter:    6 Solve:    (s)    0.00    0.01
FlowSolve:  Result Norm     :    1.6280083387653352
FlowSolve:  Relative Change :    9.7332934738902837E-007
FlowSolve: 
FlowSolve: 
FlowSolve: -------------------------------------
FlowSolve:  NAVIER-STOKES ITERATION           7
FlowSolve: -------------------------------------
FlowSolve: 
FlowSolve: Starting Assembly...
FlowSolve: Assembly:
FlowSolve: Assembly done
FlowSolve: Dirichlet conditions done
BiCGStabl:        6 0.6883E-11 0.6883E-11
ComputeChange: NS (ITER=7) (NRM,RELC): (  1.6280088     0.29207427E-06 ) :: navier-stokes
FlowSolve: iter:    7 Assembly: (s)    0.00    0.03
FlowSolve: iter:    7 Solve:    (s)    0.00    0.01
FlowSolve:  Result Norm     :    1.6280088142647569
FlowSolve:  Relative Change :    2.9207427311766435E-007
FlowSolve: 
FlowSolve: 
FlowSolve: -------------------------------------
FlowSolve:  NAVIER-STOKES ITERATION           8
FlowSolve: -------------------------------------
FlowSolve: 
FlowSolve: Starting Assembly...
FlowSolve: Assembly:
FlowSolve: Assembly done
FlowSolve: Dirichlet conditions done
BiCGStabl:        5 0.3913E-11 0.3913E-11
ComputeChange: NS (ITER=8) (NRM,RELC): (  1.6280090     0.87646113E-07 ) :: navier-stokes
FlowSolve: iter:    8 Assembly: (s)    0.00    0.03
FlowSolve: iter:    8 Solve:    (s)    0.00    0.02
FlowSolve:  Result Norm     :    1.6280089569534084
FlowSolve:  Relative Change :    8.7646113496235644E-008
FlowSolve: 
FlowSolve: 
FlowSolve: -------------------------------------
FlowSolve:  NAVIER-STOKES ITERATION           9
FlowSolve: -------------------------------------
FlowSolve: 
FlowSolve: Starting Assembly...
FlowSolve: Assembly:
FlowSolve: Assembly done
FlowSolve: Dirichlet conditions done
BiCGStabl:        5 0.3789E-11 0.3789E-11
ComputeChange: NS (ITER=9) (NRM,RELC): (  1.6280090     0.26301067E-07 ) :: navier-stokes
FlowSolve: iter:    9 Assembly: (s)    0.00    0.03
FlowSolve: iter:    9 Solve:    (s)    0.00    0.02
FlowSolve:  Result Norm     :    1.6280089997717817
FlowSolve:  Relative Change :    2.6301067046029944E-008
FlowSolve: 
FlowSolve: 
FlowSolve: -------------------------------------
FlowSolve:  NAVIER-STOKES ITERATION          10
FlowSolve: -------------------------------------
FlowSolve: 
FlowSolve: Starting Assembly...
FlowSolve: Assembly:
FlowSolve: Assembly done
FlowSolve: Dirichlet conditions done
BiCGStabl:        5 0.3593E-11 0.3593E-11
ComputeChange: NS (ITER=10) (NRM,RELC): (  1.6280090     0.78939310E-08 ) :: navier-stokes
FlowSolve: iter:   10 Assembly: (s)    0.00    0.04
FlowSolve: iter:   10 Solve:    (s)    0.00    0.02
FlowSolve:  Result Norm     :    1.6280090126231725
FlowSolve:  Relative Change :    7.8939310479693508E-009
ComputeChange: SS (ITER=19) (NRM,RELC): (  1.6274048     0.19972138E-03 ) :: navier-stokes
ResultOutputSolver: -------------------------------------
ResultOutputSolver: Saving in unstructured VTK XML (.vtu) format
ResultOutputSolver: -------------------------------------
MAIN: 
MAIN: -------------------------------------
MAIN:  Steady state iteration:           20
MAIN: -------------------------------------
MAIN: 
HeatSolver: ------------------------------------------------
HeatSolver: Solving energy equation for temperature
HeatSolver: Heat solver iteration: 1
IterSolver: "Linear System GCR Restart" not given, setting it to 200
   gcr:    10  0.2122E-10  0.3690E-10
ComputeChange: NS (ITER=1) (NRM,RELC): (  300.00015     0.23476851E-09 ) :: heat equation
HeatSolver: Heat solver iteration: 2
IterSolver: "Linear System GCR Restart" not given, setting it to 200
   gcr:    10  0.6529E-11  0.1111E-10
ComputeChange: NS (ITER=2) (NRM,RELC): (  300.00015     0.21709628E-10 ) :: heat equation
ComputeChange: SS (ITER=20) (NRM,RELC): (  300.00015     0.89555056E-10 ) :: heat equation
FlowSolve: 
FlowSolve: 
FlowSolve: -------------------------------------
FlowSolve:  NAVIER-STOKES ITERATION           1
FlowSolve: -------------------------------------
FlowSolve: 
FlowSolve: Starting Assembly...
FlowSolve: Assembly:
FlowSolve: Assembly done
FlowSolve: Dirichlet conditions done
BiCGStabl:        8 0.7866E-11 0.7866E-11
ComputeChange: NS (ITER=1) (NRM,RELC): (  1.6277288     0.19904847E-03 ) :: navier-stokes
FlowSolve: iter:    1 Assembly: (s)    0.00    0.00
FlowSolve: iter:    1 Solve:    (s)    0.00    0.00
FlowSolve:  Result Norm     :    1.6277287863390777
FlowSolve:  Relative Change :    1.9904846514930258E-004
FlowSolve: 
FlowSolve: 
FlowSolve: -------------------------------------
FlowSolve:  NAVIER-STOKES ITERATION           2
FlowSolve: -------------------------------------
FlowSolve: 
FlowSolve: Starting Assembly...
FlowSolve: Assembly:
FlowSolve: Assembly done
FlowSolve: Dirichlet conditions done
BiCGStabl:        7 0.7056E-11 0.7056E-11
ComputeChange: NS (ITER=2) (NRM,RELC): (  1.6278261     0.59811450E-04 ) :: navier-stokes
FlowSolve: iter:    2 Assembly: (s)    0.00    0.01
FlowSolve: iter:    2 Solve:    (s)    0.00    0.00
FlowSolve:  Result Norm     :    1.6278261460697521
FlowSolve:  Relative Change :    5.9811450088071848E-005
FlowSolve: 
FlowSolve: 
FlowSolve: -------------------------------------
FlowSolve:  NAVIER-STOKES ITERATION           3
FlowSolve: -------------------------------------
FlowSolve: 
FlowSolve: Starting Assembly...
FlowSolve: Assembly:
FlowSolve: Assembly done
FlowSolve: Dirichlet conditions done
BiCGStabl:        7 0.8677E-11 0.8677E-11
ComputeChange: NS (ITER=3) (NRM,RELC): (  1.6278554     0.17957064E-04 ) :: navier-stokes
FlowSolve: iter:    3 Assembly: (s)    0.00    0.01
FlowSolve: iter:    3 Solve:    (s)    0.00    0.01
FlowSolve:  Result Norm     :    1.6278553773111379
FlowSolve:  Relative Change :    1.7957064397084366E-005
FlowSolve: 
FlowSolve: 
FlowSolve: -------------------------------------
FlowSolve:  NAVIER-STOKES ITERATION           4
FlowSolve: -------------------------------------
FlowSolve: 
FlowSolve: Starting Assembly...
FlowSolve: Assembly:
FlowSolve: Assembly done
FlowSolve: Dirichlet conditions done
BiCGStabl:        7 0.2603E-11 0.2603E-11
ComputeChange: NS (ITER=4) (NRM,RELC): (  1.6278642     0.53898224E-05 ) :: navier-stokes
FlowSolve: iter:    4 Assembly: (s)    0.00    0.02
FlowSolve: iter:    4 Solve:    (s)    0.00    0.01
FlowSolve:  Result Norm     :    1.6278641511861500
FlowSolve:  Relative Change :    5.3898223942711329E-006
FlowSolve: 
FlowSolve: 
FlowSolve: -------------------------------------
FlowSolve:  NAVIER-STOKES ITERATION           5
FlowSolve: -------------------------------------
FlowSolve: 
FlowSolve: Starting Assembly...
FlowSolve: Assembly:
FlowSolve: Assembly done
FlowSolve: Dirichlet conditions done
BiCGStabl:        7 0.7808E-12 0.7808E-12
ComputeChange: NS (ITER=5) (NRM,RELC): (  1.6278668     0.16176334E-05 ) :: navier-stokes
FlowSolve: iter:    5 Assembly: (s)    0.00    0.02
FlowSolve: iter:    5 Solve:    (s)    0.00    0.01
FlowSolve:  Result Norm     :    1.6278667844757082
FlowSolve:  Relative Change :    1.6176334041249933E-006
FlowSolve: 
FlowSolve: 
FlowSolve: -------------------------------------
FlowSolve:  NAVIER-STOKES ITERATION           6
FlowSolve: -------------------------------------
FlowSolve: 
FlowSolve: Starting Assembly...
FlowSolve: Assembly:
FlowSolve: Assembly done
FlowSolve: Dirichlet conditions done
BiCGStabl:        6 0.4901E-11 0.4901E-11
ComputeChange: NS (ITER=6) (NRM,RELC): (  1.6278676     0.48548370E-06 ) :: navier-stokes
FlowSolve: iter:    6 Assembly: (s)    0.00    0.02
FlowSolve: iter:    6 Solve:    (s)    0.00    0.01
FlowSolve:  Result Norm     :    1.6278675747786862
FlowSolve:  Relative Change :    4.8548369783448034E-007
FlowSolve: 
FlowSolve: 
FlowSolve: -------------------------------------
FlowSolve:  NAVIER-STOKES ITERATION           7
FlowSolve: -------------------------------------
FlowSolve: 
FlowSolve: Starting Assembly...
FlowSolve: Assembly:
FlowSolve: Assembly done
FlowSolve: Dirichlet conditions done
BiCGStabl:        6 0.8699E-11 0.8699E-11
ComputeChange: NS (ITER=7) (NRM,RELC): (  1.6278678     0.14570225E-06 ) :: navier-stokes
FlowSolve: iter:    7 Assembly: (s)    0.00    0.03
FlowSolve: iter:    7 Solve:    (s)    0.00    0.01
FlowSolve:  Result Norm     :    1.6278678119626759
FlowSolve:  Relative Change :    1.4570225255271296E-007
FlowSolve: 
FlowSolve: 
FlowSolve: -------------------------------------
FlowSolve:  NAVIER-STOKES ITERATION           8
FlowSolve: -------------------------------------
FlowSolve: 
FlowSolve: Starting Assembly...
FlowSolve: Assembly:
FlowSolve: Assembly done
FlowSolve: Dirichlet conditions done
BiCGStabl:        5 0.3381E-11 0.3381E-11
ComputeChange: NS (ITER=8) (NRM,RELC): (  1.6278679     0.43728933E-07 ) :: navier-stokes
FlowSolve: iter:    8 Assembly: (s)    0.00    0.03
FlowSolve: iter:    8 Solve:    (s)    0.00    0.02
FlowSolve:  Result Norm     :    1.6278678831475994
FlowSolve:  Relative Change :    4.3728932676099044E-008
FlowSolve: 
FlowSolve: 
FlowSolve: -------------------------------------
FlowSolve:  NAVIER-STOKES ITERATION           9
FlowSolve: -------------------------------------
FlowSolve: 
FlowSolve: Starting Assembly...
FlowSolve: Assembly:
FlowSolve: Assembly done
FlowSolve: Dirichlet conditions done
BiCGStabl:        5 0.3036E-11 0.3036E-11
ComputeChange: NS (ITER=9) (NRM,RELC): (  1.6278679     0.13124015E-07 ) :: navier-stokes
FlowSolve: iter:    9 Assembly: (s)    0.00    0.03
FlowSolve: iter:    9 Solve:    (s)    0.00    0.02
FlowSolve:  Result Norm     :    1.6278679045117614
FlowSolve:  Relative Change :    1.3124014593586841E-008
FlowSolve: 
FlowSolve: 
FlowSolve: -------------------------------------
FlowSolve:  NAVIER-STOKES ITERATION          10
FlowSolve: -------------------------------------
FlowSolve: 
FlowSolve: Starting Assembly...
FlowSolve: Assembly:
FlowSolve: Assembly done
FlowSolve: Dirichlet conditions done
BiCGStabl:        4 0.4443E-11 0.4443E-11
ComputeChange: NS (ITER=10) (NRM,RELC): (  1.6278679     0.39362494E-08 ) :: navier-stokes
FlowSolve: iter:   10 Assembly: (s)    0.00    0.04
FlowSolve: iter:   10 Solve:    (s)    0.00    0.02
FlowSolve:  Result Norm     :    1.6278679109194556
FlowSolve:  Relative Change :    3.9362494479336199E-009
ComputeChange: SS (ITER=20) (NRM,RELC): (  1.6275668     0.99517289E-04 ) :: navier-stokes
ResultOutputSolver: -------------------------------------
ResultOutputSolver: Saving in unstructured VTK XML (.vtu) format
ResultOutputSolver: -------------------------------------
MAIN: 
MAIN: -------------------------------------
MAIN:  Steady state iteration:           21
MAIN: -------------------------------------
MAIN: 
HeatSolver: ------------------------------------------------
HeatSolver: Solving energy equation for temperature
HeatSolver: Heat solver iteration: 1
IterSolver: "Linear System GCR Restart" not given, setting it to 200
   gcr:    10  0.1475E-10  0.2589E-10
ComputeChange: NS (ITER=1) (NRM,RELC): (  300.00015     0.12401428E-09 ) :: heat equation
HeatSolver: Heat solver iteration: 2
IterSolver: "Linear System GCR Restart" not given, setting it to 200
ComputeChange: NS (ITER=2) (NRM,RELC): (  300.00015     0.45309677E-10 ) :: heat equation
ComputeChange: SS (ITER=21) (NRM,RELC): (  300.00015     0.59159379E-10 ) :: heat equation
FlowSolve: 
FlowSolve: 
FlowSolve: -------------------------------------
FlowSolve:  NAVIER-STOKES ITERATION           1
FlowSolve: -------------------------------------
FlowSolve: 
FlowSolve: Starting Assembly...
FlowSolve: Assembly:
FlowSolve: Assembly done
FlowSolve: Dirichlet conditions done
BiCGStabl:        8 0.6466E-11 0.6466E-11
ComputeChange: NS (ITER=1) (NRM,RELC): (  1.6277119     0.89133853E-04 ) :: navier-stokes
FlowSolve: iter:    1 Assembly: (s)    0.00    0.00
FlowSolve: iter:    1 Solve:    (s)    0.00    0.00
FlowSolve:  Result Norm     :    1.6277118624029563
FlowSolve:  Relative Change :    8.9133852514231723E-005
FlowSolve: 
FlowSolve: 
FlowSolve: -------------------------------------
FlowSolve:  NAVIER-STOKES ITERATION           2
FlowSolve: -------------------------------------
FlowSolve: 
FlowSolve: Starting Assembly...
FlowSolve: Assembly:
FlowSolve: Assembly done
FlowSolve: Dirichlet conditions done
BiCGStabl:        8 0.1916E-11 0.1916E-11
ComputeChange: NS (ITER=2) (NRM,RELC): (  1.6277555     0.26799338E-04 ) :: navier-stokes
FlowSolve: iter:    2 Assembly: (s)    0.00    0.01
FlowSolve: iter:    2 Solve:    (s)    0.00    0.00
FlowSolve:  Result Norm     :    1.6277554845871327
FlowSolve:  Relative Change :    2.6799337561624810E-005
FlowSolve: 
FlowSolve: 
FlowSolve: -------------------------------------
FlowSolve:  NAVIER-STOKES ITERATION           3
FlowSolve: -------------------------------------
FlowSolve: 
FlowSolve: Starting Assembly...
FlowSolve: Assembly:
FlowSolve: Assembly done
FlowSolve: Dirichlet conditions done
BiCGStabl:        7 0.3192E-11 0.3192E-11
ComputeChange: NS (ITER=3) (NRM,RELC): (  1.6277686     0.80488326E-05 ) :: navier-stokes
FlowSolve: iter:    3 Assembly: (s)    0.00    0.01
FlowSolve: iter:    3 Solve:    (s)    0.00    0.01
FlowSolve:  Result Norm     :    1.6277685861712969
FlowSolve:  Relative Change :    8.0488326177112933E-006
FlowSolve: 
FlowSolve: 
FlowSolve: -------------------------------------
FlowSolve:  NAVIER-STOKES ITERATION           4
FlowSolve: -------------------------------------
FlowSolve: 
FlowSolve: Starting Assembly...
FlowSolve: Assembly:
FlowSolve: Assembly done
FlowSolve: Dirichlet conditions done
BiCGStabl:        7 0.3595E-11 0.3595E-11
ComputeChange: NS (ITER=4) (NRM,RELC): (  1.6277725     0.24165751E-05 ) :: navier-stokes
FlowSolve: iter:    4 Assembly: (s)    0.00    0.02
FlowSolve: iter:    4 Solve:    (s)    0.00    0.01
FlowSolve:  Result Norm     :    1.6277725198011501
FlowSolve:  Relative Change :    2.4165751407436986E-006
FlowSolve: 
FlowSolve: 
FlowSolve: -------------------------------------
FlowSolve:  NAVIER-STOKES ITERATION           5
FlowSolve: -------------------------------------
FlowSolve: 
FlowSolve: Starting Assembly...
FlowSolve: Assembly:
FlowSolve: Assembly done
FlowSolve: Dirichlet conditions done
BiCGStabl:        7 0.1063E-11 0.1063E-11
ComputeChange: NS (ITER=5) (NRM,RELC): (  1.6277737     0.72547930E-06 ) :: navier-stokes
FlowSolve: iter:    5 Assembly: (s)    0.00    0.02
FlowSolve: iter:    5 Solve:    (s)    0.00    0.01
FlowSolve:  Result Norm     :    1.6277737007168520
FlowSolve:  Relative Change :    7.2547930325794321E-007
FlowSolve: 
FlowSolve: 
FlowSolve: -------------------------------------
FlowSolve:  NAVIER-STOKES ITERATION           6
FlowSolve: -------------------------------------
FlowSolve: 
FlowSolve: Starting Assembly...
FlowSolve: Assembly:
FlowSolve: Assembly done
FlowSolve: Dirichlet conditions done
BiCGStabl:        6 0.4694E-11 0.4694E-11
ComputeChange: NS (ITER=6) (NRM,RELC): (  1.6277741     0.21778827E-06 ) :: navier-stokes
FlowSolve: iter:    6 Assembly: (s)    0.00    0.02
FlowSolve: iter:    6 Solve:    (s)    0.00    0.01
FlowSolve:  Result Norm     :    1.6277740552269153
FlowSolve:  Relative Change :    2.1778827397501515E-007
FlowSolve: 
FlowSolve: 
FlowSolve: -------------------------------------
FlowSolve:  NAVIER-STOKES ITERATION           7
FlowSolve: -------------------------------------
FlowSolve: 
FlowSolve: Starting Assembly...
FlowSolve: Assembly:
FlowSolve: Assembly done
FlowSolve: Dirichlet conditions done
BiCGStabl:        6 0.7199E-11 0.7199E-11
ComputeChange: NS (ITER=7) (NRM,RELC): (  1.6277742     0.65379598E-07 ) :: navier-stokes
FlowSolve: iter:    7 Assembly: (s)    0.00    0.03
FlowSolve: iter:    7 Solve:    (s)    0.00    0.01
FlowSolve:  Result Norm     :    1.6277741616501316
FlowSolve:  Relative Change :    6.5379597628344831E-008
FlowSolve: 
FlowSolve: 
FlowSolve: -------------------------------------
FlowSolve:  NAVIER-STOKES ITERATION           8
FlowSolve: -------------------------------------
FlowSolve: 
FlowSolve: Starting Assembly...
FlowSolve: Assembly:
FlowSolve: Assembly done
FlowSolve: Dirichlet conditions done
BiCGStabl:        5 0.8773E-11 0.8773E-11
ComputeChange: NS (ITER=8) (NRM,RELC): (  1.6277742     0.19626665E-07 ) :: navier-stokes
FlowSolve: iter:    8 Assembly: (s)    0.00    0.03
FlowSolve: iter:    8 Solve:    (s)    0.00    0.02
FlowSolve:  Result Norm     :    1.6277741935979098
FlowSolve:  Relative Change :    1.9626664828493143E-008
FlowSolve: 
FlowSolve: 
FlowSolve: -------------------------------------
FlowSolve:  NAVIER-STOKES ITERATION           9
FlowSolve: -------------------------------------
FlowSolve: 
FlowSolve: Starting Assembly...
FlowSolve: Assembly:
FlowSolve: Assembly done
FlowSolve: Dirichlet conditions done
BiCGStabl:        5 0.5857E-11 0.5857E-11
ComputeChange: NS (ITER=9) (NRM,RELC): (  1.6277742     0.58939213E-08 ) :: navier-stokes
FlowSolve: iter:    9 Assembly: (s)    0.00    0.03
FlowSolve: iter:    9 Solve:    (s)    0.00    0.02
FlowSolve:  Result Norm     :    1.6277742031918827
FlowSolve:  Relative Change :    5.8939212569397015E-009
FlowSolve: 
FlowSolve: 
FlowSolve: -------------------------------------
FlowSolve:  NAVIER-STOKES ITERATION          10
FlowSolve: -------------------------------------
FlowSolve: 
FlowSolve: Starting Assembly...
FlowSolve: Assembly:
FlowSolve: Assembly done
FlowSolve: Dirichlet conditions done
BiCGStabl:        5 0.1754E-11 0.1754E-11
ComputeChange: NS (ITER=10) (NRM,RELC): (  1.6277742     0.17689236E-08 ) :: navier-stokes
FlowSolve: iter:   10 Assembly: (s)    0.00    0.04
FlowSolve: iter:   10 Solve:    (s)    0.00    0.02
FlowSolve:  Result Norm     :    1.6277742060712910
FlowSolve:  Relative Change :    1.7689236376781342E-009
ComputeChange: SS (ITER=21) (NRM,RELC): (  1.6276393     0.44565475E-04 ) :: navier-stokes
ResultOutputSolver: -------------------------------------
ResultOutputSolver: Saving in unstructured VTK XML (.vtu) format
ResultOutputSolver: -------------------------------------
MAIN: 
MAIN: -------------------------------------
MAIN:  Steady state iteration:           22
MAIN: -------------------------------------
MAIN: 
HeatSolver: ------------------------------------------------
HeatSolver: Solving energy equation for temperature
HeatSolver: Heat solver iteration: 1
IterSolver: "Linear System GCR Restart" not given, setting it to 200
   gcr:    10  0.1021E-10  0.1831E-10
ComputeChange: NS (ITER=1) (NRM,RELC): (  300.00015     0.61346902E-10 ) :: heat equation
ComputeChange: SS (ITER=22) (NRM,RELC): (  300.00015     0.21441327E-10 ) :: heat equation
FlowSolve: 
FlowSolve: 
FlowSolve: -------------------------------------
FlowSolve:  NAVIER-STOKES ITERATION           1
FlowSolve: -------------------------------------
FlowSolve: 
FlowSolve: Starting Assembly...
FlowSolve: Assembly:
FlowSolve: Assembly done
FlowSolve: Dirichlet conditions done
BiCGStabl:        8 0.5103E-11 0.5103E-11
ComputeChange: NS (ITER=1) (NRM,RELC): (  1.6277012     0.38041181E-04 ) :: navier-stokes
FlowSolve: iter:    1 Assembly: (s)    0.00    0.00
FlowSolve: iter:    1 Solve:    (s)    0.00    0.00
FlowSolve:  Result Norm     :    1.6277012380421809
FlowSolve:  Relative Change :    3.8041180533361356E-005
FlowSolve: 
FlowSolve: 
FlowSolve: -------------------------------------
FlowSolve:  NAVIER-STOKES ITERATION           2
FlowSolve: -------------------------------------
FlowSolve: 
FlowSolve: Starting Assembly...
FlowSolve: Assembly:
FlowSolve: Assembly done
FlowSolve: Dirichlet conditions done
BiCGStabl:        8 0.9518E-11 0.9518E-11
ComputeChange: NS (ITER=2) (NRM,RELC): (  1.6277199     0.11446350E-04 ) :: navier-stokes
FlowSolve: iter:    2 Assembly: (s)    0.00    0.01
FlowSolve: iter:    2 Solve:    (s)    0.00    0.00
FlowSolve:  Result Norm     :    1.6277198693876749
FlowSolve:  Relative Change :    1.1446350489917009E-005
FlowSolve: 
FlowSolve: 
FlowSolve: -------------------------------------
FlowSolve:  NAVIER-STOKES ITERATION           3
FlowSolve: -------------------------------------
FlowSolve: 
FlowSolve: Starting Assembly...
FlowSolve: Assembly:
FlowSolve: Assembly done
FlowSolve: Dirichlet conditions done
BiCGStabl:        7 0.9800E-11 0.9800E-11
ComputeChange: NS (ITER=3) (NRM,RELC): (  1.6277255     0.34396565E-05 ) :: navier-stokes
FlowSolve: iter:    3 Assembly: (s)    0.00    0.01
FlowSolve: iter:    3 Solve:    (s)    0.00    0.01
FlowSolve:  Result Norm     :    1.6277254681944935
FlowSolve:  Relative Change :    3.4396564758576019E-006
FlowSolve: 
FlowSolve: 
FlowSolve: -------------------------------------
FlowSolve:  NAVIER-STOKES ITERATION           4
FlowSolve: -------------------------------------
FlowSolve: 
FlowSolve: Starting Assembly...
FlowSolve: Assembly:
FlowSolve: Assembly done
FlowSolve: Dirichlet conditions done
BiCGStabl:        7 0.9604E-11 0.9604E-11
ComputeChange: NS (ITER=4) (NRM,RELC): (  1.6277271     0.10332210E-05 ) :: navier-stokes
FlowSolve: iter:    4 Assembly: (s)    0.00    0.02
FlowSolve: iter:    4 Solve:    (s)    0.00    0.01
FlowSolve:  Result Norm     :    1.6277271499954955
FlowSolve:  Relative Change :    1.0332209982851241E-006
FlowSolve: 
FlowSolve: 
FlowSolve: -------------------------------------
FlowSolve:  NAVIER-STOKES ITERATION           5
FlowSolve: -------------------------------------
FlowSolve: 
FlowSolve: Starting Assembly...
FlowSolve: Assembly:
FlowSolve: Assembly done
FlowSolve: Dirichlet conditions done
BiCGStabl:        7 0.8347E-11 0.8347E-11
ComputeChange: NS (ITER=5) (NRM,RELC): (  1.6277277     0.31032323E-06 ) :: navier-stokes
FlowSolve: iter:    5 Assembly: (s)    0.00    0.02
FlowSolve: iter:    5 Solve:    (s)    0.00    0.01
FlowSolve:  Result Norm     :    1.6277276551171147
FlowSolve:  Relative Change :    3.1032322636174135E-007
FlowSolve: 
FlowSolve: 
FlowSolve: -------------------------------------
FlowSolve:  NAVIER-STOKES ITERATION           6
FlowSolve: -------------------------------------
FlowSolve: 
FlowSolve: Starting Assembly...
FlowSolve: Assembly:
FlowSolve: Assembly done
FlowSolve: Dirichlet conditions done
BiCGStabl:        6 0.3458E-11 0.3458E-11
ComputeChange: NS (ITER=6) (NRM,RELC): (  1.6277278     0.93203221E-07 ) :: navier-stokes
FlowSolve: iter:    6 Assembly: (s)    0.00    0.02
FlowSolve: iter:    6 Solve:    (s)    0.00    0.01
FlowSolve:  Result Norm     :    1.6277278068265815
FlowSolve:  Relative Change :    9.3203220587956321E-008
FlowSolve: 
FlowSolve: 
FlowSolve: -------------------------------------
FlowSolve:  NAVIER-STOKES ITERATION           7
FlowSolve: -------------------------------------
FlowSolve: 
FlowSolve: Starting Assembly...
FlowSolve: Assembly:
FlowSolve: Assembly done
FlowSolve: Dirichlet conditions done
BiCGStabl:        5 0.8168E-11 0.8168E-11
ComputeChange: NS (ITER=7) (NRM,RELC): (  1.6277279     0.27991930E-07 ) :: navier-stokes
FlowSolve: iter:    7 Assembly: (s)    0.00    0.03
FlowSolve: iter:    7 Solve:    (s)    0.00    0.01
FlowSolve:  Result Norm     :    1.6277278523898251
FlowSolve:  Relative Change :    2.7991930096476210E-008
FlowSolve: 
FlowSolve: 
FlowSolve: -------------------------------------
FlowSolve:  NAVIER-STOKES ITERATION           8
FlowSolve: -------------------------------------
FlowSolve: 
FlowSolve: Starting Assembly...
FlowSolve: Assembly:
FlowSolve: Assembly done
FlowSolve: Dirichlet conditions done
BiCGStabl:        5 0.7038E-11 0.7038E-11
ComputeChange: NS (ITER=8) (NRM,RELC): (  1.6277279     0.84070759E-08 ) :: navier-stokes
FlowSolve: iter:    8 Assembly: (s)    0.00    0.03
FlowSolve: iter:    8 Solve:    (s)    0.00    0.02
FlowSolve:  Result Norm     :    1.6277278660742567
FlowSolve:  Relative Change :    8.4070758574757298E-009
FlowSolve: 
FlowSolve: 
FlowSolve: -------------------------------------
FlowSolve:  NAVIER-STOKES ITERATION           9
FlowSolve: -------------------------------------
FlowSolve: 
FlowSolve: Starting Assembly...
FlowSolve: Assembly:
FlowSolve: Assembly done
FlowSolve: Dirichlet conditions done
BiCGStabl:        5 0.4358E-11 0.4358E-11
ComputeChange: NS (ITER=9) (NRM,RELC): (  1.6277279     0.25261820E-08 ) :: navier-stokes
FlowSolve: iter:    9 Assembly: (s)    0.00    0.03
FlowSolve: iter:    9 Solve:    (s)    0.00    0.02
FlowSolve:  Result Norm     :    1.6277278701861935
FlowSolve:  Relative Change :    2.5261819690940523E-009
FlowSolve: 
FlowSolve: 
FlowSolve: -------------------------------------
FlowSolve:  NAVIER-STOKES ITERATION          10
FlowSolve: -------------------------------------
FlowSolve: 
FlowSolve: Starting Assembly...
FlowSolve: Assembly:
FlowSolve: Assembly done
FlowSolve: Dirichlet conditions done
BiCGStabl:        4 0.5064E-11 0.5064E-11
ComputeChange: NS (ITER=10) (NRM,RELC): (  1.6277279     0.75565886E-09 ) :: navier-stokes
FlowSolve: iter:   10 Assembly: (s)    0.00    0.04
FlowSolve: iter:   10 Solve:    (s)    0.00    0.02
FlowSolve:  Result Norm     :    1.6277278714162005
FlowSolve:  Relative Change :    7.5565885871818205E-010
ComputeChange: SS (ITER=22) (NRM,RELC): (  1.6276703     0.19022464E-04 ) :: navier-stokes
ResultOutputSolver: -------------------------------------
ResultOutputSolver: Saving in unstructured VTK XML (.vtu) format
ResultOutputSolver: -------------------------------------
MAIN: 
MAIN: -------------------------------------
MAIN:  Steady state iteration:           23
MAIN: -------------------------------------
MAIN: 
HeatSolver: ------------------------------------------------
HeatSolver: Solving energy equation for temperature
HeatSolver: Heat solver iteration: 1
IterSolver: "Linear System GCR Restart" not given, setting it to 200
   gcr:    10  0.7849E-11  0.1440E-10
ComputeChange: NS (ITER=1) (NRM,RELC): (  300.00015     0.55220890E-10 ) :: heat equation
ComputeChange: SS (ITER=23) (NRM,RELC): (  300.00015     0.19309889E-10 ) :: heat equation
FlowSolve: 
FlowSolve: 
FlowSolve: -------------------------------------
FlowSolve:  NAVIER-STOKES ITERATION           1
FlowSolve: -------------------------------------
FlowSolve: 
FlowSolve: Starting Assembly...
FlowSolve: Assembly:
FlowSolve: Assembly done
FlowSolve: Dirichlet conditions done
BiCGStabl:        8 0.6585E-11 0.6585E-11
ComputeChange: NS (ITER=1) (NRM,RELC): (  1.6276879     0.10820289E-04 ) :: navier-stokes
FlowSolve: iter:    1 Assembly: (s)    0.00    0.00
FlowSolve: iter:    1 Solve:    (s)    0.00    0.00
FlowSolve:  Result Norm     :    1.6276878935057584
FlowSolve:  Relative Change :    1.0820289021574946E-005
FlowSolve: 
FlowSolve: 
FlowSolve: -------------------------------------
FlowSolve:  NAVIER-STOKES ITERATION           2
FlowSolve: -------------------------------------
FlowSolve: 
FlowSolve: Starting Assembly...
FlowSolve: Assembly:
FlowSolve: Assembly done
FlowSolve: Dirichlet conditions done
BiCGStabl:        8 0.1978E-11 0.1978E-11
ComputeChange: NS (ITER=2) (NRM,RELC): (  1.6276932     0.32662291E-05 ) :: navier-stokes
FlowSolve: iter:    2 Assembly: (s)    0.00    0.01
FlowSolve: iter:    2 Solve:    (s)    0.00    0.00
FlowSolve:  Result Norm     :    1.6276932099160195
FlowSolve:  Relative Change :    3.2662291094260353E-006
FlowSolve: 
FlowSolve: 
FlowSolve: -------------------------------------
FlowSolve:  NAVIER-STOKES ITERATION           3
FlowSolve: -------------------------------------
FlowSolve: 
FlowSolve: Starting Assembly...
FlowSolve: Assembly:
FlowSolve: Assembly done
FlowSolve: Dirichlet conditions done
BiCGStabl:        8 0.5939E-12 0.5939E-12
ComputeChange: NS (ITER=3) (NRM,RELC): (  1.6276948     0.98364694E-06 ) :: navier-stokes
FlowSolve: iter:    3 Assembly: (s)    0.00    0.01
FlowSolve: iter:    3 Solve:    (s)    0.00    0.01
FlowSolve:  Result Norm     :    1.6276948109922562
FlowSolve:  Relative Change :    9.8364694249544378E-007
FlowSolve: 
FlowSolve: 
FlowSolve: -------------------------------------
FlowSolve:  NAVIER-STOKES ITERATION           4
FlowSolve: -------------------------------------
FlowSolve: 
FlowSolve: Starting Assembly...
FlowSolve: Assembly:
FlowSolve: Assembly done
FlowSolve: Dirichlet conditions done
BiCGStabl:        8 0.1781E-12 0.1781E-12
ComputeChange: NS (ITER=4) (NRM,RELC): (  1.6276953     0.29602392E-06 ) :: navier-stokes
FlowSolve: iter:    4 Assembly: (s)    0.00    0.02
FlowSolve: iter:    4 Solve:    (s)    0.00    0.01
FlowSolve:  Result Norm     :    1.6276952928289243
FlowSolve:  Relative Change :    2.9602391894889289E-007
FlowSolve: 
FlowSolve: 
FlowSolve: -------------------------------------
FlowSolve:  NAVIER-STOKES ITERATION           5
FlowSolve: -------------------------------------
FlowSolve: 
FlowSolve: Starting Assembly...
FlowSolve: Assembly:
FlowSolve: Assembly done
FlowSolve: Dirichlet conditions done
BiCGStabl:        6 0.5775E-11 0.5775E-11
ComputeChange: NS (ITER=5) (NRM,RELC): (  1.6276954     0.89066433E-07 ) :: navier-stokes
FlowSolve: iter:    5 Assembly: (s)    0.00    0.02
FlowSolve: iter:    5 Solve:    (s)    0.00    0.01
FlowSolve:  Result Norm     :    1.6276954378019446
FlowSolve:  Relative Change :    8.9066433034343924E-008
FlowSolve: 
FlowSolve: 
FlowSolve: -------------------------------------
FlowSolve:  NAVIER-STOKES ITERATION           6
FlowSolve: -------------------------------------
FlowSolve: 
FlowSolve: Starting Assembly...
FlowSolve: Assembly:
FlowSolve: Assembly done
FlowSolve: Dirichlet conditions done
BiCGStabl:        6 0.5017E-11 0.5017E-11
ComputeChange: NS (ITER=6) (NRM,RELC): (  1.6276955     0.26796645E-07 ) :: navier-stokes
FlowSolve: iter:    6 Assembly: (s)    0.00    0.02
FlowSolve: iter:    6 Solve:    (s)    0.00    0.01
FlowSolve:  Result Norm     :    1.6276954814187214
FlowSolve:  Relative Change :    2.6796644666796562E-008
FlowSolve: 
FlowSolve: 
FlowSolve: -------------------------------------
FlowSolve:  NAVIER-STOKES ITERATION           7
FlowSolve: -------------------------------------
FlowSolve: 
FlowSolve: Starting Assembly...
FlowSolve: Assembly:
FlowSolve: Assembly done
FlowSolve: Dirichlet conditions done
BiCGStabl:        5 0.5253E-11 0.5253E-11
ComputeChange: NS (ITER=7) (NRM,RELC): (  1.6276955     0.80625060E-08 ) :: navier-stokes
FlowSolve: iter:    7 Assembly: (s)    0.00    0.03
FlowSolve: iter:    7 Solve:    (s)    0.00    0.01
FlowSolve:  Result Norm     :    1.6276954945420261
FlowSolve:  Relative Change :    8.0625060166929569E-009
FlowSolve: 
FlowSolve: 
FlowSolve: -------------------------------------
FlowSolve:  NAVIER-STOKES ITERATION           8
FlowSolve: -------------------------------------
FlowSolve: 
FlowSolve: Starting Assembly...
FlowSolve: Assembly:
FlowSolve: Assembly done
FlowSolve: Dirichlet conditions done
BiCGStabl:        5 0.6661E-11 0.6661E-11
ComputeChange: NS (ITER=8) (NRM,RELC): (  1.6276955     0.24267504E-08 ) :: navier-stokes
FlowSolve: iter:    8 Assembly: (s)    0.00    0.03
FlowSolve: iter:    8 Solve:    (s)    0.00    0.02
FlowSolve:  Result Norm     :    1.6276954984920369
FlowSolve:  Relative Change :    2.4267504403453789E-009
FlowSolve: 
FlowSolve: 
FlowSolve: -------------------------------------
FlowSolve:  NAVIER-STOKES ITERATION           9
FlowSolve: -------------------------------------
FlowSolve: 
FlowSolve: Starting Assembly...
FlowSolve: Assembly:
FlowSolve: Assembly done
FlowSolve: Dirichlet conditions done
BiCGStabl:        5 0.1994E-11 0.1994E-11
ComputeChange: NS (ITER=9) (NRM,RELC): (  1.6276955     0.72961887E-09 ) :: navier-stokes
FlowSolve: iter:    9 Assembly: (s)    0.00    0.03
FlowSolve: iter:    9 Solve:    (s)    0.00    0.02
FlowSolve:  Result Norm     :    1.6276954996796342
FlowSolve:  Relative Change :    7.2961887187016214E-010
FlowSolve: 
FlowSolve: 
FlowSolve: -------------------------------------
FlowSolve:  NAVIER-STOKES ITERATION          10
FlowSolve: -------------------------------------
FlowSolve: 
FlowSolve: Starting Assembly...
FlowSolve: Assembly:
FlowSolve: Assembly done
FlowSolve: Dirichlet conditions done
BiCGStabl:        4 0.3261E-11 0.3261E-11
ComputeChange: NS (ITER=10) (NRM,RELC): (  1.6276955     0.21783540E-09 ) :: navier-stokes
FlowSolve: iter:   10 Assembly: (s)    0.00    0.04
FlowSolve: iter:   10 Solve:    (s)    0.00    0.02
FlowSolve:  Result Norm     :    1.6276955000342039
FlowSolve:  Relative Change :    2.1783540407874512E-010
ComputeChange: SS (ITER=23) (NRM,RELC): (  1.6276791     0.54131402E-05 ) :: navier-stokes
ResultOutputSolver: -------------------------------------
ResultOutputSolver: Saving in unstructured VTK XML (.vtu) format
ResultOutputSolver: -------------------------------------
MAIN: 
MAIN: -------------------------------------
MAIN:  Steady state iteration:           24
MAIN: -------------------------------------
MAIN: 
HeatSolver: ------------------------------------------------
HeatSolver: Solving energy equation for temperature
HeatSolver: Heat solver iteration: 1
IterSolver: "Linear System GCR Restart" not given, setting it to 200
   gcr:    10  0.6036E-11  0.1133E-10
ComputeChange: NS (ITER=1) (NRM,RELC): (  300.00015     0.63565879E-10 ) :: heat equation
ComputeChange: SS (ITER=24) (NRM,RELC): (  300.00015     0.22237513E-10 ) :: heat equation
FlowSolve: 
FlowSolve: 
FlowSolve: -------------------------------------
FlowSolve:  NAVIER-STOKES ITERATION           1
FlowSolve: -------------------------------------
FlowSolve: 
FlowSolve: Starting Assembly...
FlowSolve: Assembly:
FlowSolve: Assembly done
FlowSolve: Dirichlet conditions done
BiCGStabl:        8 0.4275E-11 0.4275E-11
ComputeChange: NS (ITER=1) (NRM,RELC): (  1.6276750     0.24979293E-05 ) :: navier-stokes
FlowSolve: iter:    1 Assembly: (s)    0.00    0.00
FlowSolve: iter:    1 Solve:    (s)    0.00    0.00
FlowSolve:  Result Norm     :    1.6276750265566360
FlowSolve:  Relative Change :    2.4979292829533317E-006
FlowSolve: 
FlowSolve: 
FlowSolve: -------------------------------------
FlowSolve:  NAVIER-STOKES ITERATION           2
FlowSolve: -------------------------------------
FlowSolve: 
FlowSolve: Starting Assembly...
FlowSolve: Assembly:
FlowSolve: Assembly done
FlowSolve: Dirichlet conditions done
BiCGStabl:        8 0.1278E-11 0.1278E-11
ComputeChange: NS (ITER=2) (NRM,RELC): (  1.6276738     0.73701291E-06 ) :: navier-stokes
FlowSolve: iter:    2 Assembly: (s)    0.00    0.01
FlowSolve: iter:    2 Solve:    (s)    0.00    0.00
FlowSolve:  Result Norm     :    1.6276738269395652
FlowSolve:  Relative Change :    7.3701291307213633E-007
FlowSolve: 
FlowSolve: 
FlowSolve: -------------------------------------
FlowSolve:  NAVIER-STOKES ITERATION           3
FlowSolve: -------------------------------------
FlowSolve: 
FlowSolve: Starting Assembly...
FlowSolve: Assembly:
FlowSolve: Assembly done
FlowSolve: Dirichlet conditions done
BiCGStabl:        8 0.3820E-12 0.3820E-12
ComputeChange: NS (ITER=3) (NRM,RELC): (  1.6276735     0.21854501E-06 ) :: navier-stokes
FlowSolve: iter:    3 Assembly: (s)    0.00    0.01
FlowSolve: iter:    3 Solve:    (s)    0.00    0.01
FlowSolve:  Result Norm     :    1.6276734712196179
FlowSolve:  Relative Change :    2.1854500592121254E-007
FlowSolve: 
FlowSolve: 
FlowSolve: -------------------------------------
FlowSolve:  NAVIER-STOKES ITERATION           4
FlowSolve: -------------------------------------
FlowSolve: 
FlowSolve: Starting Assembly...
FlowSolve: Assembly:
FlowSolve: Assembly done
FlowSolve: Dirichlet conditions done
BiCGStabl:        7 0.8998E-11 0.8998E-11
ComputeChange: NS (ITER=4) (NRM,RELC): (  1.6276734     0.64902286E-07 ) :: navier-stokes
FlowSolve: iter:    4 Assembly: (s)    0.00    0.02
FlowSolve: iter:    4 Solve:    (s)    0.00    0.01
FlowSolve:  Result Norm     :    1.6276733655798923
FlowSolve:  Relative Change :    6.4902285949770602E-008
FlowSolve: 
FlowSolve: 
FlowSolve: -------------------------------------
FlowSolve:  NAVIER-STOKES ITERATION           5
FlowSolve: -------------------------------------
FlowSolve: 
FlowSolve: Starting Assembly...
FlowSolve: Assembly:
FlowSolve: Assembly done
FlowSolve: Dirichlet conditions done
BiCGStabl:        6 0.4186E-11 0.4186E-11
ComputeChange: NS (ITER=5) (NRM,RELC): (  1.6276733     0.19278870E-07 ) :: navier-stokes
FlowSolve: iter:    5 Assembly: (s)    0.00    0.02
FlowSolve: iter:    5 Solve:    (s)    0.00    0.01
FlowSolve:  Result Norm     :    1.6276733342001888
FlowSolve:  Relative Change :    1.9278870360831243E-008
FlowSolve: 
FlowSolve: 
FlowSolve: -------------------------------------
FlowSolve:  NAVIER-STOKES ITERATION           6
FlowSolve: -------------------------------------
FlowSolve: 
FlowSolve: Starting Assembly...
FlowSolve: Assembly:
FlowSolve: Assembly done
FlowSolve: Dirichlet conditions done
BiCGStabl:        6 0.9755E-11 0.9755E-11
ComputeChange: NS (ITER=6) (NRM,RELC): (  1.6276733     0.57271804E-08 ) :: navier-stokes
FlowSolve: iter:    6 Assembly: (s)    0.00    0.02
FlowSolve: iter:    6 Solve:    (s)    0.00    0.01
FlowSolve:  Result Norm     :    1.6276733248782100
FlowSolve:  Relative Change :    5.7271803717027288E-009
FlowSolve: 
FlowSolve: 
FlowSolve: -------------------------------------
FlowSolve:  NAVIER-STOKES ITERATION           7
FlowSolve: -------------------------------------
FlowSolve: 
FlowSolve: Starting Assembly...
FlowSolve: Assembly:
FlowSolve: Assembly done
FlowSolve: Dirichlet conditions done
BiCGStabl:        5 0.3607E-11 0.3607E-11
ComputeChange: NS (ITER=7) (NRM,RELC): (  1.6276733     0.17009905E-08 ) :: navier-stokes
FlowSolve: iter:    7 Assembly: (s)    0.00    0.03
FlowSolve: iter:    7 Solve:    (s)    0.00    0.01
FlowSolve:  Result Norm     :    1.6276733221095532
FlowSolve:  Relative Change :    1.7009904993638231E-009
FlowSolve: 
FlowSolve: 
FlowSolve: -------------------------------------
FlowSolve:  NAVIER-STOKES ITERATION           8
FlowSolve: -------------------------------------
FlowSolve: 
FlowSolve: Starting Assembly...
FlowSolve: Assembly:
FlowSolve: Assembly done
FlowSolve: Dirichlet conditions done
BiCGStabl:        5 0.4906E-11 0.4906E-11
ComputeChange: NS (ITER=8) (NRM,RELC): (  1.6276733     0.50477676E-09 ) :: navier-stokes
FlowSolve: iter:    8 Assembly: (s)    0.00    0.03
FlowSolve: iter:    8 Solve:    (s)    0.00    0.02
FlowSolve:  Result Norm     :    1.6276733212879415
FlowSolve:  Relative Change :    5.0477676118212829E-010
FlowSolve: 
FlowSolve: 
FlowSolve: -------------------------------------
FlowSolve:  NAVIER-STOKES ITERATION           9
FlowSolve: -------------------------------------
FlowSolve: 
FlowSolve: Starting Assembly...
FlowSolve: Assembly:
FlowSolve: Assembly done
FlowSolve: Dirichlet conditions done
BiCGStabl:        4 0.7142E-11 0.7142E-11
ComputeChange: NS (ITER=9) (NRM,RELC): (  1.6276733     0.15289120E-09 ) :: navier-stokes
FlowSolve: iter:    9 Assembly: (s)    0.00    0.03
FlowSolve: iter:    9 Solve:    (s)    0.00    0.02
FlowSolve:  Result Norm     :    1.6276733210390846
FlowSolve:  Relative Change :    1.5289120477876221E-010
FlowSolve: 
FlowSolve: 
FlowSolve: -------------------------------------
FlowSolve:  NAVIER-STOKES ITERATION          10
FlowSolve: -------------------------------------
FlowSolve: 
FlowSolve: Starting Assembly...
FlowSolve: Assembly:
FlowSolve: Assembly done
FlowSolve: Dirichlet conditions done
BiCGStabl:        4 0.2154E-11 0.2154E-11
ComputeChange: NS (ITER=10) (NRM,RELC): (  1.6276733     0.43573677E-10 ) :: navier-stokes
FlowSolve: iter:   10 Assembly: (s)    0.00    0.04
FlowSolve: iter:   10 Solve:    (s)    0.00    0.02
FlowSolve:  Result Norm     :    1.6276733209681609
FlowSolve:  Relative Change :    4.3573676875518586E-011
ComputeChange: SS (ITER=24) (NRM,RELC): (  1.6276771     0.12458888E-05 ) :: navier-stokes
ResultOutputSolver: -------------------------------------
ResultOutputSolver: Saving in unstructured VTK XML (.vtu) format
ResultOutputSolver: -------------------------------------
MAIN: 
MAIN: -------------------------------------
MAIN:  Steady state iteration:           25
MAIN: -------------------------------------
MAIN: 
HeatSolver: ------------------------------------------------
HeatSolver: Solving energy equation for temperature
HeatSolver: Heat solver iteration: 1
IterSolver: "Linear System GCR Restart" not given, setting it to 200
   gcr:    10  0.4626E-11  0.8902E-11
ComputeChange: NS (ITER=1) (NRM,RELC): (  300.00015     0.64971237E-10 ) :: heat equation
ComputeChange: SS (ITER=25) (NRM,RELC): (  300.00015     0.22733756E-10 ) :: heat equation
FlowSolve: 
FlowSolve: 
FlowSolve: -------------------------------------
FlowSolve:  NAVIER-STOKES ITERATION           1
FlowSolve: -------------------------------------
FlowSolve: 
FlowSolve: Starting Assembly...
FlowSolve: Assembly:
FlowSolve: Assembly done
FlowSolve: Dirichlet conditions done
BiCGStabl:        8 0.3399E-11 0.3399E-11
ComputeChange: NS (ITER=1) (NRM,RELC): (  1.6276640     0.80175013E-05 ) :: navier-stokes
FlowSolve: iter:    1 Assembly: (s)    0.00    0.00
FlowSolve: iter:    1 Solve:    (s)    0.00    0.00
FlowSolve:  Result Norm     :    1.6276640146221968
FlowSolve:  Relative Change :    8.0175013350302316E-006
FlowSolve: 
FlowSolve: 
FlowSolve: -------------------------------------
FlowSolve:  NAVIER-STOKES ITERATION           2
FlowSolve: -------------------------------------
FlowSolve: 
FlowSolve: Starting Assembly...
FlowSolve: Assembly:
FlowSolve: Assembly done
FlowSolve: Dirichlet conditions done
BiCGStabl:        8 0.1015E-11 0.1015E-11
ComputeChange: NS (ITER=2) (NRM,RELC): (  1.6276601     0.23973691E-05 ) :: navier-stokes
FlowSolve: iter:    2 Assembly: (s)    0.00    0.01
FlowSolve: iter:    2 Solve:    (s)    0.00    0.00
FlowSolve:  Result Norm     :    1.6276601125154251
FlowSolve:  Relative Change :    2.3973691216633168E-006
FlowSolve: 
FlowSolve: 
FlowSolve: -------------------------------------
FlowSolve:  NAVIER-STOKES ITERATION           3
FlowSolve: -------------------------------------
FlowSolve: 
FlowSolve: Starting Assembly...
FlowSolve: Assembly:
FlowSolve: Assembly done
FlowSolve: Dirichlet conditions done
BiCGStabl:        7 0.6892E-11 0.6892E-11
ComputeChange: NS (ITER=3) (NRM,RELC): (  1.6276589     0.71743376E-06 ) :: navier-stokes
FlowSolve: iter:    3 Assembly: (s)    0.00    0.01
FlowSolve: iter:    3 Solve:    (s)    0.00    0.01
FlowSolve:  Result Norm     :    1.6276589447775298
FlowSolve:  Relative Change :    7.1743375977412815E-007
FlowSolve: 
FlowSolve: 
FlowSolve: -------------------------------------
FlowSolve:  NAVIER-STOKES ITERATION           4
FlowSolve: -------------------------------------
FlowSolve: 
FlowSolve: Starting Assembly...
FlowSolve: Assembly:
FlowSolve: Assembly done
FlowSolve: Dirichlet conditions done
BiCGStabl:        7 0.8310E-11 0.8310E-11
ComputeChange: NS (ITER=4) (NRM,RELC): (  1.6276586     0.21474946E-06 ) :: navier-stokes
FlowSolve: iter:    4 Assembly: (s)    0.00    0.02
FlowSolve: iter:    4 Solve:    (s)    0.00    0.01
FlowSolve:  Result Norm     :    1.6276585952386933
FlowSolve:  Relative Change :    2.1474945669343144E-007
FlowSolve: 
FlowSolve: 
FlowSolve: -------------------------------------
FlowSolve:  NAVIER-STOKES ITERATION           5
FlowSolve: -------------------------------------
FlowSolve: 
FlowSolve: Starting Assembly...
FlowSolve: Assembly:
FlowSolve: Assembly done
FlowSolve: Dirichlet conditions done
BiCGStabl:        6 0.8610E-11 0.8610E-11
ComputeChange: NS (ITER=5) (NRM,RELC): (  1.6276585     0.64284841E-07 ) :: navier-stokes
FlowSolve: iter:    5 Assembly: (s)    0.00    0.02
FlowSolve: iter:    5 Solve:    (s)    0.00    0.01
FlowSolve:  Result Norm     :    1.6276584906049227
FlowSolve:  Relative Change :    6.4284840940283266E-008
FlowSolve: 
FlowSolve: 
FlowSolve: -------------------------------------
FlowSolve:  NAVIER-STOKES ITERATION           6
FlowSolve: -------------------------------------
FlowSolve: 
FlowSolve: Starting Assembly...
FlowSolve: Assembly:
FlowSolve: Assembly done
FlowSolve: Dirichlet conditions done
BiCGStabl:        5 0.9844E-11 0.9844E-11
ComputeChange: NS (ITER=6) (NRM,RELC): (  1.6276585     0.19242672E-07 ) :: navier-stokes
FlowSolve: iter:    6 Assembly: (s)    0.00    0.02
FlowSolve: iter:    6 Solve:    (s)    0.00    0.01
FlowSolve:  Result Norm     :    1.6276584592844245
FlowSolve:  Relative Change :    1.9242672020646862E-008
FlowSolve: 
FlowSolve: 
FlowSolve: -------------------------------------
FlowSolve:  NAVIER-STOKES ITERATION           7
FlowSolve: -------------------------------------
FlowSolve: 
FlowSolve: Starting Assembly...
FlowSolve: Assembly:
FlowSolve: Assembly done
FlowSolve: Dirichlet conditions done
BiCGStabl:        5 0.9866E-11 0.9866E-11
ComputeChange: NS (ITER=7) (NRM,RELC): (  1.6276584     0.57613634E-08 ) :: navier-stokes
FlowSolve: iter:    7 Assembly: (s)    0.00    0.03
FlowSolve: iter:    7 Solve:    (s)    0.00    0.01
FlowSolve:  Result Norm     :    1.6276584499068927
FlowSolve:  Relative Change :    5.7613634086839649E-009
FlowSolve: 
FlowSolve: 
FlowSolve: -------------------------------------
FlowSolve:  NAVIER-STOKES ITERATION           8
FlowSolve: -------------------------------------
FlowSolve: 
FlowSolve: Starting Assembly...
FlowSolve: Assembly:
FlowSolve: Assembly done
FlowSolve: Dirichlet conditions done
BiCGStabl:        5 0.3917E-11 0.3917E-11
ComputeChange: NS (ITER=8) (NRM,RELC): (  1.6276584     0.17233935E-08 ) :: navier-stokes
FlowSolve: iter:    8 Assembly: (s)    0.00    0.03
FlowSolve: iter:    8 Solve:    (s)    0.00    0.02
FlowSolve:  Result Norm     :    1.6276584471017967
FlowSolve:  Relative Change :    1.7233934649428853E-009
FlowSolve: 
FlowSolve: 
FlowSolve: -------------------------------------
FlowSolve:  NAVIER-STOKES ITERATION           9
FlowSolve: -------------------------------------
FlowSolve: 
FlowSolve: Starting Assembly...
FlowSolve: Assembly:
FlowSolve: Assembly done
FlowSolve: Dirichlet conditions done
BiCGStabl:        4 0.4651E-11 0.4651E-11
ComputeChange: NS (ITER=9) (NRM,RELC): (  1.6276584     0.51758586E-09 ) :: navier-stokes
FlowSolve: iter:    9 Assembly: (s)    0.00    0.04
FlowSolve: iter:    9 Solve:    (s)    0.00    0.02
FlowSolve:  Result Norm     :    1.6276584462593437
FlowSolve:  Relative Change :    5.1758585959518012E-010
FlowSolve: 
FlowSolve: 
FlowSolve: -------------------------------------
FlowSolve:  NAVIER-STOKES ITERATION          10
FlowSolve: -------------------------------------
FlowSolve: 
FlowSolve: Starting Assembly...
FlowSolve: Assembly:
FlowSolve: Assembly done
FlowSolve: Dirichlet conditions done
BiCGStabl:        4 0.8073E-11 0.8073E-11
ComputeChange: NS (ITER=10) (NRM,RELC): (  1.6276584     0.15406499E-09 ) :: navier-stokes
FlowSolve: iter:   10 Assembly: (s)    0.00    0.04
FlowSolve: iter:   10 Solve:    (s)    0.00    0.02
FlowSolve:  Result Norm     :    1.6276584460085786
FlowSolve:  Relative Change :    1.5406499255988603E-010
ComputeChange: SS (ITER=25) (NRM,RELC): (  1.6276705     0.40060192E-05 ) :: navier-stokes
ResultOutputSolver: -------------------------------------
ResultOutputSolver: Saving in unstructured VTK XML (.vtu) format
ResultOutputSolver: -------------------------------------
MAIN: 
MAIN: -------------------------------------
MAIN:  Steady state iteration:           26
MAIN: -------------------------------------
MAIN: 
HeatSolver: ------------------------------------------------
HeatSolver: Solving energy equation for temperature
HeatSolver: Heat solver iteration: 1
IterSolver: "Linear System GCR Restart" not given, setting it to 200
ComputeChange: NS (ITER=1) (NRM,RELC): (  300.00015     0.55024781E-10 ) :: heat equation
ComputeChange: SS (ITER=26) (NRM,RELC): (  300.00015     0.19255319E-10 ) :: heat equation
FlowSolve: 
FlowSolve: 
FlowSolve: -------------------------------------
FlowSolve:  NAVIER-STOKES ITERATION           1
FlowSolve: -------------------------------------
FlowSolve: 
FlowSolve: Starting Assembly...
FlowSolve: Assembly:
FlowSolve: Assembly done
FlowSolve: Dirichlet conditions done
BiCGStabl:        8 0.2575E-11 0.2575E-11
ComputeChange: NS (ITER=1) (NRM,RELC): (  1.6276553     0.93946097E-05 ) :: navier-stokes
FlowSolve: iter:    1 Assembly: (s)    0.00    0.00
FlowSolve: iter:    1 Solve:    (s)    0.00    0.00
FlowSolve:  Result Norm     :    1.6276552527227275
FlowSolve:  Relative Change :    9.3946096839156937E-006
FlowSolve: 
FlowSolve: 
FlowSolve: -------------------------------------
FlowSolve:  NAVIER-STOKES ITERATION           2
FlowSolve: -------------------------------------
FlowSolve: 
FlowSolve: Starting Assembly...
FlowSolve: Assembly:
FlowSolve: Assembly done
FlowSolve: Dirichlet conditions done
BiCGStabl:        8 0.7738E-12 0.7738E-12
ComputeChange: NS (ITER=2) (NRM,RELC): (  1.6276507     0.28131759E-05 ) :: navier-stokes
FlowSolve: iter:    2 Assembly: (s)    0.00    0.01
FlowSolve: iter:    2 Solve:    (s)    0.00    0.00
FlowSolve:  Result Norm     :    1.6276506738486423
FlowSolve:  Relative Change :    2.8131758971413284E-006
FlowSolve: 
FlowSolve: 
FlowSolve: -------------------------------------
FlowSolve:  NAVIER-STOKES ITERATION           3
FlowSolve: -------------------------------------
FlowSolve: 
FlowSolve: Starting Assembly...
FlowSolve: Assembly:
FlowSolve: Assembly done
FlowSolve: Dirichlet conditions done
BiCGStabl:        7 0.4595E-11 0.4595E-11
ComputeChange: NS (ITER=3) (NRM,RELC): (  1.6276493     0.84269074E-06 ) :: navier-stokes
FlowSolve: iter:    3 Assembly: (s)    0.00    0.01
FlowSolve: iter:    3 Solve:    (s)    0.00    0.01
FlowSolve:  Result Norm     :    1.6276493022430738
FlowSolve:  Relative Change :    8.4269073727776048E-007
FlowSolve: 
FlowSolve: 
FlowSolve: -------------------------------------
FlowSolve:  NAVIER-STOKES ITERATION           4
FlowSolve: -------------------------------------
FlowSolve: 
FlowSolve: Starting Assembly...
FlowSolve: Assembly:
FlowSolve: Assembly done
FlowSolve: Dirichlet conditions done
BiCGStabl:        6 0.9753E-11 0.9753E-11
ComputeChange: NS (ITER=4) (NRM,RELC): (  1.6276489     0.25245545E-06 ) :: navier-stokes
FlowSolve: iter:    4 Assembly: (s)    0.00    0.02
FlowSolve: iter:    4 Solve:    (s)    0.00    0.01
FlowSolve:  Result Norm     :    1.6276488913341896
FlowSolve:  Relative Change :    2.5245544943477617E-007
FlowSolve: 
FlowSolve: 
FlowSolve: -------------------------------------
FlowSolve:  NAVIER-STOKES ITERATION           5
FlowSolve: -------------------------------------
FlowSolve: 
FlowSolve: Starting Assembly...
FlowSolve: Assembly:
FlowSolve: Assembly done
FlowSolve: Dirichlet conditions done
BiCGStabl:        6 0.8446E-11 0.8446E-11
ComputeChange: NS (ITER=5) (NRM,RELC): (  1.6276488     0.75633531E-07 ) :: navier-stokes
FlowSolve: iter:    5 Assembly: (s)    0.00    0.02
FlowSolve: iter:    5 Solve:    (s)    0.00    0.01
FlowSolve:  Result Norm     :    1.6276487682293614
FlowSolve:  Relative Change :    7.5633530929200758E-008
FlowSolve: 
FlowSolve: 
FlowSolve: -------------------------------------
FlowSolve:  NAVIER-STOKES ITERATION           6
FlowSolve: -------------------------------------
FlowSolve: 
FlowSolve: Starting Assembly...
FlowSolve: Assembly:
FlowSolve: Assembly done
FlowSolve: Dirichlet conditions done
BiCGStabl:        5 0.8801E-11 0.8801E-11
ComputeChange: NS (ITER=6) (NRM,RELC): (  1.6276487     0.22658107E-07 ) :: navier-stokes
FlowSolve: iter:    6 Assembly: (s)    0.00    0.02
FlowSolve: iter:    6 Solve:    (s)    0.00    0.01
FlowSolve:  Result Norm     :    1.6276487313499222
FlowSolve:  Relative Change :    2.2658106845828560E-008
FlowSolve: 
FlowSolve: 
FlowSolve: -------------------------------------
FlowSolve:  NAVIER-STOKES ITERATION           7
FlowSolve: -------------------------------------
FlowSolve: 
FlowSolve: Starting Assembly...
FlowSolve: Assembly:
FlowSolve: Assembly done
FlowSolve: Dirichlet conditions done
BiCGStabl:        5 0.7123E-11 0.7123E-11
ComputeChange: NS (ITER=7) (NRM,RELC): (  1.6276487     0.67887831E-08 ) :: navier-stokes
FlowSolve: iter:    7 Assembly: (s)    0.00    0.03
FlowSolve: iter:    7 Solve:    (s)    0.00    0.01
FlowSolve:  Result Norm     :    1.6276487203001679
FlowSolve:  Relative Change :    6.7887831369289928E-009
FlowSolve: 
FlowSolve: 
FlowSolve: -------------------------------------
FlowSolve:  NAVIER-STOKES ITERATION           8
FlowSolve: -------------------------------------
FlowSolve: 
FlowSolve: Starting Assembly...
FlowSolve: Assembly:
FlowSolve: Assembly done
FlowSolve: Dirichlet conditions done
BiCGStabl:        5 0.3174E-11 0.3174E-11
ComputeChange: NS (ITER=8) (NRM,RELC): (  1.6276487     0.20329769E-08 ) :: navier-stokes
FlowSolve: iter:    8 Assembly: (s)    0.00    0.03
FlowSolve: iter:    8 Solve:    (s)    0.00    0.02
FlowSolve:  Result Norm     :    1.6276487169911957
FlowSolve:  Relative Change :    2.0329768760565995E-009
FlowSolve: 
FlowSolve: 
FlowSolve: -------------------------------------
FlowSolve:  NAVIER-STOKES ITERATION           9
FlowSolve: -------------------------------------
FlowSolve: 
FlowSolve: Starting Assembly...
FlowSolve: Assembly:
FlowSolve: Assembly done
FlowSolve: Dirichlet conditions done
BiCGStabl:        4 0.3094E-11 0.3094E-11
ComputeChange: NS (ITER=9) (NRM,RELC): (  1.6276487     0.61003197E-09 ) :: navier-stokes
FlowSolve: iter:    9 Assembly: (s)    0.00    0.04
FlowSolve: iter:    9 Solve:    (s)    0.00    0.02
FlowSolve:  Result Norm     :    1.6276487159982780
FlowSolve:  Relative Change :    6.1003196694677751E-010
FlowSolve: 
FlowSolve: 
FlowSolve: -------------------------------------
FlowSolve:  NAVIER-STOKES ITERATION          10
FlowSolve: -------------------------------------
FlowSolve: 
FlowSolve: Starting Assembly...
FlowSolve: Assembly:
FlowSolve: Assembly done
FlowSolve: Dirichlet conditions done
BiCGStabl:        4 0.6012E-11 0.6012E-11
ComputeChange: NS (ITER=10) (NRM,RELC): (  1.6276487     0.18226566E-09 ) :: navier-stokes
FlowSolve: iter:   10 Assembly: (s)    0.00    0.04
FlowSolve: iter:   10 Solve:    (s)    0.00    0.02
FlowSolve:  Result Norm     :    1.6276487157016135
FlowSolve:  Relative Change :    1.8226566204244602E-010
ComputeChange: SS (ITER=26) (NRM,RELC): (  1.6276629     0.46950413E-05 ) :: navier-stokes
ResultOutputSolver: -------------------------------------
ResultOutputSolver: Saving in unstructured VTK XML (.vtu) format
ResultOutputSolver: -------------------------------------
MAIN: 
MAIN: -------------------------------------
MAIN:  Steady state iteration:           27
MAIN: -------------------------------------
MAIN: 
HeatSolver: ------------------------------------------------
HeatSolver: Solving energy equation for temperature
HeatSolver: Heat solver iteration: 1
IterSolver: "Linear System GCR Restart" not given, setting it to 200
ComputeChange: NS (ITER=1) (NRM,RELC): (  300.00015     0.52960987E-10 ) :: heat equation
ComputeChange: SS (ITER=27) (NRM,RELC): (  300.00015     0.18534356E-10 ) :: heat equation
FlowSolve: 
FlowSolve: 
FlowSolve: -------------------------------------
FlowSolve:  NAVIER-STOKES ITERATION           1
FlowSolve: -------------------------------------
FlowSolve: 
FlowSolve: Starting Assembly...
FlowSolve: Assembly:
FlowSolve: Assembly done
FlowSolve: Dirichlet conditions done
BiCGStabl:        8 0.1144E-11 0.1144E-11
ComputeChange: NS (ITER=1) (NRM,RELC): (  1.6276486     0.87651906E-05 ) :: navier-stokes
FlowSolve: iter:    1 Assembly: (s)    0.00    0.00
FlowSolve: iter:    1 Solve:    (s)    0.00    0.00
FlowSolve:  Result Norm     :    1.6276486353048643
FlowSolve:  Relative Change :    8.7651906030642613E-006
FlowSolve: 
FlowSolve: 
FlowSolve: -------------------------------------
FlowSolve:  NAVIER-STOKES ITERATION           2
FlowSolve: -------------------------------------
FlowSolve: 
FlowSolve: Starting Assembly...
FlowSolve: Assembly:
FlowSolve: Assembly done
FlowSolve: Dirichlet conditions done
BiCGStabl:        7 0.7170E-11 0.7170E-11
ComputeChange: NS (ITER=2) (NRM,RELC): (  1.6276444     0.26260084E-05 ) :: navier-stokes
FlowSolve: iter:    2 Assembly: (s)    0.00    0.01
FlowSolve: iter:    2 Solve:    (s)    0.00    0.00
FlowSolve:  Result Norm     :    1.6276443610915330
FlowSolve:  Relative Change :    2.6260083722106849E-006
FlowSolve: 
FlowSolve: 
FlowSolve: -------------------------------------
FlowSolve:  NAVIER-STOKES ITERATION           3
FlowSolve: -------------------------------------
FlowSolve: 
FlowSolve: Starting Assembly...
FlowSolve: Assembly:
FlowSolve: Assembly done
FlowSolve: Dirichlet conditions done
BiCGStabl:        7 0.4864E-11 0.4864E-11
ComputeChange: NS (ITER=3) (NRM,RELC): (  1.6276431     0.78688940E-06 ) :: navier-stokes
FlowSolve: iter:    3 Assembly: (s)    0.00    0.01
FlowSolve: iter:    3 Solve:    (s)    0.00    0.01
FlowSolve:  Result Norm     :    1.6276430803159396
FlowSolve:  Relative Change :    7.8688940157367109E-007
FlowSolve: 
FlowSolve: 
FlowSolve: -------------------------------------
FlowSolve:  NAVIER-STOKES ITERATION           4
FlowSolve: -------------------------------------
FlowSolve: 
FlowSolve: Starting Assembly...
FlowSolve: Assembly:
FlowSolve: Assembly done
FlowSolve: Dirichlet conditions done
BiCGStabl:        6 0.6003E-11 0.6003E-11
ComputeChange: NS (ITER=4) (NRM,RELC): (  1.6276427     0.23580590E-06 ) :: navier-stokes
FlowSolve: iter:    4 Assembly: (s)    0.00    0.02
FlowSolve: iter:    4 Solve:    (s)    0.00    0.01
FlowSolve:  Result Norm     :    1.6276426965081445
FlowSolve:  Relative Change :    2.3580589933687865E-007
FlowSolve: 
FlowSolve: 
FlowSolve: -------------------------------------
FlowSolve:  NAVIER-STOKES ITERATION           5
FlowSolve: -------------------------------------
FlowSolve: 
FlowSolve: Starting Assembly...
FlowSolve: Assembly:
FlowSolve: Assembly done
FlowSolve: Dirichlet conditions done
BiCGStabl:        6 0.9318E-11 0.9318E-11
ComputeChange: NS (ITER=5) (NRM,RELC): (  1.6276426     0.70666118E-07 ) :: navier-stokes
FlowSolve: iter:    5 Assembly: (s)    0.00    0.02
FlowSolve: iter:    5 Solve:    (s)    0.00    0.01
FlowSolve:  Result Norm     :    1.6276425814889581
FlowSolve:  Relative Change :    7.0666117759249358E-008
FlowSolve: 
FlowSolve: 
FlowSolve: -------------------------------------
FlowSolve:  NAVIER-STOKES ITERATION           6
FlowSolve: -------------------------------------
FlowSolve: 
FlowSolve: Starting Assembly...
FlowSolve: Assembly:
FlowSolve: Assembly done
FlowSolve: Dirichlet conditions done
BiCGStabl:        5 0.7156E-11 0.7156E-11
ComputeChange: NS (ITER=6) (NRM,RELC): (  1.6276425     0.21175918E-07 ) :: navier-stokes
FlowSolve: iter:    6 Assembly: (s)    0.00    0.02
FlowSolve: iter:    6 Solve:    (s)    0.00    0.01
FlowSolve:  Result Norm     :    1.6276425470221332
FlowSolve:  Relative Change :    2.1175917677871373E-008
FlowSolve: 
FlowSolve: 
FlowSolve: -------------------------------------
FlowSolve:  NAVIER-STOKES ITERATION           7
FlowSolve: -------------------------------------
FlowSolve: 
FlowSolve: Starting Assembly...
FlowSolve: Assembly:
FlowSolve: Assembly done
FlowSolve: Dirichlet conditions done
BiCGStabl:        5 0.8526E-11 0.8526E-11
ComputeChange: NS (ITER=7) (NRM,RELC): (  1.6276425     0.63446638E-08 ) :: navier-stokes
FlowSolve: iter:    7 Assembly: (s)    0.00    0.03
FlowSolve: iter:    7 Solve:    (s)    0.00    0.01
FlowSolve:  Result Norm     :    1.6276425366952885
FlowSolve:  Relative Change :    6.3446637987851639E-009
FlowSolve: 
FlowSolve: 
FlowSolve: -------------------------------------
FlowSolve:  NAVIER-STOKES ITERATION           8
FlowSolve: -------------------------------------
FlowSolve: 
FlowSolve: Starting Assembly...
FlowSolve: Assembly:
FlowSolve: Assembly done
FlowSolve: Dirichlet conditions done
BiCGStabl:        4 0.7047E-11 0.7047E-11
ComputeChange: NS (ITER=8) (NRM,RELC): (  1.6276425     0.19032477E-08 ) :: navier-stokes
FlowSolve: iter:    8 Assembly: (s)    0.00    0.03
FlowSolve: iter:    8 Solve:    (s)    0.00    0.01
FlowSolve:  Result Norm     :    1.6276425335974816
FlowSolve:  Relative Change :    1.9032476929027255E-009
FlowSolve: 
FlowSolve: 
FlowSolve: -------------------------------------
FlowSolve:  NAVIER-STOKES ITERATION           9
FlowSolve: -------------------------------------
FlowSolve: 
FlowSolve: Starting Assembly...
FlowSolve: Assembly:
FlowSolve: Assembly done
FlowSolve: Dirichlet conditions done
BiCGStabl:        4 0.2122E-11 0.2122E-11
ComputeChange: NS (ITER=9) (NRM,RELC): (  1.6276425     0.56955790E-09 ) :: navier-stokes
FlowSolve: iter:    9 Assembly: (s)    0.00    0.04
FlowSolve: iter:    9 Solve:    (s)    0.00    0.02
FlowSolve:  Result Norm     :    1.6276425326704449
FlowSolve:  Relative Change :    5.6955790401117250E-010
FlowSolve: 
FlowSolve: 
FlowSolve: -------------------------------------
FlowSolve:  NAVIER-STOKES ITERATION          10
FlowSolve: -------------------------------------
FlowSolve: 
FlowSolve: Starting Assembly...
FlowSolve: Assembly:
FlowSolve: Assembly done
FlowSolve: Dirichlet conditions done
BiCGStabl:        4 0.4484E-11 0.4484E-11
ComputeChange: NS (ITER=10) (NRM,RELC): (  1.6276425     0.17042037E-09 ) :: navier-stokes
FlowSolve: iter:   10 Assembly: (s)    0.00    0.04
FlowSolve: iter:   10 Solve:    (s)    0.00    0.02
FlowSolve:  Result Norm     :    1.6276425323930614
FlowSolve:  Relative Change :    1.7042037425220449E-010
ComputeChange: SS (ITER=27) (NRM,RELC): (  1.6276558     0.43807891E-05 ) :: navier-stokes
ResultOutputSolver: -------------------------------------
ResultOutputSolver: Saving in unstructured VTK XML (.vtu) format
ResultOutputSolver: -------------------------------------
MAIN: 
MAIN: -------------------------------------
MAIN:  Steady state iteration:           28
MAIN: -------------------------------------
MAIN: 
HeatSolver: ------------------------------------------------
HeatSolver: Solving energy equation for temperature
HeatSolver: Heat solver iteration: 1
IterSolver: "Linear System GCR Restart" not given, setting it to 200
ComputeChange: NS (ITER=1) (NRM,RELC): (  300.00015     0.48700196E-10 ) :: heat equation
ComputeChange: SS (ITER=28) (NRM,RELC): (  300.00015     0.17043733E-10 ) :: heat equation
FlowSolve: 
FlowSolve: 
FlowSolve: -------------------------------------
FlowSolve:  NAVIER-STOKES ITERATION           1
FlowSolve: -------------------------------------
FlowSolve: 
FlowSolve: Starting Assembly...
FlowSolve: Assembly:
FlowSolve: Assembly done
FlowSolve: Dirichlet conditions done
BiCGStabl:        8 0.6964E-12 0.6964E-12
ComputeChange: NS (ITER=1) (NRM,RELC): (  1.6276439     0.73235832E-05 ) :: navier-stokes
FlowSolve: iter:    1 Assembly: (s)    0.00    0.00
FlowSolve: iter:    1 Solve:    (s)    0.00    0.00
FlowSolve:  Result Norm     :    1.6276438513567828
FlowSolve:  Relative Change :    7.3235832134530013E-006
FlowSolve: 
FlowSolve: 
FlowSolve: -------------------------------------
FlowSolve:  NAVIER-STOKES ITERATION           2
FlowSolve: -------------------------------------
FlowSolve: 
FlowSolve: Starting Assembly...
FlowSolve: Assembly:
FlowSolve: Assembly done
FlowSolve: Dirichlet conditions done
BiCGStabl:        7 0.3542E-11 0.3542E-11
ComputeChange: NS (ITER=2) (NRM,RELC): (  1.6276403     0.21945895E-05 ) :: navier-stokes
FlowSolve: iter:    2 Assembly: (s)    0.00    0.01
FlowSolve: iter:    2 Solve:    (s)    0.00    0.00
FlowSolve:  Result Norm     :    1.6276402793506100
FlowSolve:  Relative Change :    2.1945894916835012E-006
FlowSolve: 
FlowSolve: 
FlowSolve: -------------------------------------
FlowSolve:  NAVIER-STOKES ITERATION           3
FlowSolve: -------------------------------------
FlowSolve: 
FlowSolve: Starting Assembly...
FlowSolve: Assembly:
FlowSolve: Assembly done
FlowSolve: Dirichlet conditions done
BiCGStabl:        7 0.7105E-11 0.7105E-11
ComputeChange: NS (ITER=3) (NRM,RELC): (  1.6276392     0.65770907E-06 ) :: navier-stokes
FlowSolve: iter:    3 Assembly: (s)    0.00    0.01
FlowSolve: iter:    3 Solve:    (s)    0.00    0.01
FlowSolve:  Result Norm     :    1.6276392088371798
FlowSolve:  Relative Change :    6.5770907475573334E-007
FlowSolve: 
FlowSolve: 
FlowSolve: -------------------------------------
FlowSolve:  NAVIER-STOKES ITERATION           4
FlowSolve: -------------------------------------
FlowSolve: 
FlowSolve: Starting Assembly...
FlowSolve: Assembly:
FlowSolve: Assembly done
FlowSolve: Dirichlet conditions done
BiCGStabl:        6 0.3250E-11 0.3250E-11
ComputeChange: NS (ITER=4) (NRM,RELC): (  1.6276389     0.19711922E-06 ) :: navier-stokes
FlowSolve: iter:    4 Assembly: (s)    0.00    0.02
FlowSolve: iter:    4 Solve:    (s)    0.00    0.01
FlowSolve:  Result Norm     :    1.6276388879982373
FlowSolve:  Relative Change :    1.9711922175654329E-007
FlowSolve: 
FlowSolve: 
FlowSolve: -------------------------------------
FlowSolve:  NAVIER-STOKES ITERATION           5
FlowSolve: -------------------------------------
FlowSolve: 
FlowSolve: Starting Assembly...
FlowSolve: Assembly:
FlowSolve: Assembly done
FlowSolve: Dirichlet conditions done
BiCGStabl:        6 0.8715E-11 0.8715E-11
ComputeChange: NS (ITER=5) (NRM,RELC): (  1.6276388     0.59079791E-07 ) :: navier-stokes
FlowSolve: iter:    5 Assembly: (s)    0.00    0.02
FlowSolve: iter:    5 Solve:    (s)    0.00    0.01
FlowSolve:  Result Norm     :    1.6276387918376756
FlowSolve:  Relative Change :    5.9079790539039899E-008
FlowSolve: 
FlowSolve: 
FlowSolve: -------------------------------------
FlowSolve:  NAVIER-STOKES ITERATION           6
FlowSolve: -------------------------------------
FlowSolve: 
FlowSolve: Starting Assembly...
FlowSolve: Assembly:
FlowSolve: Assembly done
FlowSolve: Dirichlet conditions done
BiCGStabl:        5 0.3967E-11 0.3967E-11
ComputeChange: NS (ITER=6) (NRM,RELC): (  1.6276388     0.17706341E-07 ) :: navier-stokes
FlowSolve: iter:    6 Assembly: (s)    0.00    0.02
FlowSolve: iter:    6 Solve:    (s)    0.00    0.01
FlowSolve:  Result Norm     :    1.6276387630181479
FlowSolve:  Relative Change :    1.7706341267412192E-008
FlowSolve: 
FlowSolve: 
FlowSolve: -------------------------------------
FlowSolve:  NAVIER-STOKES ITERATION           7
FlowSolve: -------------------------------------
FlowSolve: 
FlowSolve: Starting Assembly...
FlowSolve: Assembly:
FlowSolve: Assembly done
FlowSolve: Dirichlet conditions done
BiCGStabl:        5 0.6753E-11 0.6753E-11
ComputeChange: NS (ITER=7) (NRM,RELC): (  1.6276388     0.53049681E-08 ) :: navier-stokes
FlowSolve: iter:    7 Assembly: (s)    0.00    0.03
FlowSolve: iter:    7 Solve:    (s)    0.00    0.01
FlowSolve:  Result Norm     :    1.6276387543835762
FlowSolve:  Relative Change :    5.3049681190796131E-009
FlowSolve: 
FlowSolve: 
FlowSolve: -------------------------------------
FlowSolve:  NAVIER-STOKES ITERATION           8
FlowSolve: -------------------------------------
FlowSolve: 
FlowSolve: Starting Assembly...
FlowSolve: Assembly:
FlowSolve: Assembly done
FlowSolve: Dirichlet conditions done
BiCGStabl:        4 0.4964E-11 0.4964E-11
ComputeChange: NS (ITER=8) (NRM,RELC): (  1.6276388     0.15912027E-08 ) :: navier-stokes
FlowSolve: iter:    8 Assembly: (s)    0.00    0.03
FlowSolve: iter:    8 Solve:    (s)    0.00    0.01
FlowSolve:  Result Norm     :    1.6276387517936730
FlowSolve:  Relative Change :    1.5912027013921738E-009
FlowSolve: 
FlowSolve: 
FlowSolve: -------------------------------------
FlowSolve:  NAVIER-STOKES ITERATION           9
FlowSolve: -------------------------------------
FlowSolve: 
FlowSolve: Starting Assembly...
FlowSolve: Assembly:
FlowSolve: Assembly done
FlowSolve: Dirichlet conditions done
BiCGStabl:        4 0.1495E-11 0.1495E-11
ComputeChange: NS (ITER=9) (NRM,RELC): (  1.6276388     0.47661334E-09 ) :: navier-stokes
FlowSolve: iter:    9 Assembly: (s)    0.00    0.03
FlowSolve: iter:    9 Solve:    (s)    0.00    0.02
FlowSolve:  Result Norm     :    1.6276387510179187
FlowSolve:  Relative Change :    4.7661334493092937E-010
FlowSolve: 
FlowSolve: 
FlowSolve: -------------------------------------
FlowSolve:  NAVIER-STOKES ITERATION          10
FlowSolve: -------------------------------------
FlowSolve: 
FlowSolve: Starting Assembly...
FlowSolve: Assembly:
FlowSolve: Assembly done
FlowSolve: Dirichlet conditions done
BiCGStabl:        4 0.3327E-11 0.3327E-11
ComputeChange: NS (ITER=10) (NRM,RELC): (  1.6276388     0.14272261E-09 ) :: navier-stokes
FlowSolve: iter:   10 Assembly: (s)    0.00    0.04
FlowSolve: iter:   10 Solve:    (s)    0.00    0.02
FlowSolve:  Result Norm     :    1.6276387507856178
FlowSolve:  Relative Change :    1.4272260665815175E-010
ComputeChange: SS (ITER=28) (NRM,RELC): (  1.6276498     0.36603817E-05 ) :: navier-stokes
ResultOutputSolver: -------------------------------------
ResultOutputSolver: Saving in unstructured VTK XML (.vtu) format
ResultOutputSolver: -------------------------------------
MAIN: 
MAIN: -------------------------------------
MAIN:  Steady state iteration:           29
MAIN: -------------------------------------
MAIN: 
HeatSolver: ------------------------------------------------
HeatSolver: Solving energy equation for temperature
HeatSolver: Heat solver iteration: 1
IterSolver: "Linear System GCR Restart" not given, setting it to 200
ComputeChange: NS (ITER=1) (NRM,RELC): (  300.00015     0.43386475E-10 ) :: heat equation
ComputeChange: SS (ITER=29) (NRM,RELC): (  300.00015     0.15184764E-10 ) :: heat equation
FlowSolve: 
FlowSolve: 
FlowSolve: -------------------------------------
FlowSolve:  NAVIER-STOKES ITERATION           1
FlowSolve: -------------------------------------
FlowSolve: 
FlowSolve: Starting Assembly...
FlowSolve: Assembly:
FlowSolve: Assembly done
FlowSolve: Dirichlet conditions done
BiCGStabl:        7 0.8749E-11 0.8749E-11
ComputeChange: NS (ITER=1) (NRM,RELC): (  1.6276405     0.57026238E-05 ) :: navier-stokes
FlowSolve: iter:    1 Assembly: (s)    0.00    0.00
FlowSolve: iter:    1 Solve:    (s)    0.00    0.00
FlowSolve:  Result Norm     :    1.6276405319069835
FlowSolve:  Relative Change :    5.7026238298886623E-006
FlowSolve: 
FlowSolve: 
FlowSolve: -------------------------------------
FlowSolve:  NAVIER-STOKES ITERATION           2
FlowSolve: -------------------------------------
FlowSolve: 
FlowSolve: Starting Assembly...
FlowSolve: Assembly:
FlowSolve: Assembly done
FlowSolve: Dirichlet conditions done
BiCGStabl:        7 0.7699E-11 0.7699E-11
ComputeChange: NS (ITER=2) (NRM,RELC): (  1.6276378     0.17090076E-05 ) :: navier-stokes
FlowSolve: iter:    2 Assembly: (s)    0.00    0.01
FlowSolve: iter:    2 Solve:    (s)    0.00    0.00
FlowSolve:  Result Norm     :    1.6276377502593604
FlowSolve:  Relative Change :    1.7090075760146056E-006
FlowSolve: 
FlowSolve: 
FlowSolve: -------------------------------------
FlowSolve:  NAVIER-STOKES ITERATION           3
FlowSolve: -------------------------------------
FlowSolve: 
FlowSolve: Starting Assembly...
FlowSolve: Assembly:
FlowSolve: Assembly done
FlowSolve: Dirichlet conditions done
BiCGStabl:        6 0.8360E-11 0.8360E-11
ComputeChange: NS (ITER=3) (NRM,RELC): (  1.6276369     0.51220804E-06 ) :: navier-stokes
FlowSolve: iter:    3 Assembly: (s)    0.00    0.01
FlowSolve: iter:    3 Solve:    (s)    0.00    0.01
FlowSolve:  Result Norm     :    1.6276369165704376
FlowSolve:  Relative Change :    5.1220803656329912E-007
FlowSolve: 
FlowSolve: 
FlowSolve: -------------------------------------
FlowSolve:  NAVIER-STOKES ITERATION           4
FlowSolve: -------------------------------------
FlowSolve: 
FlowSolve: Starting Assembly...
FlowSolve: Assembly:
FlowSolve: Assembly done
FlowSolve: Dirichlet conditions done
BiCGStabl:        6 0.2495E-11 0.2495E-11
ComputeChange: NS (ITER=4) (NRM,RELC): (  1.6276367     0.15351798E-06 ) :: navier-stokes
FlowSolve: iter:    4 Assembly: (s)    0.00    0.02
FlowSolve: iter:    4 Solve:    (s)    0.00    0.01
FlowSolve:  Result Norm     :    1.6276366666989297
FlowSolve:  Relative Change :    1.5351797723750577E-007
FlowSolve: 
FlowSolve: 
FlowSolve: -------------------------------------
FlowSolve:  NAVIER-STOKES ITERATION           5
FlowSolve: -------------------------------------
FlowSolve: 
FlowSolve: Starting Assembly...
FlowSolve: Assembly:
FlowSolve: Assembly done
FlowSolve: Dirichlet conditions done
BiCGStabl:        5 0.7263E-11 0.7263E-11
ComputeChange: NS (ITER=5) (NRM,RELC): (  1.6276366     0.46016722E-07 ) :: navier-stokes
FlowSolve: iter:    5 Assembly: (s)    0.00    0.02
FlowSolve: iter:    5 Solve:    (s)    0.00    0.01
FlowSolve:  Result Norm     :    1.6276365918004279
FlowSolve:  Relative Change :    4.6016721729580846E-008
FlowSolve: 
FlowSolve: 
FlowSolve: -------------------------------------
FlowSolve:  NAVIER-STOKES ITERATION           6
FlowSolve: -------------------------------------
FlowSolve: 
FlowSolve: Starting Assembly...
FlowSolve: Assembly:
FlowSolve: Assembly done
FlowSolve: Dirichlet conditions done
BiCGStabl:        5 0.9423E-11 0.9423E-11
ComputeChange: NS (ITER=6) (NRM,RELC): (  1.6276366     0.13789575E-07 ) :: navier-stokes
FlowSolve: iter:    6 Assembly: (s)    0.00    0.02
FlowSolve: iter:    6 Solve:    (s)    0.00    0.01
FlowSolve:  Result Norm     :    1.6276365693560118
FlowSolve:  Relative Change :    1.3789574633095571E-008
FlowSolve: 
FlowSolve: 
FlowSolve: -------------------------------------
FlowSolve:  NAVIER-STOKES ITERATION           7
FlowSolve: -------------------------------------
FlowSolve: 
FlowSolve: Starting Assembly...
FlowSolve: Assembly:
FlowSolve: Assembly done
FlowSolve: Dirichlet conditions done
BiCGStabl:        5 0.5273E-11 0.5273E-11
ComputeChange: NS (ITER=7) (NRM,RELC): (  1.6276366     0.41304330E-08 ) :: navier-stokes
FlowSolve: iter:    7 Assembly: (s)    0.00    0.03
FlowSolve: iter:    7 Solve:    (s)    0.00    0.01
FlowSolve:  Result Norm     :    1.6276365626331679
FlowSolve:  Relative Change :    4.1304330325567928E-009
FlowSolve: 
FlowSolve: 
FlowSolve: -------------------------------------
FlowSolve:  NAVIER-STOKES ITERATION           8
FlowSolve: -------------------------------------
FlowSolve: 
FlowSolve: Starting Assembly...
FlowSolve: Assembly:
FlowSolve: Assembly done
FlowSolve: Dirichlet conditions done
BiCGStabl:        4 0.3556E-11 0.3556E-11
ComputeChange: NS (ITER=8) (NRM,RELC): (  1.6276366     0.12388929E-08 ) :: navier-stokes
FlowSolve: iter:    8 Assembly: (s)    0.00    0.03
FlowSolve: iter:    8 Solve:    (s)    0.00    0.01
FlowSolve:  Result Norm     :    1.6276365606167005
FlowSolve:  Relative Change :    1.2388929353233947E-009
FlowSolve: 
FlowSolve: 
FlowSolve: -------------------------------------
FlowSolve:  NAVIER-STOKES ITERATION           9
FlowSolve: -------------------------------------
FlowSolve: 
FlowSolve: Starting Assembly...
FlowSolve: Assembly:
FlowSolve: Assembly done
FlowSolve: Dirichlet conditions done
BiCGStabl:        4 0.8218E-11 0.8218E-11
ComputeChange: NS (ITER=9) (NRM,RELC): (  1.6276366     0.37116986E-09 ) :: navier-stokes
FlowSolve: iter:    9 Assembly: (s)    0.00    0.04
FlowSolve: iter:    9 Solve:    (s)    0.00    0.02
FlowSolve:  Result Norm     :    1.6276365600125708
FlowSolve:  Relative Change :    3.7116986060440611E-010
FlowSolve: 
FlowSolve: 
FlowSolve: -------------------------------------
FlowSolve:  NAVIER-STOKES ITERATION          10
FlowSolve: -------------------------------------
FlowSolve: 
FlowSolve: Starting Assembly...
FlowSolve: Assembly:
FlowSolve: Assembly done
FlowSolve: Dirichlet conditions done
BiCGStabl:        4 0.2459E-11 0.2459E-11
ComputeChange: NS (ITER=10) (NRM,RELC): (  1.6276366     0.11134558E-09 ) :: navier-stokes
FlowSolve: iter:   10 Assembly: (s)    0.00    0.04
FlowSolve: iter:   10 Solve:    (s)    0.00    0.02
FlowSolve:  Result Norm     :    1.6276365598313407
FlowSolve:  Relative Change :    1.1134558320147425E-010
ComputeChange: SS (ITER=29) (NRM,RELC): (  1.6276452     0.28502237E-05 ) :: navier-stokes
ResultOutputSolver: -------------------------------------
ResultOutputSolver: Saving in unstructured VTK XML (.vtu) format
ResultOutputSolver: -------------------------------------
MAIN: 
MAIN: -------------------------------------
MAIN:  Steady state iteration:           30
MAIN: -------------------------------------
MAIN: 
HeatSolver: ------------------------------------------------
HeatSolver: Solving energy equation for temperature
HeatSolver: Heat solver iteration: 1
IterSolver: "Linear System GCR Restart" not given, setting it to 200
ComputeChange: NS (ITER=1) (NRM,RELC): (  300.00015     0.37762580E-10 ) :: heat equation
ComputeChange: SS (ITER=30) (NRM,RELC): (  300.00015     0.13216467E-10 ) :: heat equation
FlowSolve: 
FlowSolve: 
FlowSolve: -------------------------------------
FlowSolve:  NAVIER-STOKES ITERATION           1
FlowSolve: -------------------------------------
FlowSolve: 
FlowSolve: Starting Assembly...
FlowSolve: Assembly:
FlowSolve: Assembly done
FlowSolve: Dirichlet conditions done
BiCGStabl:        7 0.6906E-11 0.6906E-11
ComputeChange: NS (ITER=1) (NRM,RELC): (  1.6276383     0.42075995E-05 ) :: navier-stokes
FlowSolve: iter:    1 Assembly: (s)    0.00    0.00
FlowSolve: iter:    1 Solve:    (s)    0.00    0.00
FlowSolve:  Result Norm     :    1.6276383261310636
FlowSolve:  Relative Change :    4.2075994557709876E-006
FlowSolve: 
FlowSolve: 
FlowSolve: -------------------------------------
FlowSolve:  NAVIER-STOKES ITERATION           2
FlowSolve: -------------------------------------
FlowSolve: 
FlowSolve: Starting Assembly...
FlowSolve: Assembly:
FlowSolve: Assembly done
FlowSolve: Dirichlet conditions done
BiCGStabl:        7 0.6126E-11 0.6126E-11
ComputeChange: NS (ITER=2) (NRM,RELC): (  1.6276363     0.12609876E-05 ) :: navier-stokes
FlowSolve: iter:    2 Assembly: (s)    0.00    0.01
FlowSolve: iter:    2 Solve:    (s)    0.00    0.00
FlowSolve:  Result Norm     :    1.6276362737005792
FlowSolve:  Relative Change :    1.2609876196387075E-006
FlowSolve: 
FlowSolve: 
FlowSolve: -------------------------------------
FlowSolve:  NAVIER-STOKES ITERATION           3
FlowSolve: -------------------------------------
FlowSolve: 
FlowSolve: Starting Assembly...
FlowSolve: Assembly:
FlowSolve: Assembly done
FlowSolve: Dirichlet conditions done
BiCGStabl:        6 0.6818E-11 0.6818E-11
ComputeChange: NS (ITER=3) (NRM,RELC): (  1.6276357     0.37792902E-06 ) :: navier-stokes
FlowSolve: iter:    3 Assembly: (s)    0.00    0.01
FlowSolve: iter:    3 Solve:    (s)    0.00    0.01
FlowSolve:  Result Norm     :    1.6276356585697154
FlowSolve:  Relative Change :    3.7792901889605147E-007
FlowSolve: 
FlowSolve: 
FlowSolve: -------------------------------------
FlowSolve:  NAVIER-STOKES ITERATION           4
FlowSolve: -------------------------------------
FlowSolve: 
FlowSolve: Starting Assembly...
FlowSolve: Assembly:
FlowSolve: Assembly done
FlowSolve: Dirichlet conditions done
BiCGStabl:        6 0.2032E-11 0.2032E-11
ComputeChange: NS (ITER=4) (NRM,RELC): (  1.6276355     0.11327045E-06 ) :: navier-stokes
FlowSolve: iter:    4 Assembly: (s)    0.00    0.02
FlowSolve: iter:    4 Solve:    (s)    0.00    0.01
FlowSolve:  Result Norm     :    1.6276354742067007
FlowSolve:  Relative Change :    1.1327045097794676E-007
FlowSolve: 
FlowSolve: 
FlowSolve: -------------------------------------
FlowSolve:  NAVIER-STOKES ITERATION           5
FlowSolve: -------------------------------------
FlowSolve: 
FlowSolve: Starting Assembly...
FlowSolve: Assembly:
FlowSolve: Assembly done
FlowSolve: Dirichlet conditions done
BiCGStabl:        5 0.8622E-11 0.8622E-11
ComputeChange: NS (ITER=5) (NRM,RELC): (  1.6276354     0.33953450E-07 ) :: navier-stokes
FlowSolve: iter:    5 Assembly: (s)    0.00    0.02
FlowSolve: iter:    5 Solve:    (s)    0.00    0.01
FlowSolve:  Result Norm     :    1.6276354189428615
FlowSolve:  Relative Change :    3.3953450325045424E-008
FlowSolve: 
FlowSolve: 
FlowSolve: -------------------------------------
FlowSolve:  NAVIER-STOKES ITERATION           6
FlowSolve: -------------------------------------
FlowSolve: 
FlowSolve: Starting Assembly...
FlowSolve: Assembly:
FlowSolve: Assembly done
FlowSolve: Dirichlet conditions done
BiCGStabl:        5 0.8841E-11 0.8841E-11
ComputeChange: NS (ITER=6) (NRM,RELC): (  1.6276354     0.10173578E-07 ) :: navier-stokes
FlowSolve: iter:    6 Assembly: (s)    0.00    0.02
FlowSolve: iter:    6 Solve:    (s)    0.00    0.01
FlowSolve:  Result Norm     :    1.6276354023839856
FlowSolve:  Relative Change :    1.0173578012368746E-008
FlowSolve: 
FlowSolve: 
FlowSolve: -------------------------------------
FlowSolve:  NAVIER-STOKES ITERATION           7
FlowSolve: -------------------------------------
FlowSolve: 
FlowSolve: Starting Assembly...
FlowSolve: Assembly:
FlowSolve: Assembly done
FlowSolve: Dirichlet conditions done
BiCGStabl:        4 0.8564E-11 0.8564E-11
ComputeChange: NS (ITER=7) (NRM,RELC): (  1.6276354     0.30469354E-08 ) :: navier-stokes
FlowSolve: iter:    7 Assembly: (s)    0.00    0.03
FlowSolve: iter:    7 Solve:    (s)    0.00    0.01
FlowSolve:  Result Norm     :    1.6276353974246858
FlowSolve:  Relative Change :    3.0469353639980950E-009
FlowSolve: 
FlowSolve: 
FlowSolve: -------------------------------------
FlowSolve:  NAVIER-STOKES ITERATION           8
FlowSolve: -------------------------------------
FlowSolve: 
FlowSolve: Starting Assembly...
FlowSolve: Assembly:
FlowSolve: Assembly done
FlowSolve: Dirichlet conditions done
BiCGStabl:        4 0.2583E-11 0.2583E-11
ComputeChange: NS (ITER=8) (NRM,RELC): (  1.6276354     0.91353038E-09 ) :: navier-stokes
FlowSolve: iter:    8 Assembly: (s)    0.00    0.03
FlowSolve: iter:    8 Solve:    (s)    0.00    0.01
FlowSolve:  Result Norm     :    1.6276353959377914
FlowSolve:  Relative Change :    9.1353038182006586E-010
FlowSolve: 
FlowSolve: 
FlowSolve: -------------------------------------
FlowSolve:  NAVIER-STOKES ITERATION           9
FlowSolve: -------------------------------------
FlowSolve: 
FlowSolve: Starting Assembly...
FlowSolve: Assembly:
FlowSolve: Assembly done
FlowSolve: Dirichlet conditions done
BiCGStabl:        4 0.6097E-11 0.6097E-11
ComputeChange: NS (ITER=9) (NRM,RELC): (  1.6276354     0.27376579E-09 ) :: navier-stokes
FlowSolve: iter:    9 Assembly: (s)    0.00    0.03
FlowSolve: iter:    9 Solve:    (s)    0.00    0.01
FlowSolve:  Result Norm     :    1.6276353954922005
FlowSolve:  Relative Change :    2.7376579465294139E-010
FlowSolve: 
FlowSolve: 
FlowSolve: -------------------------------------
FlowSolve:  NAVIER-STOKES ITERATION          10
FlowSolve: -------------------------------------
FlowSolve: 
FlowSolve: Starting Assembly...
FlowSolve: Assembly:
FlowSolve: Assembly done
FlowSolve: Dirichlet conditions done
BiCGStabl:        3 0.7459E-11 0.7459E-11
ComputeChange: NS (ITER=10) (NRM,RELC): (  1.6276354     0.84738951E-10 ) :: navier-stokes
FlowSolve: iter:   10 Assembly: (s)    0.00    0.04
FlowSolve: iter:   10 Solve:    (s)    0.00    0.02
FlowSolve:  Result Norm     :    1.6276353953542764
FlowSolve:  Relative Change :    8.4738951340108355E-011
ComputeChange: SS (ITER=30) (NRM,RELC): (  1.6276418     0.21029691E-05 ) :: navier-stokes
ResultOutputSolver: -------------------------------------
ResultOutputSolver: Saving in unstructured VTK XML (.vtu) format
ResultOutputSolver: -------------------------------------
MAIN: 
MAIN: -------------------------------------
MAIN:  Steady state iteration:           31
MAIN: -------------------------------------
MAIN: 
HeatSolver: ------------------------------------------------
HeatSolver: Solving energy equation for temperature
HeatSolver: Heat solver iteration: 1
IterSolver: "Linear System GCR Restart" not given, setting it to 200
ComputeChange: NS (ITER=1) (NRM,RELC): (  300.00015     0.30244852E-10 ) :: heat equation
ComputeChange: SS (ITER=31) (NRM,RELC): (  300.00015     0.10585945E-10 ) :: heat equation
FlowSolve: 
FlowSolve: 
FlowSolve: -------------------------------------
FlowSolve:  NAVIER-STOKES ITERATION           1
FlowSolve: -------------------------------------
FlowSolve: 
FlowSolve: Starting Assembly...
FlowSolve: Assembly:
FlowSolve: Assembly done
FlowSolve: Dirichlet conditions done
BiCGStabl:        7 0.5435E-11 0.5435E-11
ComputeChange: NS (ITER=1) (NRM,RELC): (  1.6276369     0.29579034E-05 ) :: navier-stokes
FlowSolve: iter:    1 Assembly: (s)    0.00    0.00
FlowSolve: iter:    1 Solve:    (s)    0.00    0.00
FlowSolve:  Result Norm     :    1.6276369373116706
FlowSolve:  Relative Change :    2.9579034485920920E-006
FlowSolve: 
FlowSolve: 
FlowSolve: -------------------------------------
FlowSolve:  NAVIER-STOKES ITERATION           2
FlowSolve: -------------------------------------
FlowSolve: 
FlowSolve: Starting Assembly...
FlowSolve: Assembly:
FlowSolve: Assembly done
FlowSolve: Dirichlet conditions done
BiCGStabl:        7 0.9746E-11 0.9746E-11
ComputeChange: NS (ITER=2) (NRM,RELC): (  1.6276355     0.88642187E-06 ) :: navier-stokes
FlowSolve: iter:    2 Assembly: (s)    0.00    0.01
FlowSolve: iter:    2 Solve:    (s)    0.00    0.00
FlowSolve:  Result Norm     :    1.6276354945393261
FlowSolve:  Relative Change :    8.8642187386075651E-007
FlowSolve: 
FlowSolve: 
FlowSolve: -------------------------------------
FlowSolve:  NAVIER-STOKES ITERATION           3
FlowSolve: -------------------------------------
FlowSolve: 
FlowSolve: Starting Assembly...
FlowSolve: Assembly:
FlowSolve: Assembly done
FlowSolve: Dirichlet conditions done
BiCGStabl:        6 0.5671E-11 0.5671E-11
ComputeChange: NS (ITER=3) (NRM,RELC): (  1.6276351     0.26565229E-06 ) :: navier-stokes
FlowSolve: iter:    3 Assembly: (s)    0.00    0.01
FlowSolve: iter:    3 Solve:    (s)    0.00    0.01
FlowSolve:  Result Norm     :    1.6276350621542919
FlowSolve:  Relative Change :    2.6565228707782564E-007
FlowSolve: 
FlowSolve: 
FlowSolve: -------------------------------------
FlowSolve:  NAVIER-STOKES ITERATION           4
FlowSolve: -------------------------------------
FlowSolve: 
FlowSolve: Starting Assembly...
FlowSolve: Assembly:
FlowSolve: Assembly done
FlowSolve: Dirichlet conditions done
BiCGStabl:        6 0.9023E-11 0.9023E-11
ComputeChange: NS (ITER=4) (NRM,RELC): (  1.6276349     0.79615887E-07 ) :: navier-stokes
FlowSolve: iter:    4 Assembly: (s)    0.00    0.02
FlowSolve: iter:    4 Solve:    (s)    0.00    0.01
FlowSolve:  Result Norm     :    1.6276349325686883
FlowSolve:  Relative Change :    7.9615886725877378E-008
FlowSolve: 
FlowSolve: 
FlowSolve: -------------------------------------
FlowSolve:  NAVIER-STOKES ITERATION           5
FlowSolve: -------------------------------------
FlowSolve: 
FlowSolve: Starting Assembly...
FlowSolve: Assembly:
FlowSolve: Assembly done
FlowSolve: Dirichlet conditions done
BiCGStabl:        5 0.8402E-11 0.8402E-11
ComputeChange: NS (ITER=5) (NRM,RELC): (  1.6276349     0.23863060E-07 ) :: navier-stokes
FlowSolve: iter:    5 Assembly: (s)    0.00    0.02
FlowSolve: iter:    5 Solve:    (s)    0.00    0.01
FlowSolve:  Result Norm     :    1.6276348937283389
FlowSolve:  Relative Change :    2.3863059871357708E-008
FlowSolve: 
FlowSolve: 
FlowSolve: -------------------------------------
FlowSolve:  NAVIER-STOKES ITERATION           6
FlowSolve: -------------------------------------
FlowSolve: 
FlowSolve: Starting Assembly...
FlowSolve: Assembly:
FlowSolve: Assembly done
FlowSolve: Dirichlet conditions done
BiCGStabl:        5 0.7346E-11 0.7346E-11
ComputeChange: NS (ITER=6) (NRM,RELC): (  1.6276349     0.71491154E-08 ) :: navier-stokes
FlowSolve: iter:    6 Assembly: (s)    0.00    0.02
FlowSolve: iter:    6 Solve:    (s)    0.00    0.01
FlowSolve:  Result Norm     :    1.6276348820921893
FlowSolve:  Relative Change :    7.1491153733901940E-009
FlowSolve: 
FlowSolve: 
FlowSolve: -------------------------------------
FlowSolve:  NAVIER-STOKES ITERATION           7
FlowSolve: -------------------------------------
FlowSolve: 
FlowSolve: Starting Assembly...
FlowSolve: Assembly:
FlowSolve: Assembly done
FlowSolve: Dirichlet conditions done
BiCGStabl:        4 0.6305E-11 0.6305E-11
ComputeChange: NS (ITER=7) (NRM,RELC): (  1.6276349     0.21402716E-08 ) :: navier-stokes
FlowSolve: iter:    7 Assembly: (s)    0.00    0.03
FlowSolve: iter:    7 Solve:    (s)    0.00    0.01
FlowSolve:  Result Norm     :    1.6276348786086086
FlowSolve:  Relative Change :    2.1402716292495273E-009
FlowSolve: 
FlowSolve: 
FlowSolve: -------------------------------------
FlowSolve:  NAVIER-STOKES ITERATION           8
FlowSolve: -------------------------------------
FlowSolve: 
FlowSolve: Starting Assembly...
FlowSolve: Assembly:
FlowSolve: Assembly done
FlowSolve: Dirichlet conditions done
BiCGStabl:        4 0.1902E-11 0.1902E-11
ComputeChange: NS (ITER=8) (NRM,RELC): (  1.6276349     0.64186050E-09 ) :: navier-stokes
FlowSolve: iter:    8 Assembly: (s)    0.00    0.03
FlowSolve: iter:    8 Solve:    (s)    0.00    0.01
FlowSolve:  Result Norm     :    1.6276348775638940
FlowSolve:  Relative Change :    6.4186050026779584E-010
FlowSolve: 
FlowSolve: 
FlowSolve: -------------------------------------
FlowSolve:  NAVIER-STOKES ITERATION           9
FlowSolve: -------------------------------------
FlowSolve: 
FlowSolve: Starting Assembly...
FlowSolve: Assembly:
FlowSolve: Assembly done
FlowSolve: Dirichlet conditions done
BiCGStabl:        4 0.4528E-11 0.4528E-11
ComputeChange: NS (ITER=9) (NRM,RELC): (  1.6276349     0.19238260E-09 ) :: navier-stokes
FlowSolve: iter:    9 Assembly: (s)    0.00    0.03
FlowSolve: iter:    9 Solve:    (s)    0.00    0.01
FlowSolve:  Result Norm     :    1.6276348772507654
FlowSolve:  Relative Change :    1.9238260280566939E-010
FlowSolve: 
FlowSolve: 
FlowSolve: -------------------------------------
FlowSolve:  NAVIER-STOKES ITERATION          10
FlowSolve: -------------------------------------
FlowSolve: 
FlowSolve: Starting Assembly...
FlowSolve: Assembly:
FlowSolve: Assembly done
FlowSolve: Dirichlet conditions done
BiCGStabl:        3 0.5463E-11 0.5463E-11
ComputeChange: NS (ITER=10) (NRM,RELC): (  1.6276349     0.59630850E-10 ) :: navier-stokes
FlowSolve: iter:   10 Assembly: (s)    0.00    0.04
FlowSolve: iter:   10 Solve:    (s)    0.00    0.02
FlowSolve:  Result Norm     :    1.6276348771537081
FlowSolve:  Relative Change :    5.9630849943323075E-011
ComputeChange: SS (ITER=31) (NRM,RELC): (  1.6276393     0.14783201E-05 ) :: navier-stokes
ResultOutputSolver: -------------------------------------
ResultOutputSolver: Saving in unstructured VTK XML (.vtu) format
ResultOutputSolver: -------------------------------------
MAIN: 
MAIN: -------------------------------------
MAIN:  Steady state iteration:           32
MAIN: -------------------------------------
MAIN: 
HeatSolver: ------------------------------------------------
HeatSolver: Solving energy equation for temperature
HeatSolver: Heat solver iteration: 1
IterSolver: "Linear System GCR Restart" not given, setting it to 200
ComputeChange: NS (ITER=1) (NRM,RELC): (  300.00015     0.26081642E-10 ) :: heat equation
ComputeChange: SS (ITER=32) (NRM,RELC): (  300.00015     0.91282905E-11 ) :: heat equation
FlowSolve: 
FlowSolve: 
FlowSolve: -------------------------------------
FlowSolve:  NAVIER-STOKES ITERATION           1
FlowSolve: -------------------------------------
FlowSolve: 
FlowSolve: Starting Assembly...
FlowSolve: Assembly:
FlowSolve: Assembly done
FlowSolve: Dirichlet conditions done
BiCGStabl:        7 0.4110E-11 0.4110E-11
ComputeChange: NS (ITER=1) (NRM,RELC): (  1.6276361     0.19816344E-05 ) :: navier-stokes
FlowSolve: iter:    1 Assembly: (s)    0.00    0.00
FlowSolve: iter:    1 Solve:    (s)    0.00    0.00
FlowSolve:  Result Norm     :    1.6276361201551637
FlowSolve:  Relative Change :    1.9816343726737503E-006
FlowSolve: 
FlowSolve: 
FlowSolve: -------------------------------------
FlowSolve:  NAVIER-STOKES ITERATION           2
FlowSolve: -------------------------------------
FlowSolve: 
FlowSolve: Starting Assembly...
FlowSolve: Assembly:
FlowSolve: Assembly done
FlowSolve: Dirichlet conditions done
BiCGStabl:        7 0.7782E-11 0.7782E-11
ComputeChange: NS (ITER=2) (NRM,RELC): (  1.6276352     0.59378730E-06 ) :: navier-stokes
FlowSolve: iter:    2 Assembly: (s)    0.00    0.01
FlowSolve: iter:    2 Solve:    (s)    0.00    0.00
FlowSolve:  Result Norm     :    1.6276351536857969
FlowSolve:  Relative Change :    5.9378729786685861E-007
FlowSolve: 
FlowSolve: 
FlowSolve: -------------------------------------
FlowSolve:  NAVIER-STOKES ITERATION           3
FlowSolve: -------------------------------------
FlowSolve: 
FlowSolve: Starting Assembly...
FlowSolve: Assembly:
FlowSolve: Assembly done
FlowSolve: Dirichlet conditions done
BiCGStabl:        6 0.4667E-11 0.4667E-11
ComputeChange: NS (ITER=3) (NRM,RELC): (  1.6276349     0.17793049E-06 ) :: navier-stokes
FlowSolve: iter:    3 Assembly: (s)    0.00    0.01
FlowSolve: iter:    3 Solve:    (s)    0.00    0.01
FlowSolve:  Result Norm     :    1.6276348640798999
FlowSolve:  Relative Change :    1.7793049145593583E-007
FlowSolve: 
FlowSolve: 
FlowSolve: -------------------------------------
FlowSolve:  NAVIER-STOKES ITERATION           4
FlowSolve: -------------------------------------
FlowSolve: 
FlowSolve: Starting Assembly...
FlowSolve: Assembly:
FlowSolve: Assembly done
FlowSolve: Dirichlet conditions done
BiCGStabl:        6 0.9588E-11 0.9588E-11
ComputeChange: NS (ITER=4) (NRM,RELC): (  1.6276348     0.53318338E-07 ) :: navier-stokes
FlowSolve: iter:    4 Assembly: (s)    0.00    0.02
FlowSolve: iter:    4 Solve:    (s)    0.00    0.01
FlowSolve:  Result Norm     :    1.6276347772971169
FlowSolve:  Relative Change :    5.3318337661948916E-008
FlowSolve: 
FlowSolve: 
FlowSolve: -------------------------------------
FlowSolve:  NAVIER-STOKES ITERATION           5
FlowSolve: -------------------------------------
FlowSolve: 
FlowSolve: Starting Assembly...
FlowSolve: Assembly:
FlowSolve: Assembly done
FlowSolve: Dirichlet conditions done
BiCGStabl:        5 0.6928E-11 0.6928E-11
ComputeChange: NS (ITER=5) (NRM,RELC): (  1.6276348     0.15980087E-07 ) :: navier-stokes
FlowSolve: iter:    5 Assembly: (s)    0.00    0.02
FlowSolve: iter:    5 Solve:    (s)    0.00    0.01
FlowSolve:  Result Norm     :    1.6276347512873715
FlowSolve:  Relative Change :    1.5980087203300649E-008
FlowSolve: 
FlowSolve: 
FlowSolve: -------------------------------------
FlowSolve:  NAVIER-STOKES ITERATION           6
FlowSolve: -------------------------------------
FlowSolve: 
FlowSolve: Starting Assembly...
FlowSolve: Assembly:
FlowSolve: Assembly done
FlowSolve: Dirichlet conditions done
BiCGStabl:        5 0.7993E-11 0.7993E-11
ComputeChange: NS (ITER=6) (NRM,RELC): (  1.6276347     0.47827943E-08 ) :: navier-stokes
FlowSolve: iter:    6 Assembly: (s)    0.00    0.02
FlowSolve: iter:    6 Solve:    (s)    0.00    0.01
FlowSolve:  Result Norm     :    1.6276347435027292
FlowSolve:  Relative Change :    4.7827943441244281E-009
FlowSolve: 
FlowSolve: 
FlowSolve: -------------------------------------
FlowSolve:  NAVIER-STOKES ITERATION           7
FlowSolve: -------------------------------------
FlowSolve: 
FlowSolve: Starting Assembly...
FlowSolve: Assembly:
FlowSolve: Assembly done
FlowSolve: Dirichlet conditions done
BiCGStabl:        4 0.4709E-11 0.4709E-11
ComputeChange: NS (ITER=7) (NRM,RELC): (  1.6276347     0.14348629E-08 ) :: navier-stokes
FlowSolve: iter:    7 Assembly: (s)    0.00    0.03
FlowSolve: iter:    7 Solve:    (s)    0.00    0.01
FlowSolve:  Result Norm     :    1.6276347411672965
FlowSolve:  Relative Change :    1.4348629181623003E-009
FlowSolve: 
FlowSolve: 
FlowSolve: -------------------------------------
FlowSolve:  NAVIER-STOKES ITERATION           8
FlowSolve: -------------------------------------
FlowSolve: 
FlowSolve: Starting Assembly...
FlowSolve: Assembly:
FlowSolve: Assembly done
FlowSolve: Dirichlet conditions done
BiCGStabl:        4 0.1421E-11 0.1421E-11
ComputeChange: NS (ITER=8) (NRM,RELC): (  1.6276347     0.43039296E-09 ) :: navier-stokes
FlowSolve: iter:    8 Assembly: (s)    0.00    0.03
FlowSolve: iter:    8 Solve:    (s)    0.00    0.01
FlowSolve:  Result Norm     :    1.6276347404667739
FlowSolve:  Relative Change :    4.3039295691243484E-010
FlowSolve: 
FlowSolve: 
FlowSolve: -------------------------------------
FlowSolve:  NAVIER-STOKES ITERATION           9
FlowSolve: -------------------------------------
FlowSolve: 
FlowSolve: Starting Assembly...
FlowSolve: Assembly:
FlowSolve: Assembly done
FlowSolve: Dirichlet conditions done
BiCGStabl:        4 0.3353E-11 0.3353E-11
ComputeChange: NS (ITER=9) (NRM,RELC): (  1.6276347     0.12900972E-09 ) :: navier-stokes
FlowSolve: iter:    9 Assembly: (s)    0.00    0.03
FlowSolve: iter:    9 Solve:    (s)    0.00    0.01
FlowSolve:  Result Norm     :    1.6276347402567932
FlowSolve:  Relative Change :    1.2900971838938254E-010
FlowSolve: 
FlowSolve: 
FlowSolve: -------------------------------------
FlowSolve:  NAVIER-STOKES ITERATION          10
FlowSolve: -------------------------------------
FlowSolve: 
FlowSolve: Starting Assembly...
FlowSolve: Assembly:
FlowSolve: Assembly done
FlowSolve: Dirichlet conditions done
BiCGStabl:        3 0.4057E-11 0.4057E-11
ComputeChange: NS (ITER=10) (NRM,RELC): (  1.6276347     0.40124197E-10 ) :: navier-stokes
FlowSolve: iter:   10 Assembly: (s)    0.00    0.04
FlowSolve: iter:   10 Solve:    (s)    0.00    0.02
FlowSolve:  Result Norm     :    1.6276347401914857
FlowSolve:  Relative Change :    4.0124197119896733E-011
ComputeChange: SS (ITER=32) (NRM,RELC): (  1.6276377     0.99033817E-06 ) :: navier-stokes
ResultOutputSolver: -------------------------------------
ResultOutputSolver: Saving in unstructured VTK XML (.vtu) format
ResultOutputSolver: -------------------------------------
MAIN: 
MAIN: -------------------------------------
MAIN:  Steady state iteration:           33
MAIN: -------------------------------------
MAIN: 
HeatSolver: ------------------------------------------------
HeatSolver: Solving energy equation for temperature
HeatSolver: Heat solver iteration: 1
IterSolver: "Linear System GCR Restart" not given, setting it to 200
ComputeChange: NS (ITER=1) (NRM,RELC): (  300.00015     0.22156985E-10 ) :: heat equation
ComputeChange: SS (ITER=33) (NRM,RELC): (  300.00015     0.77543858E-11 ) :: heat equation
FlowSolve: 
FlowSolve: 
FlowSolve: -------------------------------------
FlowSolve:  NAVIER-STOKES ITERATION           1
FlowSolve: -------------------------------------
FlowSolve: 
FlowSolve: Starting Assembly...
FlowSolve: Assembly:
FlowSolve: Assembly done
FlowSolve: Dirichlet conditions done
BiCGStabl:        7 0.2983E-11 0.2983E-11
ComputeChange: NS (ITER=1) (NRM,RELC): (  1.6276357     0.12551689E-05 ) :: navier-stokes
FlowSolve: iter:    1 Assembly: (s)    0.00    0.00
FlowSolve: iter:    1 Solve:    (s)    0.00    0.00
FlowSolve:  Result Norm     :    1.6276356906664382
FlowSolve:  Relative Change :    1.2551689325782319E-006
FlowSolve: 
FlowSolve: 
FlowSolve: -------------------------------------
FlowSolve:  NAVIER-STOKES ITERATION           2
FlowSolve: -------------------------------------
FlowSolve: 
FlowSolve: Starting Assembly...
FlowSolve: Assembly:
FlowSolve: Assembly done
FlowSolve: Dirichlet conditions done
BiCGStabl:        7 0.6294E-11 0.6294E-11
ComputeChange: NS (ITER=2) (NRM,RELC): (  1.6276351     0.37602669E-06 ) :: navier-stokes
FlowSolve: iter:    2 Assembly: (s)    0.00    0.01
FlowSolve: iter:    2 Solve:    (s)    0.00    0.00
FlowSolve:  Result Norm     :    1.6276350786320877
FlowSolve:  Relative Change :    3.7602669265220614E-007
FlowSolve: 
FlowSolve: 
FlowSolve: -------------------------------------
FlowSolve:  NAVIER-STOKES ITERATION           3
FlowSolve: -------------------------------------
FlowSolve: 
FlowSolve: Starting Assembly...
FlowSolve: Assembly:
FlowSolve: Assembly done
FlowSolve: Dirichlet conditions done
BiCGStabl:        6 0.3781E-11 0.3781E-11
ComputeChange: NS (ITER=3) (NRM,RELC): (  1.6276349     0.11265332E-06 ) :: navier-stokes
FlowSolve: iter:    3 Assembly: (s)    0.00    0.01
FlowSolve: iter:    3 Solve:    (s)    0.00    0.01
FlowSolve:  Result Norm     :    1.6276348952736088
FlowSolve:  Relative Change :    1.1265331620078080E-007
FlowSolve: 
FlowSolve: 
FlowSolve: -------------------------------------
FlowSolve:  NAVIER-STOKES ITERATION           4
FlowSolve: -------------------------------------
FlowSolve: 
FlowSolve: Starting Assembly...
FlowSolve: Assembly:
FlowSolve: Assembly done
FlowSolve: Dirichlet conditions done
BiCGStabl:        6 0.6423E-11 0.6423E-11
ComputeChange: NS (ITER=4) (NRM,RELC): (  1.6276348     0.33750114E-07 ) :: navier-stokes
FlowSolve: iter:    4 Assembly: (s)    0.00    0.02
FlowSolve: iter:    4 Solve:    (s)    0.00    0.01
FlowSolve:  Result Norm     :    1.6276348403407472
FlowSolve:  Relative Change :    3.3750113541661920E-008
FlowSolve: 
FlowSolve: 
FlowSolve: -------------------------------------
FlowSolve:  NAVIER-STOKES ITERATION           5
FlowSolve: -------------------------------------
FlowSolve: 
FlowSolve: Starting Assembly...
FlowSolve: Assembly:
FlowSolve: Assembly done
FlowSolve: Dirichlet conditions done
BiCGStabl:        5 0.5273E-11 0.5273E-11
ComputeChange: NS (ITER=5) (NRM,RELC): (  1.6276348     0.10113417E-07 ) :: navier-stokes
FlowSolve: iter:    5 Assembly: (s)    0.00    0.02
FlowSolve: iter:    5 Solve:    (s)    0.00    0.01
FlowSolve:  Result Norm     :    1.6276348238797982
FlowSolve:  Relative Change :    1.0113416549913878E-008
FlowSolve: 
FlowSolve: 
FlowSolve: -------------------------------------
FlowSolve:  NAVIER-STOKES ITERATION           6
FlowSolve: -------------------------------------
FlowSolve: 
FlowSolve: Starting Assembly...
FlowSolve: Assembly:
FlowSolve: Assembly done
FlowSolve: Dirichlet conditions done
BiCGStabl:        5 0.6091E-11 0.6091E-11
ComputeChange: NS (ITER=6) (NRM,RELC): (  1.6276348     0.30252801E-08 ) :: navier-stokes
FlowSolve: iter:    6 Assembly: (s)    0.00    0.02
FlowSolve: iter:    6 Solve:    (s)    0.00    0.01
FlowSolve:  Result Norm     :    1.6276348189557470
FlowSolve:  Relative Change :    3.0252800579193272E-009
FlowSolve: 
FlowSolve: 
FlowSolve: -------------------------------------
FlowSolve:  NAVIER-STOKES ITERATION           7
FlowSolve: -------------------------------------
FlowSolve: 
FlowSolve: Starting Assembly...
FlowSolve: Assembly:
FlowSolve: Assembly done
FlowSolve: Dirichlet conditions done
BiCGStabl:        4 0.3568E-11 0.3568E-11
ComputeChange: NS (ITER=7) (NRM,RELC): (  1.6276348     0.90771246E-09 ) :: navier-stokes
FlowSolve: iter:    7 Assembly: (s)    0.00    0.03
FlowSolve: iter:    7 Solve:    (s)    0.00    0.01
FlowSolve:  Result Norm     :    1.6276348174783226
FlowSolve:  Relative Change :    9.0771246013097605E-010
FlowSolve: 
FlowSolve: 
FlowSolve: -------------------------------------
FlowSolve:  NAVIER-STOKES ITERATION           8
FlowSolve: -------------------------------------
FlowSolve: 
FlowSolve: Starting Assembly...
FlowSolve: Assembly:
FlowSolve: Assembly done
FlowSolve: Dirichlet conditions done
BiCGStabl:        4 0.8241E-11 0.8241E-11
ComputeChange: NS (ITER=8) (NRM,RELC): (  1.6276348     0.27209350E-09 ) :: navier-stokes
FlowSolve: iter:    8 Assembly: (s)    0.00    0.03
FlowSolve: iter:    8 Solve:    (s)    0.00    0.01
FlowSolve:  Result Norm     :    1.6276348170354538
FlowSolve:  Relative Change :    2.7209349911043163E-010
FlowSolve: 
FlowSolve: 
FlowSolve: -------------------------------------
FlowSolve:  NAVIER-STOKES ITERATION           9
FlowSolve: -------------------------------------
FlowSolve: 
FlowSolve: Starting Assembly...
FlowSolve: Assembly:
FlowSolve: Assembly done
FlowSolve: Dirichlet conditions done
BiCGStabl:        4 0.2464E-11 0.2464E-11
ComputeChange: NS (ITER=9) (NRM,RELC): (  1.6276348     0.81803597E-10 ) :: navier-stokes
FlowSolve: iter:    9 Assembly: (s)    0.00    0.03
FlowSolve: iter:    9 Solve:    (s)    0.00    0.01
FlowSolve:  Result Norm     :    1.6276348169023074
FlowSolve:  Relative Change :    8.1803597109081503E-011
ComputeChange: SS (ITER=33) (NRM,RELC): (  1.6276367     0.62721283E-06 ) :: navier-stokes
ResultOutputSolver: -------------------------------------
ResultOutputSolver: Saving in unstructured VTK XML (.vtu) format
ResultOutputSolver: -------------------------------------
MAIN: 
MAIN: -------------------------------------
MAIN:  Steady state iteration:           34
MAIN: -------------------------------------
MAIN: 
HeatSolver: ------------------------------------------------
HeatSolver: Solving energy equation for temperature
HeatSolver: Heat solver iteration: 1
IterSolver: "Linear System GCR Restart" not given, setting it to 200
ComputeChange: NS (ITER=1) (NRM,RELC): (  300.00015     0.18599157E-10 ) :: heat equation
ComputeChange: SS (ITER=34) (NRM,RELC): (  300.00015     0.65098945E-11 ) :: heat equation
FlowSolve: 
FlowSolve: 
FlowSolve: -------------------------------------
FlowSolve:  NAVIER-STOKES ITERATION           1
FlowSolve: -------------------------------------
FlowSolve: 
FlowSolve: Starting Assembly...
FlowSolve: Assembly:
FlowSolve: Assembly done
FlowSolve: Dirichlet conditions done
BiCGStabl:        7 0.2106E-11 0.2106E-11
ComputeChange: NS (ITER=1) (NRM,RELC): (  1.6276355     0.73685545E-06 ) :: navier-stokes
FlowSolve: iter:    1 Assembly: (s)    0.00    0.00
FlowSolve: iter:    1 Solve:    (s)    0.00    0.00
FlowSolve:  Result Norm     :    1.6276355134179810
FlowSolve:  Relative Change :    7.3685545263531840E-007
FlowSolve: 
FlowSolve: 
FlowSolve: -------------------------------------
FlowSolve:  NAVIER-STOKES ITERATION           2
FlowSolve: -------------------------------------
FlowSolve: 
FlowSolve: Starting Assembly...
FlowSolve: Assembly:
FlowSolve: Assembly done
FlowSolve: Dirichlet conditions done
BiCGStabl:        7 0.5135E-11 0.5135E-11
ComputeChange: NS (ITER=2) (NRM,RELC): (  1.6276352     0.22066425E-06 ) :: navier-stokes
FlowSolve: iter:    2 Assembly: (s)    0.00    0.01
FlowSolve: iter:    2 Solve:    (s)    0.00    0.00
FlowSolve:  Result Norm     :    1.6276351542570549
FlowSolve:  Relative Change :    2.2066424747876342E-007
FlowSolve: 
FlowSolve: 
FlowSolve: -------------------------------------
FlowSolve:  NAVIER-STOKES ITERATION           3
FlowSolve: -------------------------------------
FlowSolve: 
FlowSolve: Starting Assembly...
FlowSolve: Assembly:
FlowSolve: Assembly done
FlowSolve: Dirichlet conditions done
BiCGStabl:        6 0.3030E-11 0.3030E-11
ComputeChange: NS (ITER=3) (NRM,RELC): (  1.6276350     0.66082690E-07 ) :: navier-stokes
FlowSolve: iter:    3 Assembly: (s)    0.00    0.01
FlowSolve: iter:    3 Solve:    (s)    0.00    0.01
FlowSolve:  Result Norm     :    1.6276350466985499
FlowSolve:  Relative Change :    6.6082689516753897E-008
FlowSolve: 
FlowSolve: 
FlowSolve: -------------------------------------
FlowSolve:  NAVIER-STOKES ITERATION           4
FlowSolve: -------------------------------------
FlowSolve: 
FlowSolve: Starting Assembly...
FlowSolve: Assembly:
FlowSolve: Assembly done
FlowSolve: Dirichlet conditions done
BiCGStabl:        6 0.4395E-11 0.4395E-11
ComputeChange: NS (ITER=4) (NRM,RELC): (  1.6276350     0.19790116E-07 ) :: navier-stokes
FlowSolve: iter:    4 Assembly: (s)    0.00    0.02
FlowSolve: iter:    4 Solve:    (s)    0.00    0.01
FlowSolve:  Result Norm     :    1.6276350144874645
FlowSolve:  Relative Change :    1.9790115565911163E-008
FlowSolve: 
FlowSolve: 
FlowSolve: -------------------------------------
FlowSolve:  NAVIER-STOKES ITERATION           5
FlowSolve: -------------------------------------
FlowSolve: 
FlowSolve: Starting Assembly...
FlowSolve: Assembly:
FlowSolve: Assembly done
FlowSolve: Dirichlet conditions done
BiCGStabl:        5 0.9056E-11 0.9056E-11
ComputeChange: NS (ITER=5) (NRM,RELC): (  1.6276350     0.59290378E-08 ) :: navier-stokes
FlowSolve: iter:    5 Assembly: (s)    0.00    0.02
FlowSolve: iter:    5 Solve:    (s)    0.00    0.01
FlowSolve:  Result Norm     :    1.6276350048371551
FlowSolve:  Relative Change :    5.9290377653203736E-009
FlowSolve: 
FlowSolve: 
FlowSolve: -------------------------------------
FlowSolve:  NAVIER-STOKES ITERATION           6
FlowSolve: -------------------------------------
FlowSolve: 
FlowSolve: Starting Assembly...
FlowSolve: Assembly:
FlowSolve: Assembly done
FlowSolve: Dirichlet conditions done
BiCGStabl:        4 0.9058E-11 0.9058E-11
ComputeChange: NS (ITER=6) (NRM,RELC): (  1.6276350     0.17712496E-08 ) :: navier-stokes
FlowSolve: iter:    6 Assembly: (s)    0.00    0.02
FlowSolve: iter:    6 Solve:    (s)    0.00    0.01
FlowSolve:  Result Norm     :    1.6276350019542072
FlowSolve:  Relative Change :    1.7712496194835138E-009
FlowSolve: 
FlowSolve: 
FlowSolve: -------------------------------------
FlowSolve:  NAVIER-STOKES ITERATION           7
FlowSolve: -------------------------------------
FlowSolve: 
FlowSolve: Starting Assembly...
FlowSolve: Assembly:
FlowSolve: Assembly done
FlowSolve: Dirichlet conditions done
BiCGStabl:        4 0.2732E-11 0.2732E-11
ComputeChange: NS (ITER=7) (NRM,RELC): (  1.6276350     0.53146903E-09 ) :: navier-stokes
FlowSolve: iter:    7 Assembly: (s)    0.00    0.03
FlowSolve: iter:    7 Solve:    (s)    0.00    0.01
FlowSolve:  Result Norm     :    1.6276350010891696
FlowSolve:  Relative Change :    5.3146903101734917E-010
FlowSolve: 
FlowSolve: 
FlowSolve: -------------------------------------
FlowSolve:  NAVIER-STOKES ITERATION           8
FlowSolve: -------------------------------------
FlowSolve: 
FlowSolve: Starting Assembly...
FlowSolve: Assembly:
FlowSolve: Assembly done
FlowSolve: Dirichlet conditions done
BiCGStabl:        4 0.6031E-11 0.6031E-11
ComputeChange: NS (ITER=8) (NRM,RELC): (  1.6276350     0.15930062E-09 ) :: navier-stokes
FlowSolve: iter:    8 Assembly: (s)    0.00    0.03
FlowSolve: iter:    8 Solve:    (s)    0.00    0.01
FlowSolve:  Result Norm     :    1.6276350008298863
FlowSolve:  Relative Change :    1.5930061799785888E-010
FlowSolve: 
FlowSolve: 
FlowSolve: -------------------------------------
FlowSolve:  NAVIER-STOKES ITERATION           9
FlowSolve: -------------------------------------
FlowSolve: 
FlowSolve: Starting Assembly...
FlowSolve: Assembly:
FlowSolve: Assembly done
FlowSolve: Dirichlet conditions done
BiCGStabl:        3 0.7814E-11 0.7814E-11
ComputeChange: NS (ITER=9) (NRM,RELC): (  1.6276350     0.50477091E-10 ) :: navier-stokes
FlowSolve: iter:    9 Assembly: (s)    0.00    0.03
FlowSolve: iter:    9 Solve:    (s)    0.00    0.01
FlowSolve:  Result Norm     :    1.6276350007477280
FlowSolve:  Relative Change :    5.0477091079562856E-011
ComputeChange: SS (ITER=34) (NRM,RELC): (  1.6276361     0.36814892E-06 ) :: navier-stokes
ResultOutputSolver: -------------------------------------
ResultOutputSolver: Saving in unstructured VTK XML (.vtu) format
ResultOutputSolver: -------------------------------------
MAIN: 
MAIN: -------------------------------------
MAIN:  Steady state iteration:           35
MAIN: -------------------------------------
MAIN: 
HeatSolver: ------------------------------------------------
HeatSolver: Solving energy equation for temperature
HeatSolver: Heat solver iteration: 1
IterSolver: "Linear System GCR Restart" not given, setting it to 200
ComputeChange: NS (ITER=1) (NRM,RELC): (  300.00015     0.14536560E-10 ) :: heat equation
ComputeChange: SS (ITER=35) (NRM,RELC): (  300.00015     0.50874834E-11 ) :: heat equation
FlowSolve: 
FlowSolve: 
FlowSolve: -------------------------------------
FlowSolve:  NAVIER-STOKES ITERATION           1
FlowSolve: -------------------------------------
FlowSolve: 
FlowSolve: Starting Assembly...
FlowSolve: Assembly:
FlowSolve: Assembly done
FlowSolve: Dirichlet conditions done
BiCGStabl:        7 0.9443E-11 0.9443E-11
ComputeChange: NS (ITER=1) (NRM,RELC): (  1.6276355     0.37858781E-06 ) :: navier-stokes
FlowSolve: iter:    1 Assembly: (s)    0.00    0.00
FlowSolve: iter:    1 Solve:    (s)    0.00    0.00
FlowSolve:  Result Norm     :    1.6276354973348515
FlowSolve:  Relative Change :    3.7858781351767950E-007
FlowSolve: 
FlowSolve: 
FlowSolve: -------------------------------------
FlowSolve:  NAVIER-STOKES ITERATION           2
FlowSolve: -------------------------------------
FlowSolve: 
FlowSolve: Starting Assembly...
FlowSolve: Assembly:
FlowSolve: Assembly done
FlowSolve: Dirichlet conditions done
BiCGStabl:        6 0.8021E-11 0.8021E-11
ComputeChange: NS (ITER=2) (NRM,RELC): (  1.6276353     0.11328020E-06 ) :: navier-stokes
FlowSolve: iter:    2 Assembly: (s)    0.00    0.01
FlowSolve: iter:    2 Solve:    (s)    0.00    0.00
FlowSolve:  Result Norm     :    1.6276353129559888
FlowSolve:  Relative Change :    1.1328019901708407E-007
FlowSolve: 
FlowSolve: 
FlowSolve: -------------------------------------
FlowSolve:  NAVIER-STOKES ITERATION           3
FlowSolve: -------------------------------------
FlowSolve: 
FlowSolve: Starting Assembly...
FlowSolve: Assembly:
FlowSolve: Assembly done
FlowSolve: Dirichlet conditions done
BiCGStabl:        6 0.7139E-11 0.7139E-11
ComputeChange: NS (ITER=3) (NRM,RELC): (  1.6276353     0.33896650E-07 ) :: navier-stokes
FlowSolve: iter:    3 Assembly: (s)    0.00    0.01
FlowSolve: iter:    3 Solve:    (s)    0.00    0.01
FlowSolve:  Result Norm     :    1.6276352577846058
FlowSolve:  Relative Change :    3.3896649644789312E-008
FlowSolve: 
FlowSolve: 
FlowSolve: -------------------------------------
FlowSolve:  NAVIER-STOKES ITERATION           4
FlowSolve: -------------------------------------
FlowSolve: 
FlowSolve: Starting Assembly...
FlowSolve: Assembly:
FlowSolve: Assembly done
FlowSolve: Dirichlet conditions done
BiCGStabl:        5 0.9058E-11 0.9058E-11
ComputeChange: NS (ITER=4) (NRM,RELC): (  1.6276352     0.10145905E-07 ) :: navier-stokes
FlowSolve: iter:    4 Assembly: (s)    0.00    0.02
FlowSolve: iter:    4 Solve:    (s)    0.00    0.01
FlowSolve:  Result Norm     :    1.6276352412707726
FlowSolve:  Relative Change :    1.0145905352309577E-008
FlowSolve: 
FlowSolve: 
FlowSolve: -------------------------------------
FlowSolve:  NAVIER-STOKES ITERATION           5
FlowSolve: -------------------------------------
FlowSolve: 
FlowSolve: Starting Assembly...
FlowSolve: Assembly:
FlowSolve: Assembly done
FlowSolve: Dirichlet conditions done
BiCGStabl:        5 0.6165E-11 0.6165E-11
ComputeChange: NS (ITER=5) (NRM,RELC): (  1.6276352     0.30331016E-08 ) :: navier-stokes
FlowSolve: iter:    5 Assembly: (s)    0.00    0.02
FlowSolve: iter:    5 Solve:    (s)    0.00    0.01
FlowSolve:  Result Norm     :    1.6276352363339897
FlowSolve:  Relative Change :    3.0331015603008010E-009
FlowSolve: 
FlowSolve: 
FlowSolve: -------------------------------------
FlowSolve:  NAVIER-STOKES ITERATION           6
FlowSolve: -------------------------------------
FlowSolve: 
FlowSolve: Starting Assembly...
FlowSolve: Assembly:
FlowSolve: Assembly done
FlowSolve: Dirichlet conditions done
BiCGStabl:        4 0.6979E-11 0.6979E-11
ComputeChange: NS (ITER=6) (NRM,RELC): (  1.6276352     0.90428504E-09 ) :: navier-stokes
FlowSolve: iter:    6 Assembly: (s)    0.00    0.02
FlowSolve: iter:    6 Solve:    (s)    0.00    0.01
FlowSolve:  Result Norm     :    1.6276352348621435
FlowSolve:  Relative Change :    9.0428504389859158E-010
FlowSolve: 
FlowSolve: 
FlowSolve: -------------------------------------
FlowSolve:  NAVIER-STOKES ITERATION           7
FlowSolve: -------------------------------------
FlowSolve: 
FlowSolve: Starting Assembly...
FlowSolve: Assembly:
FlowSolve: Assembly done
FlowSolve: Dirichlet conditions done
BiCGStabl:        4 0.2105E-11 0.2105E-11
ComputeChange: NS (ITER=7) (NRM,RELC): (  1.6276352     0.27137149E-09 ) :: navier-stokes
FlowSolve: iter:    7 Assembly: (s)    0.00    0.03
FlowSolve: iter:    7 Solve:    (s)    0.00    0.01
FlowSolve:  Result Norm     :    1.6276352344204497
FlowSolve:  Relative Change :    2.7137148622214070E-010
FlowSolve: 
FlowSolve: 
FlowSolve: -------------------------------------
FlowSolve:  NAVIER-STOKES ITERATION           8
FlowSolve: -------------------------------------
FlowSolve: 
FlowSolve: Starting Assembly...
FlowSolve: Assembly:
FlowSolve: Assembly done
FlowSolve: Dirichlet conditions done
BiCGStabl:        4 0.4381E-11 0.4381E-11
ComputeChange: NS (ITER=8) (NRM,RELC): (  1.6276352     0.81319689E-10 ) :: navier-stokes
FlowSolve: iter:    8 Assembly: (s)    0.00    0.03
FlowSolve: iter:    8 Solve:    (s)    0.00    0.01
FlowSolve:  Result Norm     :    1.6276352342880909
FlowSolve:  Relative Change :    8.1319688711996563E-011
ComputeChange: SS (ITER=35) (NRM,RELC): (  1.6276358     0.18907400E-06 ) :: navier-stokes
ResultOutputSolver: -------------------------------------
ResultOutputSolver: Saving in unstructured VTK XML (.vtu) format
ResultOutputSolver: -------------------------------------
MAIN: 
MAIN: -------------------------------------
MAIN:  Steady state iteration:           36
MAIN: -------------------------------------
MAIN: 
HeatSolver: ------------------------------------------------
HeatSolver: Solving energy equation for temperature
HeatSolver: Heat solver iteration: 1
IterSolver: "Linear System GCR Restart" not given, setting it to 200
ComputeChange: NS (ITER=1) (NRM,RELC): (  300.00015     0.12228719E-10 ) :: heat equation
ComputeChange: SS (ITER=36) (NRM,RELC): (  300.00015     0.42801178E-11 ) :: heat equation
FlowSolve: 
FlowSolve: 
FlowSolve: -------------------------------------
FlowSolve:  NAVIER-STOKES ITERATION           1
FlowSolve: -------------------------------------
FlowSolve: 
FlowSolve: Starting Assembly...
FlowSolve: Assembly:
FlowSolve: Assembly done
FlowSolve: Dirichlet conditions done
BiCGStabl:        7 0.7986E-11 0.7986E-11
ComputeChange: NS (ITER=1) (NRM,RELC): (  1.6276356     0.14552073E-06 ) :: navier-stokes
FlowSolve: iter:    1 Assembly: (s)    0.00    0.00
FlowSolve: iter:    1 Solve:    (s)    0.00    0.00
FlowSolve:  Result Norm     :    1.6276355689395443
FlowSolve:  Relative Change :    1.4552073326323657E-007
FlowSolve: 
FlowSolve: 
FlowSolve: -------------------------------------
FlowSolve:  NAVIER-STOKES ITERATION           2
FlowSolve: -------------------------------------
FlowSolve: 
FlowSolve: Starting Assembly...
FlowSolve: Assembly:
FlowSolve: Assembly done
FlowSolve: Dirichlet conditions done
BiCGStabl:        6 0.6332E-11 0.6332E-11
ComputeChange: NS (ITER=2) (NRM,RELC): (  1.6276355     0.43433066E-07 ) :: navier-stokes
FlowSolve: iter:    2 Assembly: (s)    0.00    0.01
FlowSolve: iter:    2 Solve:    (s)    0.00    0.00
FlowSolve:  Result Norm     :    1.6276354982463435
FlowSolve:  Relative Change :    4.3433065566395282E-008
FlowSolve: 
FlowSolve: 
FlowSolve: -------------------------------------
FlowSolve:  NAVIER-STOKES ITERATION           3
FlowSolve: -------------------------------------
FlowSolve: 
FlowSolve: Starting Assembly...
FlowSolve: Assembly:
FlowSolve: Assembly done
FlowSolve: Dirichlet conditions done
BiCGStabl:        6 0.7166E-11 0.7166E-11
ComputeChange: NS (ITER=3) (NRM,RELC): (  1.6276355     0.12963231E-07 ) :: navier-stokes
FlowSolve: iter:    3 Assembly: (s)    0.00    0.01
FlowSolve: iter:    3 Solve:    (s)    0.00    0.01
FlowSolve:  Result Norm     :    1.6276354771469279
FlowSolve:  Relative Change :    1.2963231452961173E-008
FlowSolve: 
FlowSolve: 
FlowSolve: -------------------------------------
FlowSolve:  NAVIER-STOKES ITERATION           4
FlowSolve: -------------------------------------
FlowSolve: 
FlowSolve: Starting Assembly...
FlowSolve: Assembly:
FlowSolve: Assembly done
FlowSolve: Dirichlet conditions done
BiCGStabl:        5 0.6347E-11 0.6347E-11
ComputeChange: NS (ITER=4) (NRM,RELC): (  1.6276355     0.38716434E-08 ) :: navier-stokes
FlowSolve: iter:    4 Assembly: (s)    0.00    0.02
FlowSolve: iter:    4 Solve:    (s)    0.00    0.01
FlowSolve:  Result Norm     :    1.6276354708453038
FlowSolve:  Relative Change :    3.8716433821290544E-009
FlowSolve: 
FlowSolve: 
FlowSolve: -------------------------------------
FlowSolve:  NAVIER-STOKES ITERATION           5
FlowSolve: -------------------------------------
FlowSolve: 
FlowSolve: Starting Assembly...
FlowSolve: Assembly:
FlowSolve: Assembly done
FlowSolve: Dirichlet conditions done
BiCGStabl:        5 0.8522E-11 0.8522E-11
ComputeChange: NS (ITER=5) (NRM,RELC): (  1.6276355     0.11488216E-08 ) :: navier-stokes
FlowSolve: iter:    5 Assembly: (s)    0.00    0.02
FlowSolve: iter:    5 Solve:    (s)    0.00    0.01
FlowSolve:  Result Norm     :    1.6276354689754411
FlowSolve:  Relative Change :    1.1488215535245192E-009
FlowSolve: 
FlowSolve: 
FlowSolve: -------------------------------------
FlowSolve:  NAVIER-STOKES ITERATION           6
FlowSolve: -------------------------------------
FlowSolve: 
FlowSolve: Starting Assembly...
FlowSolve: Assembly:
FlowSolve: Assembly done
FlowSolve: Dirichlet conditions done
BiCGStabl:        4 0.5369E-11 0.5369E-11
ComputeChange: NS (ITER=6) (NRM,RELC): (  1.6276355     0.34518316E-09 ) :: navier-stokes
FlowSolve: iter:    6 Assembly: (s)    0.00    0.02
FlowSolve: iter:    6 Solve:    (s)    0.00    0.01
FlowSolve:  Result Norm     :    1.6276354684136087
FlowSolve:  Relative Change :    3.4518316245902232E-010
FlowSolve: 
FlowSolve: 
FlowSolve: -------------------------------------
FlowSolve:  NAVIER-STOKES ITERATION           7
FlowSolve: -------------------------------------
FlowSolve: 
FlowSolve: Starting Assembly...
FlowSolve: Assembly:
FlowSolve: Assembly done
FlowSolve: Dirichlet conditions done
BiCGStabl:        4 0.1619E-11 0.1619E-11
ComputeChange: NS (ITER=7) (NRM,RELC): (  1.6276355     0.10360592E-09 ) :: navier-stokes
FlowSolve: iter:    7 Assembly: (s)    0.00    0.03
FlowSolve: iter:    7 Solve:    (s)    0.00    0.01
FlowSolve:  Result Norm     :    1.6276354682449761
FlowSolve:  Relative Change :    1.0360591586384506E-010
FlowSolve: 
FlowSolve: 
FlowSolve: -------------------------------------
FlowSolve:  NAVIER-STOKES ITERATION           8
FlowSolve: -------------------------------------
FlowSolve: 
FlowSolve: Starting Assembly...
FlowSolve: Assembly:
FlowSolve: Assembly done
FlowSolve: Dirichlet conditions done
BiCGStabl:        4 0.3166E-11 0.3166E-11
ComputeChange: NS (ITER=8) (NRM,RELC): (  1.6276355     0.31018448E-10 ) :: navier-stokes
FlowSolve: iter:    8 Assembly: (s)    0.00    0.03
FlowSolve: iter:    8 Solve:    (s)    0.00    0.01
FlowSolve:  Result Norm     :    1.6276354681944893
FlowSolve:  Relative Change :    3.1018447863043527E-011
ComputeChange: SS (ITER=36) (NRM,RELC): (  1.6276357     0.72598100E-07 ) :: navier-stokes
ResultOutputSolver: -------------------------------------
ResultOutputSolver: Saving in unstructured VTK XML (.vtu) format
ResultOutputSolver: -------------------------------------
MAIN: 
MAIN: -------------------------------------
MAIN:  Steady state iteration:           37
MAIN: -------------------------------------
MAIN: 
HeatSolver: ------------------------------------------------
HeatSolver: Solving energy equation for temperature
HeatSolver: Heat solver iteration: 1
IterSolver: "Linear System GCR Restart" not given, setting it to 200
ComputeChange: NS (ITER=1) (NRM,RELC): (  300.00015     0.10196378E-10 ) :: heat equation
ComputeChange: SS (ITER=37) (NRM,RELC): (  300.00015     0.35690070E-11 ) :: heat equation
FlowSolve: 
FlowSolve: 
FlowSolve: -------------------------------------
FlowSolve:  NAVIER-STOKES ITERATION           1
FlowSolve: -------------------------------------
FlowSolve: 
FlowSolve: Starting Assembly...
FlowSolve: Assembly:
FlowSolve: Assembly done
FlowSolve: Dirichlet conditions done
BiCGStabl:        7 0.9500E-11 0.9500E-11
ComputeChange: NS (ITER=1) (NRM,RELC): (  1.6276357     0.20558042E-08 ) :: navier-stokes
FlowSolve: iter:    1 Assembly: (s)    0.00    0.00
FlowSolve: iter:    1 Solve:    (s)    0.00    0.00
FlowSolve:  Result Norm     :    1.6276356842849202
FlowSolve:  Relative Change :    2.0558042039794307E-009
FlowSolve: 
FlowSolve: 
FlowSolve: -------------------------------------
FlowSolve:  NAVIER-STOKES ITERATION           2
FlowSolve: -------------------------------------
FlowSolve: 
FlowSolve: Starting Assembly...
FlowSolve: Assembly:
FlowSolve: Assembly done
FlowSolve: Dirichlet conditions done
BiCGStabl:        6 0.4927E-11 0.4927E-11
ComputeChange: NS (ITER=2) (NRM,RELC): (  1.6276357     0.44794348E-09 ) :: navier-stokes
FlowSolve: iter:    2 Assembly: (s)    0.00    0.01
FlowSolve: iter:    2 Solve:    (s)    0.00    0.00
FlowSolve:  Result Norm     :    1.6276356835558314
FlowSolve:  Relative Change :    4.4794347810423506E-010
FlowSolve: 
FlowSolve: 
FlowSolve: -------------------------------------
FlowSolve:  NAVIER-STOKES ITERATION           3
FlowSolve: -------------------------------------
FlowSolve: 
FlowSolve: Starting Assembly...
FlowSolve: Assembly:
FlowSolve: Assembly done
FlowSolve: Dirichlet conditions done
BiCGStabl:        6 0.5116E-11 0.5116E-11
ComputeChange: NS (ITER=3) (NRM,RELC): (  1.6276357     0.83692310E-10 ) :: navier-stokes
FlowSolve: iter:    3 Assembly: (s)    0.00    0.01
FlowSolve: iter:    3 Solve:    (s)    0.00    0.01
FlowSolve:  Result Norm     :    1.6276356834196108
FlowSolve:  Relative Change :    8.3692310106723346E-011
ComputeChange: SS (ITER=37) (NRM,RELC): (  1.6276357     0.90665212E-09 ) :: navier-stokes
ResultOutputSolver: -------------------------------------
ResultOutputSolver: Saving in unstructured VTK XML (.vtu) format
ResultOutputSolver: -------------------------------------
MAIN: 
MAIN: -------------------------------------
MAIN:  Steady state iteration:           38
MAIN: -------------------------------------
MAIN: 
HeatSolver: ------------------------------------------------
HeatSolver: Solving energy equation for temperature
HeatSolver: Heat solver iteration: 1
IterSolver: "Linear System GCR Restart" not given, setting it to 200
ComputeChange: NS (ITER=1) (NRM,RELC): (  300.00015     0.84410540E-11 ) :: heat equation
ComputeChange: SS (ITER=38) (NRM,RELC): (  300.00015     0.29543405E-11 ) :: heat equation
FlowSolve: 
FlowSolve: 
FlowSolve: -------------------------------------
FlowSolve:  NAVIER-STOKES ITERATION           1
FlowSolve: -------------------------------------
FlowSolve: 
FlowSolve: Starting Assembly...
FlowSolve: Assembly:
FlowSolve: Assembly done
FlowSolve: Dirichlet conditions done
BiCGStabl:        7 0.7505E-11 0.7505E-11
ComputeChange: NS (ITER=1) (NRM,RELC): (  1.6276358     0.79175976E-07 ) :: navier-stokes
FlowSolve: iter:    1 Assembly: (s)    0.00    0.00
FlowSolve: iter:    1 Solve:    (s)    0.00    0.00
FlowSolve:  Result Norm     :    1.6276358150249706
FlowSolve:  Relative Change :    7.9175976166322251E-008
FlowSolve: 
FlowSolve: 
FlowSolve: -------------------------------------
FlowSolve:  NAVIER-STOKES ITERATION           2
FlowSolve: -------------------------------------
FlowSolve: 
FlowSolve: Starting Assembly...
FlowSolve: Assembly:
FlowSolve: Assembly done
FlowSolve: Dirichlet conditions done
BiCGStabl:        6 0.8522E-11 0.8522E-11
ComputeChange: NS (ITER=2) (NRM,RELC): (  1.6276359     0.23880523E-07 ) :: navier-stokes
FlowSolve: iter:    2 Assembly: (s)    0.00    0.01
FlowSolve: iter:    2 Solve:    (s)    0.00    0.00
FlowSolve:  Result Norm     :    1.6276358538937659
FlowSolve:  Relative Change :    2.3880523192325757E-008
FlowSolve: 
FlowSolve: 
FlowSolve: -------------------------------------
FlowSolve:  NAVIER-STOKES ITERATION           3
FlowSolve: -------------------------------------
FlowSolve: 
FlowSolve: Starting Assembly...
FlowSolve: Assembly:
FlowSolve: Assembly done
FlowSolve: Dirichlet conditions done
BiCGStabl:        6 0.3733E-11 0.3733E-11
ComputeChange: NS (ITER=3) (NRM,RELC): (  1.6276359     0.72047569E-08 ) :: navier-stokes
FlowSolve: iter:    3 Assembly: (s)    0.00    0.01
FlowSolve: iter:    3 Solve:    (s)    0.00    0.01
FlowSolve:  Result Norm     :    1.6276358656204866
FlowSolve:  Relative Change :    7.2047569088001306E-009
FlowSolve: 
FlowSolve: 
FlowSolve: -------------------------------------
FlowSolve:  NAVIER-STOKES ITERATION           4
FlowSolve: -------------------------------------
FlowSolve: 
FlowSolve: Starting Assembly...
FlowSolve: Assembly:
FlowSolve: Assembly done
FlowSolve: Dirichlet conditions done
BiCGStabl:        5 0.7117E-11 0.7117E-11
ComputeChange: NS (ITER=4) (NRM,RELC): (  1.6276359     0.21707399E-08 ) :: navier-stokes
FlowSolve: iter:    4 Assembly: (s)    0.00    0.02
FlowSolve: iter:    4 Solve:    (s)    0.00    0.01
FlowSolve:  Result Norm     :    1.6276358691536608
FlowSolve:  Relative Change :    2.1707399477060502E-009
FlowSolve: 
FlowSolve: 
FlowSolve: -------------------------------------
FlowSolve:  NAVIER-STOKES ITERATION           5
FlowSolve: -------------------------------------
FlowSolve: 
FlowSolve: Starting Assembly...
FlowSolve: Assembly:
FlowSolve: Assembly done
FlowSolve: Dirichlet conditions done
BiCGStabl:        5 0.4382E-11 0.4382E-11
ComputeChange: NS (ITER=5) (NRM,RELC): (  1.6276359     0.65930870E-09 ) :: navier-stokes
FlowSolve: iter:    5 Assembly: (s)    0.00    0.02
FlowSolve: iter:    5 Solve:    (s)    0.00    0.01
FlowSolve:  Result Norm     :    1.6276358702267752
FlowSolve:  Relative Change :    6.5930869805979232E-010
FlowSolve: 
FlowSolve: 
FlowSolve: -------------------------------------
FlowSolve:  NAVIER-STOKES ITERATION           6
FlowSolve: -------------------------------------
FlowSolve: 
FlowSolve: Starting Assembly...
FlowSolve: Assembly:
FlowSolve: Assembly done
FlowSolve: Dirichlet conditions done
BiCGStabl:        4 0.3041E-11 0.3041E-11
ComputeChange: NS (ITER=6) (NRM,RELC): (  1.6276359     0.19745409E-09 ) :: navier-stokes
FlowSolve: iter:    6 Assembly: (s)    0.00    0.02
FlowSolve: iter:    6 Solve:    (s)    0.00    0.01
FlowSolve:  Result Norm     :    1.6276358705481586
FlowSolve:  Relative Change :    1.9745409290414246E-010
FlowSolve: 
FlowSolve: 
FlowSolve: -------------------------------------
FlowSolve:  NAVIER-STOKES ITERATION           7
FlowSolve: -------------------------------------
FlowSolve: 
FlowSolve: Starting Assembly...
FlowSolve: Assembly:
FlowSolve: Assembly done
FlowSolve: Dirichlet conditions done
BiCGStabl:        4 0.5684E-11 0.5684E-11
ComputeChange: NS (ITER=7) (NRM,RELC): (  1.6276359     0.59396714E-10 ) :: navier-stokes
FlowSolve: iter:    7 Assembly: (s)    0.00    0.03
FlowSolve: iter:    7 Solve:    (s)    0.00    0.01
FlowSolve:  Result Norm     :    1.6276358706448348
FlowSolve:  Relative Change :    5.9396714172614266E-011
ComputeChange: SS (ITER=38) (NRM,RELC): (  1.6276358     0.39671238E-07 ) :: navier-stokes
ResultOutputSolver: -------------------------------------
ResultOutputSolver: Saving in unstructured VTK XML (.vtu) format
ResultOutputSolver: -------------------------------------
MAIN: 
MAIN: -------------------------------------
MAIN:  Steady state iteration:           39
MAIN: -------------------------------------
MAIN: 
HeatSolver: ------------------------------------------------
HeatSolver: Solving energy equation for temperature
HeatSolver: Heat solver iteration: 1
IterSolver: "Linear System GCR Restart" not given, setting it to 200
ComputeChange: NS (ITER=1) (NRM,RELC): (  300.00015     0.69483465E-11 ) :: heat equation
ComputeChange: SS (ITER=39) (NRM,RELC): (  300.00015     0.24315708E-11 ) :: heat equation
FlowSolve: 
FlowSolve: 
FlowSolve: -------------------------------------
FlowSolve:  NAVIER-STOKES ITERATION           1
FlowSolve: -------------------------------------
FlowSolve: 
FlowSolve: Starting Assembly...
FlowSolve: Assembly:
FlowSolve: Assembly done
FlowSolve: Dirichlet conditions done
BiCGStabl:        6 0.8334E-11 0.8334E-11
ComputeChange: NS (ITER=1) (NRM,RELC): (  1.6276359     0.11948918E-06 ) :: navier-stokes
FlowSolve: iter:    1 Assembly: (s)    0.00    0.00
FlowSolve: iter:    1 Solve:    (s)    0.00    0.00
FlowSolve:  Result Norm     :    1.6276359452105220
FlowSolve:  Relative Change :    1.1948918235644734E-007
FlowSolve: 
FlowSolve: 
FlowSolve: -------------------------------------
FlowSolve:  NAVIER-STOKES ITERATION           2
FlowSolve: -------------------------------------
FlowSolve: 
FlowSolve: Starting Assembly...
FlowSolve: Assembly:
FlowSolve: Assembly done
FlowSolve: Dirichlet conditions done
BiCGStabl:        6 0.9006E-11 0.9006E-11
ComputeChange: NS (ITER=2) (NRM,RELC): (  1.6276360     0.35945176E-07 ) :: navier-stokes
FlowSolve: iter:    2 Assembly: (s)    0.00    0.01
FlowSolve: iter:    2 Solve:    (s)    0.00    0.00
FlowSolve:  Result Norm     :    1.6276360037161839
FlowSolve:  Relative Change :    3.5945176187200738E-008
FlowSolve: 
FlowSolve: 
FlowSolve: -------------------------------------
FlowSolve:  NAVIER-STOKES ITERATION           3
FlowSolve: -------------------------------------
FlowSolve: 
FlowSolve: Starting Assembly...
FlowSolve: Assembly:
FlowSolve: Assembly done
FlowSolve: Dirichlet conditions done
BiCGStabl:        5 0.9019E-11 0.9019E-11
ComputeChange: NS (ITER=3) (NRM,RELC): (  1.6276360     0.10809151E-07 ) :: navier-stokes
FlowSolve: iter:    3 Assembly: (s)    0.00    0.01
FlowSolve: iter:    3 Solve:    (s)    0.00    0.01
FlowSolve:  Result Norm     :    1.6276360213095473
FlowSolve:  Relative Change :    1.0809151000292965E-008
FlowSolve: 
FlowSolve: 
FlowSolve: -------------------------------------
FlowSolve:  NAVIER-STOKES ITERATION           4
FlowSolve: -------------------------------------
FlowSolve: 
FlowSolve: Starting Assembly...
FlowSolve: Assembly:
FlowSolve: Assembly done
FlowSolve: Dirichlet conditions done
BiCGStabl:        5 0.9415E-11 0.9415E-11
ComputeChange: NS (ITER=4) (NRM,RELC): (  1.6276360     0.32608895E-08 ) :: navier-stokes
FlowSolve: iter:    4 Assembly: (s)    0.00    0.02
FlowSolve: iter:    4 Solve:    (s)    0.00    0.01
FlowSolve:  Result Norm     :    1.6276360266170886
FlowSolve:  Relative Change :    3.2608895460717831E-009
FlowSolve: 
FlowSolve: 
FlowSolve: -------------------------------------
FlowSolve:  NAVIER-STOKES ITERATION           5
FlowSolve: -------------------------------------
FlowSolve: 
FlowSolve: Starting Assembly...
FlowSolve: Assembly:
FlowSolve: Assembly done
FlowSolve: Dirichlet conditions done
BiCGStabl:        4 0.7040E-11 0.7040E-11
ComputeChange: NS (ITER=5) (NRM,RELC): (  1.6276360     0.97753055E-09 ) :: navier-stokes
FlowSolve: iter:    5 Assembly: (s)    0.00    0.02
FlowSolve: iter:    5 Solve:    (s)    0.00    0.01
FlowSolve:  Result Norm     :    1.6276360282081526
FlowSolve:  Relative Change :    9.7753055379870661E-010
FlowSolve: 
FlowSolve: 
FlowSolve: -------------------------------------
FlowSolve:  NAVIER-STOKES ITERATION           6
FlowSolve: -------------------------------------
FlowSolve: 
FlowSolve: Starting Assembly...
FlowSolve: Assembly:
FlowSolve: Assembly done
FlowSolve: Dirichlet conditions done
BiCGStabl:        4 0.2121E-11 0.2121E-11
ComputeChange: NS (ITER=6) (NRM,RELC): (  1.6276360     0.29351311E-09 ) :: navier-stokes
FlowSolve: iter:    6 Assembly: (s)    0.00    0.02
FlowSolve: iter:    6 Solve:    (s)    0.00    0.01
FlowSolve:  Result Norm     :    1.6276360286858851
FlowSolve:  Relative Change :    2.9351311464007342E-010
FlowSolve: 
FlowSolve: 
FlowSolve: -------------------------------------
FlowSolve:  NAVIER-STOKES ITERATION           7
FlowSolve: -------------------------------------
FlowSolve: 
FlowSolve: Starting Assembly...
FlowSolve: Assembly:
FlowSolve: Assembly done
FlowSolve: Dirichlet conditions done
BiCGStabl:        4 0.3914E-11 0.3914E-11
ComputeChange: NS (ITER=7) (NRM,RELC): (  1.6276360     0.88213029E-10 ) :: navier-stokes
FlowSolve: iter:    7 Assembly: (s)    0.00    0.03
FlowSolve: iter:    7 Solve:    (s)    0.00    0.01
FlowSolve:  Result Norm     :    1.6276360288294638
FlowSolve:  Relative Change :    8.8213029168946311E-011
ComputeChange: SS (ITER=39) (NRM,RELC): (  1.6276358     0.59801946E-07 ) :: navier-stokes
ResultOutputSolver: -------------------------------------
ResultOutputSolver: Saving in unstructured VTK XML (.vtu) format
ResultOutputSolver: -------------------------------------
MAIN: 
MAIN: -------------------------------------
MAIN:  Steady state iteration:           40
MAIN: -------------------------------------
MAIN: 
HeatSolver: ------------------------------------------------
HeatSolver: Solving energy equation for temperature
HeatSolver: Heat solver iteration: 1
IterSolver: "Linear System GCR Restart" not given, setting it to 200
ComputeChange: NS (ITER=1) (NRM,RELC): (  300.00015     0.56919181E-11 ) :: heat equation
ComputeChange: SS (ITER=40) (NRM,RELC): (  300.00015     0.19923608E-11 ) :: heat equation
FlowSolve: 
FlowSolve: 
FlowSolve: -------------------------------------
FlowSolve:  NAVIER-STOKES ITERATION           1
FlowSolve: -------------------------------------
FlowSolve: 
FlowSolve: Starting Assembly...
FlowSolve: Assembly:
FlowSolve: Assembly done
FlowSolve: Dirichlet conditions done
BiCGStabl:        7 0.4035E-11 0.4035E-11
ComputeChange: NS (ITER=1) (NRM,RELC): (  1.6276361     0.13364346E-06 ) :: navier-stokes
FlowSolve: iter:    1 Assembly: (s)    0.00    0.00
FlowSolve: iter:    1 Solve:    (s)    0.00    0.00
FlowSolve:  Result Norm     :    1.6276360655843289
FlowSolve:  Relative Change :    1.3364345639932446E-007
FlowSolve: 
FlowSolve: 
FlowSolve: -------------------------------------
FlowSolve:  NAVIER-STOKES ITERATION           2
FlowSolve: -------------------------------------
FlowSolve: 
FlowSolve: Starting Assembly...
FlowSolve: Assembly:
FlowSolve: Assembly done
FlowSolve: Dirichlet conditions done
BiCGStabl:        6 0.4265E-11 0.4265E-11
ComputeChange: NS (ITER=2) (NRM,RELC): (  1.6276361     0.40166681E-07 ) :: navier-stokes
FlowSolve: iter:    2 Assembly: (s)    0.00    0.01
FlowSolve: iter:    2 Solve:    (s)    0.00    0.00
FlowSolve:  Result Norm     :    1.6276361309610687
FlowSolve:  Relative Change :    4.0166680911624400E-008
FlowSolve: 
FlowSolve: 
FlowSolve: -------------------------------------
FlowSolve:  NAVIER-STOKES ITERATION           3
FlowSolve: -------------------------------------
FlowSolve: 
FlowSolve: Starting Assembly...
FlowSolve: Assembly:
FlowSolve: Assembly done
FlowSolve: Dirichlet conditions done
BiCGStabl:        6 0.3602E-11 0.3602E-11
ComputeChange: NS (ITER=3) (NRM,RELC): (  1.6276362     0.12072759E-07 ) :: navier-stokes
FlowSolve: iter:    3 Assembly: (s)    0.00    0.01
FlowSolve: iter:    3 Solve:    (s)    0.00    0.01
FlowSolve:  Result Norm     :    1.6276361506111283
FlowSolve:  Relative Change :    1.2072759437499217E-008
FlowSolve: 
FlowSolve: 
FlowSolve: -------------------------------------
FlowSolve:  NAVIER-STOKES ITERATION           4
FlowSolve: -------------------------------------
FlowSolve: 
FlowSolve: Starting Assembly...
FlowSolve: Assembly:
FlowSolve: Assembly done
FlowSolve: Dirichlet conditions done
BiCGStabl:        5 0.4252E-11 0.4252E-11
ComputeChange: NS (ITER=4) (NRM,RELC): (  1.6276362     0.36308009E-08 ) :: navier-stokes
FlowSolve: iter:    4 Assembly: (s)    0.00    0.02
FlowSolve: iter:    4 Solve:    (s)    0.00    0.01
FlowSolve:  Result Norm     :    1.6276361565207511
FlowSolve:  Relative Change :    3.6308008876402737E-009
FlowSolve: 
FlowSolve: 
FlowSolve: -------------------------------------
FlowSolve:  NAVIER-STOKES ITERATION           5
FlowSolve: -------------------------------------
FlowSolve: 
FlowSolve: Starting Assembly...
FlowSolve: Assembly:
FlowSolve: Assembly done
FlowSolve: Dirichlet conditions done
BiCGStabl:        4 0.4508E-11 0.4508E-11
ComputeChange: NS (ITER=5) (NRM,RELC): (  1.6276362     0.10897158E-08 ) :: navier-stokes
FlowSolve: iter:    5 Assembly: (s)    0.00    0.02
FlowSolve: iter:    5 Solve:    (s)    0.00    0.01
FlowSolve:  Result Norm     :    1.6276361582944119
FlowSolve:  Relative Change :    1.0897157609426974E-009
FlowSolve: 
FlowSolve: 
FlowSolve: -------------------------------------
FlowSolve:  NAVIER-STOKES ITERATION           6
FlowSolve: -------------------------------------
FlowSolve: 
FlowSolve: Starting Assembly...
FlowSolve: Assembly:
FlowSolve: Assembly done
FlowSolve: Dirichlet conditions done
BiCGStabl:        4 0.5189E-11 0.5189E-11
ComputeChange: NS (ITER=6) (NRM,RELC): (  1.6276362     0.32731466E-09 ) :: navier-stokes
FlowSolve: iter:    6 Assembly: (s)    0.00    0.02
FlowSolve: iter:    6 Solve:    (s)    0.00    0.01
FlowSolve:  Result Norm     :    1.6276361588271611
FlowSolve:  Relative Change :    3.2731466139032513E-010
FlowSolve: 
FlowSolve: 
FlowSolve: -------------------------------------
FlowSolve:  NAVIER-STOKES ITERATION           7
FlowSolve: -------------------------------------
FlowSolve: 
FlowSolve: Starting Assembly...
FlowSolve: Assembly:
FlowSolve: Assembly done
FlowSolve: Dirichlet conditions done
BiCGStabl:        4 0.1579E-11 0.1579E-11
ComputeChange: NS (ITER=7) (NRM,RELC): (  1.6276362     0.98379018E-10 ) :: navier-stokes
FlowSolve: iter:    7 Assembly: (s)    0.00    0.03
FlowSolve: iter:    7 Solve:    (s)    0.00    0.01
FlowSolve:  Result Norm     :    1.6276361589872863
FlowSolve:  Relative Change :    9.8379017644301624E-011
ComputeChange: SS (ITER=40) (NRM,RELC): (  1.6276360     0.66860007E-07 ) :: navier-stokes
ResultOutputSolver: -------------------------------------
ResultOutputSolver: Saving in unstructured VTK XML (.vtu) format
ResultOutputSolver: -------------------------------------
MAIN: 
MAIN: -------------------------------------
MAIN:  Steady state iteration:           41
MAIN: -------------------------------------
MAIN: 
HeatSolver: ------------------------------------------------
HeatSolver: Solving energy equation for temperature
HeatSolver: Heat solver iteration: 1
IterSolver: "Linear System GCR Restart" not given, setting it to 200
ComputeChange: NS (ITER=1) (NRM,RELC): (  300.00015     0.44298054E-11 ) :: heat equation
ComputeChange: SS (ITER=41) (NRM,RELC): (  300.00015     0.15501192E-11 ) :: heat equation
FlowSolve: 
FlowSolve: 
FlowSolve: -------------------------------------
FlowSolve:  NAVIER-STOKES ITERATION           1
FlowSolve: -------------------------------------
FlowSolve: 
FlowSolve: Starting Assembly...
FlowSolve: Assembly:
FlowSolve: Assembly done
FlowSolve: Dirichlet conditions done
BiCGStabl:        6 0.7716E-11 0.7716E-11
ComputeChange: NS (ITER=1) (NRM,RELC): (  1.6276362     0.13677405E-06 ) :: navier-stokes
FlowSolve: iter:    1 Assembly: (s)    0.00    0.00
FlowSolve: iter:    1 Solve:    (s)    0.00    0.00
FlowSolve:  Result Norm     :    1.6276361795035621
FlowSolve:  Relative Change :    1.3677405251267737E-007
FlowSolve: 
FlowSolve: 
FlowSolve: -------------------------------------
FlowSolve:  NAVIER-STOKES ITERATION           2
FlowSolve: -------------------------------------
FlowSolve: 
FlowSolve: Starting Assembly...
FlowSolve: Assembly:
FlowSolve: Assembly done
FlowSolve: Dirichlet conditions done
BiCGStabl:        5 0.7489E-11 0.7489E-11
ComputeChange: NS (ITER=2) (NRM,RELC): (  1.6276362     0.41087500E-07 ) :: navier-stokes
FlowSolve: iter:    2 Assembly: (s)    0.00    0.01
FlowSolve: iter:    2 Solve:    (s)    0.00    0.00
FlowSolve:  Result Norm     :    1.6276362463790643
FlowSolve:  Relative Change :    4.1087499599306846E-008
FlowSolve: 
FlowSolve: 
FlowSolve: -------------------------------------
FlowSolve:  NAVIER-STOKES ITERATION           3
FlowSolve: -------------------------------------
FlowSolve: 
FlowSolve: Starting Assembly...
FlowSolve: Assembly:
FlowSolve: Assembly done
FlowSolve: Dirichlet conditions done
BiCGStabl:        5 0.2271E-11 0.2271E-11
ComputeChange: NS (ITER=3) (NRM,RELC): (  1.6276363     0.12345777E-07 ) :: navier-stokes
FlowSolve: iter:    3 Assembly: (s)    0.00    0.01
FlowSolve: iter:    3 Solve:    (s)    0.00    0.01
FlowSolve:  Result Norm     :    1.6276362664734987
FlowSolve:  Relative Change :    1.2345777048996504E-008
FlowSolve: 
FlowSolve: 
FlowSolve: -------------------------------------
FlowSolve:  NAVIER-STOKES ITERATION           4
FlowSolve: -------------------------------------
FlowSolve: 
FlowSolve: Starting Assembly...
FlowSolve: Assembly:
FlowSolve: Assembly done
FlowSolve: Dirichlet conditions done
BiCGStabl:        5 0.6516E-11 0.6516E-11
ComputeChange: NS (ITER=4) (NRM,RELC): (  1.6276363     0.37094150E-08 ) :: navier-stokes
FlowSolve: iter:    4 Assembly: (s)    0.00    0.02
FlowSolve: iter:    4 Solve:    (s)    0.00    0.01
FlowSolve:  Result Norm     :    1.6276362725110771
FlowSolve:  Relative Change :    3.7094150274032867E-009
FlowSolve: 
FlowSolve: 
FlowSolve: -------------------------------------
FlowSolve:  NAVIER-STOKES ITERATION           5
FlowSolve: -------------------------------------
FlowSolve: 
FlowSolve: Starting Assembly...
FlowSolve: Assembly:
FlowSolve: Assembly done
FlowSolve: Dirichlet conditions done
BiCGStabl:        4 0.8984E-11 0.8984E-11
ComputeChange: NS (ITER=5) (NRM,RELC): (  1.6276363     0.11167561E-08 ) :: navier-stokes
FlowSolve: iter:    5 Assembly: (s)    0.00    0.02
FlowSolve: iter:    5 Solve:    (s)    0.00    0.01
FlowSolve:  Result Norm     :    1.6276362743287498
FlowSolve:  Relative Change :    1.1167560644365845E-009
FlowSolve: 
FlowSolve: 
FlowSolve: -------------------------------------
FlowSolve:  NAVIER-STOKES ITERATION           6
FlowSolve: -------------------------------------
FlowSolve: 
FlowSolve: Starting Assembly...
FlowSolve: Assembly:
FlowSolve: Assembly done
FlowSolve: Dirichlet conditions done
BiCGStabl:        3 0.9370E-11 0.9370E-11
ComputeChange: NS (ITER=6) (NRM,RELC): (  1.6276363     0.33033747E-09 ) :: navier-stokes
FlowSolve: iter:    6 Assembly: (s)    0.00    0.02
FlowSolve: iter:    6 Solve:    (s)    0.00    0.01
FlowSolve:  Result Norm     :    1.6276362748664190
FlowSolve:  Relative Change :    3.3033746596415417E-010
FlowSolve: 
FlowSolve: 
FlowSolve: -------------------------------------
FlowSolve:  NAVIER-STOKES ITERATION           7
FlowSolve: -------------------------------------
FlowSolve: 
FlowSolve: Starting Assembly...
FlowSolve: Assembly:
FlowSolve: Assembly done
FlowSolve: Dirichlet conditions done
BiCGStabl:        3 0.8590E-11 0.8590E-11
ComputeChange: NS (ITER=7) (NRM,RELC): (  1.6276363     0.10086625E-09 ) :: navier-stokes
FlowSolve: iter:    7 Assembly: (s)    0.00    0.03
FlowSolve: iter:    7 Solve:    (s)    0.00    0.01
FlowSolve:  Result Norm     :    1.6276362750305926
FlowSolve:  Relative Change :    1.0086624767429951E-010
FlowSolve: 
FlowSolve: 
FlowSolve: -------------------------------------
FlowSolve:  NAVIER-STOKES ITERATION           8
FlowSolve: -------------------------------------
FlowSolve: 
FlowSolve: Starting Assembly...
FlowSolve: Assembly:
FlowSolve: Assembly done
FlowSolve: Dirichlet conditions done
BiCGStabl:        2 0.6557E-11 0.6557E-11
ComputeChange: NS (ITER=8) (NRM,RELC): (  1.6276363     0.31154308E-10 ) :: navier-stokes
FlowSolve: iter:    8 Assembly: (s)    0.00    0.03
FlowSolve: iter:    8 Solve:    (s)    0.00    0.01
FlowSolve:  Result Norm     :    1.6276362750813005
FlowSolve:  Relative Change :    3.1154308314845449E-011
ComputeChange: SS (ITER=41) (NRM,RELC): (  1.6276361     0.68423453E-07 ) :: navier-stokes
ResultOutputSolver: -------------------------------------
ResultOutputSolver: Saving in unstructured VTK XML (.vtu) format
ResultOutputSolver: -------------------------------------
MAIN: 
MAIN: -------------------------------------
MAIN:  Steady state iteration:           42
MAIN: -------------------------------------
MAIN: 
HeatSolver: ------------------------------------------------
HeatSolver: Solving energy equation for temperature
HeatSolver: Heat solver iteration: 1
IterSolver: "Linear System GCR Restart" not given, setting it to 200
ComputeChange: NS (ITER=1) (NRM,RELC): (  300.00015     0.36440403E-11 ) :: heat equation
ComputeChange: SS (ITER=42) (NRM,RELC): (  300.00015     0.12753762E-11 ) :: heat equation
FlowSolve: 
FlowSolve: 
FlowSolve: -------------------------------------
FlowSolve:  NAVIER-STOKES ITERATION           1
FlowSolve: -------------------------------------
FlowSolve: 
FlowSolve: Starting Assembly...
FlowSolve: Assembly:
FlowSolve: Assembly done
FlowSolve: Dirichlet conditions done
BiCGStabl:        6 0.9177E-11 0.9177E-11
ComputeChange: NS (ITER=1) (NRM,RELC): (  1.6276363     0.12712467E-06 ) :: navier-stokes
FlowSolve: iter:    1 Assembly: (s)    0.00    0.00
FlowSolve: iter:    1 Solve:    (s)    0.00    0.00
FlowSolve:  Result Norm     :    1.6276362751663722
FlowSolve:  Relative Change :    1.2712467230583535E-007
FlowSolve: 
FlowSolve: 
FlowSolve: -------------------------------------
FlowSolve:  NAVIER-STOKES ITERATION           2
FlowSolve: -------------------------------------
FlowSolve: 
FlowSolve: Starting Assembly...
FlowSolve: Assembly:
FlowSolve: Assembly done
FlowSolve: Dirichlet conditions done
BiCGStabl:        5 0.6092E-11 0.6092E-11
ComputeChange: NS (ITER=2) (NRM,RELC): (  1.6276363     0.38178465E-07 ) :: navier-stokes
FlowSolve: iter:    2 Assembly: (s)    0.00    0.01
FlowSolve: iter:    2 Solve:    (s)    0.00    0.00
FlowSolve:  Result Norm     :    1.6276363373070284
FlowSolve:  Relative Change :    3.8178465261656212E-008
FlowSolve: 
FlowSolve: 
FlowSolve: -------------------------------------
FlowSolve:  NAVIER-STOKES ITERATION           3
FlowSolve: -------------------------------------
FlowSolve: 
FlowSolve: Starting Assembly...
FlowSolve: Assembly:
FlowSolve: Assembly done
FlowSolve: Dirichlet conditions done
BiCGStabl:        5 0.1845E-11 0.1845E-11
ComputeChange: NS (ITER=3) (NRM,RELC): (  1.6276364     0.11468652E-07 ) :: navier-stokes
FlowSolve: iter:    3 Assembly: (s)    0.00    0.01
FlowSolve: iter:    3 Solve:    (s)    0.00    0.01
FlowSolve:  Result Norm     :    1.6276363559738227
FlowSolve:  Relative Change :    1.1468651686858049E-008
FlowSolve: 
FlowSolve: 
FlowSolve: -------------------------------------
FlowSolve:  NAVIER-STOKES ITERATION           4
FlowSolve: -------------------------------------
FlowSolve: 
FlowSolve: Starting Assembly...
FlowSolve: Assembly:
FlowSolve: Assembly done
FlowSolve: Dirichlet conditions done
BiCGStabl:        5 0.9574E-11 0.9574E-11
ComputeChange: NS (ITER=4) (NRM,RELC): (  1.6276364     0.34488815E-08 ) :: navier-stokes
FlowSolve: iter:    4 Assembly: (s)    0.00    0.02
FlowSolve: iter:    4 Solve:    (s)    0.00    0.01
FlowSolve:  Result Norm     :    1.6276363615873477
FlowSolve:  Relative Change :    3.4488815317403415E-009
FlowSolve: 
FlowSolve: 
FlowSolve: -------------------------------------
FlowSolve:  NAVIER-STOKES ITERATION           5
FlowSolve: -------------------------------------
FlowSolve: 
FlowSolve: Starting Assembly...
FlowSolve: Assembly:
FlowSolve: Assembly done
FlowSolve: Dirichlet conditions done
BiCGStabl:        4 0.5074E-11 0.5074E-11
ComputeChange: NS (ITER=5) (NRM,RELC): (  1.6276364     0.10329695E-08 ) :: navier-stokes
FlowSolve: iter:    5 Assembly: (s)    0.00    0.02
FlowSolve: iter:    5 Solve:    (s)    0.00    0.01
FlowSolve:  Result Norm     :    1.6276363632686464
FlowSolve:  Relative Change :    1.0329694609091789E-009
FlowSolve: 
FlowSolve: 
FlowSolve: -------------------------------------
FlowSolve:  NAVIER-STOKES ITERATION           6
FlowSolve: -------------------------------------
FlowSolve: 
FlowSolve: Starting Assembly...
FlowSolve: Assembly:
FlowSolve: Assembly done
FlowSolve: Dirichlet conditions done
BiCGStabl:        4 0.8741E-11 0.8741E-11
ComputeChange: NS (ITER=6) (NRM,RELC): (  1.6276364     0.30997081E-09 ) :: navier-stokes
FlowSolve: iter:    6 Assembly: (s)    0.00    0.02
FlowSolve: iter:    6 Solve:    (s)    0.00    0.01
FlowSolve:  Result Norm     :    1.6276363637731661
FlowSolve:  Relative Change :    3.0997080835184610E-010
FlowSolve: 
FlowSolve: 
FlowSolve: -------------------------------------
FlowSolve:  NAVIER-STOKES ITERATION           7
FlowSolve: -------------------------------------
FlowSolve: 
FlowSolve: Starting Assembly...
FlowSolve: Assembly:
FlowSolve: Assembly done
FlowSolve: Dirichlet conditions done
BiCGStabl:        3 0.9434E-11 0.9434E-11
ComputeChange: NS (ITER=7) (NRM,RELC): (  1.6276364     0.90742675E-10 ) :: navier-stokes
FlowSolve: iter:    7 Assembly: (s)    0.00    0.03
FlowSolve: iter:    7 Solve:    (s)    0.00    0.01
FlowSolve:  Result Norm     :    1.6276363639208622
FlowSolve:  Relative Change :    9.0742675004670677E-011
ComputeChange: SS (ITER=42) (NRM,RELC): (  1.6276362     0.63578971E-07 ) :: navier-stokes
ResultOutputSolver: -------------------------------------
ResultOutputSolver: Saving in unstructured VTK XML (.vtu) format
ResultOutputSolver: -------------------------------------
MAIN: 
MAIN: -------------------------------------
MAIN:  Steady state iteration:           43
MAIN: -------------------------------------
MAIN: 
HeatSolver: ------------------------------------------------
HeatSolver: Solving energy equation for temperature
HeatSolver: Heat solver iteration: 1
IterSolver: "Linear System GCR Restart" not given, setting it to 200
ComputeChange: NS (ITER=1) (NRM,RELC): (  300.00015     0.29513088E-11 ) :: heat equation
ComputeChange: SS (ITER=43) (NRM,RELC): (  300.00015     0.10328444E-11 ) :: heat equation
FlowSolve: 
FlowSolve: 
FlowSolve: -------------------------------------
FlowSolve:  NAVIER-STOKES ITERATION           1
FlowSolve: -------------------------------------
FlowSolve: 
FlowSolve: Starting Assembly...
FlowSolve: Assembly:
FlowSolve: Assembly done
FlowSolve: Dirichlet conditions done
BiCGStabl:        6 0.6722E-11 0.6722E-11
ComputeChange: NS (ITER=1) (NRM,RELC): (  1.6276364     0.11794839E-06 ) :: navier-stokes
FlowSolve: iter:    1 Assembly: (s)    0.00    0.00
FlowSolve: iter:    1 Solve:    (s)    0.00    0.00
FlowSolve:  Result Norm     :    1.6276363637141684
FlowSolve:  Relative Change :    1.1794839290315775E-007
FlowSolve: 
FlowSolve: 
FlowSolve: -------------------------------------
FlowSolve:  NAVIER-STOKES ITERATION           2
FlowSolve: -------------------------------------
FlowSolve: 
FlowSolve: Starting Assembly...
FlowSolve: Assembly:
FlowSolve: Assembly done
FlowSolve: Dirichlet conditions done
BiCGStabl:        5 0.3800E-11 0.3800E-11
ComputeChange: NS (ITER=2) (NRM,RELC): (  1.6276364     0.35415964E-07 ) :: navier-stokes
FlowSolve: iter:    2 Assembly: (s)    0.00    0.01
FlowSolve: iter:    2 Solve:    (s)    0.00    0.00
FlowSolve:  Result Norm     :    1.6276364213584804
FlowSolve:  Relative Change :    3.5415964065890017E-008
FlowSolve: 
FlowSolve: 
FlowSolve: -------------------------------------
FlowSolve:  NAVIER-STOKES ITERATION           3
FlowSolve: -------------------------------------
FlowSolve: 
FlowSolve: Starting Assembly...
FlowSolve: Assembly:
FlowSolve: Assembly done
FlowSolve: Dirichlet conditions done
BiCGStabl:        5 0.8107E-11 0.8107E-11
ComputeChange: NS (ITER=3) (NRM,RELC): (  1.6276364     0.10635628E-07 ) :: navier-stokes
FlowSolve: iter:    3 Assembly: (s)    0.00    0.01
FlowSolve: iter:    3 Solve:    (s)    0.00    0.01
FlowSolve:  Result Norm     :    1.6276364386694153
FlowSolve:  Relative Change :    1.0635627581527272E-008
FlowSolve: 
FlowSolve: 
FlowSolve: -------------------------------------
FlowSolve:  NAVIER-STOKES ITERATION           4
FlowSolve: -------------------------------------
FlowSolve: 
FlowSolve: Starting Assembly...
FlowSolve: Assembly:
FlowSolve: Assembly done
FlowSolve: Dirichlet conditions done
BiCGStabl:        5 0.5987E-11 0.5987E-11
ComputeChange: NS (ITER=4) (NRM,RELC): (  1.6276364     0.31967904E-08 ) :: navier-stokes
FlowSolve: iter:    4 Assembly: (s)    0.00    0.02
FlowSolve: iter:    4 Solve:    (s)    0.00    0.01
FlowSolve:  Result Norm     :    1.6276364438726278
FlowSolve:  Relative Change :    3.1967903860898969E-009
FlowSolve: 
FlowSolve: 
FlowSolve: -------------------------------------
FlowSolve:  NAVIER-STOKES ITERATION           5
FlowSolve: -------------------------------------
FlowSolve: 
FlowSolve: Starting Assembly...
FlowSolve: Assembly:
FlowSolve: Assembly done
FlowSolve: Dirichlet conditions done
BiCGStabl:        4 0.3454E-11 0.3454E-11
ComputeChange: NS (ITER=5) (NRM,RELC): (  1.6276364     0.95793035E-09 ) :: navier-stokes
FlowSolve: iter:    5 Assembly: (s)    0.00    0.02
FlowSolve: iter:    5 Solve:    (s)    0.00    0.01
FlowSolve:  Result Norm     :    1.6276364454317902
FlowSolve:  Relative Change :    9.5793035349104394E-010
FlowSolve: 
FlowSolve: 
FlowSolve: -------------------------------------
FlowSolve:  NAVIER-STOKES ITERATION           6
FlowSolve: -------------------------------------
FlowSolve: 
FlowSolve: Starting Assembly...
FlowSolve: Assembly:
FlowSolve: Assembly done
FlowSolve: Dirichlet conditions done
BiCGStabl:        3 0.9780E-11 0.9780E-11
ComputeChange: NS (ITER=6) (NRM,RELC): (  1.6276364     0.28302987E-09 ) :: navier-stokes
FlowSolve: iter:    6 Assembly: (s)    0.00    0.02
FlowSolve: iter:    6 Solve:    (s)    0.00    0.01
FlowSolve:  Result Norm     :    1.6276364458924599
FlowSolve:  Relative Change :    2.8302986567840300E-010
FlowSolve: 
FlowSolve: 
FlowSolve: -------------------------------------
FlowSolve:  NAVIER-STOKES ITERATION           7
FlowSolve: -------------------------------------
FlowSolve: 
FlowSolve: Starting Assembly...
FlowSolve: Assembly:
FlowSolve: Assembly done
FlowSolve: Dirichlet conditions done
BiCGStabl:        3 0.7890E-11 0.7890E-11
ComputeChange: NS (ITER=7) (NRM,RELC): (  1.6276364     0.87394614E-10 ) :: navier-stokes
FlowSolve: iter:    7 Assembly: (s)    0.00    0.03
FlowSolve: iter:    7 Solve:    (s)    0.00    0.01
FlowSolve:  Result Norm     :    1.6276364460347066
FlowSolve:  Relative Change :    8.7394613980931971E-011
ComputeChange: SS (ITER=43) (NRM,RELC): (  1.6276363     0.58983767E-07 ) :: navier-stokes
ResultOutputSolver: -------------------------------------
ResultOutputSolver: Saving in unstructured VTK XML (.vtu) format
ResultOutputSolver: -------------------------------------
MAIN: 
MAIN: -------------------------------------
MAIN:  Steady state iteration:           44
MAIN: -------------------------------------
MAIN: 
HeatSolver: ------------------------------------------------
HeatSolver: Solving energy equation for temperature
HeatSolver: Heat solver iteration: 1
IterSolver: "Linear System GCR Restart" not given, setting it to 200
ComputeChange: NS (ITER=1) (NRM,RELC): (  300.00015     0.24020122E-11 ) :: heat equation
ComputeChange: SS (ITER=44) (NRM,RELC): (  300.00015     0.84090322E-12 ) :: heat equation
FlowSolve: 
FlowSolve: 
FlowSolve: -------------------------------------
FlowSolve:  NAVIER-STOKES ITERATION           1
FlowSolve: -------------------------------------
FlowSolve: 
FlowSolve: Starting Assembly...
FlowSolve: Assembly:
FlowSolve: Assembly done
FlowSolve: Dirichlet conditions done
BiCGStabl:        5 0.8188E-11 0.8188E-11
ComputeChange: NS (ITER=1) (NRM,RELC): (  1.6276364     0.10133067E-06 ) :: navier-stokes
FlowSolve: iter:    1 Assembly: (s)    0.00    0.00
FlowSolve: iter:    1 Solve:    (s)    0.00    0.00
FlowSolve:  Result Norm     :    1.6276364326706843
FlowSolve:  Relative Change :    1.0133067038887775E-007
FlowSolve: 
FlowSolve: 
FlowSolve: -------------------------------------
FlowSolve:  NAVIER-STOKES ITERATION           2
FlowSolve: -------------------------------------
FlowSolve: 
FlowSolve: Starting Assembly...
FlowSolve: Assembly:
FlowSolve: Assembly done
FlowSolve: Dirichlet conditions done
BiCGStabl:        5 0.2479E-11 0.2479E-11
ComputeChange: NS (ITER=2) (NRM,RELC): (  1.6276365     0.30426974E-07 ) :: navier-stokes
FlowSolve: iter:    2 Assembly: (s)    0.00    0.01
FlowSolve: iter:    2 Solve:    (s)    0.00    0.00
FlowSolve:  Result Norm     :    1.6276364821947364
FlowSolve:  Relative Change :    3.0426974012741410E-008
FlowSolve: 
FlowSolve: 
FlowSolve: -------------------------------------
FlowSolve:  NAVIER-STOKES ITERATION           3
FlowSolve: -------------------------------------
FlowSolve: 
FlowSolve: Starting Assembly...
FlowSolve: Assembly:
FlowSolve: Assembly done
FlowSolve: Dirichlet conditions done
BiCGStabl:        5 0.4373E-11 0.4373E-11
ComputeChange: NS (ITER=3) (NRM,RELC): (  1.6276365     0.91362249E-08 ) :: navier-stokes
FlowSolve: iter:    3 Assembly: (s)    0.00    0.01
FlowSolve: iter:    3 Solve:    (s)    0.00    0.01
FlowSolve:  Result Norm     :    1.6276364970651895
FlowSolve:  Relative Change :    9.1362249408042460E-009
FlowSolve: 
FlowSolve: 
FlowSolve: -------------------------------------
FlowSolve:  NAVIER-STOKES ITERATION           4
FlowSolve: -------------------------------------
FlowSolve: 
FlowSolve: Starting Assembly...
FlowSolve: Assembly:
FlowSolve: Assembly done
FlowSolve: Dirichlet conditions done
BiCGStabl:        4 0.8408E-11 0.8408E-11
ComputeChange: NS (ITER=4) (NRM,RELC): (  1.6276365     0.27441438E-08 ) :: navier-stokes
FlowSolve: iter:    4 Assembly: (s)    0.00    0.02
FlowSolve: iter:    4 Solve:    (s)    0.00    0.01
FlowSolve:  Result Norm     :    1.6276365015316581
FlowSolve:  Relative Change :    2.7441437509473070E-009
FlowSolve: 
FlowSolve: 
FlowSolve: -------------------------------------
FlowSolve:  NAVIER-STOKES ITERATION           5
FlowSolve: -------------------------------------
FlowSolve: 
FlowSolve: Starting Assembly...
FlowSolve: Assembly:
FlowSolve: Assembly done
FlowSolve: Dirichlet conditions done
BiCGStabl:        4 0.2519E-11 0.2519E-11
ComputeChange: NS (ITER=5) (NRM,RELC): (  1.6276365     0.82358557E-09 ) :: navier-stokes
FlowSolve: iter:    5 Assembly: (s)    0.00    0.02
FlowSolve: iter:    5 Solve:    (s)    0.00    0.01
FlowSolve:  Result Norm     :    1.6276365028721560
FlowSolve:  Relative Change :    8.2358556905235300E-010
FlowSolve: 
FlowSolve: 
FlowSolve: -------------------------------------
FlowSolve:  NAVIER-STOKES ITERATION           6
FlowSolve: -------------------------------------
FlowSolve: 
FlowSolve: Starting Assembly...
FlowSolve: Assembly:
FlowSolve: Assembly done
FlowSolve: Dirichlet conditions done
BiCGStabl:        3 0.8495E-11 0.8495E-11
ComputeChange: NS (ITER=6) (NRM,RELC): (  1.6276365     0.24352560E-09 ) :: navier-stokes
FlowSolve: iter:    6 Assembly: (s)    0.00    0.02
FlowSolve: iter:    6 Solve:    (s)    0.00    0.01
FlowSolve:  Result Norm     :    1.6276365032685272
FlowSolve:  Relative Change :    2.4352560130603596E-010
FlowSolve: 
FlowSolve: 
FlowSolve: -------------------------------------
FlowSolve:  NAVIER-STOKES ITERATION           7
FlowSolve: -------------------------------------
FlowSolve: 
FlowSolve: Starting Assembly...
FlowSolve: Assembly:
FlowSolve: Assembly done
FlowSolve: Dirichlet conditions done
BiCGStabl:        3 0.6468E-11 0.6468E-11
ComputeChange: NS (ITER=7) (NRM,RELC): (  1.6276365     0.75113402E-10 ) :: navier-stokes
FlowSolve: iter:    7 Assembly: (s)    0.00    0.03
FlowSolve: iter:    7 Solve:    (s)    0.00    0.01
FlowSolve:  Result Norm     :    1.6276365033907845
FlowSolve:  Relative Change :    7.5113402244549446E-011
ComputeChange: SS (ITER=44) (NRM,RELC): (  1.6276364     0.50673068E-07 ) :: navier-stokes
ResultOutputSolver: -------------------------------------
ResultOutputSolver: Saving in unstructured VTK XML (.vtu) format
ResultOutputSolver: -------------------------------------
MAIN: 
MAIN: -------------------------------------
MAIN:  Steady state iteration:           45
MAIN: -------------------------------------
MAIN: 
HeatSolver: ------------------------------------------------
HeatSolver: Solving energy equation for temperature
HeatSolver: Heat solver iteration: 1
IterSolver: "Linear System GCR Restart" not given, setting it to 200
ComputeChange: NS (ITER=1) (NRM,RELC): (  300.00015     0.19544652E-11 ) :: heat equation
ComputeChange: SS (ITER=45) (NRM,RELC): (  300.00015     0.68401546E-12 ) :: heat equation
FlowSolve: 
FlowSolve: 
FlowSolve: -------------------------------------
FlowSolve:  NAVIER-STOKES ITERATION           1
FlowSolve: -------------------------------------
FlowSolve: 
FlowSolve: Starting Assembly...
FlowSolve: Assembly:
FlowSolve: Assembly done
FlowSolve: Dirichlet conditions done
BiCGStabl:        5 0.5981E-11 0.5981E-11
ComputeChange: NS (ITER=1) (NRM,RELC): (  1.6276365     0.82871725E-07 ) :: navier-stokes
FlowSolve: iter:    1 Assembly: (s)    0.00    0.00
FlowSolve: iter:    1 Solve:    (s)    0.00    0.00
FlowSolve:  Result Norm     :    1.6276364851035641
FlowSolve:  Relative Change :    8.2871724714470882E-008
FlowSolve: 
FlowSolve: 
FlowSolve: -------------------------------------
FlowSolve:  NAVIER-STOKES ITERATION           2
FlowSolve: -------------------------------------
FlowSolve: 
FlowSolve: Starting Assembly...
FlowSolve: Assembly:
FlowSolve: Assembly done
FlowSolve: Dirichlet conditions done
BiCGStabl:        5 0.8654E-11 0.8654E-11
ComputeChange: NS (ITER=2) (NRM,RELC): (  1.6276365     0.24882113E-07 ) :: navier-stokes
FlowSolve: iter:    2 Assembly: (s)    0.00    0.01
FlowSolve: iter:    2 Solve:    (s)    0.00    0.00
FlowSolve:  Result Norm     :    1.6276365256026000
FlowSolve:  Relative Change :    2.4882113278637692E-008
FlowSolve: 
FlowSolve: 
FlowSolve: -------------------------------------
FlowSolve:  NAVIER-STOKES ITERATION           3
FlowSolve: -------------------------------------
FlowSolve: 
FlowSolve: Starting Assembly...
FlowSolve: Assembly:
FlowSolve: Assembly done
FlowSolve: Dirichlet conditions done
BiCGStabl:        5 0.2570E-11 0.2570E-11
ComputeChange: NS (ITER=3) (NRM,RELC): (  1.6276365     0.74712630E-08 ) :: navier-stokes
FlowSolve: iter:    3 Assembly: (s)    0.00    0.01
FlowSolve: iter:    3 Solve:    (s)    0.00    0.00
FlowSolve:  Result Norm     :    1.6276365377631006
FlowSolve:  Relative Change :    7.4712630060662107E-009
FlowSolve: 
FlowSolve: 
FlowSolve: -------------------------------------
FlowSolve:  NAVIER-STOKES ITERATION           4
FlowSolve: -------------------------------------
FlowSolve: 
FlowSolve: Starting Assembly...
FlowSolve: Assembly:
FlowSolve: Assembly done
FlowSolve: Dirichlet conditions done
BiCGStabl:        4 0.6366E-11 0.6366E-11
ComputeChange: NS (ITER=4) (NRM,RELC): (  1.6276365     0.22438465E-08 ) :: navier-stokes
FlowSolve: iter:    4 Assembly: (s)    0.00    0.02
FlowSolve: iter:    4 Solve:    (s)    0.00    0.01
FlowSolve:  Result Norm     :    1.6276365414152671
FlowSolve:  Relative Change :    2.2438465101611760E-009
FlowSolve: 
FlowSolve: 
FlowSolve: -------------------------------------
FlowSolve:  NAVIER-STOKES ITERATION           5
FlowSolve: -------------------------------------
FlowSolve: 
FlowSolve: Starting Assembly...
FlowSolve: Assembly:
FlowSolve: Assembly done
FlowSolve: Dirichlet conditions done
BiCGStabl:        4 0.1909E-11 0.1909E-11
ComputeChange: NS (ITER=5) (NRM,RELC): (  1.6276365     0.67341127E-09 ) :: navier-stokes
FlowSolve: iter:    5 Assembly: (s)    0.00    0.02
FlowSolve: iter:    5 Solve:    (s)    0.00    0.01
FlowSolve:  Result Norm     :    1.6276365425113359
FlowSolve:  Relative Change :    6.7341127028402852E-010
FlowSolve: 
FlowSolve: 
FlowSolve: -------------------------------------
FlowSolve:  NAVIER-STOKES ITERATION           6
FlowSolve: -------------------------------------
FlowSolve: 
FlowSolve: Starting Assembly...
FlowSolve: Assembly:
FlowSolve: Assembly done
FlowSolve: Dirichlet conditions done
BiCGStabl:        3 0.6930E-11 0.6930E-11
ComputeChange: NS (ITER=6) (NRM,RELC): (  1.6276365     0.19922449E-09 ) :: navier-stokes
FlowSolve: iter:    6 Assembly: (s)    0.00    0.02
FlowSolve: iter:    6 Solve:    (s)    0.00    0.01
FlowSolve:  Result Norm     :    1.6276365428356010
FlowSolve:  Relative Change :    1.9922448946476609E-010
FlowSolve: 
FlowSolve: 
FlowSolve: -------------------------------------
FlowSolve:  NAVIER-STOKES ITERATION           7
FlowSolve: -------------------------------------
FlowSolve: 
FlowSolve: Starting Assembly...
FlowSolve: Assembly:
FlowSolve: Assembly done
FlowSolve: Dirichlet conditions done
BiCGStabl:        3 0.9171E-11 0.9171E-11
ComputeChange: NS (ITER=7) (NRM,RELC): (  1.6276365     0.58307637E-10 ) :: navier-stokes
FlowSolve: iter:    7 Assembly: (s)    0.00    0.03
FlowSolve: iter:    7 Solve:    (s)    0.00    0.01
FlowSolve:  Result Norm     :    1.6276365429305046
FlowSolve:  Relative Change :    5.8307636871861932E-011
ComputeChange: SS (ITER=45) (NRM,RELC): (  1.6276364     0.41439953E-07 ) :: navier-stokes
ResultOutputSolver: -------------------------------------
ResultOutputSolver: Saving in unstructured VTK XML (.vtu) format
ResultOutputSolver: -------------------------------------
MAIN: 
MAIN: -------------------------------------
MAIN:  Steady state iteration:           46
MAIN: -------------------------------------
MAIN: 
HeatSolver: ------------------------------------------------
HeatSolver: Solving energy equation for temperature
HeatSolver: Heat solver iteration: 1
IterSolver: "Linear System GCR Restart" not given, setting it to 200
ComputeChange: NS (ITER=1) (NRM,RELC): (  300.00015     0.15942676E-11 ) :: heat equation
ComputeChange: SS (ITER=46) (NRM,RELC): (  300.00015     0.55877052E-12 ) :: heat equation
FlowSolve: 
FlowSolve: 
FlowSolve: -------------------------------------
FlowSolve:  NAVIER-STOKES ITERATION           1
FlowSolve: -------------------------------------
FlowSolve: 
FlowSolve: Starting Assembly...
FlowSolve: Assembly:
FlowSolve: Assembly done
FlowSolve: Dirichlet conditions done
BiCGStabl:        5 0.4777E-11 0.4777E-11
ComputeChange: NS (ITER=1) (NRM,RELC): (  1.6276365     0.65440510E-07 ) :: navier-stokes
FlowSolve: iter:    1 Assembly: (s)    0.00    0.00
FlowSolve: iter:    1 Solve:    (s)    0.00    0.00
FlowSolve:  Result Norm     :    1.6276365241810624
FlowSolve:  Relative Change :    6.5440509755505547E-008
FlowSolve: 
FlowSolve: 
FlowSolve: -------------------------------------
FlowSolve:  NAVIER-STOKES ITERATION           2
FlowSolve: -------------------------------------
FlowSolve: 
FlowSolve: Starting Assembly...
FlowSolve: Assembly:
FlowSolve: Assembly done
FlowSolve: Dirichlet conditions done
BiCGStabl:        5 0.5796E-11 0.5796E-11
ComputeChange: NS (ITER=2) (NRM,RELC): (  1.6276366     0.19647962E-07 ) :: navier-stokes
FlowSolve: iter:    2 Assembly: (s)    0.00    0.01
FlowSolve: iter:    2 Solve:    (s)    0.00    0.00
FlowSolve:  Result Norm     :    1.6276365561608033
FlowSolve:  Relative Change :    1.9647961978101928E-008
FlowSolve: 
FlowSolve: 
FlowSolve: -------------------------------------
FlowSolve:  NAVIER-STOKES ITERATION           3
FlowSolve: -------------------------------------
FlowSolve: 
FlowSolve: Starting Assembly...
FlowSolve: Assembly:
FlowSolve: Assembly done
FlowSolve: Dirichlet conditions done
BiCGStabl:        5 0.7709E-11 0.7709E-11
ComputeChange: NS (ITER=3) (NRM,RELC): (  1.6276366     0.59030279E-08 ) :: navier-stokes
FlowSolve: iter:    3 Assembly: (s)    0.00    0.01
FlowSolve: iter:    3 Solve:    (s)    0.00    0.00
FlowSolve:  Result Norm     :    1.6276365657687872
FlowSolve:  Relative Change :    5.9030278591758944E-009
FlowSolve: 
FlowSolve: 
FlowSolve: -------------------------------------
FlowSolve:  NAVIER-STOKES ITERATION           4
FlowSolve: -------------------------------------
FlowSolve: 
FlowSolve: Starting Assembly...
FlowSolve: Assembly:
FlowSolve: Assembly done
FlowSolve: Dirichlet conditions done
BiCGStabl:        4 0.4879E-11 0.4879E-11
ComputeChange: NS (ITER=4) (NRM,RELC): (  1.6276366     0.17693227E-08 ) :: navier-stokes
FlowSolve: iter:    4 Assembly: (s)    0.00    0.02
FlowSolve: iter:    4 Solve:    (s)    0.00    0.01
FlowSolve:  Result Norm     :    1.6276365686486016
FlowSolve:  Relative Change :    1.7693227376285030E-009
FlowSolve: 
FlowSolve: 
FlowSolve: -------------------------------------
FlowSolve:  NAVIER-STOKES ITERATION           5
FlowSolve: -------------------------------------
FlowSolve: 
FlowSolve: Starting Assembly...
FlowSolve: Assembly:
FlowSolve: Assembly done
FlowSolve: Dirichlet conditions done
BiCGStabl:        4 0.9499E-11 0.9499E-11
ComputeChange: NS (ITER=5) (NRM,RELC): (  1.6276366     0.53109363E-09 ) :: navier-stokes
FlowSolve: iter:    5 Assembly: (s)    0.00    0.02
FlowSolve: iter:    5 Solve:    (s)    0.00    0.01
FlowSolve:  Result Norm     :    1.6276365695130290
FlowSolve:  Relative Change :    5.3109363291247038E-010
FlowSolve: 
FlowSolve: 
FlowSolve: -------------------------------------
FlowSolve:  NAVIER-STOKES ITERATION           6
FlowSolve: -------------------------------------
FlowSolve: 
FlowSolve: Starting Assembly...
FlowSolve: Assembly:
FlowSolve: Assembly done
FlowSolve: Dirichlet conditions done
BiCGStabl:        3 0.5423E-11 0.5423E-11
ComputeChange: NS (ITER=6) (NRM,RELC): (  1.6276366     0.15697898E-09 ) :: navier-stokes
FlowSolve: iter:    6 Assembly: (s)    0.00    0.02
FlowSolve: iter:    6 Solve:    (s)    0.00    0.01
FlowSolve:  Result Norm     :    1.6276365697685338
FlowSolve:  Relative Change :    1.5697897998333801E-010
FlowSolve: 
FlowSolve: 
FlowSolve: -------------------------------------
FlowSolve:  NAVIER-STOKES ITERATION           7
FlowSolve: -------------------------------------
FlowSolve: 
FlowSolve: Starting Assembly...
FlowSolve: Assembly:
FlowSolve: Assembly done
FlowSolve: Dirichlet conditions done
BiCGStabl:        3 0.6960E-11 0.6960E-11
ComputeChange: NS (ITER=7) (NRM,RELC): (  1.6276366     0.45893144E-10 ) :: navier-stokes
FlowSolve: iter:    7 Assembly: (s)    0.00    0.03
FlowSolve: iter:    7 Solve:    (s)    0.00    0.01
FlowSolve:  Result Norm     :    1.6276365698432311
FlowSolve:  Relative Change :    4.5893143957759364E-011
ComputeChange: SS (ITER=46) (NRM,RELC): (  1.6276365     0.32723171E-07 ) :: navier-stokes
ResultOutputSolver: -------------------------------------
ResultOutputSolver: Saving in unstructured VTK XML (.vtu) format
ResultOutputSolver: -------------------------------------
MAIN: 
MAIN: -------------------------------------
MAIN:  Steady state iteration:           47
MAIN: -------------------------------------
MAIN: 
HeatSolver: ------------------------------------------------
HeatSolver: Solving energy equation for temperature
HeatSolver: Heat solver iteration: 1
IterSolver: "Linear System GCR Restart" not given, setting it to 200
ComputeChange: NS (ITER=1) (NRM,RELC): (  300.00015     0.12912923E-11 ) :: heat equation
ComputeChange: SS (ITER=47) (NRM,RELC): (  300.00015     0.45190495E-12 ) :: heat equation
FlowSolve: 
FlowSolve: 
FlowSolve: -------------------------------------
FlowSolve:  NAVIER-STOKES ITERATION           1
FlowSolve: -------------------------------------
FlowSolve: 
FlowSolve: Starting Assembly...
FlowSolve: Assembly:
FlowSolve: Assembly done
FlowSolve: Dirichlet conditions done
BiCGStabl:        5 0.3444E-11 0.3444E-11
ComputeChange: NS (ITER=1) (NRM,RELC): (  1.6276366     0.53726402E-07 ) :: navier-stokes
FlowSolve: iter:    1 Assembly: (s)    0.00    0.00
FlowSolve: iter:    1 Solve:    (s)    0.00    0.00
FlowSolve:  Result Norm     :    1.6276365583761816
FlowSolve:  Relative Change :    5.3726401803493409E-008
FlowSolve: 
FlowSolve: 
FlowSolve: -------------------------------------
FlowSolve:  NAVIER-STOKES ITERATION           2
FlowSolve: -------------------------------------
FlowSolve: 
FlowSolve: Starting Assembly...
FlowSolve: Assembly:
FlowSolve: Assembly done
FlowSolve: Dirichlet conditions done
BiCGStabl:        5 0.3103E-11 0.3103E-11
ComputeChange: NS (ITER=2) (NRM,RELC): (  1.6276366     0.16129900E-07 ) :: navier-stokes
FlowSolve: iter:    2 Assembly: (s)    0.00    0.01
FlowSolve: iter:    2 Solve:    (s)    0.00    0.00
FlowSolve:  Result Norm     :    1.6276365846297971
FlowSolve:  Relative Change :    1.6129900226773362E-008
FlowSolve: 
FlowSolve: 
FlowSolve: -------------------------------------
FlowSolve:  NAVIER-STOKES ITERATION           3
FlowSolve: -------------------------------------
FlowSolve: 
FlowSolve: Starting Assembly...
FlowSolve: Assembly:
FlowSolve: Assembly done
FlowSolve: Dirichlet conditions done
BiCGStabl:        5 0.5646E-11 0.5646E-11
ComputeChange: NS (ITER=3) (NRM,RELC): (  1.6276366     0.48454286E-08 ) :: navier-stokes
FlowSolve: iter:    3 Assembly: (s)    0.00    0.01
FlowSolve: iter:    3 Solve:    (s)    0.00    0.00
FlowSolve:  Result Norm     :    1.6276365925163940
FlowSolve:  Relative Change :    4.8454286334190826E-009
FlowSolve: 
FlowSolve: 
FlowSolve: -------------------------------------
FlowSolve:  NAVIER-STOKES ITERATION           4
FlowSolve: -------------------------------------
FlowSolve: 
FlowSolve: Starting Assembly...
FlowSolve: Assembly:
FlowSolve: Assembly done
FlowSolve: Dirichlet conditions done
BiCGStabl:        4 0.3751E-11 0.3751E-11
ComputeChange: NS (ITER=4) (NRM,RELC): (  1.6276366     0.14524114E-08 ) :: navier-stokes
FlowSolve: iter:    4 Assembly: (s)    0.00    0.02
FlowSolve: iter:    4 Solve:    (s)    0.00    0.01
FlowSolve:  Result Norm     :    1.6276365948803919
FlowSolve:  Relative Change :    1.4524113647277725E-009
FlowSolve: 
FlowSolve: 
FlowSolve: -------------------------------------
FlowSolve:  NAVIER-STOKES ITERATION           5
FlowSolve: -------------------------------------
FlowSolve: 
FlowSolve: Starting Assembly...
FlowSolve: Assembly:
FlowSolve: Assembly done
FlowSolve: Dirichlet conditions done
BiCGStabl:        4 0.6911E-11 0.6911E-11
ComputeChange: NS (ITER=5) (NRM,RELC): (  1.6276366     0.43593800E-09 ) :: navier-stokes
FlowSolve: iter:    5 Assembly: (s)    0.00    0.02
FlowSolve: iter:    5 Solve:    (s)    0.00    0.01
FlowSolve:  Result Norm     :    1.6276365955899406
FlowSolve:  Relative Change :    4.3593800000628081E-010
FlowSolve: 
FlowSolve: 
FlowSolve: -------------------------------------
FlowSolve:  NAVIER-STOKES ITERATION           6
FlowSolve: -------------------------------------
FlowSolve: 
FlowSolve: Starting Assembly...
FlowSolve: Assembly:
FlowSolve: Assembly done
FlowSolve: Dirichlet conditions done
BiCGStabl:        3 0.4338E-11 0.4338E-11
ComputeChange: NS (ITER=6) (NRM,RELC): (  1.6276366     0.12898583E-09 ) :: navier-stokes
FlowSolve: iter:    6 Assembly: (s)    0.00    0.02
FlowSolve: iter:    6 Solve:    (s)    0.00    0.01
FlowSolve:  Result Norm     :    1.6276365957998826
FlowSolve:  Relative Change :    1.2898583399321931E-010
FlowSolve: 
FlowSolve: 
FlowSolve: -------------------------------------
FlowSolve:  NAVIER-STOKES ITERATION           7
FlowSolve: -------------------------------------
FlowSolve: 
FlowSolve: Starting Assembly...
FlowSolve: Assembly:
FlowSolve: Assembly done
FlowSolve: Dirichlet conditions done
BiCGStabl:        3 0.5235E-11 0.5235E-11
ComputeChange: NS (ITER=7) (NRM,RELC): (  1.6276366     0.37741004E-10 ) :: navier-stokes
FlowSolve: iter:    7 Assembly: (s)    0.00    0.03
FlowSolve: iter:    7 Solve:    (s)    0.00    0.01
FlowSolve:  Result Norm     :    1.6276365958613113
FlowSolve:  Relative Change :    3.7741004416997852E-011
ComputeChange: SS (ITER=47) (NRM,RELC): (  1.6276365     0.26864880E-07 ) :: navier-stokes
ResultOutputSolver: -------------------------------------
ResultOutputSolver: Saving in unstructured VTK XML (.vtu) format
ResultOutputSolver: -------------------------------------
MAIN: 
MAIN: -------------------------------------
MAIN:  Steady state iteration:           48
MAIN: -------------------------------------
MAIN: 
HeatSolver: ------------------------------------------------
HeatSolver: Solving energy equation for temperature
HeatSolver: Heat solver iteration: 1
IterSolver: "Linear System GCR Restart" not given, setting it to 200
ComputeChange: NS (ITER=1) (NRM,RELC): (  300.00015     0.10409920E-11 ) :: heat equation
ComputeChange: SS (ITER=48) (NRM,RELC): (  300.00015     0.36417665E-12 ) :: heat equation
FlowSolve: 
FlowSolve: 
FlowSolve: -------------------------------------
FlowSolve:  NAVIER-STOKES ITERATION           1
FlowSolve: -------------------------------------
FlowSolve: 
FlowSolve: Starting Assembly...
FlowSolve: Assembly:
FlowSolve: Assembly done
FlowSolve: Dirichlet conditions done
BiCGStabl:        5 0.7599E-11 0.7599E-11
ComputeChange: NS (ITER=1) (NRM,RELC): (  1.6276366     0.41738673E-07 ) :: navier-stokes
FlowSolve: iter:    1 Assembly: (s)    0.00    0.00
FlowSolve: iter:    1 Solve:    (s)    0.00    0.00
FlowSolve:  Result Norm     :    1.6276365825907768
FlowSolve:  Relative Change :    4.1738673193133298E-008
FlowSolve: 
FlowSolve: 
FlowSolve: -------------------------------------
FlowSolve:  NAVIER-STOKES ITERATION           2
FlowSolve: -------------------------------------
FlowSolve: 
FlowSolve: Starting Assembly...
FlowSolve: Assembly:
FlowSolve: Assembly done
FlowSolve: Dirichlet conditions done
BiCGStabl:        5 0.2280E-11 0.2280E-11
ComputeChange: NS (ITER=2) (NRM,RELC): (  1.6276366     0.12531406E-07 ) :: navier-stokes
FlowSolve: iter:    2 Assembly: (s)    0.00    0.01
FlowSolve: iter:    2 Solve:    (s)    0.00    0.00
FlowSolve:  Result Norm     :    1.6276366029873519
FlowSolve:  Relative Change :    1.2531406080401195E-008
FlowSolve: 
FlowSolve: 
FlowSolve: -------------------------------------
FlowSolve:  NAVIER-STOKES ITERATION           3
FlowSolve: -------------------------------------
FlowSolve: 
FlowSolve: Starting Assembly...
FlowSolve: Assembly:
FlowSolve: Assembly done
FlowSolve: Dirichlet conditions done
BiCGStabl:        4 0.9622E-11 0.9622E-11
ComputeChange: NS (ITER=3) (NRM,RELC): (  1.6276366     0.37633479E-08 ) :: navier-stokes
FlowSolve: iter:    3 Assembly: (s)    0.00    0.01
FlowSolve: iter:    3 Solve:    (s)    0.00    0.00
FlowSolve:  Result Norm     :    1.6276366091127148
FlowSolve:  Relative Change :    3.7633479492975454E-009
FlowSolve: 
FlowSolve: 
FlowSolve: -------------------------------------
FlowSolve:  NAVIER-STOKES ITERATION           4
FlowSolve: -------------------------------------
FlowSolve: 
FlowSolve: Starting Assembly...
FlowSolve: Assembly:
FlowSolve: Assembly done
FlowSolve: Dirichlet conditions done
BiCGStabl:        4 0.2889E-11 0.2889E-11
ComputeChange: NS (ITER=4) (NRM,RELC): (  1.6276366     0.11291915E-08 ) :: navier-stokes
FlowSolve: iter:    4 Assembly: (s)    0.00    0.02
FlowSolve: iter:    4 Solve:    (s)    0.00    0.01
FlowSolve:  Result Norm     :    1.6276366109506282
FlowSolve:  Relative Change :    1.1291914704532446E-009
FlowSolve: 
FlowSolve: 
FlowSolve: -------------------------------------
FlowSolve:  NAVIER-STOKES ITERATION           5
FlowSolve: -------------------------------------
FlowSolve: 
FlowSolve: Starting Assembly...
FlowSolve: Assembly:
FlowSolve: Assembly done
FlowSolve: Dirichlet conditions done
BiCGStabl:        4 0.5193E-11 0.5193E-11
ComputeChange: NS (ITER=5) (NRM,RELC): (  1.6276366     0.33888639E-09 ) :: navier-stokes
FlowSolve: iter:    5 Assembly: (s)    0.00    0.02
FlowSolve: iter:    5 Solve:    (s)    0.00    0.01
FlowSolve:  Result Norm     :    1.6276366115022121
FlowSolve:  Relative Change :    3.3888638647573631E-010
FlowSolve: 
FlowSolve: 
FlowSolve: -------------------------------------
FlowSolve:  NAVIER-STOKES ITERATION           6
FlowSolve: -------------------------------------
FlowSolve: 
FlowSolve: Starting Assembly...
FlowSolve: Assembly:
FlowSolve: Assembly done
FlowSolve: Dirichlet conditions done
BiCGStabl:        3 0.8425E-11 0.8425E-11
ComputeChange: NS (ITER=6) (NRM,RELC): (  1.6276366     0.99673630E-10 ) :: navier-stokes
FlowSolve: iter:    6 Assembly: (s)    0.00    0.02
FlowSolve: iter:    6 Solve:    (s)    0.00    0.01
FlowSolve:  Result Norm     :    1.6276366116644445
FlowSolve:  Relative Change :    9.9673630183680591E-011
ComputeChange: SS (ITER=48) (NRM,RELC): (  1.6276365     0.20860411E-07 ) :: navier-stokes
ResultOutputSolver: -------------------------------------
ResultOutputSolver: Saving in unstructured VTK XML (.vtu) format
ResultOutputSolver: -------------------------------------
MAIN: 
MAIN: -------------------------------------
MAIN:  Steady state iteration:           49
MAIN: -------------------------------------
MAIN: 
HeatSolver: ------------------------------------------------
HeatSolver: Solving energy equation for temperature
HeatSolver: Heat solver iteration: 1
IterSolver: "Linear System GCR Restart" not given, setting it to 200
ComputeChange: NS (ITER=1) (NRM,RELC): (  300.00015     0.84241904E-12 ) :: heat equation
ComputeChange: SS (ITER=49) (NRM,RELC): (  300.00015     0.29501719E-12 ) :: heat equation
FlowSolve: 
FlowSolve: 
FlowSolve: -------------------------------------
FlowSolve:  NAVIER-STOKES ITERATION           1
FlowSolve: -------------------------------------
FlowSolve: 
FlowSolve: Starting Assembly...
FlowSolve: Assembly:
FlowSolve: Assembly done
FlowSolve: Dirichlet conditions done
BiCGStabl:        5 0.6801E-11 0.6801E-11
ComputeChange: NS (ITER=1) (NRM,RELC): (  1.6276366     0.31067433E-07 ) :: navier-stokes
FlowSolve: iter:    1 Assembly: (s)    0.00    0.00
FlowSolve: iter:    1 Solve:    (s)    0.00    0.00
FlowSolve:  Result Norm     :    1.6276365991750443
FlowSolve:  Relative Change :    3.1067432937658069E-008
FlowSolve: 
FlowSolve: 
FlowSolve: -------------------------------------
FlowSolve:  NAVIER-STOKES ITERATION           2
FlowSolve: -------------------------------------
FlowSolve: 
FlowSolve: Starting Assembly...
FlowSolve: Assembly:
FlowSolve: Assembly done
FlowSolve: Dirichlet conditions done
BiCGStabl:        5 0.2040E-11 0.2040E-11
ComputeChange: NS (ITER=2) (NRM,RELC): (  1.6276366     0.93280371E-08 ) :: navier-stokes
FlowSolve: iter:    2 Assembly: (s)    0.00    0.01
FlowSolve: iter:    2 Solve:    (s)    0.00    0.00
FlowSolve:  Result Norm     :    1.6276366143576990
FlowSolve:  Relative Change :    9.3280371219906953E-009
FlowSolve: 
FlowSolve: 
FlowSolve: -------------------------------------
FlowSolve:  NAVIER-STOKES ITERATION           3
FlowSolve: -------------------------------------
FlowSolve: 
FlowSolve: Starting Assembly...
FlowSolve: Assembly:
FlowSolve: Assembly done
FlowSolve: Dirichlet conditions done
BiCGStabl:        4 0.7388E-11 0.7388E-11
ComputeChange: NS (ITER=3) (NRM,RELC): (  1.6276366     0.28018426E-08 ) :: navier-stokes
FlowSolve: iter:    3 Assembly: (s)    0.00    0.01
FlowSolve: iter:    3 Solve:    (s)    0.00    0.00
FlowSolve:  Result Norm     :    1.6276366189180806
FlowSolve:  Relative Change :    2.8018426111000449E-009
FlowSolve: 
FlowSolve: 
FlowSolve: -------------------------------------
FlowSolve:  NAVIER-STOKES ITERATION           4
FlowSolve: -------------------------------------
FlowSolve: 
FlowSolve: Starting Assembly...
FlowSolve: Assembly:
FlowSolve: Assembly done
FlowSolve: Dirichlet conditions done
BiCGStabl:        4 0.2218E-11 0.2218E-11
ComputeChange: NS (ITER=4) (NRM,RELC): (  1.6276366     0.84048950E-09 ) :: navier-stokes
FlowSolve: iter:    4 Assembly: (s)    0.00    0.02
FlowSolve: iter:    4 Solve:    (s)    0.00    0.01
FlowSolve:  Result Norm     :    1.6276366202860921
FlowSolve:  Relative Change :    8.4048949587226783E-010
FlowSolve: 
FlowSolve: 
FlowSolve: -------------------------------------
FlowSolve:  NAVIER-STOKES ITERATION           5
FlowSolve: -------------------------------------
FlowSolve: 
FlowSolve: Starting Assembly...
FlowSolve: Assembly:
FlowSolve: Assembly done
FlowSolve: Dirichlet conditions done
BiCGStabl:        3 0.8518E-11 0.8518E-11
ComputeChange: NS (ITER=5) (NRM,RELC): (  1.6276366     0.24887085E-09 ) :: navier-stokes
FlowSolve: iter:    5 Assembly: (s)    0.00    0.02
FlowSolve: iter:    5 Solve:    (s)    0.00    0.01
FlowSolve:  Result Norm     :    1.6276366206911634
FlowSolve:  Relative Change :    2.4887085036611304E-010
FlowSolve: 
FlowSolve: 
FlowSolve: -------------------------------------
FlowSolve:  NAVIER-STOKES ITERATION           6
FlowSolve: -------------------------------------
FlowSolve: 
FlowSolve: Starting Assembly...
FlowSolve: Assembly:
FlowSolve: Assembly done
FlowSolve: Dirichlet conditions done
BiCGStabl:        3 0.6503E-11 0.6503E-11
ComputeChange: NS (ITER=6) (NRM,RELC): (  1.6276366     0.76434366E-10 ) :: navier-stokes
FlowSolve: iter:    6 Assembly: (s)    0.00    0.02
FlowSolve: iter:    6 Solve:    (s)    0.00    0.01
FlowSolve:  Result Norm     :    1.6276366208155708
FlowSolve:  Relative Change :    7.6434366065331166E-011
ComputeChange: SS (ITER=49) (NRM,RELC): (  1.6276366     0.15527087E-07 ) :: navier-stokes
ResultOutputSolver: -------------------------------------
ResultOutputSolver: Saving in unstructured VTK XML (.vtu) format
ResultOutputSolver: -------------------------------------
MAIN: 
MAIN: -------------------------------------
MAIN:  Steady state iteration:           50
MAIN: -------------------------------------
MAIN: 
HeatSolver: ------------------------------------------------
HeatSolver: Solving energy equation for temperature
HeatSolver: Heat solver iteration: 1
IterSolver: "Linear System GCR Restart" not given, setting it to 200
ComputeChange: NS (ITER=1) (NRM,RELC): (  300.00015     0.68572076E-12 ) :: heat equation
ComputeChange: SS (ITER=50) (NRM,RELC): (  300.00015     0.24006858E-12 ) :: heat equation
FlowSolve: 
FlowSolve: 
FlowSolve: -------------------------------------
FlowSolve:  NAVIER-STOKES ITERATION           1
FlowSolve: -------------------------------------
FlowSolve: 
FlowSolve: Starting Assembly...
FlowSolve: Assembly:
FlowSolve: Assembly done
FlowSolve: Dirichlet conditions done
BiCGStabl:        5 0.7185E-11 0.7185E-11
ComputeChange: NS (ITER=1) (NRM,RELC): (  1.6276366     0.22273606E-07 ) :: navier-stokes
FlowSolve: iter:    1 Assembly: (s)    0.00    0.00
FlowSolve: iter:    1 Solve:    (s)    0.00    0.00
FlowSolve:  Result Norm     :    1.6276366101343438
FlowSolve:  Relative Change :    2.2273605696032911E-008
FlowSolve: 
FlowSolve: 
FlowSolve: -------------------------------------
FlowSolve:  NAVIER-STOKES ITERATION           2
FlowSolve: -------------------------------------
FlowSolve: 
FlowSolve: Starting Assembly...
FlowSolve: Assembly:
FlowSolve: Assembly done
FlowSolve: Dirichlet conditions done
BiCGStabl:        5 0.9670E-11 0.9670E-11
ComputeChange: NS (ITER=2) (NRM,RELC): (  1.6276366     0.66934970E-08 ) :: navier-stokes
FlowSolve: iter:    2 Assembly: (s)    0.00    0.01
FlowSolve: iter:    2 Solve:    (s)    0.00    0.00
FlowSolve:  Result Norm     :    1.6276366210289246
FlowSolve:  Relative Change :    6.6934969935968523E-009
FlowSolve: 
FlowSolve: 
FlowSolve: -------------------------------------
FlowSolve:  NAVIER-STOKES ITERATION           3
FlowSolve: -------------------------------------
FlowSolve: 
FlowSolve: Starting Assembly...
FlowSolve: Assembly:
FlowSolve: Assembly done
FlowSolve: Dirichlet conditions done
BiCGStabl:        4 0.5681E-11 0.5681E-11
ComputeChange: NS (ITER=3) (NRM,RELC): (  1.6276366     0.20060445E-08 ) :: navier-stokes
FlowSolve: iter:    3 Assembly: (s)    0.00    0.01
FlowSolve: iter:    3 Solve:    (s)    0.00    0.00
FlowSolve:  Result Norm     :    1.6276366242940361
FlowSolve:  Relative Change :    2.0060445120455269E-009
FlowSolve: 
FlowSolve: 
FlowSolve: -------------------------------------
FlowSolve:  NAVIER-STOKES ITERATION           4
FlowSolve: -------------------------------------
FlowSolve: 
FlowSolve: Starting Assembly...
FlowSolve: Assembly:
FlowSolve: Assembly done
FlowSolve: Dirichlet conditions done
BiCGStabl:        4 0.1705E-11 0.1705E-11
ComputeChange: NS (ITER=4) (NRM,RELC): (  1.6276366     0.60153894E-09 ) :: navier-stokes
FlowSolve: iter:    4 Assembly: (s)    0.00    0.02
FlowSolve: iter:    4 Solve:    (s)    0.00    0.01
FlowSolve:  Result Norm     :    1.6276366252731229
FlowSolve:  Relative Change :    6.0153894101252015E-010
FlowSolve: 
FlowSolve: 
FlowSolve: -------------------------------------
FlowSolve:  NAVIER-STOKES ITERATION           5
FlowSolve: -------------------------------------
FlowSolve: 
FlowSolve: Starting Assembly...
FlowSolve: Assembly:
FlowSolve: Assembly done
FlowSolve: Dirichlet conditions done
BiCGStabl:        3 0.6355E-11 0.6355E-11
ComputeChange: NS (ITER=5) (NRM,RELC): (  1.6276366     0.17799593E-09 ) :: navier-stokes
FlowSolve: iter:    5 Assembly: (s)    0.00    0.02
FlowSolve: iter:    5 Solve:    (s)    0.00    0.01
FlowSolve:  Result Norm     :    1.6276366255628356
FlowSolve:  Relative Change :    1.7799593210894722E-010
FlowSolve: 
FlowSolve: 
FlowSolve: -------------------------------------
FlowSolve:  NAVIER-STOKES ITERATION           6
FlowSolve: -------------------------------------
FlowSolve: 
FlowSolve: Starting Assembly...
FlowSolve: Assembly:
FlowSolve: Assembly done
FlowSolve: Dirichlet conditions done
BiCGStabl:        3 0.8431E-11 0.8431E-11
ComputeChange: NS (ITER=6) (NRM,RELC): (  1.6276366     0.51407981E-10 ) :: navier-stokes
FlowSolve: iter:    6 Assembly: (s)    0.00    0.02
FlowSolve: iter:    6 Solve:    (s)    0.00    0.01
FlowSolve:  Result Norm     :    1.6276366256465091
FlowSolve:  Relative Change :    5.1407980901157479E-011
ComputeChange: SS (ITER=50) (NRM,RELC): (  1.6276366     0.11131431E-07 ) :: navier-stokes
ResultOutputSolver: -------------------------------------
ResultOutputSolver: Saving in unstructured VTK XML (.vtu) format
ResultOutputSolver: -------------------------------------
MAIN: 
MAIN: -------------------------------------
MAIN:  Steady state iteration:           51
MAIN: -------------------------------------
MAIN: 
HeatSolver: ------------------------------------------------
HeatSolver: Solving energy equation for temperature
HeatSolver: Heat solver iteration: 1
IterSolver: "Linear System GCR Restart" not given, setting it to 200
ComputeChange: NS (ITER=1) (NRM,RELC): (  300.00015     0.46478945E-12 ) :: heat equation
ComputeChange: SS (ITER=51) (NRM,RELC): (  300.00015     0.16219314E-12 ) :: heat equation
FlowSolve: 
FlowSolve: 
FlowSolve: -------------------------------------
FlowSolve:  NAVIER-STOKES ITERATION           1
FlowSolve: -------------------------------------
FlowSolve: 
FlowSolve: Starting Assembly...
FlowSolve: Assembly:
FlowSolve: Assembly done
FlowSolve: Dirichlet conditions done
BiCGStabl:        5 0.4062E-11 0.4062E-11
ComputeChange: NS (ITER=1) (NRM,RELC): (  1.6276366     0.20692398E-07 ) :: navier-stokes
FlowSolve: iter:    1 Assembly: (s)    0.00    0.00
FlowSolve: iter:    1 Solve:    (s)    0.00    0.00
FlowSolve:  Result Norm     :    1.6276366256786368
FlowSolve:  Relative Change :    2.0692397634559102E-008
FlowSolve: 
FlowSolve: 
FlowSolve: -------------------------------------
FlowSolve:  NAVIER-STOKES ITERATION           2
FlowSolve: -------------------------------------
FlowSolve: 
FlowSolve: Starting Assembly...
FlowSolve: Assembly:
FlowSolve: Assembly done
FlowSolve: Dirichlet conditions done
BiCGStabl:        5 0.6864E-11 0.6864E-11
ComputeChange: NS (ITER=2) (NRM,RELC): (  1.6276366     0.62160373E-08 ) :: navier-stokes
FlowSolve: iter:    2 Assembly: (s)    0.00    0.01
FlowSolve: iter:    2 Solve:    (s)    0.00    0.00
FlowSolve:  Result Norm     :    1.6276366357960868
FlowSolve:  Relative Change :    6.2160372885732538E-009
FlowSolve: 
FlowSolve: 
FlowSolve: -------------------------------------
FlowSolve:  NAVIER-STOKES ITERATION           3
FlowSolve: -------------------------------------
FlowSolve: 
FlowSolve: Starting Assembly...
FlowSolve: Assembly:
FlowSolve: Assembly done
FlowSolve: Dirichlet conditions done
BiCGStabl:        4 0.4326E-11 0.4326E-11
ComputeChange: NS (ITER=3) (NRM,RELC): (  1.6276366     0.18632591E-08 ) :: navier-stokes
FlowSolve: iter:    3 Assembly: (s)    0.00    0.01
FlowSolve: iter:    3 Solve:    (s)    0.00    0.00
FlowSolve:  Result Norm     :    1.6276366388287955
FlowSolve:  Relative Change :    1.8632590845348739E-009
FlowSolve: 
FlowSolve: 
FlowSolve: -------------------------------------
FlowSolve:  NAVIER-STOKES ITERATION           4
FlowSolve: -------------------------------------
FlowSolve: 
FlowSolve: Starting Assembly...
FlowSolve: Assembly:
FlowSolve: Assembly done
FlowSolve: Dirichlet conditions done
BiCGStabl:        4 0.7151E-11 0.7151E-11
ComputeChange: NS (ITER=4) (NRM,RELC): (  1.6276366     0.55893819E-09 ) :: navier-stokes
FlowSolve: iter:    4 Assembly: (s)    0.00    0.02
FlowSolve: iter:    4 Solve:    (s)    0.00    0.01
FlowSolve:  Result Norm     :    1.6276366397385438
FlowSolve:  Relative Change :    5.5893818973756758E-010
FlowSolve: 
FlowSolve: 
FlowSolve: -------------------------------------
FlowSolve:  NAVIER-STOKES ITERATION           5
FlowSolve: -------------------------------------
FlowSolve: 
FlowSolve: Starting Assembly...
FlowSolve: Assembly:
FlowSolve: Assembly done
FlowSolve: Dirichlet conditions done
BiCGStabl:        3 0.5127E-11 0.5127E-11
ComputeChange: NS (ITER=5) (NRM,RELC): (  1.6276366     0.16554351E-09 ) :: navier-stokes
FlowSolve: iter:    5 Assembly: (s)    0.00    0.02
FlowSolve: iter:    5 Solve:    (s)    0.00    0.01
FlowSolve:  Result Norm     :    1.6276366400079885
FlowSolve:  Relative Change :    1.6554351394053321E-010
FlowSolve: 
FlowSolve: 
FlowSolve: -------------------------------------
FlowSolve:  NAVIER-STOKES ITERATION           6
FlowSolve: -------------------------------------
FlowSolve: 
FlowSolve: Starting Assembly...
FlowSolve: Assembly:
FlowSolve: Assembly done
FlowSolve: Dirichlet conditions done
BiCGStabl:        3 0.6306E-11 0.6306E-11
ComputeChange: NS (ITER=6) (NRM,RELC): (  1.6276366     0.48099759E-10 ) :: navier-stokes
FlowSolve: iter:    6 Assembly: (s)    0.00    0.02
FlowSolve: iter:    6 Solve:    (s)    0.00    0.01
FlowSolve:  Result Norm     :    1.6276366400862774
FlowSolve:  Relative Change :    4.8099759471751822E-011
ComputeChange: SS (ITER=51) (NRM,RELC): (  1.6276366     0.10340496E-07 ) :: navier-stokes
ResultOutputSolver: -------------------------------------
ResultOutputSolver: Saving in unstructured VTK XML (.vtu) format
ResultOutputSolver: -------------------------------------
MAIN: 
MAIN: -------------------------------------
MAIN:  Steady state iteration:           52
MAIN: -------------------------------------
MAIN: 
HeatSolver: ------------------------------------------------
HeatSolver: Solving energy equation for temperature
HeatSolver: Heat solver iteration: 1
IterSolver: "Linear System GCR Restart" not given, setting it to 200
ComputeChange: NS (ITER=1) (NRM,RELC): (  300.00015     0.38899827E-12 ) :: heat equation
ComputeChange: SS (ITER=52) (NRM,RELC): (  300.00015     0.13623466E-12 ) :: heat equation
FlowSolve: 
FlowSolve: 
FlowSolve: -------------------------------------
FlowSolve:  NAVIER-STOKES ITERATION           1
FlowSolve: -------------------------------------
FlowSolve: 
FlowSolve: Starting Assembly...
FlowSolve: Assembly:
FlowSolve: Assembly done
FlowSolve: Dirichlet conditions done
BiCGStabl:        5 0.3595E-11 0.3595E-11
ComputeChange: NS (ITER=1) (NRM,RELC): (  1.6276366     0.16589987E-07 ) :: navier-stokes
FlowSolve: iter:    1 Assembly: (s)    0.00    0.00
FlowSolve: iter:    1 Solve:    (s)    0.00    0.00
FlowSolve:  Result Norm     :    1.6276366358319727
FlowSolve:  Relative Change :    1.6589986637814549E-008
FlowSolve: 
FlowSolve: 
FlowSolve: -------------------------------------
FlowSolve:  NAVIER-STOKES ITERATION           2
FlowSolve: -------------------------------------
FlowSolve: 
FlowSolve: Starting Assembly...
FlowSolve: Assembly:
FlowSolve: Assembly done
FlowSolve: Dirichlet conditions done
BiCGStabl:        5 0.5374E-11 0.5374E-11
ComputeChange: NS (ITER=2) (NRM,RELC): (  1.6276366     0.49835779E-08 ) :: navier-stokes
FlowSolve: iter:    2 Assembly: (s)    0.00    0.01
FlowSolve: iter:    2 Solve:    (s)    0.00    0.00
FlowSolve:  Result Norm     :    1.6276366439434267
FlowSolve:  Relative Change :    4.9835778786125757E-009
FlowSolve: 
FlowSolve: 
FlowSolve: -------------------------------------
FlowSolve:  NAVIER-STOKES ITERATION           3
FlowSolve: -------------------------------------
FlowSolve: 
FlowSolve: Starting Assembly...
FlowSolve: Assembly:
FlowSolve: Assembly done
FlowSolve: Dirichlet conditions done
BiCGStabl:        4 0.3306E-11 0.3306E-11
ComputeChange: NS (ITER=3) (NRM,RELC): (  1.6276366     0.14938270E-08 ) :: navier-stokes
FlowSolve: iter:    3 Assembly: (s)    0.00    0.01
FlowSolve: iter:    3 Solve:    (s)    0.00    0.00
FlowSolve:  Result Norm     :    1.6276366463748342
FlowSolve:  Relative Change :    1.4938269711465012E-009
FlowSolve: 
FlowSolve: 
FlowSolve: -------------------------------------
FlowSolve:  NAVIER-STOKES ITERATION           4
FlowSolve: -------------------------------------
FlowSolve: 
FlowSolve: Starting Assembly...
FlowSolve: Assembly:
FlowSolve: Assembly done
FlowSolve: Dirichlet conditions done
BiCGStabl:        4 0.5322E-11 0.5322E-11
ComputeChange: NS (ITER=4) (NRM,RELC): (  1.6276366     0.44806326E-09 ) :: navier-stokes
FlowSolve: iter:    4 Assembly: (s)    0.00    0.02
FlowSolve: iter:    4 Solve:    (s)    0.00    0.01
FlowSolve:  Result Norm     :    1.6276366471041184
FlowSolve:  Relative Change :    4.4806326403077337E-010
FlowSolve: 
FlowSolve: 
FlowSolve: -------------------------------------
FlowSolve:  NAVIER-STOKES ITERATION           5
FlowSolve: -------------------------------------
FlowSolve: 
FlowSolve: Starting Assembly...
FlowSolve: Assembly:
FlowSolve: Assembly done
FlowSolve: Dirichlet conditions done
BiCGStabl:        3 0.3935E-11 0.3935E-11
ComputeChange: NS (ITER=5) (NRM,RELC): (  1.6276366     0.13275925E-09 ) :: navier-stokes
FlowSolve: iter:    5 Assembly: (s)    0.00    0.02
FlowSolve: iter:    5 Solve:    (s)    0.00    0.01
FlowSolve:  Result Norm     :    1.6276366473202022
FlowSolve:  Relative Change :    1.3275924812575975E-010
FlowSolve: 
FlowSolve: 
FlowSolve: -------------------------------------
FlowSolve:  NAVIER-STOKES ITERATION           6
FlowSolve: -------------------------------------
FlowSolve: 
FlowSolve: Starting Assembly...
FlowSolve: Assembly:
FlowSolve: Assembly done
FlowSolve: Dirichlet conditions done
BiCGStabl:        3 0.4918E-11 0.4918E-11
ComputeChange: NS (ITER=6) (NRM,RELC): (  1.6276366     0.38531839E-10 ) :: navier-stokes
FlowSolve: iter:    6 Assembly: (s)    0.00    0.02
FlowSolve: iter:    6 Solve:    (s)    0.00    0.01
FlowSolve:  Result Norm     :    1.6276366473829180
FlowSolve:  Relative Change :    3.8531838558261497E-011
ComputeChange: SS (ITER=52) (NRM,RELC): (  1.6276366     0.82903605E-08 ) :: navier-stokes
ResultOutputSolver: -------------------------------------
ResultOutputSolver: Saving in unstructured VTK XML (.vtu) format
ResultOutputSolver: -------------------------------------
MAIN: 
MAIN: -------------------------------------
MAIN:  Steady state iteration:           53
MAIN: -------------------------------------
MAIN: 
HeatSolver: ------------------------------------------------
HeatSolver: Solving energy equation for temperature
HeatSolver: Heat solver iteration: 1
IterSolver: "Linear System GCR Restart" not given, setting it to 200
ComputeChange: NS (ITER=1) (NRM,RELC): (  300.00015     0.25977429E-12 ) :: heat equation
ComputeChange: SS (ITER=53) (NRM,RELC): (  300.00015     0.91138902E-13 ) :: heat equation
FlowSolve: 
FlowSolve: 
FlowSolve: -------------------------------------
FlowSolve:  NAVIER-STOKES ITERATION           1
FlowSolve: -------------------------------------
FlowSolve: 
FlowSolve: Starting Assembly...
FlowSolve: Assembly:
FlowSolve: Assembly done
FlowSolve: Dirichlet conditions done
BiCGStabl:        5 0.3112E-11 0.3112E-11
ComputeChange: NS (ITER=1) (NRM,RELC): (  1.6276366     0.14332260E-07 ) :: navier-stokes
FlowSolve: iter:    1 Assembly: (s)    0.00    0.00
FlowSolve: iter:    1 Solve:    (s)    0.00    0.00
FlowSolve:  Result Norm     :    1.6276366456509093
FlowSolve:  Relative Change :    1.4332260344361245E-008
FlowSolve: 
FlowSolve: 
FlowSolve: -------------------------------------
FlowSolve:  NAVIER-STOKES ITERATION           2
FlowSolve: -------------------------------------
FlowSolve: 
FlowSolve: Starting Assembly...
FlowSolve: Assembly:
FlowSolve: Assembly done
FlowSolve: Dirichlet conditions done
BiCGStabl:        4 0.8316E-11 0.8316E-11
ComputeChange: NS (ITER=2) (NRM,RELC): (  1.6276367     0.43042058E-08 ) :: navier-stokes
FlowSolve: iter:    2 Assembly: (s)    0.00    0.01
FlowSolve: iter:    2 Solve:    (s)    0.00    0.00
FlowSolve:  Result Norm     :    1.6276366526565924
FlowSolve:  Relative Change :    4.3042058240420362E-009
FlowSolve: 
FlowSolve: 
FlowSolve: -------------------------------------
FlowSolve:  NAVIER-STOKES ITERATION           3
FlowSolve: -------------------------------------
FlowSolve: 
FlowSolve: Starting Assembly...
FlowSolve: Assembly:
FlowSolve: Assembly done
FlowSolve: Dirichlet conditions done
BiCGStabl:        4 0.2498E-11 0.2498E-11
ComputeChange: NS (ITER=3) (NRM,RELC): (  1.6276367     0.12906591E-08 ) :: navier-stokes
FlowSolve: iter:    3 Assembly: (s)    0.00    0.01
FlowSolve: iter:    3 Solve:    (s)    0.00    0.01
FlowSolve:  Result Norm     :    1.6276366547573164
FlowSolve:  Relative Change :    1.2906590880602377E-009
FlowSolve: 
FlowSolve: 
FlowSolve: -------------------------------------
FlowSolve:  NAVIER-STOKES ITERATION           4
FlowSolve: -------------------------------------
FlowSolve: 
FlowSolve: Starting Assembly...
FlowSolve: Assembly:
FlowSolve: Assembly done
FlowSolve: Dirichlet conditions done
BiCGStabl:        4 0.3718E-11 0.3718E-11
ComputeChange: NS (ITER=4) (NRM,RELC): (  1.6276367     0.38711287E-09 ) :: navier-stokes
FlowSolve: iter:    4 Assembly: (s)    0.00    0.02
FlowSolve: iter:    4 Solve:    (s)    0.00    0.01
FlowSolve:  Result Norm     :    1.6276366553873955
FlowSolve:  Relative Change :    3.8711287193134460E-010
FlowSolve: 
FlowSolve: 
FlowSolve: -------------------------------------
FlowSolve:  NAVIER-STOKES ITERATION           5
FlowSolve: -------------------------------------
FlowSolve: 
FlowSolve: Starting Assembly...
FlowSolve: Assembly:
FlowSolve: Assembly done
FlowSolve: Dirichlet conditions done
BiCGStabl:        3 0.8179E-11 0.8179E-11
ComputeChange: NS (ITER=5) (NRM,RELC): (  1.6276367     0.11428901E-09 ) :: navier-stokes
FlowSolve: iter:    5 Assembly: (s)    0.00    0.02
FlowSolve: iter:    5 Solve:    (s)    0.00    0.01
FlowSolve:  Result Norm     :    1.6276366555734165
FlowSolve:  Relative Change :    1.1428900656302115E-010
FlowSolve: 
FlowSolve: 
FlowSolve: -------------------------------------
FlowSolve:  NAVIER-STOKES ITERATION           6
FlowSolve: -------------------------------------
FlowSolve: 
FlowSolve: Starting Assembly...
FlowSolve: Assembly:
FlowSolve: Assembly done
FlowSolve: Dirichlet conditions done
BiCGStabl:        3 0.3742E-11 0.3742E-11
ComputeChange: NS (ITER=6) (NRM,RELC): (  1.6276367     0.33870726E-10 ) :: navier-stokes
FlowSolve: iter:    6 Assembly: (s)    0.00    0.02
FlowSolve: iter:    6 Solve:    (s)    0.00    0.01
FlowSolve:  Result Norm     :    1.6276366556285458
FlowSolve:  Relative Change :    3.3870725583057791E-011
ComputeChange: SS (ITER=53) (NRM,RELC): (  1.6276366     0.71618394E-08 ) :: navier-stokes
ResultOutputSolver: -------------------------------------
ResultOutputSolver: Saving in unstructured VTK XML (.vtu) format
ResultOutputSolver: -------------------------------------
MAIN: 
MAIN: -------------------------------------
MAIN:  Steady state iteration:           54
MAIN: -------------------------------------
MAIN: 
HeatSolver: ------------------------------------------------
HeatSolver: Solving energy equation for temperature
HeatSolver: Heat solver iteration: 1
IterSolver: "Linear System GCR Restart" not given, setting it to 200
ComputeChange: NS (ITER=1) (NRM,RELC): (  300.00015     0.22509982E-12 ) :: heat equation
ComputeChange: SS (ITER=54) (NRM,RELC): (  300.00015     0.78633356E-13 ) :: heat equation
FlowSolve: 
FlowSolve: 
FlowSolve: -------------------------------------
FlowSolve:  NAVIER-STOKES ITERATION           1
FlowSolve: -------------------------------------
FlowSolve: 
FlowSolve: Starting Assembly...
FlowSolve: Assembly:
FlowSolve: Assembly done
FlowSolve: Dirichlet conditions done
BiCGStabl:        5 0.2648E-11 0.2648E-11
ComputeChange: NS (ITER=1) (NRM,RELC): (  1.6276367     0.11122310E-07 ) :: navier-stokes
FlowSolve: iter:    1 Assembly: (s)    0.00    0.00
FlowSolve: iter:    1 Solve:    (s)    0.00    0.00
FlowSolve:  Result Norm     :    1.6276366520831480
FlowSolve:  Relative Change :    1.1122309557996480E-008
FlowSolve: 
FlowSolve: 
FlowSolve: -------------------------------------
FlowSolve:  NAVIER-STOKES ITERATION           2
FlowSolve: -------------------------------------
FlowSolve: 
FlowSolve: Starting Assembly...
FlowSolve: Assembly:
FlowSolve: Assembly done
FlowSolve: Dirichlet conditions done
BiCGStabl:        4 0.6294E-11 0.6294E-11
ComputeChange: NS (ITER=2) (NRM,RELC): (  1.6276367     0.33404747E-08 ) :: navier-stokes
FlowSolve: iter:    2 Assembly: (s)    0.00    0.01
FlowSolve: iter:    2 Solve:    (s)    0.00    0.00
FlowSolve:  Result Norm     :    1.6276366575202270
FlowSolve:  Relative Change :    3.3404746650308623E-009
FlowSolve: 
FlowSolve: 
FlowSolve: -------------------------------------
FlowSolve:  NAVIER-STOKES ITERATION           3
FlowSolve: -------------------------------------
FlowSolve: 
FlowSolve: Starting Assembly...
FlowSolve: Assembly:
FlowSolve: Assembly done
FlowSolve: Dirichlet conditions done
BiCGStabl:        4 0.9443E-11 0.9443E-11
ComputeChange: NS (ITER=3) (NRM,RELC): (  1.6276367     0.10018173E-08 ) :: navier-stokes
FlowSolve: iter:    3 Assembly: (s)    0.00    0.01
FlowSolve: iter:    3 Solve:    (s)    0.00    0.00
FlowSolve:  Result Norm     :    1.6276366591508216
FlowSolve:  Relative Change :    1.0018172912999450E-009
FlowSolve: 
FlowSolve: 
FlowSolve: -------------------------------------
FlowSolve:  NAVIER-STOKES ITERATION           4
FlowSolve: -------------------------------------
FlowSolve: 
FlowSolve: Starting Assembly...
FlowSolve: Assembly:
FlowSolve: Assembly done
FlowSolve: Dirichlet conditions done
BiCGStabl:        3 0.7584E-11 0.7584E-11
ComputeChange: NS (ITER=4) (NRM,RELC): (  1.6276367     0.29721262E-09 ) :: navier-stokes
FlowSolve: iter:    4 Assembly: (s)    0.00    0.02
FlowSolve: iter:    4 Solve:    (s)    0.00    0.01
FlowSolve:  Result Norm     :    1.6276366596345757
FlowSolve:  Relative Change :    2.9721261502634329E-010
FlowSolve: 
FlowSolve: 
FlowSolve: -------------------------------------
FlowSolve:  NAVIER-STOKES ITERATION           5
FlowSolve: -------------------------------------
FlowSolve: 
FlowSolve: Starting Assembly...
FlowSolve: Assembly:
FlowSolve: Assembly done
FlowSolve: Dirichlet conditions done
BiCGStabl:        3 0.9744E-11 0.9744E-11
ComputeChange: NS (ITER=5) (NRM,RELC): (  1.6276367     0.86599675E-10 ) :: navier-stokes
FlowSolve: iter:    5 Assembly: (s)    0.00    0.02
FlowSolve: iter:    5 Solve:    (s)    0.00    0.01
FlowSolve:  Result Norm     :    1.6276366597755285
FlowSolve:  Relative Change :    8.6599674529896394E-011
ComputeChange: SS (ITER=54) (NRM,RELC): (  1.6276366     0.55469446E-08 ) :: navier-stokes
ResultOutputSolver: -------------------------------------
ResultOutputSolver: Saving in unstructured VTK XML (.vtu) format
ResultOutputSolver: -------------------------------------
MAIN: 
MAIN: -------------------------------------
MAIN:  Steady state iteration:           55
MAIN: -------------------------------------
MAIN: 
HeatSolver: ------------------------------------------------
HeatSolver: Solving energy equation for temperature
HeatSolver: Heat solver iteration: 1
IterSolver: "Linear System GCR Restart" not given, setting it to 200
ComputeChange: NS (ITER=1) (NRM,RELC): (  300.00015     0.19838343E-12 ) :: heat equation
ComputeChange: SS (ITER=55) (NRM,RELC): (  300.00015     0.69348936E-13 ) :: heat equation
FlowSolve: 
FlowSolve: 
FlowSolve: -------------------------------------
FlowSolve:  NAVIER-STOKES ITERATION           1
FlowSolve: -------------------------------------
FlowSolve: 
FlowSolve: Starting Assembly...
FlowSolve: Assembly:
FlowSolve: Assembly done
FlowSolve: Dirichlet conditions done
BiCGStabl:        5 0.9119E-11 0.9119E-11
ComputeChange: NS (ITER=1) (NRM,RELC): (  1.6276367     0.76778236E-08 ) :: navier-stokes
FlowSolve: iter:    1 Assembly: (s)    0.00    0.00
FlowSolve: iter:    1 Solve:    (s)    0.00    0.00
FlowSolve:  Result Norm     :    1.6276366555051867
FlowSolve:  Relative Change :    7.6778235537068298E-009
FlowSolve: 
FlowSolve: 
FlowSolve: -------------------------------------
FlowSolve:  NAVIER-STOKES ITERATION           2
FlowSolve: -------------------------------------
FlowSolve: 
FlowSolve: Starting Assembly...
FlowSolve: Assembly:
FlowSolve: Assembly done
FlowSolve: Dirichlet conditions done
BiCGStabl:        4 0.4775E-11 0.4775E-11
ComputeChange: NS (ITER=2) (NRM,RELC): (  1.6276367     0.23010705E-08 ) :: navier-stokes
FlowSolve: iter:    2 Assembly: (s)    0.00    0.01
FlowSolve: iter:    2 Solve:    (s)    0.00    0.00
FlowSolve:  Result Norm     :    1.6276366592504934
FlowSolve:  Relative Change :    2.3010705211390736E-009
FlowSolve: 
FlowSolve: 
FlowSolve: -------------------------------------
FlowSolve:  NAVIER-STOKES ITERATION           3
FlowSolve: -------------------------------------
FlowSolve: 
FlowSolve: Starting Assembly...
FlowSolve: Assembly:
FlowSolve: Assembly done
FlowSolve: Dirichlet conditions done
BiCGStabl:        4 0.7812E-11 0.7812E-11
ComputeChange: NS (ITER=3) (NRM,RELC): (  1.6276367     0.68996965E-09 ) :: navier-stokes
FlowSolve: iter:    3 Assembly: (s)    0.00    0.01
FlowSolve: iter:    3 Solve:    (s)    0.00    0.00
FlowSolve:  Result Norm     :    1.6276366603735133
FlowSolve:  Relative Change :    6.8996965171938800E-010
FlowSolve: 
FlowSolve: 
FlowSolve: -------------------------------------
FlowSolve:  NAVIER-STOKES ITERATION           4
FlowSolve: -------------------------------------
FlowSolve: 
FlowSolve: Starting Assembly...
FlowSolve: Assembly:
FlowSolve: Assembly done
FlowSolve: Dirichlet conditions done
BiCGStabl:        3 0.5687E-11 0.5687E-11
ComputeChange: NS (ITER=4) (NRM,RELC): (  1.6276367     0.20439744E-09 ) :: navier-stokes
FlowSolve: iter:    4 Assembly: (s)    0.00    0.02
FlowSolve: iter:    4 Solve:    (s)    0.00    0.01
FlowSolve:  Result Norm     :    1.6276366607061981
FlowSolve:  Relative Change :    2.0439744120295613E-010
FlowSolve: 
FlowSolve: 
FlowSolve: -------------------------------------
FlowSolve:  NAVIER-STOKES ITERATION           5
FlowSolve: -------------------------------------
FlowSolve: 
FlowSolve: Starting Assembly...
FlowSolve: Assembly:
FlowSolve: Assembly done
FlowSolve: Dirichlet conditions done
BiCGStabl:        3 0.8000E-11 0.8000E-11
ComputeChange: NS (ITER=5) (NRM,RELC): (  1.6276367     0.58486618E-10 ) :: navier-stokes
FlowSolve: iter:    5 Assembly: (s)    0.00    0.02
FlowSolve: iter:    5 Solve:    (s)    0.00    0.01
FlowSolve:  Result Norm     :    1.6276366608013930
FlowSolve:  Relative Change :    5.8486617633306733E-011
ComputeChange: SS (ITER=55) (NRM,RELC): (  1.6276366     0.38261117E-08 ) :: navier-stokes
ResultOutputSolver: -------------------------------------
ResultOutputSolver: Saving in unstructured VTK XML (.vtu) format
ResultOutputSolver: -------------------------------------
MAIN: 
MAIN: -------------------------------------
MAIN:  Steady state iteration:           56
MAIN: -------------------------------------
MAIN: 
HeatSolver: ------------------------------------------------
HeatSolver: Solving energy equation for temperature
HeatSolver: Heat solver iteration: 1
IterSolver: "Linear System GCR Restart" not given, setting it to 200
ComputeChange: NS (ITER=1) (NRM,RELC): (  300.00015     0.63096163E-13 ) :: heat equation
ComputeChange: SS (ITER=56) (NRM,RELC): (  300.00015     0.21979444E-13 ) :: heat equation
FlowSolve: 
FlowSolve: 
FlowSolve: -------------------------------------
FlowSolve:  NAVIER-STOKES ITERATION           1
FlowSolve: -------------------------------------
FlowSolve: 
FlowSolve: Starting Assembly...
FlowSolve: Assembly:
FlowSolve: Assembly done
FlowSolve: Dirichlet conditions done
BiCGStabl:        5 0.6623E-11 0.6623E-11
ComputeChange: NS (ITER=1) (NRM,RELC): (  1.6276367     0.52674990E-08 ) :: navier-stokes
FlowSolve: iter:    1 Assembly: (s)    0.00    0.00
FlowSolve: iter:    1 Solve:    (s)    0.00    0.00
FlowSolve:  Result Norm     :    1.6276366578095738
FlowSolve:  Relative Change :    5.2674990443628646E-009
FlowSolve: 
FlowSolve: 
FlowSolve: -------------------------------------
FlowSolve:  NAVIER-STOKES ITERATION           2
FlowSolve: -------------------------------------
FlowSolve: 
FlowSolve: Starting Assembly...
FlowSolve: Assembly:
FlowSolve: Assembly done
FlowSolve: Dirichlet conditions done
BiCGStabl:        4 0.3325E-11 0.3325E-11
ComputeChange: NS (ITER=2) (NRM,RELC): (  1.6276367     0.15785804E-08 ) :: navier-stokes
FlowSolve: iter:    2 Assembly: (s)    0.00    0.01
FlowSolve: iter:    2 Solve:    (s)    0.00    0.00
FlowSolve:  Result Norm     :    1.6276366603789292
FlowSolve:  Relative Change :    1.5785804410057022E-009
FlowSolve: 
FlowSolve: 
FlowSolve: -------------------------------------
FlowSolve:  NAVIER-STOKES ITERATION           3
FlowSolve: -------------------------------------
FlowSolve: 
FlowSolve: Starting Assembly...
FlowSolve: Assembly:
FlowSolve: Assembly done
FlowSolve: Dirichlet conditions done
BiCGStabl:        4 0.5541E-11 0.5541E-11
ComputeChange: NS (ITER=3) (NRM,RELC): (  1.6276367     0.47330928E-09 ) :: navier-stokes
FlowSolve: iter:    3 Assembly: (s)    0.00    0.01
FlowSolve: iter:    3 Solve:    (s)    0.00    0.00
FlowSolve:  Result Norm     :    1.6276366611493047
FlowSolve:  Relative Change :    4.7330928315128402E-010
FlowSolve: 
FlowSolve: 
FlowSolve: -------------------------------------
FlowSolve:  NAVIER-STOKES ITERATION           4
FlowSolve: -------------------------------------
FlowSolve: 
FlowSolve: Starting Assembly...
FlowSolve: Assembly:
FlowSolve: Assembly done
FlowSolve: Dirichlet conditions done
BiCGStabl:        3 0.3953E-11 0.3953E-11
ComputeChange: NS (ITER=4) (NRM,RELC): (  1.6276367     0.14016120E-09 ) :: navier-stokes
FlowSolve: iter:    4 Assembly: (s)    0.00    0.02
FlowSolve: iter:    4 Solve:    (s)    0.00    0.01
FlowSolve:  Result Norm     :    1.6276366613774362
FlowSolve:  Relative Change :    1.4016120373128341E-010
FlowSolve: 
FlowSolve: 
FlowSolve: -------------------------------------
FlowSolve:  NAVIER-STOKES ITERATION           5
FlowSolve: -------------------------------------
FlowSolve: 
FlowSolve: Starting Assembly...
FlowSolve: Assembly:
FlowSolve: Assembly done
FlowSolve: Dirichlet conditions done
BiCGStabl:        3 0.5813E-11 0.5813E-11
ComputeChange: NS (ITER=5) (NRM,RELC): (  1.6276367     0.39845986E-10 ) :: navier-stokes
FlowSolve: iter:    5 Assembly: (s)    0.00    0.02
FlowSolve: iter:    5 Solve:    (s)    0.00    0.01
FlowSolve:  Result Norm     :    1.6276366614422910
FlowSolve:  Relative Change :    3.9845986358113693E-011
ComputeChange: SS (ITER=56) (NRM,RELC): (  1.6276367     0.26247892E-08 ) :: navier-stokes
ResultOutputSolver: -------------------------------------
ResultOutputSolver: Saving in unstructured VTK XML (.vtu) format
ResultOutputSolver: -------------------------------------
MAIN: 
MAIN: -------------------------------------
MAIN:  Steady state iteration:           57
MAIN: -------------------------------------
MAIN: 
HeatSolver: ------------------------------------------------
HeatSolver: Solving energy equation for temperature
HeatSolver: Heat solver iteration: 1
IterSolver: "Linear System GCR Restart" not given, setting it to 200
ComputeChange: NS (ITER=1) (NRM,RELC): (  300.00015     0.63285641E-13 ) :: heat equation
ComputeChange: SS (ITER=57) (NRM,RELC): (  300.00015     0.21979444E-13 ) :: heat equation
FlowSolve: 
FlowSolve: 
FlowSolve: -------------------------------------
FlowSolve:  NAVIER-STOKES ITERATION           1
FlowSolve: -------------------------------------
FlowSolve: 
FlowSolve: Starting Assembly...
FlowSolve: Assembly:
FlowSolve: Assembly done
FlowSolve: Dirichlet conditions done
BiCGStabl:        4 0.7936E-11 0.7936E-11
ComputeChange: NS (ITER=1) (NRM,RELC): (  1.6276367     0.35528871E-08 ) :: navier-stokes
FlowSolve: iter:    1 Assembly: (s)    0.00    0.00
FlowSolve: iter:    1 Solve:    (s)    0.00    0.00
FlowSolve:  Result Norm     :    1.6276366592910116
FlowSolve:  Relative Change :    3.5528871383883893E-009
FlowSolve: 
FlowSolve: 
FlowSolve: -------------------------------------
FlowSolve:  NAVIER-STOKES ITERATION           2
FlowSolve: -------------------------------------
FlowSolve: 
FlowSolve: Starting Assembly...
FlowSolve: Assembly:
FlowSolve: Assembly done
FlowSolve: Dirichlet conditions done
BiCGStabl:        4 0.2381E-11 0.2381E-11
ComputeChange: NS (ITER=2) (NRM,RELC): (  1.6276367     0.10642691E-08 ) :: navier-stokes
FlowSolve: iter:    2 Assembly: (s)    0.00    0.01
FlowSolve: iter:    2 Solve:    (s)    0.00    0.00
FlowSolve:  Result Norm     :    1.6276366610232551
FlowSolve:  Relative Change :    1.0642691346219539E-009
FlowSolve: 
FlowSolve: 
FlowSolve: -------------------------------------
FlowSolve:  NAVIER-STOKES ITERATION           3
FlowSolve: -------------------------------------
FlowSolve: 
FlowSolve: Starting Assembly...
FlowSolve: Assembly:
FlowSolve: Assembly done
FlowSolve: Dirichlet conditions done
BiCGStabl:        3 0.9447E-11 0.9447E-11
ComputeChange: NS (ITER=3) (NRM,RELC): (  1.6276367     0.31583060E-09 ) :: navier-stokes
FlowSolve: iter:    3 Assembly: (s)    0.00    0.01
FlowSolve: iter:    3 Solve:    (s)    0.00    0.00
FlowSolve:  Result Norm     :    1.6276366615373126
FlowSolve:  Relative Change :    3.1583059996881092E-010
FlowSolve: 
FlowSolve: 
FlowSolve: -------------------------------------
FlowSolve:  NAVIER-STOKES ITERATION           4
FlowSolve: -------------------------------------
FlowSolve: 
FlowSolve: Starting Assembly...
FlowSolve: Assembly:
FlowSolve: Assembly done
FlowSolve: Dirichlet conditions done
BiCGStabl:        3 0.7517E-11 0.7517E-11
ComputeChange: NS (ITER=4) (NRM,RELC): (  1.6276367     0.96157091E-10 ) :: navier-stokes
FlowSolve: iter:    4 Assembly: (s)    0.00    0.02
FlowSolve: iter:    4 Solve:    (s)    0.00    0.01
FlowSolve:  Result Norm     :    1.6276366616938214
FlowSolve:  Relative Change :    9.6157090587941698E-011
ComputeChange: SS (ITER=57) (NRM,RELC): (  1.6276367     0.17602000E-08 ) :: navier-stokes
ResultOutputSolver: -------------------------------------
ResultOutputSolver: Saving in unstructured VTK XML (.vtu) format
ResultOutputSolver: -------------------------------------
MAIN: 
MAIN: -------------------------------------
MAIN:  Steady state iteration:           58
MAIN: -------------------------------------
MAIN: 
HeatSolver: ------------------------------------------------
HeatSolver: Solving energy equation for temperature
HeatSolver: Heat solver iteration: 1
IterSolver: "Linear System GCR Restart" not given, setting it to 200
ComputeChange: NS (ITER=1) (NRM,RELC): (  300.00015     0.66127810E-13 ) :: heat equation
ComputeChange: SS (ITER=58) (NRM,RELC): (  300.00015     0.23116312E-13 ) :: heat equation
FlowSolve: 
FlowSolve: 
FlowSolve: -------------------------------------
FlowSolve:  NAVIER-STOKES ITERATION           1
FlowSolve: -------------------------------------
FlowSolve: 
FlowSolve: Starting Assembly...
FlowSolve: Assembly:
FlowSolve: Assembly done
FlowSolve: Dirichlet conditions done
BiCGStabl:        4 0.5977E-11 0.5977E-11
ComputeChange: NS (ITER=1) (NRM,RELC): (  1.6276367     0.22761069E-08 ) :: navier-stokes
FlowSolve: iter:    1 Assembly: (s)    0.00    0.00
FlowSolve: iter:    1 Solve:    (s)    0.00    0.00
FlowSolve:  Result Norm     :    1.6276366600778434
FlowSolve:  Relative Change :    2.2761068893875843E-009
FlowSolve: 
FlowSolve: 
FlowSolve: -------------------------------------
FlowSolve:  NAVIER-STOKES ITERATION           2
FlowSolve: -------------------------------------
FlowSolve: 
FlowSolve: Starting Assembly...
FlowSolve: Assembly:
FlowSolve: Assembly done
FlowSolve: Dirichlet conditions done
BiCGStabl:        4 0.1793E-11 0.1793E-11
ComputeChange: NS (ITER=2) (NRM,RELC): (  1.6276367     0.68136391E-09 ) :: navier-stokes
FlowSolve: iter:    2 Assembly: (s)    0.00    0.01
FlowSolve: iter:    2 Solve:    (s)    0.00    0.00
FlowSolve:  Result Norm     :    1.6276366611868562
FlowSolve:  Relative Change :    6.8136391146255868E-010
FlowSolve: 
FlowSolve: 
FlowSolve: -------------------------------------
FlowSolve:  NAVIER-STOKES ITERATION           3
FlowSolve: -------------------------------------
FlowSolve: 
FlowSolve: Starting Assembly...
FlowSolve: Assembly:
FlowSolve: Assembly done
FlowSolve: Dirichlet conditions done
BiCGStabl:        3 0.6973E-11 0.6973E-11
ComputeChange: NS (ITER=3) (NRM,RELC): (  1.6276367     0.20196982E-09 ) :: navier-stokes
FlowSolve: iter:    3 Assembly: (s)    0.00    0.01
FlowSolve: iter:    3 Solve:    (s)    0.00    0.00
FlowSolve:  Result Norm     :    1.6276366615155897
FlowSolve:  Relative Change :    2.0196982083515112E-010
FlowSolve: 
FlowSolve: 
FlowSolve: -------------------------------------
FlowSolve:  NAVIER-STOKES ITERATION           4
FlowSolve: -------------------------------------
FlowSolve: 
FlowSolve: Starting Assembly...
FlowSolve: Assembly:
FlowSolve: Assembly done
FlowSolve: Dirichlet conditions done
BiCGStabl:        3 0.5394E-11 0.5394E-11
ComputeChange: NS (ITER=4) (NRM,RELC): (  1.6276367     0.61494984E-10 ) :: navier-stokes
FlowSolve: iter:    4 Assembly: (s)    0.00    0.02
FlowSolve: iter:    4 Solve:    (s)    0.00    0.01
FlowSolve:  Result Norm     :    1.6276366616156812
FlowSolve:  Relative Change :    6.1494984117024919E-011
ComputeChange: SS (ITER=58) (NRM,RELC): (  1.6276367     0.11273276E-08 ) :: navier-stokes
ResultOutputSolver: -------------------------------------
ResultOutputSolver: Saving in unstructured VTK XML (.vtu) format
ResultOutputSolver: -------------------------------------
MAIN: 
MAIN: -------------------------------------
MAIN:  Steady state iteration:           59
MAIN: -------------------------------------
MAIN: 
HeatSolver: ------------------------------------------------
HeatSolver: Solving energy equation for temperature
HeatSolver: Heat solver iteration: 1
IterSolver: "Linear System GCR Restart" not given, setting it to 200
ComputeChange: NS (ITER=1) (NRM,RELC): (  300.00015      0.0000000     ) :: heat equation
ComputeChange: SS (ITER=59) (NRM,RELC): (  300.00015      0.0000000     ) :: heat equation
FlowSolve: 
FlowSolve: 
FlowSolve: -------------------------------------
FlowSolve:  NAVIER-STOKES ITERATION           1
FlowSolve: -------------------------------------
FlowSolve: 
FlowSolve: Starting Assembly...
FlowSolve: Assembly:
FlowSolve: Assembly done
FlowSolve: Dirichlet conditions done
BiCGStabl:        4 0.3903E-11 0.3903E-11
ComputeChange: NS (ITER=1) (NRM,RELC): (  1.6276367     0.14862492E-08 ) :: navier-stokes
FlowSolve: iter:    1 Assembly: (s)    0.00    0.00
FlowSolve: iter:    1 Solve:    (s)    0.00    0.00
FlowSolve:  Result Norm     :    1.6276366606271218
FlowSolve:  Relative Change :    1.4862491540101828E-009
FlowSolve: 
FlowSolve: 
FlowSolve: -------------------------------------
FlowSolve:  NAVIER-STOKES ITERATION           2
FlowSolve: -------------------------------------
FlowSolve: 
FlowSolve: Starting Assembly...
FlowSolve: Assembly:
FlowSolve: Assembly done
FlowSolve: Dirichlet conditions done
BiCGStabl:        4 0.7507E-11 0.7507E-11
ComputeChange: NS (ITER=2) (NRM,RELC): (  1.6276367     0.44551682E-09 ) :: navier-stokes
FlowSolve: iter:    2 Assembly: (s)    0.00    0.01
FlowSolve: iter:    2 Solve:    (s)    0.00    0.00
FlowSolve:  Result Norm     :    1.6276366613522613
FlowSolve:  Relative Change :    4.4551681673091442E-010
FlowSolve: 
FlowSolve: 
FlowSolve: -------------------------------------
FlowSolve:  NAVIER-STOKES ITERATION           3
FlowSolve: -------------------------------------
FlowSolve: 
FlowSolve: Starting Assembly...
FlowSolve: Assembly:
FlowSolve: Assembly done
FlowSolve: Dirichlet conditions done
BiCGStabl:        3 0.4499E-11 0.4499E-11
ComputeChange: NS (ITER=3) (NRM,RELC): (  1.6276367     0.13140090E-09 ) :: navier-stokes
FlowSolve: iter:    3 Assembly: (s)    0.00    0.01
FlowSolve: iter:    3 Solve:    (s)    0.00    0.00
FlowSolve:  Result Norm     :    1.6276366615661342
FlowSolve:  Relative Change :    1.3140089827101856E-010
FlowSolve: 
FlowSolve: 
FlowSolve: -------------------------------------
FlowSolve:  NAVIER-STOKES ITERATION           4
FlowSolve: -------------------------------------
FlowSolve: 
FlowSolve: Starting Assembly...
FlowSolve: Assembly:
FlowSolve: Assembly done
FlowSolve: Dirichlet conditions done
BiCGStabl:        3 0.8180E-11 0.8180E-11
ComputeChange: NS (ITER=4) (NRM,RELC): (  1.6276367     0.35957974E-10 ) :: navier-stokes
FlowSolve: iter:    4 Assembly: (s)    0.00    0.02
FlowSolve: iter:    4 Solve:    (s)    0.00    0.01
FlowSolve:  Result Norm     :    1.6276366616246607
FlowSolve:  Relative Change :    3.5957974127206308E-011
ComputeChange: SS (ITER=59) (NRM,RELC): (  1.6276367     0.73469380E-09 ) :: navier-stokes
ResultOutputSolver: -------------------------------------
ResultOutputSolver: Saving in unstructured VTK XML (.vtu) format
ResultOutputSolver: -------------------------------------
MAIN: 
MAIN: -------------------------------------
MAIN:  Steady state iteration:           60
MAIN: -------------------------------------
MAIN: 
HeatSolver: ------------------------------------------------
HeatSolver: Solving energy equation for temperature
HeatSolver: Heat solver iteration: 1
IterSolver: "Linear System GCR Restart" not given, setting it to 200
ComputeChange: NS (ITER=1) (NRM,RELC): (  300.00015      0.0000000     ) :: heat equation
ComputeChange: SS (ITER=60) (NRM,RELC): (  300.00015      0.0000000     ) :: heat equation
FlowSolve: 
FlowSolve: 
FlowSolve: -------------------------------------
FlowSolve:  NAVIER-STOKES ITERATION           1
FlowSolve: -------------------------------------
FlowSolve: 
FlowSolve: Starting Assembly...
FlowSolve: Assembly:
FlowSolve: Assembly done
FlowSolve: Dirichlet conditions done
BiCGStabl:        4 0.2548E-11 0.2548E-11
ComputeChange: NS (ITER=1) (NRM,RELC): (  1.6276367     0.97149107E-09 ) :: navier-stokes
FlowSolve: iter:    1 Assembly: (s)    0.00    0.00
FlowSolve: iter:    1 Solve:    (s)    0.00    0.00
FlowSolve:  Result Norm     :    1.6276366609850972
FlowSolve:  Relative Change :    9.7149106760696145E-010
FlowSolve: 
FlowSolve: 
FlowSolve: -------------------------------------
FlowSolve:  NAVIER-STOKES ITERATION           2
FlowSolve: -------------------------------------
FlowSolve: 
FlowSolve: Starting Assembly...
FlowSolve: Assembly:
FlowSolve: Assembly done
FlowSolve: Dirichlet conditions done
BiCGStabl:        3 0.9917E-11 0.9917E-11
ComputeChange: NS (ITER=2) (NRM,RELC): (  1.6276367     0.28797770E-09 ) :: navier-stokes
FlowSolve: iter:    2 Assembly: (s)    0.00    0.01
FlowSolve: iter:    2 Solve:    (s)    0.00    0.00
FlowSolve:  Result Norm     :    1.6276366614538202
FlowSolve:  Relative Change :    2.8797769891338873E-010
FlowSolve: 
FlowSolve: 
FlowSolve: -------------------------------------
FlowSolve:  NAVIER-STOKES ITERATION           3
FlowSolve: -------------------------------------
FlowSolve: 
FlowSolve: Starting Assembly...
FlowSolve: Assembly:
FlowSolve: Assembly done
FlowSolve: Dirichlet conditions done
BiCGStabl:        3 0.7670E-11 0.7670E-11
ComputeChange: NS (ITER=3) (NRM,RELC): (  1.6276367     0.87674949E-10 ) :: navier-stokes
FlowSolve: iter:    3 Assembly: (s)    0.00    0.01
FlowSolve: iter:    3 Solve:    (s)    0.00    0.00
FlowSolve:  Result Norm     :    1.6276366615965232
FlowSolve:  Relative Change :    8.7674948551284774E-011
ComputeChange: SS (ITER=60) (NRM,RELC): (  1.6276367     0.47150020E-09 ) :: navier-stokes
ResultOutputSolver: -------------------------------------
ResultOutputSolver: Saving in unstructured VTK XML (.vtu) format
ResultOutputSolver: -------------------------------------
MAIN: 
MAIN: -------------------------------------
MAIN:  Steady state iteration:           61
MAIN: -------------------------------------
MAIN: 
HeatSolver: ------------------------------------------------
HeatSolver: Solving energy equation for temperature
HeatSolver: Heat solver iteration: 1
IterSolver: "Linear System GCR Restart" not given, setting it to 200
ComputeChange: NS (ITER=1) (NRM,RELC): (  300.00015      0.0000000     ) :: heat equation
ComputeChange: SS (ITER=61) (NRM,RELC): (  300.00015      0.0000000     ) :: heat equation
FlowSolve: 
FlowSolve: 
FlowSolve: -------------------------------------
FlowSolve:  NAVIER-STOKES ITERATION           1
FlowSolve: -------------------------------------
FlowSolve: 
FlowSolve: Starting Assembly...
FlowSolve: Assembly:
FlowSolve: Assembly done
FlowSolve: Dirichlet conditions done
BiCGStabl:        4 0.1681E-11 0.1681E-11
ComputeChange: NS (ITER=1) (NRM,RELC): (  1.6276367     0.64113458E-09 ) :: navier-stokes
FlowSolve: iter:    1 Assembly: (s)    0.00    0.00
FlowSolve: iter:    1 Solve:    (s)    0.00    0.00
FlowSolve:  Result Norm     :    1.6276366612148279
FlowSolve:  Relative Change :    6.4113458069789815E-010
FlowSolve: 
FlowSolve: 
FlowSolve: -------------------------------------
FlowSolve:  NAVIER-STOKES ITERATION           2
FlowSolve: -------------------------------------
FlowSolve: 
FlowSolve: Starting Assembly...
FlowSolve: Assembly:
FlowSolve: Assembly done
FlowSolve: Dirichlet conditions done
BiCGStabl:        3 0.6534E-11 0.6534E-11
ComputeChange: NS (ITER=2) (NRM,RELC): (  1.6276367     0.19004822E-09 ) :: navier-stokes
FlowSolve: iter:    2 Assembly: (s)    0.00    0.01
FlowSolve: iter:    2 Solve:    (s)    0.00    0.00
FlowSolve:  Result Norm     :    1.6276366615241573
FlowSolve:  Relative Change :    1.9004822039482190E-010
FlowSolve: 
FlowSolve: 
FlowSolve: -------------------------------------
FlowSolve:  NAVIER-STOKES ITERATION           3
FlowSolve: -------------------------------------
FlowSolve: 
FlowSolve: Starting Assembly...
FlowSolve: Assembly:
FlowSolve: Assembly done
FlowSolve: Dirichlet conditions done
BiCGStabl:        3 0.5056E-11 0.5056E-11
ComputeChange: NS (ITER=3) (NRM,RELC): (  1.6276367     0.57864263E-10 ) :: navier-stokes
FlowSolve: iter:    3 Assembly: (s)    0.00    0.01
FlowSolve: iter:    3 Solve:    (s)    0.00    0.00
FlowSolve:  Result Norm     :    1.6276366616183393
FlowSolve:  Relative Change :    5.7864262804741877E-011
ComputeChange: SS (ITER=61) (NRM,RELC): (  1.6276367     0.31116662E-09 ) :: navier-stokes
ResultOutputSolver: -------------------------------------
ResultOutputSolver: Saving in unstructured VTK XML (.vtu) format
ResultOutputSolver: -------------------------------------
MAIN: 
MAIN: -------------------------------------
MAIN:  Steady state iteration:           62
MAIN: -------------------------------------
MAIN: 
HeatSolver: ------------------------------------------------
HeatSolver: Solving energy equation for temperature
HeatSolver: Heat solver iteration: 1
IterSolver: "Linear System GCR Restart" not given, setting it to 200
ComputeChange: NS (ITER=1) (NRM,RELC): (  300.00015      0.0000000     ) :: heat equation
ComputeChange: SS (ITER=62) (NRM,RELC): (  300.00015      0.0000000     ) :: heat equation
FlowSolve: 
FlowSolve: 
FlowSolve: -------------------------------------
FlowSolve:  NAVIER-STOKES ITERATION           1
FlowSolve: -------------------------------------
FlowSolve: 
FlowSolve: Starting Assembly...
FlowSolve: Assembly:
FlowSolve: Assembly done
FlowSolve: Dirichlet conditions done
BiCGStabl:        4 0.7084E-11 0.7084E-11
ComputeChange: NS (ITER=1) (NRM,RELC): (  1.6276367     0.42367860E-09 ) :: navier-stokes
FlowSolve: iter:    1 Assembly: (s)    0.00    0.00
FlowSolve: iter:    1 Solve:    (s)    0.00    0.00
FlowSolve:  Result Norm     :    1.6276366613673547
FlowSolve:  Relative Change :    4.2367860235688727E-010
FlowSolve: 
FlowSolve: 
FlowSolve: -------------------------------------
FlowSolve:  NAVIER-STOKES ITERATION           2
FlowSolve: -------------------------------------
FlowSolve: 
FlowSolve: Starting Assembly...
FlowSolve: Assembly:
FlowSolve: Assembly done
FlowSolve: Dirichlet conditions done
BiCGStabl:        3 0.4257E-11 0.4257E-11
ComputeChange: NS (ITER=2) (NRM,RELC): (  1.6276367     0.12496903E-09 ) :: navier-stokes
FlowSolve: iter:    2 Assembly: (s)    0.00    0.01
FlowSolve: iter:    2 Solve:    (s)    0.00    0.00
FlowSolve:  Result Norm     :    1.6276366615707589
FlowSolve:  Relative Change :    1.2496903467546207E-010
FlowSolve: 
FlowSolve: 
FlowSolve: -------------------------------------
FlowSolve:  NAVIER-STOKES ITERATION           3
FlowSolve: -------------------------------------
FlowSolve: 
FlowSolve: Starting Assembly...
FlowSolve: Assembly:
FlowSolve: Assembly done
FlowSolve: Dirichlet conditions done
BiCGStabl:        3 0.7771E-11 0.7771E-11
ComputeChange: NS (ITER=3) (NRM,RELC): (  1.6276367     0.34189542E-10 ) :: navier-stokes
FlowSolve: iter:    3 Assembly: (s)    0.00    0.01
FlowSolve: iter:    3 Solve:    (s)    0.00    0.00
FlowSolve:  Result Norm     :    1.6276366616264071
FlowSolve:  Relative Change :    3.4189542460810481E-011
ComputeChange: SS (ITER=62) (NRM,RELC): (  1.6276367     0.20399241E-09 ) :: navier-stokes
ResultOutputSolver: -------------------------------------
ResultOutputSolver: Saving in unstructured VTK XML (.vtu) format
ResultOutputSolver: -------------------------------------
MAIN: 
MAIN: -------------------------------------
MAIN:  Steady state iteration:           63
MAIN: -------------------------------------
MAIN: 
HeatSolver: ------------------------------------------------
HeatSolver: Solving energy equation for temperature
HeatSolver: Heat solver iteration: 1
IterSolver: "Linear System GCR Restart" not given, setting it to 200
ComputeChange: NS (ITER=1) (NRM,RELC): (  300.00015      0.0000000     ) :: heat equation
ComputeChange: SS (ITER=63) (NRM,RELC): (  300.00015      0.0000000     ) :: heat equation
FlowSolve: 
FlowSolve: 
FlowSolve: -------------------------------------
FlowSolve:  NAVIER-STOKES ITERATION           1
FlowSolve: -------------------------------------
FlowSolve: 
FlowSolve: Starting Assembly...
FlowSolve: Assembly:
FlowSolve: Assembly done
FlowSolve: Dirichlet conditions done
BiCGStabl:        3 0.9483E-11 0.9483E-11
ComputeChange: NS (ITER=1) (NRM,RELC): (  1.6276367     0.27745578E-09 ) :: navier-stokes
FlowSolve: iter:    1 Assembly: (s)    0.00    0.00
FlowSolve: iter:    1 Solve:    (s)    0.00    0.00
FlowSolve:  Result Norm     :    1.6276366614613826
FlowSolve:  Relative Change :    2.7745578287329360E-010
FlowSolve: 
FlowSolve: 
FlowSolve: -------------------------------------
FlowSolve:  NAVIER-STOKES ITERATION           2
FlowSolve: -------------------------------------
FlowSolve: 
FlowSolve: Starting Assembly...
FlowSolve: Assembly:
FlowSolve: Assembly done
FlowSolve: Dirichlet conditions done
BiCGStabl:        3 0.7343E-11 0.7343E-11
ComputeChange: NS (ITER=2) (NRM,RELC): (  1.6276367     0.84471636E-10 ) :: navier-stokes
FlowSolve: iter:    2 Assembly: (s)    0.00    0.01
FlowSolve: iter:    2 Solve:    (s)    0.00    0.00
FlowSolve:  Result Norm     :    1.6276366615988718
FlowSolve:  Relative Change :    8.4471635740809218E-011
ComputeChange: SS (ITER=63) (NRM,RELC): (  1.6276367     0.12667539E-09 ) :: navier-stokes
ResultOutputSolver: -------------------------------------
ResultOutputSolver: Saving in unstructured VTK XML (.vtu) format
ResultOutputSolver: -------------------------------------
MAIN: 
MAIN: -------------------------------------
MAIN:  Steady state iteration:           64
MAIN: -------------------------------------
MAIN: 
HeatSolver: ------------------------------------------------
HeatSolver: Solving energy equation for temperature
HeatSolver: Heat solver iteration: 1
IterSolver: "Linear System GCR Restart" not given, setting it to 200
ComputeChange: NS (ITER=1) (NRM,RELC): (  300.00015      0.0000000     ) :: heat equation
ComputeChange: SS (ITER=64) (NRM,RELC): (  300.00015      0.0000000     ) :: heat equation
FlowSolve: 
FlowSolve: 
FlowSolve: -------------------------------------
FlowSolve:  NAVIER-STOKES ITERATION           1
FlowSolve: -------------------------------------
FlowSolve: 
FlowSolve: Starting Assembly...
FlowSolve: Assembly:
FlowSolve: Assembly done
FlowSolve: Dirichlet conditions done
BiCGStabl:        3 0.6446E-11 0.6446E-11
ComputeChange: NS (ITER=1) (NRM,RELC): (  1.6276367     0.18955042E-09 ) :: navier-stokes
FlowSolve: iter:    1 Assembly: (s)    0.00    0.00
FlowSolve: iter:    1 Solve:    (s)    0.00    0.00
FlowSolve:  Result Norm     :    1.6276366615244862
FlowSolve:  Relative Change :    1.8955041840821095E-010
FlowSolve: 
FlowSolve: 
FlowSolve: -------------------------------------
FlowSolve:  NAVIER-STOKES ITERATION           2
FlowSolve: -------------------------------------
FlowSolve: 
FlowSolve: Starting Assembly...
FlowSolve: Assembly:
FlowSolve: Assembly done
FlowSolve: Dirichlet conditions done
BiCGStabl:        3 0.4999E-11 0.4999E-11
ComputeChange: NS (ITER=2) (NRM,RELC): (  1.6276367     0.57721157E-10 ) :: navier-stokes
FlowSolve: iter:    2 Assembly: (s)    0.00    0.01
FlowSolve: iter:    2 Solve:    (s)    0.00    0.00
FlowSolve:  Result Norm     :    1.6276366616184352
FlowSolve:  Relative Change :    5.7721156670505655E-011
ComputeChange: SS (ITER=64) (NRM,RELC): (  1.6276367     0.86544697E-10 ) :: navier-stokes
ResultOutputSolver: -------------------------------------
ResultOutputSolver: Saving in unstructured VTK XML (.vtu) format
ResultOutputSolver: -------------------------------------
MAIN: *** Elmer Solver: ALL DONE ***
MAIN: The end
SOLVER TOTAL TIME(CPU,REAL):         3.21        3.54
ELMER SOLVER FINISHED AT: 2026/10/01 07:35:43
