Info    :  - Label 'Shapes/Open CASCADE STEP translator 7.9 1' (3D)
Info    : Meshing 1D...
Info    : [  0%] Meshing curve 1 (Line)
Info    : [ 10%] Meshing curve 2 (Line)
Info    : [ 10%] Meshing curve 3 (Line)
Info    : [ 10%] Meshing curve 4 (Line)
Info    : [ 10%] Meshing curve 5 (Line)
Info    : [ 10%] Meshing curve 6 (Line)
Info    : [ 10%] Meshing curve 7 (Line)
Info    : [ 10%] Meshing curve 8 (Line)
Info    : [ 10%] Meshing curve 9 (Line)
Info    : [ 10%] Meshing curve 10 (Line)
Info    : [ 10%] Meshing curve 11 (Line)
Info    : [ 10%] Meshing curve 12 (Line)
Info    : [ 10%] Meshing curve 13 (Line)
Info    : [ 10%] Meshing curve 14 (Line)
Info    : [ 10%] Meshing curve 15 (Line)
Info    : [ 10%] Meshing curve 16 (Line)
Info    : [ 10%] Meshing curve 17 (Line)
Info    : [ 10%] Meshing curve 18 (Line)
Info    : [ 10%] Meshing curve 19 (Line)
Info    : [ 10%] Meshing curve 20 (Line)
Info    : [ 10%] Meshing curve 21 (Line)
Info    : [ 10%] Meshing curve 22 (Line)
Info    : [ 10%] Meshing curve 23 (Line)
Info    : [ 10%] Meshing curve 24 (Line)
Info    : [ 10%] Meshing curve 25 (Line)
Info    : [ 10%] Meshing curve 26 (Line)
Info    : [ 10%] Meshing curve 27 (Line)
Info    : [ 10%] Meshing curve 28 (Line)
Info    : [ 10%] Meshing curve 29 (Line)
Info    : [ 10%] Meshing curve 30 (Line)
Info    : [ 10%] Meshing curve 31 (Line)
Info    : [ 10%] Meshing curve 32 (Line)
Info    : [ 10%] Meshing curve 33 (Line)
Info    : [ 10%] Meshing curve 34 (Line)
Info    : [ 10%] Meshing curve 35 (Line)
Info    : [ 10%] Meshing curve 36 (Line)
Info    : [ 10%] Meshing curve 37 (Line)
Info    : [ 10%] Meshing curve 38 (Line)
Info    : [ 10%] Meshing curve 39 (Line)
Info    : [ 10%] Meshing curve 40 (Line)
Info    : [ 10%] Meshing curve 41 (Line)
Info    : [ 10%] Meshing curve 42 (Line)
Info    : [ 10%] Meshing curve 43 (Line)
Info    : [ 10%] Meshing curve 44 (Line)
Info    : [ 10%] Meshing curve 45 (Line)
Info    : [ 10%] Meshing curve 46 (Line)
Info    : [ 10%] Meshing curve 47 (Line)
Info    : [ 10%] Meshing curve 48 (Line)
Info    : [ 10%] Meshing curve 49 (Line)
Info    : [ 10%] Meshing curve 50 (Line)
Info    : [ 10%] Meshing curve 51 (Line)
Info    : [ 10%] Meshing curve 52 (Line)
Info    : [ 10%] Meshing curve 53 (Line)
Info    : [ 10%] Meshing curve 54 (Line)
Info    : [ 10%] Meshing curve 55 (Line)
Info    : [ 10%] Meshing curve 56 (Line)
Info    : [ 10%] Meshing curve 57 (Line)
Info    : [ 10%] Meshing curve 58 (Line)
Info    : [ 10%] Meshing curve 59 (Line)
Info    : [ 10%] Meshing curve 60 (Line)
Info    : [ 10%] Meshing curve 61 (Line)
Info    : [ 10%] Meshing curve 62 (Line)
Info    : [ 10%] Meshing curve 63 (Line)
Info    : [ 10%] Meshing curve 64 (Line)
Info    : [ 10%] Meshing curve 65 (Line)
Info    : [ 10%] Meshing curve 66 (Line)
Info    : [ 10%] Meshing curve 67 (Line)
Info    : [ 10%] Meshing curve 68 (Line)
Info    : [ 10%] Meshing curve 69 (Line)
Info    : [ 10%] Meshing curve 70 (Line)
Info    : [ 10%] Meshing curve 71 (Line)
Info    : [ 10%] Meshing curve 72 (Line)
Info    : [ 10%] Meshing curve 73 (Line)
Info    : [ 10%] Meshing curve 74 (Line)
Info    : [ 10%] Meshing curve 75 (Line)
Info    : [ 10%] Meshing curve 76 (Line)
Info    : [ 10%] Meshing curve 77 (Line)
Info    : [ 10%] Meshing curve 78 (Line)
Info    : [ 10%] Meshing curve 79 (Line)
Info    : [ 10%] Meshing curve 80 (Line)
Info    : [ 10%] Meshing curve 81 (Line)
Info    : [ 10%] Meshing curve 82 (Line)
Info    : [ 10%] Meshing curve 83 (Line)
Info    : [ 10%] Meshing curve 84 (Line)
Info    : [ 10%] Meshing curve 85 (Line)
Info    : [ 10%] Meshing curve 86 (Line)
Info    : [ 10%] Meshing curve 87 (Line)
Info    : [ 10%] Meshing curve 88 (Line)
Info    : [ 10%] Meshing curve 89 (Line)
Info    : [ 10%] Meshing curve 90 (Line)
Info    : [ 10%] Meshing curve 91 (Line)
Info    : [ 10%] Meshing curve 92 (Line)
Info    : [ 10%] Meshing curve 93 (Line)
Info    : [ 10%] Meshing curve 94 (Line)
Info    : [ 10%] Meshing curve 95 (Line)
Info    : [ 10%] Meshing curve 96 (Line)
Info    : [ 10%] Meshing curve 97 (Line)
Info    : [ 10%] Meshing curve 98 (Line)
Info    : [ 10%] Meshing curve 99 (Line)
Info    : [ 10%] Meshing curve 100 (Line)
Info    : [ 10%] Meshing curve 101 (Line)
Info    : [ 10%] Meshing curve 102 (Line)
Info    : [ 10%] Meshing curve 103 (Line)
Info    : [ 10%] Meshing curve 104 (Line)
Info    : [ 10%] Meshing curve 105 (Line)
Info    : [ 10%] Meshing curve 106 (Line)
Info    : [ 10%] Meshing curve 107 (Line)
Info    : [ 10%] Meshing curve 108 (Line)
Info    : [ 10%] Meshing curve 109 (Line)
Info    : [ 10%] Meshing curve 110 (Line)
Info    : [ 10%] Meshing curve 111 (Line)
Info    : [ 10%] Meshing curve 112 (Line)
Info    : [ 10%] Meshing curve 113 (Line)
Info    : [ 10%] Meshing curve 114 (Line)
Info    : [ 10%] Meshing curve 115 (Line)
Info    : [ 10%] Meshing curve 116 (Line)
Info    : [ 10%] Meshing curve 117 (Line)
Info    : [ 10%] Meshing curve 118 (Line)
Info    : [ 10%] Meshing curve 119 (Line)
Info    : [ 10%] Meshing curve 120 (Line)
Info    : [ 10%] Meshing curve 121 (Line)
Info    : [ 10%] Meshing curve 122 (Line)
Info    : [ 10%] Meshing curve 123 (Line)
Info    : [ 10%] Meshing curve 124 (Line)
Info    : [ 10%] Meshing curve 125 (Line)
Info    : [ 10%] Meshing curve 126 (Line)
Info    : [ 10%] Meshing curve 127 (Line)
Info    : [ 10%] Meshing curve 128 (Line)
Info    : [ 10%] Meshing curve 129 (Line)
Info    : [ 10%] Meshing curve 130 (Line)
Info    : [ 10%] Meshing curve 131 (Line)
Info    : [ 10%] Meshing curve 132 (Line)
Info    : [ 10%] Meshing curve 133 (Line)
Info    : [ 10%] Meshing curve 134 (Line)
Info    : [ 10%] Meshing curve 135 (Line)
Info    : [ 10%] Meshing curve 136 (Line)
Info    : [ 10%] Meshing curve 137 (Line)
Info    : [ 10%] Meshing curve 138 (Line)
Info    : [ 10%] Meshing curve 139 (Line)
Info    : [ 10%] Meshing curve 140 (Line)
Info    : [ 10%] Meshing curve 141 (Line)
Info    : [ 10%] Meshing curve 142 (Line)
Info    : [ 10%] Meshing curve 143 (Line)
Info    : [ 10%] Meshing curve 144 (Line)
Info    : [ 10%] Meshing curve 145 (Line)
Info    : [ 10%] Meshing curve 146 (Line)
Info    : [ 10%] Meshing curve 147 (Line)
Info    : [ 10%] Meshing curve 148 (Line)
Info    : [ 10%] Meshing curve 149 (Line)
Info    : [ 10%] Meshing curve 150 (Line)
Info    : [ 10%] Meshing curve 151 (Line)
Info    : [ 10%] Meshing curve 152 (Line)
Info    : [ 10%] Meshing curve 153 (Line)
Info    : [ 10%] Meshing curve 154 (Line)
Info    : [ 10%] Meshing curve 155 (Line)
Info    : [ 10%] Meshing curve 156 (Line)
Info    : [ 10%] Meshing curve 157 (Line)
Info    : [ 10%] Meshing curve 158 (Line)
Info    : [ 10%] Meshing curve 159 (Line)
Info    : [ 10%] Meshing curve 160 (Line)
Info    : [ 10%] Meshing curve 161 (Line)
Info    : [ 10%] Meshing curve 162 (Line)
Info    : [ 10%] Meshing curve 163 (Line)
Info    : [ 10%] Meshing curve 164 (Line)
Info    : [ 10%] Meshing curve 165 (Line)
Info    : [ 10%] Meshing curve 166 (Line)
Info    : [ 10%] Meshing curve 167 (Line)
Info    : [ 10%] Meshing curve 168 (Line)
Info    : [ 10%] Meshing curve 169 (Line)
Info    : [ 10%] Meshing curve 170 (Line)
Info    : [ 10%] Meshing curve 171 (Line)
Info    : [ 10%] Meshing curve 172 (Line)
Info    : [ 10%] Meshing curve 173 (Line)
Info    : [ 10%] Meshing curve 174 (Line)
Info    : [ 10%] Meshing curve 175 (Line)
Info    : [ 10%] Meshing curve 176 (Line)
Info    : [ 10%] Meshing curve 177 (Line)
Info    : [ 10%] Meshing curve 178 (Line)
Info    : [ 10%] Meshing curve 179 (Line)
Info    : [ 10%] Meshing curve 180 (Line)
Info    : [ 10%] Meshing curve 181 (Line)
Info    : [ 10%] Meshing curve 182 (Line)
Info    : [ 10%] Meshing curve 183 (Line)
Info    : [ 10%] Meshing curve 184 (Line)
Info    : [ 10%] Meshing curve 185 (Line)
Info    : [ 10%] Meshing curve 186 (Line)
Info    : [ 10%] Meshing curve 187 (Line)
Info    : [ 10%] Meshing curve 188 (Line)
Info    : [ 10%] Meshing curve 189 (Line)
Info    : [ 10%] Meshing curve 190 (Line)
Info    : [ 10%] Meshing curve 191 (Line)
Info    : [ 10%] Meshing curve 192 (Line)
Info    : [ 10%] Meshing curve 193 (Line)
Info    : [ 10%] Meshing curve 194 (Line)
Info    : [ 10%] Meshing curve 195 (Line)
Info    : [ 10%] Meshing curve 196 (Line)
Info    : [ 10%] Meshing curve 197 (Line)
Info    : [ 10%] Meshing curve 198 (Line)
Info    : [ 10%] Meshing curve 199 (Line)
Info    : [ 10%] Meshing curve 200 (Line)
Info    : [ 10%] Meshing curve 201 (Line)
Info    : [ 10%] Meshing curve 202 (Line)
Info    : [ 10%] Meshing curve 203 (Line)
Info    : [ 10%] Meshing curve 204 (Line)
Info    : [ 10%] Meshing curve 205 (Line)
Info    : [ 10%] Meshing curve 206 (Line)
Info    : [ 10%] Meshing curve 207 (Line)
Info    : [ 10%] Meshing curve 208 (Line)
Info    : [ 10%] Meshing curve 209 (Line)
Info    : [ 10%] Meshing curve 210 (Line)
Info    : [ 10%] Meshing curve 211 (Line)
Info    : [ 10%] Meshing curve 212 (Line)
Info    : [ 10%] Meshing curve 213 (Line)
Info    : [ 10%] Meshing curve 214 (Line)
Info    : [ 10%] Meshing curve 215 (Line)
Info    : [ 10%] Meshing curve 216 (Line)
Info    : [ 10%] Meshing curve 217 (Line)
Info    : [ 10%] Meshing curve 218 (Line)
Info    : [ 10%] Meshing curve 219 (Line)
Info    : [ 10%] Meshing curve 220 (Line)
Info    : [ 10%] Meshing curve 221 (Line)
Info    : [ 10%] Meshing curve 222 (Line)
Info    : [ 10%] Meshing curve 223 (Line)
Info    : [ 10%] Meshing curve 224 (Line)
Info    : [ 10%] Meshing curve 225 (Line)
Info    : [ 10%] Meshing curve 226 (Line)
Info    : [ 10%] Meshing curve 227 (Line)
Info    : [ 10%] Meshing curve 228 (Line)
Info    : [ 10%] Meshing curve 229 (Line)
Info    : [ 10%] Meshing curve 230 (Line)
Info    : [ 10%] Meshing curve 231 (Line)
Info    : [ 10%] Meshing curve 232 (Line)
Info    : [ 10%] Meshing curve 233 (Line)
Info    : [ 10%] Meshing curve 234 (Line)
Info    : [ 10%] Meshing curve 235 (Line)
Info    : [ 10%] Meshing curve 236 (Line)
Info    : [ 10%] Meshing curve 237 (Line)
Info    : [ 10%] Meshing curve 238 (Line)
Info    : [ 10%] Meshing curve 239 (Line)
Info    : [ 10%] Meshing curve 240 (Line)
Info    : [ 10%] Meshing curve 241 (Line)
Info    : [ 10%] Meshing curve 242 (Line)
Info    : [ 10%] Meshing curve 243 (Line)
Info    : [ 10%] Meshing curve 244 (Line)
Info    : [ 10%] Meshing curve 245 (Line)
Info    : [ 10%] Meshing curve 246 (Line)
Info    : [ 10%] Meshing curve 247 (Line)
Info    : [ 10%] Meshing curve 248 (Line)
Info    : [ 10%] Meshing curve 249 (Line)
Info    : [ 10%] Meshing curve 250 (Line)
Info    : [ 10%] Meshing curve 251 (Line)
Info    : [ 10%] Meshing curve 252 (Line)
Info    : [ 10%] Meshing curve 253 (Line)
Info    : [ 10%] Meshing curve 254 (Line)
Info    : [ 10%] Meshing curve 255 (Line)
Info    : [ 10%] Meshing curve 256 (Line)
Info    : [ 10%] Meshing curve 257 (Line)
Info    : [ 20%] Meshing curve 258 (Line)
Info    : [ 20%] Meshing curve 259 (Line)
Info    : [ 20%] Meshing curve 260 (Line)
Info    : [ 20%] Meshing curve 261 (Line)
Info    : [ 20%] Meshing curve 262 (Line)
Info    : [ 20%] Meshing curve 263 (Line)
Info    : [ 20%] Meshing curve 264 (Line)
Info    : [ 20%] Meshing curve 265 (Line)
Info    : [ 20%] Meshing curve 266 (Line)
Info    : [ 20%] Meshing curve 267 (Line)
Info    : [ 20%] Meshing curve 268 (Line)
Info    : [ 20%] Meshing curve 269 (Line)
Info    : [ 20%] Meshing curve 270 (Line)
Info    : [ 20%] Meshing curve 271 (Line)
Info    : [ 20%] Meshing curve 272 (Line)
Info    : [ 20%] Meshing curve 273 (Line)
Info    : [ 20%] Meshing curve 274 (Line)
Info    : [ 20%] Meshing curve 275 (Line)
Info    : [ 20%] Meshing curve 276 (Line)
Info    : [ 20%] Meshing curve 277 (Line)
Info    : [ 20%] Meshing curve 278 (Line)
Info    : [ 20%] Meshing curve 279 (Line)
Info    : [ 20%] Meshing curve 280 (Line)
Info    : [ 20%] Meshing curve 281 (Line)
Info    : [ 20%] Meshing curve 282 (Line)
Info    : [ 20%] Meshing curve 283 (Line)
Info    : [ 20%] Meshing curve 284 (Line)
Info    : [ 20%] Meshing curve 285 (Line)
Info    : [ 20%] Meshing curve 286 (Line)
Info    : [ 20%] Meshing curve 287 (Line)
Info    : [ 20%] Meshing curve 288 (Line)
Info    : [ 20%] Meshing curve 289 (Line)
Info    : [ 20%] Meshing curve 290 (Line)
Info    : [ 20%] Meshing curve 291 (Line)
Info    : [ 20%] Meshing curve 292 (Line)
Info    : [ 20%] Meshing curve 293 (Line)
Info    : [ 20%] Meshing curve 294 (Line)
Info    : [ 20%] Meshing curve 295 (Line)
Info    : [ 20%] Meshing curve 296 (Line)
Info    : [ 20%] Meshing curve 297 (Line)
Info    : [ 20%] Meshing curve 298 (Line)
Info    : [ 20%] Meshing curve 299 (Line)
Info    : [ 20%] Meshing curve 300 (Line)
Info    : [ 20%] Meshing curve 301 (Line)
Info    : [ 20%] Meshing curve 302 (Line)
Info    : [ 20%] Meshing curve 303 (Line)
Info    : [ 20%] Meshing curve 304 (Line)
Info    : [ 20%] Meshing curve 305 (Line)
Info    : [ 20%] Meshing curve 306 (Line)
Info    : [ 20%] Meshing curve 307 (Line)
Info    : [ 20%] Meshing curve 308 (Line)
Info    : [ 20%] Meshing curve 309 (Line)
Info    : [ 20%] Meshing curve 310 (Line)
Info    : [ 20%] Meshing curve 311 (Line)
Info    : [ 20%] Meshing curve 312 (Line)
Info    : [ 20%] Meshing curve 313 (Line)
Info    : [ 20%] Meshing curve 314 (Line)
Info    : [ 20%] Meshing curve 315 (Line)
Info    : [ 20%] Meshing curve 316 (Line)
Info    : [ 20%] Meshing curve 317 (Line)
Info    : [ 20%] Meshing curve 318 (Line)
Info    : [ 20%] Meshing curve 319 (Line)
Info    : [ 20%] Meshing curve 320 (Line)
Info    : [ 20%] Meshing curve 321 (Line)
Info    : [ 20%] Meshing curve 322 (Line)
Info    : [ 20%] Meshing curve 323 (Line)
Info    : [ 20%] Meshing curve 324 (Line)
Info    : [ 20%] Meshing curve 325 (Line)
Info    : [ 20%] Meshing curve 326 (Line)
Info    : [ 20%] Meshing curve 327 (Line)
Info    : [ 20%] Meshing curve 328 (Line)
Info    : [ 20%] Meshing curve 329 (Line)
Info    : [ 20%] Meshing curve 330 (Line)
Info    : [ 20%] Meshing curve 331 (Line)
Info    : [ 20%] Meshing curve 332 (Line)
Info    : [ 20%] Meshing curve 333 (Line)
Info    : [ 20%] Meshing curve 334 (Line)
Info    : [ 20%] Meshing curve 335 (Line)
Info    : [ 20%] Meshing curve 336 (Line)
Info    : [ 20%] Meshing curve 337 (Line)
Info    : [ 20%] Meshing curve 338 (Line)
Info    : [ 20%] Meshing curve 339 (Line)
Info    : [ 20%] Meshing curve 340 (Line)
Info    : [ 20%] Meshing curve 341 (Line)
Info    : [ 20%] Meshing curve 342 (Line)
Info    : [ 20%] Meshing curve 343 (Line)
Info    : [ 20%] Meshing curve 344 (Line)
Info    : [ 20%] Meshing curve 345 (Line)
Info    : [ 20%] Meshing curve 346 (Line)
Info    : [ 20%] Meshing curve 347 (Line)
Info    : [ 20%] Meshing curve 348 (Line)
Info    : [ 20%] Meshing curve 349 (Line)
Info    : [ 20%] Meshing curve 350 (Line)
Info    : [ 20%] Meshing curve 351 (Line)
Info    : [ 20%] Meshing curve 352 (Line)
Info    : [ 20%] Meshing curve 353 (Line)
Info    : [ 20%] Meshing curve 354 (Line)
Info    : [ 20%] Meshing curve 355 (Line)
Info    : [ 20%] Meshing curve 356 (Line)
Info    : [ 20%] Meshing curve 357 (Line)
Info    : [ 20%] Meshing curve 358 (Line)
Info    : [ 20%] Meshing curve 359 (Line)
Info    : [ 20%] Meshing curve 360 (Line)
Info    : [ 20%] Meshing curve 361 (Line)
Info    : [ 20%] Meshing curve 362 (Line)
Info    : [ 20%] Meshing curve 363 (Line)
Info    : [ 20%] Meshing curve 364 (Line)
Info    : [ 20%] Meshing curve 365 (Line)
Info    : [ 20%] Meshing curve 366 (Line)
Info    : [ 20%] Meshing curve 367 (Line)
Info    : [ 20%] Meshing curve 368 (Line)
Info    : [ 20%] Meshing curve 369 (Line)
Info    : [ 20%] Meshing curve 370 (Line)
Info    : [ 20%] Meshing curve 371 (Line)
Info    : [ 20%] Meshing curve 372 (Line)
Info    : [ 20%] Meshing curve 373 (Line)
Info    : [ 20%] Meshing curve 374 (Line)
Info    : [ 20%] Meshing curve 375 (Line)
Info    : [ 20%] Meshing curve 376 (Line)
Info    : [ 20%] Meshing curve 377 (Line)
Info    : [ 20%] Meshing curve 378 (Line)
Info    : [ 20%] Meshing curve 379 (Line)
Info    : [ 20%] Meshing curve 380 (Line)
Info    : [ 20%] Meshing curve 381 (Line)
Info    : [ 20%] Meshing curve 382 (Line)
Info    : [ 20%] Meshing curve 383 (Line)
Info    : [ 20%] Meshing curve 384 (Line)
Info    : [ 20%] Meshing curve 385 (Line)
Info    : [ 20%] Meshing curve 386 (Line)
Info    : [ 20%] Meshing curve 387 (Line)
Info    : [ 20%] Meshing curve 388 (Line)
Info    : [ 20%] Meshing curve 389 (Line)
Info    : [ 20%] Meshing curve 390 (Line)
Info    : [ 20%] Meshing curve 391 (Line)
Info    : [ 20%] Meshing curve 392 (Line)
Info    : [ 20%] Meshing curve 393 (Line)
Info    : [ 20%] Meshing curve 394 (Line)
Info    : [ 20%] Meshing curve 395 (Line)
Info    : [ 20%] Meshing curve 396 (Line)
Info    : [ 20%] Meshing curve 397 (Line)
Info    : [ 20%] Meshing curve 398 (Line)
Info    : [ 20%] Meshing curve 399 (Line)
Info    : [ 20%] Meshing curve 400 (Line)
Info    : [ 20%] Meshing curve 401 (Line)
Info    : [ 20%] Meshing curve 402 (Line)
Info    : [ 20%] Meshing curve 403 (Line)
Info    : [ 20%] Meshing curve 404 (Line)
Info    : [ 20%] Meshing curve 405 (Line)
Info    : [ 20%] Meshing curve 406 (Line)
Info    : [ 20%] Meshing curve 407 (Line)
Info    : [ 20%] Meshing curve 408 (Line)
Info    : [ 20%] Meshing curve 409 (Line)
Info    : [ 20%] Meshing curve 410 (Line)
Info    : [ 20%] Meshing curve 411 (Line)
Info    : [ 20%] Meshing curve 412 (Line)
Info    : [ 20%] Meshing curve 413 (Line)
Info    : [ 20%] Meshing curve 414 (Line)
Info    : [ 20%] Meshing curve 415 (Line)
Info    : [ 20%] Meshing curve 416 (Line)
Info    : [ 20%] Meshing curve 417 (Line)
Info    : [ 20%] Meshing curve 418 (Line)
Info    : [ 20%] Meshing curve 419 (Line)
Info    : [ 20%] Meshing curve 420 (Line)
Info    : [ 20%] Meshing curve 421 (Line)
Info    : [ 20%] Meshing curve 422 (Line)
Info    : [ 20%] Meshing curve 423 (Line)
Info    : [ 20%] Meshing curve 424 (Line)
Info    : [ 20%] Meshing curve 425 (Line)
Info    : [ 20%] Meshing curve 426 (Line)
Info    : [ 20%] Meshing curve 427 (Line)
Info    : [ 20%] Meshing curve 428 (Line)
Info    : [ 20%] Meshing curve 429 (Line)
Info    : [ 20%] Meshing curve 430 (Line)
Info    : [ 20%] Meshing curve 431 (Line)
Info    : [ 20%] Meshing curve 432 (Line)
Info    : [ 20%] Meshing curve 433 (Line)
Info    : [ 20%] Meshing curve 434 (Line)
Info    : [ 20%] Meshing curve 435 (Line)
Info    : [ 20%] Meshing curve 436 (Line)
Info    : [ 20%] Meshing curve 437 (Line)
Info    : [ 20%] Meshing curve 438 (Line)
Info    : [ 20%] Meshing curve 439 (Line)
Info    : [ 20%] Meshing curve 440 (Line)
Info    : [ 20%] Meshing curve 441 (Line)
Info    : [ 20%] Meshing curve 442 (Line)
Info    : [ 20%] Meshing curve 443 (Line)
Info    : [ 20%] Meshing curve 444 (Line)
Info    : [ 20%] Meshing curve 445 (Line)
Info    : [ 20%] Meshing curve 446 (Line)
Info    : [ 20%] Meshing curve 447 (Line)
Info    : [ 20%] Meshing curve 448 (Line)
Info    : [ 20%] Meshing curve 449 (Line)
Info    : [ 20%] Meshing curve 450 (Line)
Info    : [ 20%] Meshing curve 451 (Line)
Info    : [ 20%] Meshing curve 452 (Line)
Info    : [ 20%] Meshing curve 453 (Line)
Info    : [ 20%] Meshing curve 454 (Line)
Info    : [ 20%] Meshing curve 455 (Line)
Info    : [ 20%] Meshing curve 456 (Line)
Info    : [ 20%] Meshing curve 457 (Line)
Info    : [ 20%] Meshing curve 458 (Line)
Info    : [ 20%] Meshing curve 459 (Line)
Info    : [ 20%] Meshing curve 460 (Line)
Info    : [ 20%] Meshing curve 461 (Line)
Info    : [ 20%] Meshing curve 462 (Line)
Info    : [ 20%] Meshing curve 463 (Line)
Info    : [ 20%] Meshing curve 464 (Line)
Info    : [ 20%] Meshing curve 465 (Line)
Info    : [ 20%] Meshing curve 466 (Line)
Info    : [ 20%] Meshing curve 467 (Line)
Info    : [ 20%] Meshing curve 468 (Line)
Info    : [ 20%] Meshing curve 469 (Circle)
Info    : [ 20%] Meshing curve 470 (Circle)
Info    : [ 20%] Meshing curve 471 (Circle)
Info    : [ 20%] Meshing curve 472 (Circle)
Info    : [ 20%] Meshing curve 473 (Line)
Info    : [ 20%] Meshing curve 474 (Line)
Info    : [ 20%] Meshing curve 475 (Line)
Info    : [ 20%] Meshing curve 476 (Line)
Info    : [ 20%] Meshing curve 477 (Line)
Info    : [ 20%] Meshing curve 478 (Line)
Info    : [ 20%] Meshing curve 479 (Line)
Info    : [ 20%] Meshing curve 480 (Line)
Info    : [ 20%] Meshing curve 481 (Line)
Info    : [ 20%] Meshing curve 482 (Line)
Info    : [ 20%] Meshing curve 483 (Line)
Info    : [ 20%] Meshing curve 484 (Line)
Info    : [ 20%] Meshing curve 485 (Line)
Info    : [ 20%] Meshing curve 486 (Line)
Info    : [ 20%] Meshing curve 487 (Line)
Info    : [ 20%] Meshing curve 488 (Line)
Info    : [ 20%] Meshing curve 489 (Line)
Info    : [ 20%] Meshing curve 490 (Line)
Info    : [ 20%] Meshing curve 491 (Line)
Info    : [ 20%] Meshing curve 492 (Line)
Info    : [ 20%] Meshing curve 493 (Line)
Info    : [ 20%] Meshing curve 494 (Line)
Info    : [ 20%] Meshing curve 495 (Line)
Info    : [ 20%] Meshing curve 496 (Line)
Info    : [ 20%] Meshing curve 497 (Line)
Info    : [ 20%] Meshing curve 498 (Line)
Info    : [ 20%] Meshing curve 499 (Line)
Info    : [ 20%] Meshing curve 500 (Line)
Info    : [ 20%] Meshing curve 501 (Line)
Info    : [ 20%] Meshing curve 502 (Line)
Info    : [ 20%] Meshing curve 503 (Line)
Info    : [ 20%] Meshing curve 504 (Line)
Info    : [ 20%] Meshing curve 505 (Line)
Info    : [ 20%] Meshing curve 506 (Line)
Info    : [ 20%] Meshing curve 507 (Line)
Info    : [ 20%] Meshing curve 508 (Line)
Info    : [ 20%] Meshing curve 509 (Line)
Info    : [ 20%] Meshing curve 510 (Line)
Info    : [ 20%] Meshing curve 511 (Line)
Info    : [ 20%] Meshing curve 512 (Line)
Info    : [ 20%] Meshing curve 513 (Line)
Info    : [ 30%] Meshing curve 514 (Line)
Info    : [ 30%] Meshing curve 515 (Line)
Info    : [ 30%] Meshing curve 516 (Line)
Info    : [ 30%] Meshing curve 517 (Line)
Info    : [ 30%] Meshing curve 518 (Line)
Info    : [ 30%] Meshing curve 519 (Line)
Info    : [ 30%] Meshing curve 520 (Line)
Info    : [ 30%] Meshing curve 521 (Line)
Info    : [ 30%] Meshing curve 522 (Line)
Info    : [ 30%] Meshing curve 523 (Line)
Info    : [ 30%] Meshing curve 524 (Line)
Info    : [ 30%] Meshing curve 525 (Line)
Info    : [ 30%] Meshing curve 526 (Line)
Info    : [ 30%] Meshing curve 527 (Line)
Info    : [ 30%] Meshing curve 528 (Line)
Info    : [ 30%] Meshing curve 529 (Line)
Info    : [ 30%] Meshing curve 530 (Line)
Info    : [ 30%] Meshing curve 531 (Line)
Info    : [ 30%] Meshing curve 532 (Line)
Info    : [ 30%] Meshing curve 533 (Line)
Info    : [ 30%] Meshing curve 534 (Line)
Info    : [ 30%] Meshing curve 535 (Line)
Info    : [ 30%] Meshing curve 536 (Line)
Info    : [ 30%] Meshing curve 537 (Line)
Info    : [ 30%] Meshing curve 538 (Line)
Info    : [ 30%] Meshing curve 539 (Line)
Info    : [ 30%] Meshing curve 540 (Line)
Info    : [ 30%] Meshing curve 541 (Line)
Info    : [ 30%] Meshing curve 542 (Line)
Info    : [ 30%] Meshing curve 543 (Line)
Info    : [ 30%] Meshing curve 544 (Line)
Info    : [ 30%] Meshing curve 545 (Line)
Info    : [ 30%] Meshing curve 546 (Line)
Info    : [ 30%] Meshing curve 547 (Line)
Info    : [ 30%] Meshing curve 548 (Line)
Info    : [ 30%] Meshing curve 549 (Line)
Info    : [ 30%] Meshing curve 550 (Line)
Info    : [ 30%] Meshing curve 551 (Line)
Info    : [ 30%] Meshing curve 552 (Line)
Info    : [ 30%] Meshing curve 553 (Line)
Info    : [ 30%] Meshing curve 554 (Line)
Info    : [ 30%] Meshing curve 555 (Line)
Info    : [ 30%] Meshing curve 556 (Line)
Info    : [ 30%] Meshing curve 557 (Line)
Info    : [ 30%] Meshing curve 558 (Line)
Info    : [ 30%] Meshing curve 559 (Line)
Info    : [ 30%] Meshing curve 560 (Line)
Info    : [ 30%] Meshing curve 561 (Line)
Info    : [ 30%] Meshing curve 562 (Line)
Info    : [ 30%] Meshing curve 563 (Line)
Info    : [ 30%] Meshing curve 564 (Line)
Info    : [ 30%] Meshing curve 565 (Line)
Info    : [ 30%] Meshing curve 566 (Line)
Info    : [ 30%] Meshing curve 567 (Line)
Info    : [ 30%] Meshing curve 568 (Line)
Info    : [ 30%] Meshing curve 569 (Line)
Info    : [ 30%] Meshing curve 570 (Line)
Info    : [ 30%] Meshing curve 571 (Line)
Info    : [ 30%] Meshing curve 572 (Line)
Info    : [ 30%] Meshing curve 573 (Line)
Info    : [ 30%] Meshing curve 574 (Line)
Info    : [ 30%] Meshing curve 575 (Line)
Info    : [ 30%] Meshing curve 576 (Line)
Info    : [ 30%] Meshing curve 577 (Line)
Info    : [ 30%] Meshing curve 578 (Line)
Info    : [ 30%] Meshing curve 579 (Line)
Info    : [ 30%] Meshing curve 580 (Line)
Info    : [ 30%] Meshing curve 581 (Line)
Info    : [ 30%] Meshing curve 582 (Line)
Info    : [ 30%] Meshing curve 583 (Line)
Info    : [ 30%] Meshing curve 584 (Line)
Info    : [ 30%] Meshing curve 585 (Line)
Info    : [ 30%] Meshing curve 586 (Line)
Info    : [ 30%] Meshing curve 587 (Line)
Info    : [ 30%] Meshing curve 588 (Line)
Info    : [ 30%] Meshing curve 589 (Line)
Info    : [ 30%] Meshing curve 590 (Line)
Info    : [ 30%] Meshing curve 591 (Line)
Info    : [ 30%] Meshing curve 592 (Line)
Info    : [ 30%] Meshing curve 593 (Line)
Info    : [ 30%] Meshing curve 594 (Line)
Info    : [ 30%] Meshing curve 595 (Line)
Info    : [ 30%] Meshing curve 596 (Line)
Info    : [ 30%] Meshing curve 597 (Line)
Info    : [ 30%] Meshing curve 598 (Line)
Info    : [ 30%] Meshing curve 599 (Line)
Info    : [ 30%] Meshing curve 600 (Line)
Info    : [ 30%] Meshing curve 601 (Line)
Info    : [ 30%] Meshing curve 602 (Line)
Info    : [ 30%] Meshing curve 603 (Line)
Info    : [ 30%] Meshing curve 604 (Line)
Info    : [ 30%] Meshing curve 605 (Line)
Info    : [ 30%] Meshing curve 606 (Line)
Info    : [ 30%] Meshing curve 607 (Line)
Info    : [ 30%] Meshing curve 608 (Line)
Info    : [ 30%] Meshing curve 609 (Line)
Info    : [ 30%] Meshing curve 610 (Line)
Info    : [ 30%] Meshing curve 611 (Line)
Info    : [ 30%] Meshing curve 612 (Line)
Info    : [ 30%] Meshing curve 613 (Line)
Info    : [ 30%] Meshing curve 614 (Line)
Info    : [ 30%] Meshing curve 615 (Line)
Info    : [ 30%] Meshing curve 616 (Line)
Info    : [ 30%] Meshing curve 617 (Line)
Info    : [ 30%] Meshing curve 618 (Line)
Info    : [ 30%] Meshing curve 619 (Line)
Info    : [ 30%] Meshing curve 620 (Line)
Info    : [ 30%] Meshing curve 621 (Line)
Info    : [ 30%] Meshing curve 622 (Line)
Info    : [ 30%] Meshing curve 623 (Line)
Info    : [ 30%] Meshing curve 624 (Line)
Info    : [ 30%] Meshing curve 625 (Line)
Info    : [ 30%] Meshing curve 626 (Line)
Info    : [ 30%] Meshing curve 627 (Line)
Info    : [ 30%] Meshing curve 628 (Line)
Info    : [ 30%] Meshing curve 629 (Line)
Info    : [ 30%] Meshing curve 630 (Line)
Info    : [ 30%] Meshing curve 631 (Line)
Info    : [ 30%] Meshing curve 632 (Line)
Info    : [ 30%] Meshing curve 633 (Line)
Info    : [ 30%] Meshing curve 634 (Line)
Info    : [ 30%] Meshing curve 635 (Line)
Info    : [ 30%] Meshing curve 636 (Line)
Info    : [ 30%] Meshing curve 637 (Line)
Info    : [ 30%] Meshing curve 638 (Line)
Info    : [ 30%] Meshing curve 639 (Line)
Info    : [ 30%] Meshing curve 640 (Line)
Info    : [ 30%] Meshing curve 641 (Line)
Info    : [ 30%] Meshing curve 642 (Line)
Info    : [ 30%] Meshing curve 643 (Line)
Info    : [ 30%] Meshing curve 644 (Line)
Info    : [ 30%] Meshing curve 645 (Line)
Info    : [ 30%] Meshing curve 646 (Line)
Info    : [ 30%] Meshing curve 647 (Line)
Info    : [ 30%] Meshing curve 648 (Line)
Info    : [ 30%] Meshing curve 649 (Line)
Info    : [ 30%] Meshing curve 650 (Line)
Info    : [ 30%] Meshing curve 651 (Line)
Info    : [ 30%] Meshing curve 652 (Line)
Info    : [ 30%] Meshing curve 653 (Line)
Info    : [ 30%] Meshing curve 654 (Line)
Info    : [ 30%] Meshing curve 655 (Line)
Info    : [ 30%] Meshing curve 656 (Line)
Info    : [ 30%] Meshing curve 657 (Line)
Info    : [ 30%] Meshing curve 658 (Line)
Info    : [ 30%] Meshing curve 659 (Line)
Info    : [ 30%] Meshing curve 660 (Line)
Info    : [ 30%] Meshing curve 661 (Line)
Info    : [ 30%] Meshing curve 662 (Line)
Info    : [ 30%] Meshing curve 663 (Line)
Info    : [ 30%] Meshing curve 664 (Line)
Info    : [ 30%] Meshing curve 665 (Line)
Info    : [ 30%] Meshing curve 666 (Line)
Info    : [ 30%] Meshing curve 667 (Line)
Info    : [ 30%] Meshing curve 668 (Line)
Info    : [ 30%] Meshing curve 669 (Line)
Info    : [ 30%] Meshing curve 670 (Line)
Info    : [ 30%] Meshing curve 671 (Line)
Info    : [ 30%] Meshing curve 672 (Line)
Info    : [ 30%] Meshing curve 673 (Line)
Info    : [ 30%] Meshing curve 674 (Line)
Info    : [ 30%] Meshing curve 675 (Line)
Info    : [ 30%] Meshing curve 676 (Line)
Info    : [ 30%] Meshing curve 677 (Line)
Info    : [ 30%] Meshing curve 678 (Line)
Info    : [ 30%] Meshing curve 679 (Line)
Info    : [ 30%] Meshing curve 680 (Line)
Info    : [ 30%] Meshing curve 681 (Line)
Info    : [ 30%] Meshing curve 682 (Line)
Info    : [ 30%] Meshing curve 683 (Line)
Info    : [ 30%] Meshing curve 684 (Line)
Info    : [ 30%] Meshing curve 685 (Line)
Info    : [ 30%] Meshing curve 686 (Line)
Info    : [ 30%] Meshing curve 687 (Line)
Info    : [ 30%] Meshing curve 688 (Line)
Info    : [ 30%] Meshing curve 689 (Line)
Info    : [ 30%] Meshing curve 690 (Line)
Info    : [ 30%] Meshing curve 691 (Line)
Info    : [ 30%] Meshing curve 692 (Line)
Info    : [ 30%] Meshing curve 693 (Line)
Info    : [ 30%] Meshing curve 694 (Line)
Info    : [ 30%] Meshing curve 695 (Line)
Info    : [ 30%] Meshing curve 696 (Line)
Info    : [ 30%] Meshing curve 697 (Line)
Info    : [ 30%] Meshing curve 698 (Line)
Info    : [ 30%] Meshing curve 699 (Line)
Info    : [ 30%] Meshing curve 700 (Line)
Info    : [ 30%] Meshing curve 701 (Line)
Info    : [ 30%] Meshing curve 702 (Line)
Info    : [ 30%] Meshing curve 703 (Line)
Info    : [ 30%] Meshing curve 704 (Line)
Info    : [ 30%] Meshing curve 705 (Line)
Info    : [ 30%] Meshing curve 706 (Line)
Info    : [ 30%] Meshing curve 707 (Line)
Info    : [ 30%] Meshing curve 708 (Line)
Info    : [ 30%] Meshing curve 709 (Line)
Info    : [ 30%] Meshing curve 710 (Line)
Info    : [ 30%] Meshing curve 711 (Line)
Info    : [ 30%] Meshing curve 712 (Line)
Info    : [ 30%] Meshing curve 713 (Line)
Info    : [ 30%] Meshing curve 714 (Line)
Info    : [ 30%] Meshing curve 715 (Line)
Info    : [ 30%] Meshing curve 716 (Line)
Info    : [ 30%] Meshing curve 717 (Line)
Info    : [ 30%] Meshing curve 718 (Line)
Info    : [ 30%] Meshing curve 719 (Line)
Info    : [ 30%] Meshing curve 720 (Line)
Info    : [ 30%] Meshing curve 721 (Line)
Info    : [ 30%] Meshing curve 722 (Line)
Info    : [ 30%] Meshing curve 723 (Line)
Info    : [ 30%] Meshing curve 724 (Line)
Info    : [ 30%] Meshing curve 725 (Line)
Info    : [ 30%] Meshing curve 726 (Line)
Info    : [ 30%] Meshing curve 727 (Line)
Info    : [ 30%] Meshing curve 728 (Line)
Info    : [ 30%] Meshing curve 729 (Line)
Info    : [ 30%] Meshing curve 730 (Line)
Info    : [ 30%] Meshing curve 731 (Line)
Info    : [ 30%] Meshing curve 732 (Line)
Info    : [ 30%] Meshing curve 733 (Line)
Info    : [ 30%] Meshing curve 734 (Line)
Info    : [ 30%] Meshing curve 735 (Line)
Info    : [ 30%] Meshing curve 736 (Line)
Info    : [ 30%] Meshing curve 737 (Line)
Info    : [ 30%] Meshing curve 738 (Line)
Info    : [ 30%] Meshing curve 739 (Line)
Info    : [ 30%] Meshing curve 740 (Line)
Info    : [ 30%] Meshing curve 741 (Line)
Info    : [ 30%] Meshing curve 742 (Line)
Info    : [ 30%] Meshing curve 743 (Line)
Info    : [ 30%] Meshing curve 744 (Line)
Info    : [ 30%] Meshing curve 745 (Line)
Info    : [ 30%] Meshing curve 746 (Line)
Info    : [ 30%] Meshing curve 747 (Line)
Info    : [ 30%] Meshing curve 748 (Line)
Info    : [ 30%] Meshing curve 749 (Line)
Info    : [ 30%] Meshing curve 750 (Line)
Info    : [ 30%] Meshing curve 751 (Line)
Info    : [ 30%] Meshing curve 752 (Line)
Info    : [ 30%] Meshing curve 753 (Line)
Info    : [ 30%] Meshing curve 754 (Line)
Info    : [ 30%] Meshing curve 755 (Line)
Info    : [ 30%] Meshing curve 756 (Line)
Info    : [ 30%] Meshing curve 757 (Line)
Info    : [ 30%] Meshing curve 758 (Line)
Info    : [ 30%] Meshing curve 759 (Line)
Info    : [ 30%] Meshing curve 760 (Line)
Info    : [ 30%] Meshing curve 761 (Line)
Info    : [ 30%] Meshing curve 762 (Line)
Info    : [ 30%] Meshing curve 763 (Line)
Info    : [ 30%] Meshing curve 764 (Line)
Info    : [ 30%] Meshing curve 765 (Line)
Info    : [ 30%] Meshing curve 766 (Line)
Info    : [ 30%] Meshing curve 767 (Line)
Info    : [ 30%] Meshing curve 768 (Line)
Info    : [ 30%] Meshing curve 769 (Line)
Info    : [ 40%] Meshing curve 770 (Line)
Info    : [ 40%] Meshing curve 771 (Line)
Info    : [ 40%] Meshing curve 772 (Line)
Info    : [ 40%] Meshing curve 773 (Line)
Info    : [ 40%] Meshing curve 774 (Line)
Info    : [ 40%] Meshing curve 775 (Line)
Info    : [ 40%] Meshing curve 776 (Line)
Info    : [ 40%] Meshing curve 777 (Line)
Info    : [ 40%] Meshing curve 778 (Line)
Info    : [ 40%] Meshing curve 779 (Line)
Info    : [ 40%] Meshing curve 780 (Line)
Info    : [ 40%] Meshing curve 781 (Line)
Info    : [ 40%] Meshing curve 782 (Line)
Info    : [ 40%] Meshing curve 783 (Line)
Info    : [ 40%] Meshing curve 784 (Line)
Info    : [ 40%] Meshing curve 785 (Line)
Info    : [ 40%] Meshing curve 786 (Line)
Info    : [ 40%] Meshing curve 787 (Line)
Info    : [ 40%] Meshing curve 788 (Line)
Info    : [ 40%] Meshing curve 789 (Line)
Info    : [ 40%] Meshing curve 790 (Line)
Info    : [ 40%] Meshing curve 791 (Line)
Info    : [ 40%] Meshing curve 792 (Line)
Info    : [ 40%] Meshing curve 793 (Line)
Info    : [ 40%] Meshing curve 794 (Line)
Info    : [ 40%] Meshing curve 795 (Line)
Info    : [ 40%] Meshing curve 796 (Line)
Info    : [ 40%] Meshing curve 797 (Line)
Info    : [ 40%] Meshing curve 798 (Line)
Info    : [ 40%] Meshing curve 799 (Line)
Info    : [ 40%] Meshing curve 800 (Line)
Info    : [ 40%] Meshing curve 801 (Line)
Info    : [ 40%] Meshing curve 802 (Line)
Info    : [ 40%] Meshing curve 803 (Line)
Info    : [ 40%] Meshing curve 804 (Line)
Info    : [ 40%] Meshing curve 805 (Line)
Info    : [ 40%] Meshing curve 806 (Line)
Info    : [ 40%] Meshing curve 807 (Line)
Info    : [ 40%] Meshing curve 808 (Line)
Info    : [ 40%] Meshing curve 809 (Line)
Info    : [ 40%] Meshing curve 810 (Line)
Info    : [ 40%] Meshing curve 811 (Line)
Info    : [ 40%] Meshing curve 812 (Line)
Info    : [ 40%] Meshing curve 813 (Line)
Info    : [ 40%] Meshing curve 814 (Line)
Info    : [ 40%] Meshing curve 815 (Line)
Info    : [ 40%] Meshing curve 816 (Line)
Info    : [ 40%] Meshing curve 817 (Line)
Info    : [ 40%] Meshing curve 818 (Line)
Info    : [ 40%] Meshing curve 819 (Line)
Info    : [ 40%] Meshing curve 820 (Line)
Info    : [ 40%] Meshing curve 821 (Line)
Info    : [ 40%] Meshing curve 822 (Line)
Info    : [ 40%] Meshing curve 823 (Line)
Info    : [ 40%] Meshing curve 824 (Line)
Info    : [ 40%] Meshing curve 825 (Line)
Info    : [ 40%] Meshing curve 826 (Line)
Info    : [ 40%] Meshing curve 827 (Line)
Info    : [ 40%] Meshing curve 828 (Line)
Info    : [ 40%] Meshing curve 829 (Line)
Info    : [ 40%] Meshing curve 830 (Line)
Info    : [ 40%] Meshing curve 831 (Line)
Info    : [ 40%] Meshing curve 832 (Line)
Info    : [ 40%] Meshing curve 833 (Line)
Info    : [ 40%] Meshing curve 834 (Line)
Info    : [ 40%] Meshing curve 835 (Line)
Info    : [ 40%] Meshing curve 836 (Line)
Info    : [ 40%] Meshing curve 837 (Line)
Info    : [ 40%] Meshing curve 838 (Line)
Info    : [ 40%] Meshing curve 839 (Line)
Info    : [ 40%] Meshing curve 840 (Line)
Info    : [ 40%] Meshing curve 841 (Line)
Info    : [ 40%] Meshing curve 842 (Line)
Info    : [ 40%] Meshing curve 843 (Line)
Info    : [ 40%] Meshing curve 844 (Line)
Info    : [ 40%] Meshing curve 845 (Line)
Info    : [ 40%] Meshing curve 846 (Line)
Info    : [ 40%] Meshing curve 847 (Line)
Info    : [ 40%] Meshing curve 848 (Line)
Info    : [ 40%] Meshing curve 849 (Line)
Info    : [ 40%] Meshing curve 850 (Circle)
Info    : [ 40%] Meshing curve 851 (Line)
Info    : [ 40%] Meshing curve 852 (Line)
Info    : [ 40%] Meshing curve 853 (Line)
Info    : [ 40%] Meshing curve 854 (Line)
Info    : [ 40%] Meshing curve 855 (Circle)
Info    : [ 40%] Meshing curve 856 (Line)
Info    : [ 40%] Meshing curve 857 (Circle)
Info    : [ 40%] Meshing curve 858 (Line)
Info    : [ 40%] Meshing curve 859 (Line)
Info    : [ 40%] Meshing curve 860 (Line)
Info    : [ 40%] Meshing curve 861 (Circle)
Info    : [ 40%] Meshing curve 862 (Line)
Info    : [ 40%] Meshing curve 863 (Circle)
Info    : [ 40%] Meshing curve 864 (Line)
Info    : [ 40%] Meshing curve 865 (Circle)
Info    : [ 40%] Meshing curve 866 (Line)
Info    : [ 40%] Meshing curve 867 (Line)
Info    : [ 40%] Meshing curve 868 (Line)
Info    : [ 40%] Meshing curve 869 (Line)
Info    : [ 40%] Meshing curve 870 (Line)
Info    : [ 40%] Meshing curve 871 (Line)
Info    : [ 40%] Meshing curve 872 (Line)
Info    : [ 40%] Meshing curve 873 (Line)
Info    : [ 40%] Meshing curve 874 (Line)
Info    : [ 40%] Meshing curve 875 (Line)
Info    : [ 40%] Meshing curve 876 (Line)
Info    : [ 40%] Meshing curve 877 (Line)
Info    : [ 40%] Meshing curve 878 (Line)
Info    : [ 40%] Meshing curve 879 (Line)
Info    : [ 40%] Meshing curve 880 (Line)
Info    : [ 40%] Meshing curve 881 (Line)
Info    : [ 40%] Meshing curve 882 (Line)
Info    : [ 40%] Meshing curve 883 (Line)
Info    : [ 40%] Meshing curve 884 (Line)
Info    : [ 40%] Meshing curve 885 (Line)
Info    : [ 40%] Meshing curve 886 (Line)
Info    : [ 40%] Meshing curve 887 (Line)
Info    : [ 40%] Meshing curve 888 (Line)
Info    : [ 40%] Meshing curve 889 (Line)
Info    : [ 40%] Meshing curve 890 (Line)
Info    : [ 40%] Meshing curve 891 (Line)
Info    : [ 40%] Meshing curve 892 (Line)
Info    : [ 40%] Meshing curve 893 (Line)
Info    : [ 40%] Meshing curve 894 (Line)
Info    : [ 40%] Meshing curve 895 (Line)
Info    : [ 40%] Meshing curve 896 (Line)
Info    : [ 40%] Meshing curve 897 (Line)
Info    : [ 40%] Meshing curve 898 (Line)
Info    : [ 40%] Meshing curve 899 (Line)
Info    : [ 40%] Meshing curve 900 (Line)
Info    : [ 40%] Meshing curve 901 (Line)
Info    : [ 40%] Meshing curve 902 (Line)
Info    : [ 40%] Meshing curve 903 (Line)
Info    : [ 40%] Meshing curve 904 (Line)
Info    : [ 40%] Meshing curve 905 (Line)
Info    : [ 40%] Meshing curve 906 (Line)
Info    : [ 40%] Meshing curve 907 (Line)
Info    : [ 40%] Meshing curve 908 (Line)
Info    : [ 40%] Meshing curve 909 (Line)
Info    : [ 40%] Meshing curve 910 (Line)
Info    : [ 40%] Meshing curve 911 (Line)
Info    : [ 40%] Meshing curve 912 (Line)
Info    : [ 40%] Meshing curve 913 (Line)
Info    : [ 40%] Meshing curve 914 (Line)
Info    : [ 40%] Meshing curve 915 (Line)
Info    : [ 40%] Meshing curve 916 (Line)
Info    : [ 40%] Meshing curve 917 (Line)
Info    : [ 40%] Meshing curve 918 (Line)
Info    : [ 40%] Meshing curve 919 (Line)
Info    : [ 40%] Meshing curve 920 (Line)
Info    : [ 40%] Meshing curve 921 (Line)
Info    : [ 40%] Meshing curve 922 (Line)
Info    : [ 40%] Meshing curve 923 (Line)
Info    : [ 40%] Meshing curve 924 (Line)
Info    : [ 40%] Meshing curve 925 (Line)
Info    : [ 40%] Meshing curve 926 (Line)
Info    : [ 40%] Meshing curve 927 (Line)
Info    : [ 40%] Meshing curve 928 (Line)
Info    : [ 40%] Meshing curve 929 (Line)
Info    : [ 40%] Meshing curve 930 (Line)
Info    : [ 40%] Meshing curve 931 (Line)
Info    : [ 40%] Meshing curve 932 (Line)
Info    : [ 40%] Meshing curve 933 (Line)
Info    : [ 40%] Meshing curve 934 (Line)
Info    : [ 40%] Meshing curve 935 (Line)
Info    : [ 40%] Meshing curve 936 (Line)
Info    : [ 40%] Meshing curve 937 (Line)
Info    : [ 40%] Meshing curve 938 (Line)
Info    : [ 40%] Meshing curve 939 (Line)
Info    : [ 40%] Meshing curve 940 (Line)
Info    : [ 40%] Meshing curve 941 (Line)
Info    : [ 40%] Meshing curve 942 (Line)
Info    : [ 40%] Meshing curve 943 (Line)
Info    : [ 40%] Meshing curve 944 (Line)
Info    : [ 40%] Meshing curve 945 (Line)
Info    : [ 40%] Meshing curve 946 (Line)
Info    : [ 40%] Meshing curve 947 (Line)
Info    : [ 40%] Meshing curve 948 (Line)
Info    : [ 40%] Meshing curve 949 (Line)
Info    : [ 40%] Meshing curve 950 (Line)
Info    : [ 40%] Meshing curve 951 (Line)
Info    : [ 40%] Meshing curve 952 (Line)
Info    : [ 40%] Meshing curve 953 (Line)
Info    : [ 40%] Meshing curve 954 (Line)
Info    : [ 40%] Meshing curve 955 (Line)
Info    : [ 40%] Meshing curve 956 (Line)
Info    : [ 40%] Meshing curve 957 (Line)
Info    : [ 40%] Meshing curve 958 (Line)
Info    : [ 40%] Meshing curve 959 (Line)
Info    : [ 40%] Meshing curve 960 (Line)
Info    : [ 40%] Meshing curve 961 (Line)
Info    : [ 40%] Meshing curve 962 (Line)
Info    : [ 40%] Meshing curve 963 (Line)
Info    : [ 40%] Meshing curve 964 (Line)
Info    : [ 40%] Meshing curve 965 (Line)
Info    : [ 40%] Meshing curve 966 (Line)
Info    : [ 40%] Meshing curve 967 (Line)
Info    : [ 40%] Meshing curve 968 (Line)
Info    : [ 40%] Meshing curve 969 (Line)
Info    : [ 40%] Meshing curve 970 (Line)
Info    : [ 40%] Meshing curve 971 (Line)
Info    : [ 40%] Meshing curve 972 (Line)
Info    : [ 40%] Meshing curve 973 (Line)
Info    : [ 40%] Meshing curve 974 (Line)
Info    : [ 40%] Meshing curve 975 (Line)
Info    : [ 40%] Meshing curve 976 (Line)
Info    : [ 40%] Meshing curve 977 (Line)
Info    : [ 40%] Meshing curve 978 (Line)
Info    : [ 40%] Meshing curve 979 (Line)
Info    : [ 40%] Meshing curve 980 (Line)
Info    : [ 40%] Meshing curve 981 (Line)
Info    : [ 40%] Meshing curve 982 (Line)
Info    : [ 40%] Meshing curve 983 (Line)
Info    : [ 40%] Meshing curve 984 (Line)
Info    : [ 40%] Meshing curve 985 (Line)
Info    : [ 40%] Meshing curve 986 (Line)
Info    : [ 40%] Meshing curve 987 (Line)
Info    : [ 40%] Meshing curve 988 (Line)
Info    : [ 40%] Meshing curve 989 (Line)
Info    : [ 40%] Meshing curve 990 (Line)
Info    : [ 40%] Meshing curve 991 (Line)
Info    : [ 40%] Meshing curve 992 (Line)
Info    : [ 40%] Meshing curve 993 (Line)
Info    : [ 40%] Meshing curve 994 (Line)
Info    : [ 40%] Meshing curve 995 (Line)
Info    : [ 40%] Meshing curve 996 (Line)
Info    : [ 40%] Meshing curve 997 (Line)
Info    : [ 40%] Meshing curve 998 (Line)
Info    : [ 40%] Meshing curve 999 (Line)
Info    : [ 40%] Meshing curve 1000 (Line)
Info    : [ 40%] Meshing curve 1001 (Line)
Info    : [ 40%] Meshing curve 1002 (Line)
Info    : [ 40%] Meshing curve 1003 (Line)
Info    : [ 40%] Meshing curve 1004 (Line)
Info    : [ 40%] Meshing curve 1005 (Line)
Info    : [ 40%] Meshing curve 1006 (Line)
Info    : [ 40%] Meshing curve 1007 (Line)
Info    : [ 40%] Meshing curve 1008 (Line)
Info    : [ 40%] Meshing curve 1009 (Line)
Info    : [ 40%] Meshing curve 1010 (Line)
Info    : [ 40%] Meshing curve 1011 (Line)
Info    : [ 40%] Meshing curve 1012 (Line)
Info    : [ 40%] Meshing curve 1013 (Line)
Info    : [ 40%] Meshing curve 1014 (Line)
Info    : [ 40%] Meshing curve 1015 (Line)
Info    : [ 40%] Meshing curve 1016 (Line)
Info    : [ 40%] Meshing curve 1017 (Line)
Info    : [ 40%] Meshing curve 1018 (Line)
Info    : [ 40%] Meshing curve 1019 (Line)
Info    : [ 40%] Meshing curve 1020 (Line)
Info    : [ 40%] Meshing curve 1021 (Line)
Info    : [ 40%] Meshing curve 1022 (Line)
Info    : [ 40%] Meshing curve 1023 (Line)
Info    : [ 40%] Meshing curve 1024 (Line)
Info    : [ 40%] Meshing curve 1025 (Line)
Info    : [ 50%] Meshing curve 1026 (Line)
Info    : [ 50%] Meshing curve 1027 (Line)
Info    : [ 50%] Meshing curve 1028 (Line)
Info    : [ 50%] Meshing curve 1029 (Line)
Info    : [ 50%] Meshing curve 1030 (Line)
Info    : [ 50%] Meshing curve 1031 (Line)
Info    : [ 50%] Meshing curve 1032 (Line)
Info    : [ 50%] Meshing curve 1033 (Line)
Info    : [ 50%] Meshing curve 1034 (Line)
Info    : [ 50%] Meshing curve 1035 (Line)
Info    : [ 50%] Meshing curve 1036 (Line)
Info    : [ 50%] Meshing curve 1037 (Line)
Info    : [ 50%] Meshing curve 1038 (Line)
Info    : [ 50%] Meshing curve 1039 (Line)
Info    : [ 50%] Meshing curve 1040 (Line)
Info    : [ 50%] Meshing curve 1041 (Line)
Info    : [ 50%] Meshing curve 1042 (Line)
Info    : [ 50%] Meshing curve 1043 (Line)
Info    : [ 50%] Meshing curve 1044 (Line)
Info    : [ 50%] Meshing curve 1045 (Line)
Info    : [ 50%] Meshing curve 1046 (Line)
Info    : [ 50%] Meshing curve 1047 (Line)
Info    : [ 50%] Meshing curve 1048 (Line)
Info    : [ 50%] Meshing curve 1049 (Line)
Info    : [ 50%] Meshing curve 1050 (Line)
Info    : [ 50%] Meshing curve 1051 (Line)
Info    : [ 50%] Meshing curve 1052 (Circle)
Info    : [ 50%] Meshing curve 1053 (Line)
Info    : [ 50%] Meshing curve 1054 (Circle)
Info    : [ 50%] Meshing curve 1055 (Line)
Info    : [ 50%] Meshing curve 1056 (Circle)
Info    : [ 50%] Meshing curve 1057 (Line)
Info    : [ 50%] Meshing curve 1058 (Line)
Info    : [ 50%] Meshing curve 1059 (Circle)
Info    : [ 50%] Meshing curve 1060 (Line)
Info    : [ 50%] Meshing curve 1061 (Line)
Info    : [ 50%] Meshing curve 1062 (Line)
Info    : [ 50%] Meshing curve 1063 (Line)
Info    : [ 50%] Meshing curve 1064 (Line)
Info    : [ 50%] Meshing curve 1065 (Line)
Info    : [ 50%] Meshing curve 1066 (Line)
Info    : [ 50%] Meshing curve 1067 (Line)
Info    : [ 50%] Meshing curve 1068 (Line)
Info    : [ 50%] Meshing curve 1069 (Line)
Info    : [ 50%] Meshing curve 1070 (Line)
Info    : [ 50%] Meshing curve 1071 (Line)
Info    : [ 50%] Meshing curve 1072 (Line)
Info    : [ 50%] Meshing curve 1073 (Line)
Info    : [ 50%] Meshing curve 1074 (Line)
Info    : [ 50%] Meshing curve 1075 (Circle)
Info    : [ 50%] Meshing curve 1076 (Line)
Info    : [ 50%] Meshing curve 1077 (Line)
Info    : [ 50%] Meshing curve 1078 (Circle)
Info    : [ 50%] Meshing curve 1079 (Line)
Info    : [ 50%] Meshing curve 1080 (Line)
Info    : [ 50%] Meshing curve 1081 (Line)
Info    : [ 50%] Meshing curve 1082 (Circle)
Info    : [ 50%] Meshing curve 1083 (Line)
Info    : [ 50%] Meshing curve 1084 (Line)
Info    : [ 50%] Meshing curve 1085 (Circle)
Info    : [ 50%] Meshing curve 1086 (Line)
Info    : [ 50%] Meshing curve 1087 (Line)
Info    : [ 50%] Meshing curve 1088 (Line)
Info    : [ 50%] Meshing curve 1089 (Line)
Info    : [ 50%] Meshing curve 1090 (Line)
Info    : [ 50%] Meshing curve 1091 (Circle)
Info    : [ 50%] Meshing curve 1092 (Line)
Info    : [ 50%] Meshing curve 1093 (Line)
Info    : [ 50%] Meshing curve 1094 (Line)
Info    : [ 50%] Meshing curve 1095 (Line)
Info    : [ 50%] Meshing curve 1096 (Line)
Info    : [ 50%] Meshing curve 1097 (Line)
Info    : [ 50%] Meshing curve 1098 (Line)
Info    : [ 50%] Meshing curve 1099 (Line)
Info    : [ 50%] Meshing curve 1100 (Line)
Info    : [ 50%] Meshing curve 1101 (Line)
Info    : [ 50%] Meshing curve 1102 (Line)
Info    : [ 50%] Meshing curve 1103 (Line)
Info    : [ 50%] Meshing curve 1104 (Line)
Info    : [ 50%] Meshing curve 1105 (Line)
Info    : [ 50%] Meshing curve 1106 (Line)
Info    : [ 50%] Meshing curve 1107 (Line)
Info    : [ 50%] Meshing curve 1108 (Circle)
Info    : [ 50%] Meshing curve 1109 (Line)
Info    : [ 50%] Meshing curve 1110 (Line)
Info    : [ 50%] Meshing curve 1111 (Circle)
Info    : [ 50%] Meshing curve 1112 (Line)
Info    : [ 50%] Meshing curve 1113 (Circle)
Info    : [ 50%] Meshing curve 1114 (Line)
Info    : [ 50%] Meshing curve 1115 (Circle)
Info    : [ 50%] Meshing curve 1116 (Line)
Info    : [ 50%] Meshing curve 1117 (Line)
Info    : [ 50%] Meshing curve 1118 (Circle)
Info    : [ 50%] Meshing curve 1119 (Line)
Info    : [ 50%] Meshing curve 1120 (Line)
Info    : [ 50%] Meshing curve 1121 (Line)
Info    : [ 50%] Meshing curve 1122 (Line)
Info    : [ 50%] Meshing curve 1123 (Line)
Info    : [ 50%] Meshing curve 1124 (Line)
Info    : [ 50%] Meshing curve 1125 (Circle)
Info    : [ 50%] Meshing curve 1126 (Line)
Info    : [ 50%] Meshing curve 1127 (Line)
Info    : [ 50%] Meshing curve 1128 (Circle)
Info    : [ 50%] Meshing curve 1129 (Line)
Info    : [ 50%] Meshing curve 1130 (Line)
Info    : [ 50%] Meshing curve 1131 (Line)
Info    : [ 50%] Meshing curve 1132 (Line)
Info    : [ 50%] Meshing curve 1133 (Line)
Info    : [ 50%] Meshing curve 1134 (Line)
Info    : [ 50%] Meshing curve 1135 (Line)
Info    : [ 50%] Meshing curve 1136 (Line)
Info    : [ 50%] Meshing curve 1137 (Circle)
Info    : [ 50%] Meshing curve 1138 (Line)
Info    : [ 50%] Meshing curve 1139 (Line)
Info    : [ 50%] Meshing curve 1140 (Line)
Info    : [ 50%] Meshing curve 1141 (Line)
Info    : [ 50%] Meshing curve 1142 (Line)
Info    : [ 50%] Meshing curve 1143 (Circle)
Info    : [ 50%] Meshing curve 1144 (Line)
Info    : [ 50%] Meshing curve 1145 (Line)
Info    : [ 50%] Meshing curve 1146 (Line)
Info    : [ 50%] Meshing curve 1147 (Line)
Info    : [ 50%] Meshing curve 1148 (Circle)
Info    : [ 50%] Meshing curve 1149 (Line)
Info    : [ 50%] Meshing curve 1150 (Line)
Info    : [ 50%] Meshing curve 1151 (Circle)
Info    : [ 50%] Meshing curve 1152 (Line)
Info    : [ 50%] Meshing curve 1153 (Line)
Info    : [ 50%] Meshing curve 1154 (Circle)
Info    : [ 50%] Meshing curve 1155 (Line)
Info    : [ 50%] Meshing curve 1156 (Line)
Info    : [ 50%] Meshing curve 1157 (Line)
Info    : [ 50%] Meshing curve 1158 (Circle)
Info    : [ 50%] Meshing curve 1159 (Line)
Info    : [ 50%] Meshing curve 1160 (Line)
Info    : [ 50%] Meshing curve 1161 (Line)
Info    : [ 50%] Meshing curve 1162 (Line)
Info    : [ 50%] Meshing curve 1163 (Line)
Info    : [ 50%] Meshing curve 1164 (Line)
Info    : [ 50%] Meshing curve 1165 (Line)
Info    : [ 50%] Meshing curve 1166 (Line)
Info    : [ 50%] Meshing curve 1167 (Line)
Info    : [ 50%] Meshing curve 1168 (Line)
Info    : [ 50%] Meshing curve 1169 (Line)
Info    : [ 50%] Meshing curve 1170 (Line)
Info    : [ 50%] Meshing curve 1171 (Line)
Info    : [ 50%] Meshing curve 1172 (Line)
Info    : [ 50%] Meshing curve 1173 (Line)
Info    : [ 50%] Meshing curve 1174 (Line)
Info    : [ 50%] Meshing curve 1175 (Line)
Info    : [ 50%] Meshing curve 1176 (Line)
Info    : [ 50%] Meshing curve 1177 (Line)
Info    : [ 50%] Meshing curve 1178 (Line)
Info    : [ 50%] Meshing curve 1179 (Line)
Info    : [ 50%] Meshing curve 1180 (Line)
Info    : [ 50%] Meshing curve 1181 (Line)
Info    : [ 50%] Meshing curve 1182 (Line)
Info    : [ 50%] Meshing curve 1183 (Ellipse)
Info    : [ 50%] Meshing curve 1184 (Line)
Info    : [ 50%] Meshing curve 1185 (Line)
Info    : [ 50%] Meshing curve 1186 (Line)
Info    : [ 50%] Meshing curve 1187 (Line)
Info    : [ 50%] Meshing curve 1188 (Line)
Info    : [ 50%] Meshing curve 1189 (Line)
Info    : [ 50%] Meshing curve 1190 (Line)
Info    : [ 50%] Meshing curve 1191 (Line)
Info    : [ 50%] Meshing curve 1192 (Line)
Info    : [ 50%] Meshing curve 1193 (Line)
Info    : [ 50%] Meshing curve 1194 (Line)
Info    : [ 50%] Meshing curve 1195 (Line)
Info    : [ 50%] Meshing curve 1196 (Line)
Info    : [ 50%] Meshing curve 1197 (Line)
Info    : [ 50%] Meshing curve 1198 (Line)
Info    : [ 50%] Meshing curve 1199 (Line)
Info    : [ 50%] Meshing curve 1200 (Line)
Info    : [ 50%] Meshing curve 1201 (Line)
Info    : [ 50%] Meshing curve 1202 (Line)
Info    : [ 50%] Meshing curve 1203 (Line)
Info    : [ 50%] Meshing curve 1204 (Line)
Info    : [ 50%] Meshing curve 1205 (Line)
Info    : [ 50%] Meshing curve 1206 (Line)
Info    : [ 50%] Meshing curve 1207 (Line)
Info    : [ 50%] Meshing curve 1208 (Line)
Info    : [ 50%] Meshing curve 1209 (Line)
Info    : [ 50%] Meshing curve 1210 (Line)
Info    : [ 50%] Meshing curve 1211 (Line)
Info    : [ 50%] Meshing curve 1212 (Line)
Info    : [ 50%] Meshing curve 1213 (Line)
Info    : [ 50%] Meshing curve 1214 (Line)
Info    : [ 50%] Meshing curve 1215 (Line)
Info    : [ 50%] Meshing curve 1216 (Line)
Info    : [ 50%] Meshing curve 1217 (Line)
Info    : [ 50%] Meshing curve 1218 (Line)
Info    : [ 50%] Meshing curve 1219 (Line)
Info    : [ 50%] Meshing curve 1220 (Line)
Info    : [ 50%] Meshing curve 1221 (Line)
Info    : [ 50%] Meshing curve 1222 (Line)
Info    : [ 50%] Meshing curve 1223 (Line)
Info    : [ 50%] Meshing curve 1224 (Line)
Info    : [ 50%] Meshing curve 1225 (Line)
Info    : [ 50%] Meshing curve 1226 (Line)
Info    : [ 50%] Meshing curve 1227 (Line)
Info    : [ 50%] Meshing curve 1228 (Line)
Info    : [ 50%] Meshing curve 1229 (Line)
Info    : [ 50%] Meshing curve 1230 (Line)
Info    : [ 50%] Meshing curve 1231 (Line)
Info    : [ 50%] Meshing curve 1232 (Line)
Info    : [ 50%] Meshing curve 1233 (Line)
Info    : [ 50%] Meshing curve 1234 (Line)
Info    : [ 50%] Meshing curve 1235 (Line)
Info    : [ 50%] Meshing curve 1236 (Line)
Info    : [ 50%] Meshing curve 1237 (Line)
Info    : [ 50%] Meshing curve 1238 (Line)
Info    : [ 50%] Meshing curve 1239 (Line)
Info    : [ 50%] Meshing curve 1240 (Line)
Info    : [ 50%] Meshing curve 1241 (Line)
Info    : [ 50%] Meshing curve 1242 (Line)
Info    : [ 50%] Meshing curve 1243 (Line)
Info    : [ 50%] Meshing curve 1244 (Line)
Info    : [ 50%] Meshing curve 1245 (Line)
Info    : [ 50%] Meshing curve 1246 (Line)
Info    : [ 50%] Meshing curve 1247 (Line)
Info    : [ 50%] Meshing curve 1248 (Line)
Info    : [ 50%] Meshing curve 1249 (Line)
Info    : [ 50%] Meshing curve 1250 (Line)
Info    : [ 50%] Meshing curve 1251 (Line)
Info    : [ 50%] Meshing curve 1252 (Line)
Info    : [ 50%] Meshing curve 1253 (Line)
Info    : [ 50%] Meshing curve 1254 (Line)
Info    : [ 50%] Meshing curve 1255 (Line)
Info    : [ 50%] Meshing curve 1256 (Line)
Info    : [ 50%] Meshing curve 1257 (Line)
Info    : [ 50%] Meshing curve 1258 (Line)
Info    : [ 50%] Meshing curve 1259 (Line)
Info    : [ 50%] Meshing curve 1260 (Line)
Info    : [ 50%] Meshing curve 1261 (Line)
Info    : [ 50%] Meshing curve 1262 (Line)
Info    : [ 50%] Meshing curve 1263 (Line)
Info    : [ 50%] Meshing curve 1264 (Line)
Info    : [ 50%] Meshing curve 1265 (Line)
Info    : [ 50%] Meshing curve 1266 (Line)
Info    : [ 50%] Meshing curve 1267 (Line)
Info    : [ 50%] Meshing curve 1268 (Line)
Info    : [ 50%] Meshing curve 1269 (Line)
Info    : [ 50%] Meshing curve 1270 (Line)
Info    : [ 50%] Meshing curve 1271 (Line)
Info    : [ 50%] Meshing curve 1272 (Line)
Info    : [ 50%] Meshing curve 1273 (Line)
Info    : [ 50%] Meshing curve 1274 (Line)
Info    : [ 50%] Meshing curve 1275 (Line)
Info    : [ 50%] Meshing curve 1276 (Line)
Info    : [ 50%] Meshing curve 1277 (Line)
Info    : [ 50%] Meshing curve 1278 (Line)
Info    : [ 50%] Meshing curve 1279 (Line)
Info    : [ 50%] Meshing curve 1280 (Line)
Info    : [ 50%] Meshing curve 1281 (Line)
Info    : [ 60%] Meshing curve 1282 (Line)
Info    : [ 60%] Meshing curve 1283 (Line)
Info    : [ 60%] Meshing curve 1284 (Line)
Info    : [ 60%] Meshing curve 1285 (Line)
Info    : [ 60%] Meshing curve 1286 (Line)
Info    : [ 60%] Meshing curve 1287 (Line)
Info    : [ 60%] Meshing curve 1288 (Line)
Info    : [ 60%] Meshing curve 1289 (Line)
Info    : [ 60%] Meshing curve 1290 (Line)
Info    : [ 60%] Meshing curve 1291 (Line)
Info    : [ 60%] Meshing curve 1292 (Line)
Info    : [ 60%] Meshing curve 1293 (Line)
Info    : [ 60%] Meshing curve 1294 (Line)
Info    : [ 60%] Meshing curve 1295 (Line)
Info    : [ 60%] Meshing curve 1296 (Line)
Info    : [ 60%] Meshing curve 1297 (Line)
Info    : [ 60%] Meshing curve 1298 (Line)
Info    : [ 60%] Meshing curve 1299 (Line)
Info    : [ 60%] Meshing curve 1300 (Line)
Info    : [ 60%] Meshing curve 1301 (Line)
Info    : [ 60%] Meshing curve 1302 (Line)
Info    : [ 60%] Meshing curve 1303 (Line)
Info    : [ 60%] Meshing curve 1304 (Line)
Info    : [ 60%] Meshing curve 1305 (Line)
Info    : [ 60%] Meshing curve 1306 (Line)
Info    : [ 60%] Meshing curve 1307 (Line)
Info    : [ 60%] Meshing curve 1308 (Line)
Info    : [ 60%] Meshing curve 1309 (Line)
Info    : [ 60%] Meshing curve 1310 (Line)
Info    : [ 60%] Meshing curve 1311 (Line)
Info    : [ 60%] Meshing curve 1312 (Line)
Info    : [ 60%] Meshing curve 1313 (Line)
Info    : [ 60%] Meshing curve 1314 (Line)
Info    : [ 60%] Meshing curve 1315 (Line)
Info    : [ 60%] Meshing curve 1316 (Line)
Info    : [ 60%] Meshing curve 1317 (Line)
Info    : [ 60%] Meshing curve 1318 (Line)
Info    : [ 60%] Meshing curve 1319 (Line)
Info    : [ 60%] Meshing curve 1320 (Line)
Info    : [ 60%] Meshing curve 1321 (Line)
Info    : [ 60%] Meshing curve 1322 (Line)
Info    : [ 60%] Meshing curve 1323 (Line)
Info    : [ 60%] Meshing curve 1324 (Line)
Info    : [ 60%] Meshing curve 1325 (Line)
Info    : [ 60%] Meshing curve 1326 (Line)
Info    : [ 60%] Meshing curve 1327 (Line)
Info    : [ 60%] Meshing curve 1328 (Line)
Info    : [ 60%] Meshing curve 1329 (Line)
Info    : [ 60%] Meshing curve 1330 (Line)
Info    : [ 60%] Meshing curve 1331 (Line)
Info    : [ 60%] Meshing curve 1332 (Line)
Info    : [ 60%] Meshing curve 1333 (Line)
Info    : [ 60%] Meshing curve 1334 (Line)
Info    : [ 60%] Meshing curve 1335 (Line)
Info    : [ 60%] Meshing curve 1336 (Line)
Info    : [ 60%] Meshing curve 1337 (Line)
Info    : [ 60%] Meshing curve 1338 (Line)
Info    : [ 60%] Meshing curve 1339 (Line)
Info    : [ 60%] Meshing curve 1340 (Line)
Info    : [ 60%] Meshing curve 1341 (Line)
Info    : [ 60%] Meshing curve 1342 (Line)
Info    : [ 60%] Meshing curve 1343 (Line)
Info    : [ 60%] Meshing curve 1344 (Line)
Info    : [ 60%] Meshing curve 1345 (Line)
Info    : [ 60%] Meshing curve 1346 (Line)
Info    : [ 60%] Meshing curve 1347 (Line)
Info    : [ 60%] Meshing curve 1348 (Line)
Info    : [ 60%] Meshing curve 1349 (Line)
Info    : [ 60%] Meshing curve 1350 (Line)
Info    : [ 60%] Meshing curve 1351 (Line)
Info    : [ 60%] Meshing curve 1352 (Line)
Info    : [ 60%] Meshing curve 1353 (Line)
Info    : [ 60%] Meshing curve 1354 (Line)
Info    : [ 60%] Meshing curve 1355 (Line)
Info    : [ 60%] Meshing curve 1356 (Line)
Info    : [ 60%] Meshing curve 1357 (Line)
Info    : [ 60%] Meshing curve 1358 (Line)
Info    : [ 60%] Meshing curve 1359 (Line)
Info    : [ 60%] Meshing curve 1360 (Line)
Info    : [ 60%] Meshing curve 1361 (Line)
Info    : [ 60%] Meshing curve 1362 (Line)
Info    : [ 60%] Meshing curve 1363 (Line)
Info    : [ 60%] Meshing curve 1364 (Line)
Info    : [ 60%] Meshing curve 1365 (Line)
Info    : [ 60%] Meshing curve 1366 (Line)
Info    : [ 60%] Meshing curve 1367 (Line)
Info    : [ 60%] Meshing curve 1368 (Line)
Info    : [ 60%] Meshing curve 1369 (Line)
Info    : [ 60%] Meshing curve 1370 (Line)
Info    : [ 60%] Meshing curve 1371 (Line)
Info    : [ 60%] Meshing curve 1372 (Line)
Info    : [ 60%] Meshing curve 1373 (Line)
Info    : [ 60%] Meshing curve 1374 (Line)
Info    : [ 60%] Meshing curve 1375 (Line)
Info    : [ 60%] Meshing curve 1376 (Line)
Info    : [ 60%] Meshing curve 1377 (Line)
Info    : [ 60%] Meshing curve 1378 (Line)
Info    : [ 60%] Meshing curve 1379 (Line)
Info    : [ 60%] Meshing curve 1380 (Line)
Info    : [ 60%] Meshing curve 1381 (Line)
Info    : [ 60%] Meshing curve 1382 (Line)
Info    : [ 60%] Meshing curve 1383 (Line)
Info    : [ 60%] Meshing curve 1384 (Line)
Info    : [ 60%] Meshing curve 1385 (Line)
Info    : [ 60%] Meshing curve 1386 (Line)
Info    : [ 60%] Meshing curve 1387 (Line)
Info    : [ 60%] Meshing curve 1388 (Line)
Info    : [ 60%] Meshing curve 1389 (Line)
Info    : [ 60%] Meshing curve 1390 (Line)
Info    : [ 60%] Meshing curve 1391 (Line)
Info    : [ 60%] Meshing curve 1392 (Line)
Info    : [ 60%] Meshing curve 1393 (Line)
Info    : [ 60%] Meshing curve 1394 (Line)
Info    : [ 60%] Meshing curve 1395 (Line)
Info    : [ 60%] Meshing curve 1396 (Line)
Info    : [ 60%] Meshing curve 1397 (Line)
Info    : [ 60%] Meshing curve 1398 (Line)
Info    : [ 60%] Meshing curve 1399 (Line)
Info    : [ 60%] Meshing curve 1400 (Line)
Info    : [ 60%] Meshing curve 1401 (Line)
Info    : [ 60%] Meshing curve 1402 (Line)
Info    : [ 60%] Meshing curve 1403 (Line)
Info    : [ 60%] Meshing curve 1404 (Line)
Info    : [ 60%] Meshing curve 1405 (Line)
Info    : [ 60%] Meshing curve 1406 (Line)
Info    : [ 60%] Meshing curve 1407 (Line)
Info    : [ 60%] Meshing curve 1408 (Line)
Info    : [ 60%] Meshing curve 1409 (Line)
Info    : [ 60%] Meshing curve 1410 (Line)
Info    : [ 60%] Meshing curve 1411 (Line)
Info    : [ 60%] Meshing curve 1412 (Line)
Info    : [ 60%] Meshing curve 1413 (Line)
Info    : [ 60%] Meshing curve 1414 (Line)
Info    : [ 60%] Meshing curve 1415 (Line)
Info    : [ 60%] Meshing curve 1416 (Line)
Info    : [ 60%] Meshing curve 1417 (Line)
Info    : [ 60%] Meshing curve 1418 (Line)
Info    : [ 60%] Meshing curve 1419 (Line)
Info    : [ 60%] Meshing curve 1420 (Line)
Info    : [ 60%] Meshing curve 1421 (Line)
Info    : [ 60%] Meshing curve 1422 (Line)
Info    : [ 60%] Meshing curve 1423 (Line)
Info    : [ 60%] Meshing curve 1424 (Line)
Info    : [ 60%] Meshing curve 1425 (Line)
Info    : [ 60%] Meshing curve 1426 (Line)
Info    : [ 60%] Meshing curve 1427 (Line)
Info    : [ 60%] Meshing curve 1428 (Line)
Info    : [ 60%] Meshing curve 1429 (Line)
Info    : [ 60%] Meshing curve 1430 (Line)
Info    : [ 60%] Meshing curve 1431 (Line)
Info    : [ 60%] Meshing curve 1432 (Line)
Info    : [ 60%] Meshing curve 1433 (Line)
Info    : [ 60%] Meshing curve 1434 (Line)
Info    : [ 60%] Meshing curve 1435 (Line)
Info    : [ 60%] Meshing curve 1436 (Line)
Info    : [ 60%] Meshing curve 1437 (Line)
Info    : [ 60%] Meshing curve 1438 (Line)
Info    : [ 60%] Meshing curve 1439 (Line)
Info    : [ 60%] Meshing curve 1440 (Line)
Info    : [ 60%] Meshing curve 1441 (Line)
Info    : [ 60%] Meshing curve 1442 (Line)
Info    : [ 60%] Meshing curve 1443 (Line)
Info    : [ 60%] Meshing curve 1444 (Line)
Info    : [ 60%] Meshing curve 1445 (Line)
Info    : [ 60%] Meshing curve 1446 (Line)
Info    : [ 60%] Meshing curve 1447 (Line)
Info    : [ 60%] Meshing curve 1448 (Line)
Info    : [ 60%] Meshing curve 1449 (Line)
Info    : [ 60%] Meshing curve 1450 (Line)
Info    : [ 60%] Meshing curve 1451 (Line)
Info    : [ 60%] Meshing curve 1452 (Line)
Info    : [ 60%] Meshing curve 1453 (Line)
Info    : [ 60%] Meshing curve 1454 (Line)
Info    : [ 60%] Meshing curve 1455 (Line)
Info    : [ 60%] Meshing curve 1456 (Line)
Info    : [ 60%] Meshing curve 1457 (Line)
Info    : [ 60%] Meshing curve 1458 (Line)
Info    : [ 60%] Meshing curve 1459 (Line)
Info    : [ 60%] Meshing curve 1460 (Line)
Info    : [ 60%] Meshing curve 1461 (Line)
Info    : [ 60%] Meshing curve 1462 (Line)
Info    : [ 60%] Meshing curve 1463 (Line)
Info    : [ 60%] Meshing curve 1464 (Line)
Info    : [ 60%] Meshing curve 1465 (Line)
Info    : [ 60%] Meshing curve 1466 (Line)
Info    : [ 60%] Meshing curve 1467 (Line)
Info    : [ 60%] Meshing curve 1468 (Line)
Info    : [ 60%] Meshing curve 1469 (Line)
Info    : [ 60%] Meshing curve 1470 (Line)
Info    : [ 60%] Meshing curve 1471 (Line)
Info    : [ 60%] Meshing curve 1472 (Line)
Info    : [ 60%] Meshing curve 1473 (Line)
Info    : [ 60%] Meshing curve 1474 (Line)
Info    : [ 60%] Meshing curve 1475 (Line)
Info    : [ 60%] Meshing curve 1476 (Line)
Info    : [ 60%] Meshing curve 1477 (Line)
Info    : [ 60%] Meshing curve 1478 (Line)
Info    : [ 60%] Meshing curve 1479 (Line)
Info    : [ 60%] Meshing curve 1480 (Line)
Info    : [ 60%] Meshing curve 1481 (Line)
Info    : [ 60%] Meshing curve 1482 (Line)
Info    : [ 60%] Meshing curve 1483 (Line)
Info    : [ 60%] Meshing curve 1484 (Line)
Info    : [ 60%] Meshing curve 1485 (Line)
Info    : [ 60%] Meshing curve 1486 (Line)
Info    : [ 60%] Meshing curve 1487 (Line)
Info    : [ 60%] Meshing curve 1488 (Line)
Info    : [ 60%] Meshing curve 1489 (Line)
Info    : [ 60%] Meshing curve 1490 (Line)
Info    : [ 60%] Meshing curve 1491 (Line)
Info    : [ 60%] Meshing curve 1492 (Line)
Info    : [ 60%] Meshing curve 1493 (Line)
Info    : [ 60%] Meshing curve 1494 (Line)
Info    : [ 60%] Meshing curve 1495 (Line)
Info    : [ 60%] Meshing curve 1496 (Line)
Info    : [ 60%] Meshing curve 1497 (Line)
Info    : [ 60%] Meshing curve 1498 (Line)
Info    : [ 60%] Meshing curve 1499 (Line)
Info    : [ 60%] Meshing curve 1500 (Line)
Info    : [ 60%] Meshing curve 1501 (Line)
Info    : [ 60%] Meshing curve 1502 (Line)
Info    : [ 60%] Meshing curve 1503 (Line)
Info    : [ 60%] Meshing curve 1504 (Line)
Info    : [ 60%] Meshing curve 1505 (Line)
Info    : [ 60%] Meshing curve 1506 (Line)
Info    : [ 60%] Meshing curve 1507 (Line)
Info    : [ 60%] Meshing curve 1508 (Line)
Info    : [ 60%] Meshing curve 1509 (Line)
Info    : [ 60%] Meshing curve 1510 (Line)
Info    : [ 60%] Meshing curve 1511 (Line)
Info    : [ 60%] Meshing curve 1512 (Line)
Info    : [ 60%] Meshing curve 1513 (Line)
Info    : [ 60%] Meshing curve 1514 (Line)
Info    : [ 60%] Meshing curve 1515 (Line)
Info    : [ 60%] Meshing curve 1516 (Line)
Info    : [ 60%] Meshing curve 1517 (Line)
Info    : [ 60%] Meshing curve 1518 (Line)
Info    : [ 60%] Meshing curve 1519 (Line)
Info    : [ 60%] Meshing curve 1520 (Line)
Info    : [ 60%] Meshing curve 1521 (Line)
Info    : [ 60%] Meshing curve 1522 (Line)
Info    : [ 60%] Meshing curve 1523 (Line)
Info    : [ 60%] Meshing curve 1524 (Line)
Info    : [ 60%] Meshing curve 1525 (Line)
Info    : [ 60%] Meshing curve 1526 (Line)
Info    : [ 60%] Meshing curve 1527 (Line)
Info    : [ 60%] Meshing curve 1528 (Line)
Info    : [ 60%] Meshing curve 1529 (Line)
Info    : [ 60%] Meshing curve 1530 (Line)
Info    : [ 60%] Meshing curve 1531 (Line)
Info    : [ 60%] Meshing curve 1532 (Line)
Info    : [ 60%] Meshing curve 1533 (Line)
Info    : [ 60%] Meshing curve 1534 (Line)
Info    : [ 60%] Meshing curve 1535 (Line)
Info    : [ 60%] Meshing curve 1536 (Line)
Info    : [ 60%] Meshing curve 1537 (Line)
Info    : [ 70%] Meshing curve 1538 (Line)
Info    : [ 70%] Meshing curve 1539 (Line)
Info    : [ 70%] Meshing curve 1540 (Line)
Info    : [ 70%] Meshing curve 1541 (Line)
Info    : [ 70%] Meshing curve 1542 (Line)
Info    : [ 70%] Meshing curve 1543 (Line)
Info    : [ 70%] Meshing curve 1544 (Line)
Info    : [ 70%] Meshing curve 1545 (Line)
Info    : [ 70%] Meshing curve 1546 (Line)
Info    : [ 70%] Meshing curve 1547 (Line)
Info    : [ 70%] Meshing curve 1548 (Line)
Info    : [ 70%] Meshing curve 1549 (Line)
Info    : [ 70%] Meshing curve 1550 (Line)
Info    : [ 70%] Meshing curve 1551 (Line)
Info    : [ 70%] Meshing curve 1552 (Line)
Info    : [ 70%] Meshing curve 1553 (Line)
Info    : [ 70%] Meshing curve 1554 (Line)
Info    : [ 70%] Meshing curve 1555 (Line)
Info    : [ 70%] Meshing curve 1556 (Line)
Info    : [ 70%] Meshing curve 1557 (Line)
Info    : [ 70%] Meshing curve 1558 (Line)
Info    : [ 70%] Meshing curve 1559 (Line)
Info    : [ 70%] Meshing curve 1560 (Line)
Info    : [ 70%] Meshing curve 1561 (Line)
Info    : [ 70%] Meshing curve 1562 (Line)
Info    : [ 70%] Meshing curve 1563 (Line)
Info    : [ 70%] Meshing curve 1564 (Line)
Info    : [ 70%] Meshing curve 1565 (Line)
Info    : [ 70%] Meshing curve 1566 (Line)
Info    : [ 70%] Meshing curve 1567 (Line)
Info    : [ 70%] Meshing curve 1568 (Line)
Info    : [ 70%] Meshing curve 1569 (Line)
Info    : [ 70%] Meshing curve 1570 (Line)
Info    : [ 70%] Meshing curve 1571 (Line)
Info    : [ 70%] Meshing curve 1572 (Line)
Info    : [ 70%] Meshing curve 1573 (Line)
Info    : [ 70%] Meshing curve 1574 (Line)
Info    : [ 70%] Meshing curve 1575 (Line)
Info    : [ 70%] Meshing curve 1576 (Line)
Info    : [ 70%] Meshing curve 1577 (Line)
Info    : [ 70%] Meshing curve 1578 (Line)
Info    : [ 70%] Meshing curve 1579 (Line)
Info    : [ 70%] Meshing curve 1580 (Line)
Info    : [ 70%] Meshing curve 1581 (Line)
Info    : [ 70%] Meshing curve 1582 (Line)
Info    : [ 70%] Meshing curve 1583 (Line)
Info    : [ 70%] Meshing curve 1584 (Line)
Info    : [ 70%] Meshing curve 1585 (Line)
Info    : [ 70%] Meshing curve 1586 (Line)
Info    : [ 70%] Meshing curve 1587 (Line)
Info    : [ 70%] Meshing curve 1588 (Line)
Info    : [ 70%] Meshing curve 1589 (Line)
Info    : [ 70%] Meshing curve 1590 (Line)
Info    : [ 70%] Meshing curve 1591 (Line)
Info    : [ 70%] Meshing curve 1592 (Line)
Info    : [ 70%] Meshing curve 1593 (Line)
Info    : [ 70%] Meshing curve 1594 (Line)
Info    : [ 70%] Meshing curve 1595 (Line)
Info    : [ 70%] Meshing curve 1596 (Line)
Info    : [ 70%] Meshing curve 1597 (Line)
Info    : [ 70%] Meshing curve 1598 (Line)
Info    : [ 70%] Meshing curve 1599 (Line)
Info    : [ 70%] Meshing curve 1600 (Line)
Info    : [ 70%] Meshing curve 1601 (Line)
Info    : [ 70%] Meshing curve 1602 (Line)
Info    : [ 70%] Meshing curve 1603 (Line)
Info    : [ 70%] Meshing curve 1604 (Line)
Info    : [ 70%] Meshing curve 1605 (Line)
Info    : [ 70%] Meshing curve 1606 (Line)
Info    : [ 70%] Meshing curve 1607 (Line)
Info    : [ 70%] Meshing curve 1608 (Line)
Info    : [ 70%] Meshing curve 1609 (Line)
Info    : [ 70%] Meshing curve 1610 (Line)
Info    : [ 70%] Meshing curve 1611 (Line)
Info    : [ 70%] Meshing curve 1612 (Line)
Info    : [ 70%] Meshing curve 1613 (Line)
Info    : [ 70%] Meshing curve 1614 (Line)
Info    : [ 70%] Meshing curve 1615 (Line)
Info    : [ 70%] Meshing curve 1616 (Line)
Info    : [ 70%] Meshing curve 1617 (Line)
Info    : [ 70%] Meshing curve 1618 (Line)
Info    : [ 70%] Meshing curve 1619 (Line)
Info    : [ 70%] Meshing curve 1620 (Line)
Info    : [ 70%] Meshing curve 1621 (Line)
Info    : [ 70%] Meshing curve 1622 (Line)
Info    : [ 70%] Meshing curve 1623 (Line)
Info    : [ 70%] Meshing curve 1624 (Line)
Info    : [ 70%] Meshing curve 1625 (Line)
Info    : [ 70%] Meshing curve 1626 (Line)
Info    : [ 70%] Meshing curve 1627 (Line)
Info    : [ 70%] Meshing curve 1628 (Line)
Info    : [ 70%] Meshing curve 1629 (Line)
Info    : [ 70%] Meshing curve 1630 (Line)
Info    : [ 70%] Meshing curve 1631 (Line)
Info    : [ 70%] Meshing curve 1632 (Line)
Info    : [ 70%] Meshing curve 1633 (Line)
Info    : [ 70%] Meshing curve 1634 (Line)
Info    : [ 70%] Meshing curve 1635 (Line)
Info    : [ 70%] Meshing curve 1636 (Line)
Info    : [ 70%] Meshing curve 1637 (Line)
Info    : [ 70%] Meshing curve 1638 (Line)
Info    : [ 70%] Meshing curve 1639 (Line)
Info    : [ 70%] Meshing curve 1640 (Line)
Info    : [ 70%] Meshing curve 1641 (Line)
Info    : [ 70%] Meshing curve 1642 (Line)
Info    : [ 70%] Meshing curve 1643 (Line)
Info    : [ 70%] Meshing curve 1644 (Line)
Info    : [ 70%] Meshing curve 1645 (Line)
Info    : [ 70%] Meshing curve 1646 (Line)
Info    : [ 70%] Meshing curve 1647 (Line)
Info    : [ 70%] Meshing curve 1648 (Line)
Info    : [ 70%] Meshing curve 1649 (Line)
Info    : [ 70%] Meshing curve 1650 (Line)
Info    : [ 70%] Meshing curve 1651 (Line)
Info    : [ 70%] Meshing curve 1652 (Line)
Info    : [ 70%] Meshing curve 1653 (Line)
Info    : [ 70%] Meshing curve 1654 (Line)
Info    : [ 70%] Meshing curve 1655 (Line)
Info    : [ 70%] Meshing curve 1656 (Line)
Info    : [ 70%] Meshing curve 1657 (Line)
Info    : [ 70%] Meshing curve 1658 (Line)
Info    : [ 70%] Meshing curve 1659 (Line)
Info    : [ 70%] Meshing curve 1660 (Line)
Info    : [ 70%] Meshing curve 1661 (Line)
Info    : [ 70%] Meshing curve 1662 (Line)
Info    : [ 70%] Meshing curve 1663 (Line)
Info    : [ 70%] Meshing curve 1664 (Line)
Info    : [ 70%] Meshing curve 1665 (Line)
Info    : [ 70%] Meshing curve 1666 (Line)
Info    : [ 70%] Meshing curve 1667 (Line)
Info    : [ 70%] Meshing curve 1668 (Line)
Info    : [ 70%] Meshing curve 1669 (Line)
Info    : [ 70%] Meshing curve 1670 (Line)
Info    : [ 70%] Meshing curve 1671 (Line)
Info    : [ 70%] Meshing curve 1672 (Line)
Info    : [ 70%] Meshing curve 1673 (Line)
Info    : [ 70%] Meshing curve 1674 (Line)
Info    : [ 70%] Meshing curve 1675 (Line)
Info    : [ 70%] Meshing curve 1676 (Line)
Info    : [ 70%] Meshing curve 1677 (Line)
Info    : [ 70%] Meshing curve 1678 (Line)
Info    : [ 70%] Meshing curve 1679 (Line)
Info    : [ 70%] Meshing curve 1680 (Line)
Info    : [ 70%] Meshing curve 1681 (Line)
Info    : [ 70%] Meshing curve 1682 (Line)
Info    : [ 70%] Meshing curve 1683 (Line)
Info    : [ 70%] Meshing curve 1684 (Line)
Info    : [ 70%] Meshing curve 1685 (Line)
Info    : [ 70%] Meshing curve 1686 (Line)
Info    : [ 70%] Meshing curve 1687 (Line)
Info    : [ 70%] Meshing curve 1688 (Line)
Info    : [ 70%] Meshing curve 1689 (Line)
Info    : [ 70%] Meshing curve 1690 (Line)
Info    : [ 70%] Meshing curve 1691 (Line)
Info    : [ 70%] Meshing curve 1692 (Line)
Info    : [ 70%] Meshing curve 1693 (Line)
Info    : [ 70%] Meshing curve 1694 (Line)
Info    : [ 70%] Meshing curve 1695 (Line)
Info    : [ 70%] Meshing curve 1696 (Line)
Info    : [ 70%] Meshing curve 1697 (Line)
Info    : [ 70%] Meshing curve 1698 (Line)
Info    : [ 70%] Meshing curve 1699 (Line)
Info    : [ 70%] Meshing curve 1700 (Line)
Info    : [ 70%] Meshing curve 1701 (Line)
Info    : [ 70%] Meshing curve 1702 (Line)
Info    : [ 70%] Meshing curve 1703 (Line)
Info    : [ 70%] Meshing curve 1704 (Line)
Info    : [ 70%] Meshing curve 1705 (Line)
Info    : [ 70%] Meshing curve 1706 (Line)
Info    : [ 70%] Meshing curve 1707 (Line)
Info    : [ 70%] Meshing curve 1708 (Line)
Info    : [ 70%] Meshing curve 1709 (Line)
Info    : [ 70%] Meshing curve 1710 (Circle)
Info    : [ 70%] Meshing curve 1711 (Line)
Info    : [ 70%] Meshing curve 1712 (Circle)
Info    : [ 70%] Meshing curve 1713 (Line)
Info    : [ 70%] Meshing curve 1714 (Circle)
Info    : [ 70%] Meshing curve 1715 (Line)
Info    : [ 70%] Meshing curve 1716 (Circle)
Info    : [ 70%] Meshing curve 1717 (Line)
Info    : [ 70%] Meshing curve 1718 (Line)
Info    : [ 70%] Meshing curve 1719 (Line)
Info    : [ 70%] Meshing curve 1720 (Line)
Info    : [ 70%] Meshing curve 1721 (Line)
Info    : [ 70%] Meshing curve 1722 (Line)
Info    : [ 70%] Meshing curve 1723 (Line)
Info    : [ 70%] Meshing curve 1724 (Line)
Info    : [ 70%] Meshing curve 1725 (Line)
Info    : [ 70%] Meshing curve 1726 (Line)
Info    : [ 70%] Meshing curve 1727 (Line)
Info    : [ 70%] Meshing curve 1728 (Line)
Info    : [ 70%] Meshing curve 1729 (Line)
Info    : [ 70%] Meshing curve 1730 (Line)
Info    : [ 70%] Meshing curve 1731 (Line)
Info    : [ 70%] Meshing curve 1732 (Line)
Info    : [ 70%] Meshing curve 1733 (Line)
Info    : [ 70%] Meshing curve 1734 (Line)
Info    : [ 70%] Meshing curve 1735 (Line)
Info    : [ 70%] Meshing curve 1736 (Line)
Info    : [ 70%] Meshing curve 1737 (Line)
Info    : [ 70%] Meshing curve 1738 (Line)
Info    : [ 70%] Meshing curve 1739 (Line)
Info    : [ 70%] Meshing curve 1740 (Line)
Info    : [ 70%] Meshing curve 1741 (Line)
Info    : [ 70%] Meshing curve 1742 (Line)
Info    : [ 70%] Meshing curve 1743 (Line)
Info    : [ 70%] Meshing curve 1744 (Line)
Info    : [ 70%] Meshing curve 1745 (Line)
Info    : [ 70%] Meshing curve 1746 (Line)
Info    : [ 70%] Meshing curve 1747 (Line)
Info    : [ 70%] Meshing curve 1748 (Line)
Info    : [ 70%] Meshing curve 1749 (Line)
Info    : [ 70%] Meshing curve 1750 (Line)
Info    : [ 70%] Meshing curve 1751 (Line)
Info    : [ 70%] Meshing curve 1752 (Line)
Info    : [ 70%] Meshing curve 1753 (Line)
Info    : [ 70%] Meshing curve 1754 (Line)
Info    : [ 70%] Meshing curve 1755 (Line)
Info    : [ 70%] Meshing curve 1756 (Line)
Info    : [ 70%] Meshing curve 1757 (Line)
Info    : [ 70%] Meshing curve 1758 (Line)
Info    : [ 70%] Meshing curve 1759 (Line)
Info    : [ 70%] Meshing curve 1760 (Line)
Info    : [ 70%] Meshing curve 1761 (Line)
Info    : [ 70%] Meshing curve 1762 (Line)
Info    : [ 70%] Meshing curve 1763 (Line)
Info    : [ 70%] Meshing curve 1764 (Line)
Info    : [ 70%] Meshing curve 1765 (Line)
Info    : [ 70%] Meshing curve 1766 (Line)
Info    : [ 70%] Meshing curve 1767 (Line)
Info    : [ 70%] Meshing curve 1768 (Line)
Info    : [ 70%] Meshing curve 1769 (Line)
Info    : [ 70%] Meshing curve 1770 (Line)
Info    : [ 70%] Meshing curve 1771 (Line)
Info    : [ 70%] Meshing curve 1772 (Line)
Info    : [ 70%] Meshing curve 1773 (Circle)
Info    : [ 70%] Meshing curve 1774 (Circle)
Info    : [ 70%] Meshing curve 1775 (Line)
Info    : [ 70%] Meshing curve 1776 (Circle)
Info    : [ 70%] Meshing curve 1777 (Circle)
Info    : [ 70%] Meshing curve 1778 (Line)
Info    : [ 70%] Meshing curve 1779 (Line)
Info    : [ 70%] Meshing curve 1780 (Line)
Info    : [ 70%] Meshing curve 1781 (Line)
Info    : [ 70%] Meshing curve 1782 (Circle)
Info    : [ 70%] Meshing curve 1783 (Line)
Info    : [ 70%] Meshing curve 1784 (Circle)
Info    : [ 70%] Meshing curve 1785 (Line)
Info    : [ 70%] Meshing curve 1786 (Line)
Info    : [ 70%] Meshing curve 1787 (Line)
Info    : [ 70%] Meshing curve 1788 (Line)
Info    : [ 70%] Meshing curve 1789 (Line)
Info    : [ 70%] Meshing curve 1790 (Line)
Info    : [ 70%] Meshing curve 1791 (Line)
Info    : [ 70%] Meshing curve 1792 (Line)
Info    : [ 70%] Meshing curve 1793 (Line)
Info    : [ 80%] Meshing curve 1794 (Line)
Info    : [ 80%] Meshing curve 1795 (Line)
Info    : [ 80%] Meshing curve 1796 (Line)
Info    : [ 80%] Meshing curve 1797 (Line)
Info    : [ 80%] Meshing curve 1798 (Line)
Info    : [ 80%] Meshing curve 1799 (Line)
Info    : [ 80%] Meshing curve 1800 (Line)
Info    : [ 80%] Meshing curve 1801 (Line)
Info    : [ 80%] Meshing curve 1802 (Line)
Info    : [ 80%] Meshing curve 1803 (Line)
Info    : [ 80%] Meshing curve 1804 (Line)
Info    : [ 80%] Meshing curve 1805 (Line)
Info    : [ 80%] Meshing curve 1806 (Line)
Info    : [ 80%] Meshing curve 1807 (Line)
Info    : [ 80%] Meshing curve 1808 (Line)
Info    : [ 80%] Meshing curve 1809 (Line)
Info    : [ 80%] Meshing curve 1810 (Line)
Info    : [ 80%] Meshing curve 1811 (Line)
Info    : [ 80%] Meshing curve 1812 (Line)
Info    : [ 80%] Meshing curve 1813 (Line)
Info    : [ 80%] Meshing curve 1814 (Line)
Info    : [ 80%] Meshing curve 1815 (Line)
Info    : [ 80%] Meshing curve 1816 (Line)
Info    : [ 80%] Meshing curve 1817 (Line)
Info    : [ 80%] Meshing curve 1818 (Line)
Info    : [ 80%] Meshing curve 1819 (Line)
Info    : [ 80%] Meshing curve 1820 (Line)
Info    : [ 80%] Meshing curve 1821 (Line)
Info    : [ 80%] Meshing curve 1822 (Line)
Info    : [ 80%] Meshing curve 1823 (Line)
Info    : [ 80%] Meshing curve 1824 (Line)
Info    : [ 80%] Meshing curve 1825 (Line)
Info    : [ 80%] Meshing curve 1826 (Line)
Info    : [ 80%] Meshing curve 1827 (Line)
Info    : [ 80%] Meshing curve 1828 (Line)
Info    : [ 80%] Meshing curve 1829 (Line)
Info    : [ 80%] Meshing curve 1830 (Line)
Info    : [ 80%] Meshing curve 1831 (Line)
Info    : [ 80%] Meshing curve 1832 (Line)
Info    : [ 80%] Meshing curve 1833 (Line)
Info    : [ 80%] Meshing curve 1834 (Line)
Info    : [ 80%] Meshing curve 1835 (Line)
Info    : [ 80%] Meshing curve 1836 (Line)
Info    : [ 80%] Meshing curve 1837 (Line)
Info    : [ 80%] Meshing curve 1838 (Line)
Info    : [ 80%] Meshing curve 1839 (Line)
Info    : [ 80%] Meshing curve 1840 (Line)
Info    : [ 80%] Meshing curve 1841 (Line)
Info    : [ 80%] Meshing curve 1842 (Line)
Info    : [ 80%] Meshing curve 1843 (Line)
Info    : [ 80%] Meshing curve 1844 (Line)
Info    : [ 80%] Meshing curve 1845 (Line)
Info    : [ 80%] Meshing curve 1846 (Line)
Info    : [ 80%] Meshing curve 1847 (Line)
Info    : [ 80%] Meshing curve 1848 (Line)
Info    : [ 80%] Meshing curve 1849 (Line)
Info    : [ 80%] Meshing curve 1850 (Line)
Info    : [ 80%] Meshing curve 1851 (Line)
Info    : [ 80%] Meshing curve 1852 (Line)
Info    : [ 80%] Meshing curve 1853 (Line)
Info    : [ 80%] Meshing curve 1854 (Line)
Info    : [ 80%] Meshing curve 1855 (Line)
Info    : [ 80%] Meshing curve 1856 (Line)
Info    : [ 80%] Meshing curve 1857 (Line)
Info    : [ 80%] Meshing curve 1858 (Line)
Info    : [ 80%] Meshing curve 1859 (Line)
Info    : [ 80%] Meshing curve 1860 (Line)
Info    : [ 80%] Meshing curve 1861 (Line)
Info    : [ 80%] Meshing curve 1862 (Line)
Info    : [ 80%] Meshing curve 1863 (Line)
Info    : [ 80%] Meshing curve 1864 (Line)
Info    : [ 80%] Meshing curve 1865 (Line)
Info    : [ 80%] Meshing curve 1866 (Line)
Info    : [ 80%] Meshing curve 1867 (Line)
Info    : [ 80%] Meshing curve 1868 (Line)
Info    : [ 80%] Meshing curve 1869 (Line)
Info    : [ 80%] Meshing curve 1870 (Line)
Info    : [ 80%] Meshing curve 1871 (Line)
Info    : [ 80%] Meshing curve 1872 (Line)
Info    : [ 80%] Meshing curve 1873 (Line)
Info    : [ 80%] Meshing curve 1874 (Line)
Info    : [ 80%] Meshing curve 1875 (Line)
Info    : [ 80%] Meshing curve 1876 (Line)
Info    : [ 80%] Meshing curve 1877 (Line)
Info    : [ 80%] Meshing curve 1878 (Circle)
Info    : [ 80%] Meshing curve 1879 (Line)
Info    : [ 80%] Meshing curve 1880 (Line)
Info    : [ 80%] Meshing curve 1881 (Line)
Info    : [ 80%] Meshing curve 1882 (Line)
Info    : [ 80%] Meshing curve 1883 (Line)
Info    : [ 80%] Meshing curve 1884 (Line)
Info    : [ 80%] Meshing curve 1885 (Line)
Info    : [ 80%] Meshing curve 1886 (Line)
Info    : [ 80%] Meshing curve 1887 (Line)
Info    : [ 80%] Meshing curve 1888 (Line)
Info    : [ 80%] Meshing curve 1889 (Line)
Info    : [ 80%] Meshing curve 1890 (Line)
Info    : [ 80%] Meshing curve 1891 (Line)
Info    : [ 80%] Meshing curve 1892 (Line)
Info    : [ 80%] Meshing curve 1893 (Line)
Info    : [ 80%] Meshing curve 1894 (Line)
Info    : [ 80%] Meshing curve 1895 (Line)
Info    : [ 80%] Meshing curve 1896 (Line)
Info    : [ 80%] Meshing curve 1897 (Line)
Info    : [ 80%] Meshing curve 1898 (Line)
Info    : [ 80%] Meshing curve 1899 (Line)
Info    : [ 80%] Meshing curve 1900 (Line)
Info    : [ 80%] Meshing curve 1901 (Line)
Info    : [ 80%] Meshing curve 1902 (Circle)
Info    : [ 80%] Meshing curve 1903 (Circle)
Info    : [ 80%] Meshing curve 1904 (Line)
Info    : [ 80%] Meshing curve 1905 (Line)
Info    : [ 80%] Meshing curve 1906 (Line)
Info    : [ 80%] Meshing curve 1907 (Line)
Info    : [ 80%] Meshing curve 1908 (Line)
Info    : [ 80%] Meshing curve 1909 (Line)
Info    : [ 80%] Meshing curve 1910 (Line)
Info    : [ 80%] Meshing curve 1911 (Circle)
Info    : [ 80%] Meshing curve 1912 (Circle)
Info    : [ 80%] Meshing curve 1913 (Line)
Info    : [ 80%] Meshing curve 1914 (Line)
Info    : [ 80%] Meshing curve 1915 (Circle)
Info    : [ 80%] Meshing curve 1916 (Line)
Info    : [ 80%] Meshing curve 1917 (Circle)
Info    : [ 80%] Meshing curve 1918 (Line)
Info    : [ 80%] Meshing curve 1919 (Line)
Info    : [ 80%] Meshing curve 1920 (Line)
Info    : [ 80%] Meshing curve 1921 (Line)
Info    : [ 80%] Meshing curve 1922 (Line)
Info    : [ 80%] Meshing curve 1923 (Line)
Info    : [ 80%] Meshing curve 1924 (Line)
Info    : [ 80%] Meshing curve 1925 (Line)
Info    : [ 80%] Meshing curve 1926 (Line)
Info    : [ 80%] Meshing curve 1927 (Line)
Info    : [ 80%] Meshing curve 1928 (Line)
Info    : [ 80%] Meshing curve 1929 (Line)
Info    : [ 80%] Meshing curve 1930 (Line)
Info    : [ 80%] Meshing curve 1931 (Line)
Info    : [ 80%] Meshing curve 1932 (Line)
Info    : [ 80%] Meshing curve 1933 (Line)
Info    : [ 80%] Meshing curve 1934 (Line)
Info    : [ 80%] Meshing curve 1935 (Line)
Info    : [ 80%] Meshing curve 1936 (Line)
Info    : [ 80%] Meshing curve 1937 (Circle)
Info    : [ 80%] Meshing curve 1938 (Circle)
Info    : [ 80%] Meshing curve 1939 (Line)
Info    : [ 80%] Meshing curve 1940 (Line)
Info    : [ 80%] Meshing curve 1941 (Line)
Info    : [ 80%] Meshing curve 1942 (Line)
Info    : [ 80%] Meshing curve 1943 (Line)
Info    : [ 80%] Meshing curve 1944 (Line)
Info    : [ 80%] Meshing curve 1945 (Line)
Info    : [ 80%] Meshing curve 1946 (Line)
Info    : [ 80%] Meshing curve 1947 (Line)
Info    : [ 80%] Meshing curve 1948 (Line)
Info    : [ 80%] Meshing curve 1949 (Line)
Info    : [ 80%] Meshing curve 1950 (Line)
Info    : [ 80%] Meshing curve 1951 (Line)
Info    : [ 80%] Meshing curve 1952 (Circle)
Info    : [ 80%] Meshing curve 1953 (Line)
Info    : [ 80%] Meshing curve 1954 (Line)
Info    : [ 80%] Meshing curve 1955 (Line)
Info    : [ 80%] Meshing curve 1956 (Line)
Info    : [ 80%] Meshing curve 1957 (Line)
Info    : [ 80%] Meshing curve 1958 (Line)
Info    : [ 80%] Meshing curve 1959 (Line)
Info    : [ 80%] Meshing curve 1960 (Line)
Info    : [ 80%] Meshing curve 1961 (Line)
Info    : [ 80%] Meshing curve 1962 (Line)
Info    : [ 80%] Meshing curve 1963 (Line)
Info    : [ 80%] Meshing curve 1964 (Line)
Info    : [ 80%] Meshing curve 1965 (Line)
Info    : [ 80%] Meshing curve 1966 (Circle)
Info    : [ 80%] Meshing curve 1967 (Line)
Info    : [ 80%] Meshing curve 1968 (Circle)
Info    : [ 80%] Meshing curve 1969 (Line)
Info    : [ 80%] Meshing curve 1970 (Line)
Info    : [ 80%] Meshing curve 1971 (Line)
Info    : [ 80%] Meshing curve 1972 (Circle)
Info    : [ 80%] Meshing curve 1973 (Line)
Info    : [ 80%] Meshing curve 1974 (Line)
Info    : [ 80%] Meshing curve 1975 (Line)
Info    : [ 80%] Meshing curve 1976 (Line)
Info    : [ 80%] Meshing curve 1977 (Line)
Info    : [ 80%] Meshing curve 1978 (Line)
Info    : [ 80%] Meshing curve 1979 (Line)
Info    : [ 80%] Meshing curve 1980 (Line)
Info    : [ 80%] Meshing curve 1981 (Line)
Info    : [ 80%] Meshing curve 1982 (Line)
Info    : [ 80%] Meshing curve 1983 (Line)
Info    : [ 80%] Meshing curve 1984 (Circle)
Info    : [ 80%] Meshing curve 1985 (Circle)
Info    : [ 80%] Meshing curve 1986 (Circle)
Info    : [ 80%] Meshing curve 1987 (Circle)
Info    : [ 80%] Meshing curve 1988 (Line)
Info    : [ 80%] Meshing curve 1989 (Line)
Info    : [ 80%] Meshing curve 1990 (Line)
Info    : [ 80%] Meshing curve 1991 (Circle)
Info    : [ 80%] Meshing curve 1992 (Line)
Info    : [ 80%] Meshing curve 1993 (Line)
Info    : [ 80%] Meshing curve 1994 (Line)
Info    : [ 80%] Meshing curve 1995 (Line)
Info    : [ 80%] Meshing curve 1996 (Line)
Info    : [ 80%] Meshing curve 1997 (Line)
Info    : [ 80%] Meshing curve 1998 (Line)
Info    : [ 80%] Meshing curve 1999 (Line)
Info    : [ 80%] Meshing curve 2000 (Line)
Info    : [ 80%] Meshing curve 2001 (Line)
Info    : [ 80%] Meshing curve 2002 (Line)
Info    : [ 80%] Meshing curve 2003 (Line)
Info    : [ 80%] Meshing curve 2004 (Line)
Info    : [ 80%] Meshing curve 2005 (Line)
Info    : [ 80%] Meshing curve 2006 (Line)
Info    : [ 80%] Meshing curve 2007 (Line)
Info    : [ 80%] Meshing curve 2008 (Line)
Info    : [ 80%] Meshing curve 2009 (Line)
Info    : [ 80%] Meshing curve 2010 (Line)
Info    : [ 80%] Meshing curve 2011 (Line)
Info    : [ 80%] Meshing curve 2012 (Line)
Info    : [ 80%] Meshing curve 2013 (Line)
Info    : [ 80%] Meshing curve 2014 (Line)
Info    : [ 80%] Meshing curve 2015 (Line)
Info    : [ 80%] Meshing curve 2016 (Line)
Info    : [ 80%] Meshing curve 2017 (Line)
Info    : [ 80%] Meshing curve 2018 (Line)
Info    : [ 80%] Meshing curve 2019 (Line)
Info    : [ 80%] Meshing curve 2020 (Line)
Info    : [ 80%] Meshing curve 2021 (Line)
Info    : [ 80%] Meshing curve 2022 (Line)
Info    : [ 80%] Meshing curve 2023 (Circle)
Info    : [ 80%] Meshing curve 2024 (Line)
Info    : [ 80%] Meshing curve 2025 (Line)
Info    : [ 80%] Meshing curve 2026 (Line)
Info    : [ 80%] Meshing curve 2027 (Line)
Info    : [ 80%] Meshing curve 2028 (Line)
Info    : [ 80%] Meshing curve 2029 (Circle)
Info    : [ 80%] Meshing curve 2030 (Line)
Info    : [ 80%] Meshing curve 2031 (Line)
Info    : [ 80%] Meshing curve 2032 (Line)
Info    : [ 80%] Meshing curve 2033 (Circle)
Info    : [ 80%] Meshing curve 2034 (Line)
Info    : [ 80%] Meshing curve 2035 (Line)
Info    : [ 80%] Meshing curve 2036 (Circle)
Info    : [ 80%] Meshing curve 2037 (Line)
Info    : [ 80%] Meshing curve 2038 (Circle)
Info    : [ 80%] Meshing curve 2039 (Line)
Info    : [ 80%] Meshing curve 2040 (Circle)
Info    : [ 80%] Meshing curve 2041 (Line)
Info    : [ 80%] Meshing curve 2042 (Line)
Info    : [ 80%] Meshing curve 2043 (Circle)
Info    : [ 80%] Meshing curve 2044 (Line)
Info    : [ 80%] Meshing curve 2045 (Line)
Info    : [ 80%] Meshing curve 2046 (Line)
Info    : [ 80%] Meshing curve 2047 (Line)
Info    : [ 80%] Meshing curve 2048 (Line)
Info    : [ 80%] Meshing curve 2049 (Line)
Info    : [ 90%] Meshing curve 2050 (Line)
Info    : [ 90%] Meshing curve 2051 (Circle)
Info    : [ 90%] Meshing curve 2052 (Line)
Info    : [ 90%] Meshing curve 2053 (Line)
Info    : [ 90%] Meshing curve 2054 (Line)
Info    : [ 90%] Meshing curve 2055 (Line)
Info    : [ 90%] Meshing curve 2056 (Line)
Info    : [ 90%] Meshing curve 2057 (Circle)
Info    : [ 90%] Meshing curve 2058 (Line)
Info    : [ 90%] Meshing curve 2059 (Line)
Info    : [ 90%] Meshing curve 2060 (Circle)
Info    : [ 90%] Meshing curve 2061 (Line)
Info    : [ 90%] Meshing curve 2062 (Line)
Info    : [ 90%] Meshing curve 2063 (Line)
Info    : [ 90%] Meshing curve 2064 (Circle)
Info    : [ 90%] Meshing curve 2065 (Line)
Info    : [ 90%] Meshing curve 2066 (Line)
Info    : [ 90%] Meshing curve 2067 (Circle)
Info    : [ 90%] Meshing curve 2068 (Line)
Info    : [ 90%] Meshing curve 2069 (Line)
Info    : [ 90%] Meshing curve 2070 (Line)
Info    : [ 90%] Meshing curve 2071 (Line)
Info    : [ 90%] Meshing curve 2072 (Line)
Info    : [ 90%] Meshing curve 2073 (Line)
Info    : [ 90%] Meshing curve 2074 (Circle)
Info    : [ 90%] Meshing curve 2075 (Line)
Info    : [ 90%] Meshing curve 2076 (Line)
Info    : [ 90%] Meshing curve 2077 (Circle)
Info    : [ 90%] Meshing curve 2078 (Line)
Info    : [ 90%] Meshing curve 2079 (Circle)
Info    : [ 90%] Meshing curve 2080 (Line)
Info    : [ 90%] Meshing curve 2081 (Circle)
Info    : [ 90%] Meshing curve 2082 (Line)
Info    : [ 90%] Meshing curve 2083 (Line)
Info    : [ 90%] Meshing curve 2084 (Line)
Info    : [ 90%] Meshing curve 2085 (Line)
Info    : [ 90%] Meshing curve 2086 (Line)
Info    : [ 90%] Meshing curve 2087 (Line)
Info    : [ 90%] Meshing curve 2088 (Line)
Info    : [ 90%] Meshing curve 2089 (Line)
Info    : [ 90%] Meshing curve 2090 (Circle)
Info    : [ 90%] Meshing curve 2091 (Line)
Info    : [ 90%] Meshing curve 2092 (Line)
Info    : [ 90%] Meshing curve 2093 (Line)
Info    : [ 90%] Meshing curve 2094 (Line)
Info    : [ 90%] Meshing curve 2095 (Circle)
Info    : [ 90%] Meshing curve 2096 (Circle)
Info    : [ 90%] Meshing curve 2097 (Circle)
Info    : [ 90%] Meshing curve 2098 (Circle)
Info    : [ 90%] Meshing curve 2099 (Circle)
Info    : [ 90%] Meshing curve 2100 (Circle)
Info    : [ 90%] Meshing curve 2101 (Line)
Info    : [ 90%] Meshing curve 2102 (Line)
Info    : [ 90%] Meshing curve 2103 (Circle)
Info    : [ 90%] Meshing curve 2104 (Circle)
Info    : [ 90%] Meshing curve 2105 (Circle)
Info    : [ 90%] Meshing curve 2106 (Line)
Info    : [ 90%] Meshing curve 2107 (Line)
Info    : [ 90%] Meshing curve 2108 (Line)
Info    : [ 90%] Meshing curve 2109 (Line)
Info    : [ 90%] Meshing curve 2110 (Line)
Info    : [ 90%] Meshing curve 2111 (Line)
Info    : [ 90%] Meshing curve 2112 (Line)
Info    : [ 90%] Meshing curve 2113 (Line)
Info    : [ 90%] Meshing curve 2114 (Line)
Info    : [ 90%] Meshing curve 2115 (Line)
Info    : [ 90%] Meshing curve 2116 (Line)
Info    : [ 90%] Meshing curve 2117 (Line)
Info    : [ 90%] Meshing curve 2118 (Line)
Info    : [ 90%] Meshing curve 2119 (Line)
Info    : [ 90%] Meshing curve 2120 (Line)
Info    : [ 90%] Meshing curve 2121 (Line)
Info    : [ 90%] Meshing curve 2122 (Line)
Info    : [ 90%] Meshing curve 2123 (Line)
Info    : [ 90%] Meshing curve 2124 (Line)
Info    : [ 90%] Meshing curve 2125 (Line)
Info    : [ 90%] Meshing curve 2126 (Line)
Info    : [ 90%] Meshing curve 2127 (Line)
Info    : [ 90%] Meshing curve 2128 (Line)
Info    : [ 90%] Meshing curve 2129 (Circle)
Info    : [ 90%] Meshing curve 2130 (Line)
Info    : [ 90%] Meshing curve 2131 (Line)
Info    : [ 90%] Meshing curve 2132 (Line)
Info    : [ 90%] Meshing curve 2133 (Line)
Info    : [ 90%] Meshing curve 2134 (Circle)
Info    : [ 90%] Meshing curve 2135 (Line)
Info    : [ 90%] Meshing curve 2136 (Line)
Info    : [ 90%] Meshing curve 2137 (Line)
Info    : [ 90%] Meshing curve 2138 (Line)
Info    : [ 90%] Meshing curve 2139 (Line)
Info    : [ 90%] Meshing curve 2140 (Line)
Info    : [ 90%] Meshing curve 2141 (Line)
Info    : [ 90%] Meshing curve 2142 (Line)
Info    : [ 90%] Meshing curve 2143 (Line)
Info    : [ 90%] Meshing curve 2144 (Line)
Info    : [ 90%] Meshing curve 2145 (Line)
Info    : [ 90%] Meshing curve 2146 (Line)
Info    : [ 90%] Meshing curve 2147 (Line)
Info    : [ 90%] Meshing curve 2148 (Line)
Info    : [ 90%] Meshing curve 2149 (Line)
Info    : [ 90%] Meshing curve 2150 (Line)
Info    : [ 90%] Meshing curve 2151 (Line)
Info    : [ 90%] Meshing curve 2152 (Line)
Info    : [ 90%] Meshing curve 2153 (Line)
Info    : [ 90%] Meshing curve 2154 (Line)
Info    : [ 90%] Meshing curve 2155 (Line)
Info    : [ 90%] Meshing curve 2156 (Line)
Info    : [ 90%] Meshing curve 2157 (Line)
Info    : [ 90%] Meshing curve 2158 (Line)
Info    : [ 90%] Meshing curve 2159 (Line)
Info    : [ 90%] Meshing curve 2160 (Line)
Info    : [ 90%] Meshing curve 2161 (Line)
Info    : [ 90%] Meshing curve 2162 (Line)
Info    : [ 90%] Meshing curve 2163 (Line)
Info    : [ 90%] Meshing curve 2164 (Line)
Info    : [ 90%] Meshing curve 2165 (Line)
Info    : [ 90%] Meshing curve 2166 (Line)
Info    : [ 90%] Meshing curve 2167 (Line)
Info    : [ 90%] Meshing curve 2168 (Line)
Info    : [ 90%] Meshing curve 2169 (Line)
Info    : [ 90%] Meshing curve 2170 (Line)
Info    : [ 90%] Meshing curve 2171 (Line)
Info    : [ 90%] Meshing curve 2172 (Line)
Info    : [ 90%] Meshing curve 2173 (Line)
Info    : [ 90%] Meshing curve 2174 (Line)
Info    : [ 90%] Meshing curve 2175 (Line)
Info    : [ 90%] Meshing curve 2176 (Line)
Info    : [ 90%] Meshing curve 2177 (Line)
Info    : [ 90%] Meshing curve 2178 (Line)
Info    : [ 90%] Meshing curve 2179 (Line)
Info    : [ 90%] Meshing curve 2180 (Line)
Info    : [ 90%] Meshing curve 2181 (Line)
Info    : [ 90%] Meshing curve 2182 (Line)
Info    : [ 90%] Meshing curve 2183 (Line)
Info    : [ 90%] Meshing curve 2184 (Line)
Info    : [ 90%] Meshing curve 2185 (Line)
Info    : [ 90%] Meshing curve 2186 (Line)
Info    : [ 90%] Meshing curve 2187 (Line)
Info    : [ 90%] Meshing curve 2188 (Line)
Info    : [ 90%] Meshing curve 2189 (Line)
Info    : [ 90%] Meshing curve 2190 (Line)
Info    : [ 90%] Meshing curve 2191 (Line)
Info    : [ 90%] Meshing curve 2192 (Line)
Info    : [ 90%] Meshing curve 2193 (Line)
Info    : [ 90%] Meshing curve 2194 (Line)
Info    : [ 90%] Meshing curve 2195 (Line)
Info    : [ 90%] Meshing curve 2196 (Line)
Info    : [ 90%] Meshing curve 2197 (Line)
Info    : [ 90%] Meshing curve 2198 (Line)
Info    : [ 90%] Meshing curve 2199 (Line)
Info    : [ 90%] Meshing curve 2200 (Line)
Info    : [ 90%] Meshing curve 2201 (Line)
Info    : [ 90%] Meshing curve 2202 (Line)
Info    : [ 90%] Meshing curve 2203 (Line)
Info    : [ 90%] Meshing curve 2204 (Line)
Info    : [ 90%] Meshing curve 2205 (Line)
Info    : [ 90%] Meshing curve 2206 (Line)
Info    : [ 90%] Meshing curve 2207 (Line)
Info    : [ 90%] Meshing curve 2208 (Line)
Info    : [ 90%] Meshing curve 2209 (Line)
Info    : [ 90%] Meshing curve 2210 (Line)
Info    : [ 90%] Meshing curve 2211 (Line)
Info    : [ 90%] Meshing curve 2212 (Line)
Info    : [ 90%] Meshing curve 2213 (Line)
Info    : [ 90%] Meshing curve 2214 (Line)
Info    : [ 90%] Meshing curve 2215 (Line)
Info    : [ 90%] Meshing curve 2216 (Line)
Info    : [ 90%] Meshing curve 2217 (Line)
Info    : [ 90%] Meshing curve 2218 (Line)
Info    : [ 90%] Meshing curve 2219 (Line)
Info    : [ 90%] Meshing curve 2220 (Line)
Info    : [ 90%] Meshing curve 2221 (Line)
Info    : [ 90%] Meshing curve 2222 (Line)
Info    : [ 90%] Meshing curve 2223 (Line)
Info    : [ 90%] Meshing curve 2224 (Line)
Info    : [ 90%] Meshing curve 2225 (Line)
Info    : [ 90%] Meshing curve 2226 (Line)
Info    : [ 90%] Meshing curve 2227 (Line)
Info    : [ 90%] Meshing curve 2228 (Line)
Info    : [ 90%] Meshing curve 2229 (Line)
Info    : [ 90%] Meshing curve 2230 (Circle)
Info    : [ 90%] Meshing curve 2231 (Circle)
Info    : [ 90%] Meshing curve 2232 (Circle)
Info    : [ 90%] Meshing curve 2233 (Circle)
Info    : [ 90%] Meshing curve 2234 (Circle)
Info    : [ 90%] Meshing curve 2235 (Circle)
Info    : [ 90%] Meshing curve 2236 (Circle)
Info    : [ 90%] Meshing curve 2237 (Line)
Info    : [ 90%] Meshing curve 2238 (Line)
Info    : [ 90%] Meshing curve 2239 (Line)
Info    : [ 90%] Meshing curve 2240 (Line)
Info    : [ 90%] Meshing curve 2241 (Line)
Info    : [ 90%] Meshing curve 2242 (Line)
Info    : [ 90%] Meshing curve 2243 (Line)
Info    : [ 90%] Meshing curve 2244 (Line)
Info    : [ 90%] Meshing curve 2245 (Line)
Info    : [ 90%] Meshing curve 2246 (Line)
Info    : [ 90%] Meshing curve 2247 (Line)
Info    : [ 90%] Meshing curve 2248 (Line)
Info    : [ 90%] Meshing curve 2249 (Circle)
Info    : [ 90%] Meshing curve 2250 (Circle)
Info    : [ 90%] Meshing curve 2251 (Line)
Info    : [ 90%] Meshing curve 2252 (Line)
Info    : [ 90%] Meshing curve 2253 (Line)
Info    : [ 90%] Meshing curve 2254 (Line)
Info    : [ 90%] Meshing curve 2255 (Line)
Info    : [ 90%] Meshing curve 2256 (Line)
Info    : [ 90%] Meshing curve 2257 (Line)
Info    : [ 90%] Meshing curve 2258 (Line)
Info    : [ 90%] Meshing curve 2259 (Line)
Info    : [ 90%] Meshing curve 2260 (Line)
Info    : [ 90%] Meshing curve 2261 (Line)
Info    : [ 90%] Meshing curve 2262 (Line)
Info    : [ 90%] Meshing curve 2263 (Line)
Info    : [ 90%] Meshing curve 2264 (Line)
Info    : [ 90%] Meshing curve 2265 (Line)
Info    : [ 90%] Meshing curve 2266 (Line)
Info    : [ 90%] Meshing curve 2267 (Line)
Info    : [ 90%] Meshing curve 2268 (Line)
Info    : [ 90%] Meshing curve 2269 (Line)
Info    : [ 90%] Meshing curve 2270 (Line)
Info    : [ 90%] Meshing curve 2271 (Line)
Info    : [ 90%] Meshing curve 2272 (Line)
Info    : [ 90%] Meshing curve 2273 (Line)
Info    : [ 90%] Meshing curve 2274 (Line)
Info    : [ 90%] Meshing curve 2275 (Line)
Info    : [ 90%] Meshing curve 2276 (Line)
Info    : [ 90%] Meshing curve 2277 (Line)
Info    : [ 90%] Meshing curve 2278 (Line)
Info    : [ 90%] Meshing curve 2279 (Line)
Info    : [ 90%] Meshing curve 2280 (Line)
Info    : [ 90%] Meshing curve 2281 (Line)
Info    : [ 90%] Meshing curve 2282 (Line)
Info    : [ 90%] Meshing curve 2283 (Line)
Info    : [ 90%] Meshing curve 2284 (Circle)
Info    : [ 90%] Meshing curve 2285 (Line)
Info    : [ 90%] Meshing curve 2286 (Line)
Info    : [ 90%] Meshing curve 2287 (Line)
Info    : [ 90%] Meshing curve 2288 (Line)
Info    : [ 90%] Meshing curve 2289 (Line)
Info    : [ 90%] Meshing curve 2290 (Line)
Info    : [ 90%] Meshing curve 2291 (Line)
Info    : [ 90%] Meshing curve 2292 (Line)
Info    : [ 90%] Meshing curve 2293 (Line)
Info    : [ 90%] Meshing curve 2294 (Line)
Info    : [ 90%] Meshing curve 2295 (Line)
Info    : [ 90%] Meshing curve 2296 (Line)
Info    : [ 90%] Meshing curve 2297 (Line)
Info    : [ 90%] Meshing curve 2298 (Line)
Info    : [ 90%] Meshing curve 2299 (Line)
Info    : [ 90%] Meshing curve 2300 (Line)
Info    : [ 90%] Meshing curve 2301 (Line)
Info    : [ 90%] Meshing curve 2302 (Line)
Info    : [ 90%] Meshing curve 2303 (Line)
Info    : [ 90%] Meshing curve 2304 (Line)
Info    : [ 90%] Meshing curve 2305 (Line)
Info    : [100%] Meshing curve 2306 (Line)
Info    : [100%] Meshing curve 2307 (Line)
Info    : [100%] Meshing curve 2308 (Line)
Info    : [100%] Meshing curve 2309 (Circle)
Info    : [100%] Meshing curve 2310 (Line)
Info    : [100%] Meshing curve 2311 (Circle)
Info    : [100%] Meshing curve 2312 (Line)
Info    : [100%] Meshing curve 2313 (Line)
Info    : [100%] Meshing curve 2314 (Line)
Info    : [100%] Meshing curve 2315 (Line)
Info    : [100%] Meshing curve 2316 (Line)
Info    : [100%] Meshing curve 2317 (Line)
Info    : [100%] Meshing curve 2318 (Line)
Info    : [100%] Meshing curve 2319 (Line)
Info    : [100%] Meshing curve 2320 (Line)
Info    : [100%] Meshing curve 2321 (Circle)
Info    : [100%] Meshing curve 2322 (Line)
Info    : [100%] Meshing curve 2323 (Line)
Info    : [100%] Meshing curve 2324 (Circle)
Info    : [100%] Meshing curve 2325 (Line)
Info    : [100%] Meshing curve 2326 (Circle)
Info    : [100%] Meshing curve 2327 (Line)
Info    : [100%] Meshing curve 2328 (Line)
Info    : [100%] Meshing curve 2329 (Line)
Info    : [100%] Meshing curve 2330 (Line)
Info    : [100%] Meshing curve 2331 (Line)
Info    : [100%] Meshing curve 2332 (Line)
Info    : [100%] Meshing curve 2333 (Line)
Info    : [100%] Meshing curve 2334 (Line)
Info    : [100%] Meshing curve 2335 (Line)
Info    : [100%] Meshing curve 2336 (Line)
Info    : [100%] Meshing curve 2337 (Line)
Info    : [100%] Meshing curve 2338 (Line)
Info    : [100%] Meshing curve 2339 (Line)
Info    : [100%] Meshing curve 2340 (Line)
Info    : [100%] Meshing curve 2341 (Line)
Info    : [100%] Meshing curve 2342 (Line)
Info    : [100%] Meshing curve 2343 (Line)
Info    : [100%] Meshing curve 2344 (Line)
Info    : [100%] Meshing curve 2345 (Line)
Info    : [100%] Meshing curve 2346 (Line)
Info    : [100%] Meshing curve 2347 (Line)
Info    : [100%] Meshing curve 2348 (Line)
Info    : [100%] Meshing curve 2349 (Line)
Info    : [100%] Meshing curve 2350 (Line)
Info    : [100%] Meshing curve 2351 (Line)
Info    : [100%] Meshing curve 2352 (Line)
Info    : [100%] Meshing curve 2353 (Line)
Info    : [100%] Meshing curve 2354 (Line)
Info    : [100%] Meshing curve 2355 (Line)
Info    : [100%] Meshing curve 2356 (Line)
Info    : [100%] Meshing curve 2357 (Line)
Info    : [100%] Meshing curve 2358 (Circle)
Info    : [100%] Meshing curve 2359 (Line)
Info    : [100%] Meshing curve 2360 (Circle)
Info    : [100%] Meshing curve 2361 (Line)
Info    : [100%] Meshing curve 2362 (Line)
Info    : [100%] Meshing curve 2363 (Line)
Info    : [100%] Meshing curve 2364 (Line)
Info    : [100%] Meshing curve 2365 (Line)
Info    : [100%] Meshing curve 2366 (Line)
Info    : [100%] Meshing curve 2367 (Line)
Info    : [100%] Meshing curve 2368 (Line)
Info    : [100%] Meshing curve 2369 (Line)
Info    : [100%] Meshing curve 2370 (Line)
Info    : [100%] Meshing curve 2371 (Line)
Info    : [100%] Meshing curve 2372 (Line)
Info    : [100%] Meshing curve 2373 (Line)
Info    : [100%] Meshing curve 2374 (Line)
Info    : [100%] Meshing curve 2375 (Line)
Info    : [100%] Meshing curve 2376 (Line)
Info    : [100%] Meshing curve 2377 (Line)
Info    : [100%] Meshing curve 2378 (Line)
Info    : [100%] Meshing curve 2379 (Line)
Info    : [100%] Meshing curve 2380 (Line)
Info    : [100%] Meshing curve 2381 (Line)
Info    : [100%] Meshing curve 2382 (Line)
Info    : [100%] Meshing curve 2383 (Line)
Info    : [100%] Meshing curve 2384 (Line)
Info    : [100%] Meshing curve 2385 (Line)
Info    : [100%] Meshing curve 2386 (Line)
Info    : [100%] Meshing curve 2387 (Line)
Info    : [100%] Meshing curve 2388 (Line)
Info    : [100%] Meshing curve 2389 (Line)
Info    : [100%] Meshing curve 2390 (Line)
Info    : [100%] Meshing curve 2391 (Line)
Info    : [100%] Meshing curve 2392 (Line)
Info    : [100%] Meshing curve 2393 (Line)
Info    : [100%] Meshing curve 2394 (Line)
Info    : [100%] Meshing curve 2395 (Line)
Info    : [100%] Meshing curve 2396 (Line)
Info    : [100%] Meshing curve 2397 (Line)
Info    : [100%] Meshing curve 2398 (Line)
Info    : [100%] Meshing curve 2399 (Line)
Info    : [100%] Meshing curve 2400 (Line)
Info    : [100%] Meshing curve 2401 (Line)
Info    : [100%] Meshing curve 2402 (Line)
Info    : [100%] Meshing curve 2403 (Line)
Info    : [100%] Meshing curve 2404 (Line)
Info    : [100%] Meshing curve 2405 (Line)
Info    : [100%] Meshing curve 2406 (Line)
Info    : [100%] Meshing curve 2407 (Line)
Info    : [100%] Meshing curve 2408 (Line)
Info    : [100%] Meshing curve 2409 (Line)
Info    : [100%] Meshing curve 2410 (Line)
Info    : [100%] Meshing curve 2411 (Line)
Info    : [100%] Meshing curve 2412 (Line)
Info    : [100%] Meshing curve 2413 (Line)
Info    : [100%] Meshing curve 2414 (Line)
Info    : [100%] Meshing curve 2415 (Line)
Info    : [100%] Meshing curve 2416 (Line)
Info    : [100%] Meshing curve 2417 (Line)
Info    : [100%] Meshing curve 2418 (Line)
Info    : [100%] Meshing curve 2419 (Line)
Info    : [100%] Meshing curve 2420 (Line)
Info    : [100%] Meshing curve 2421 (Line)
Info    : [100%] Meshing curve 2422 (Line)
Info    : [100%] Meshing curve 2423 (Line)
Info    : [100%] Meshing curve 2424 (Line)
Info    : [100%] Meshing curve 2425 (Line)
Info    : [100%] Meshing curve 2426 (Line)
Info    : [100%] Meshing curve 2427 (Line)
Info    : [100%] Meshing curve 2428 (Line)
Info    : [100%] Meshing curve 2429 (Line)
Info    : [100%] Meshing curve 2430 (Line)
Info    : [100%] Meshing curve 2431 (Line)
Info    : [100%] Meshing curve 2432 (Line)
Info    : [100%] Meshing curve 2433 (Line)
Info    : [100%] Meshing curve 2434 (Line)
Info    : [100%] Meshing curve 2435 (Line)
Info    : [100%] Meshing curve 2436 (Line)
Info    : [100%] Meshing curve 2437 (Line)
Info    : [100%] Meshing curve 2438 (Line)
Info    : [100%] Meshing curve 2439 (Line)
Info    : [100%] Meshing curve 2440 (Line)
Info    : [100%] Meshing curve 2441 (Line)
Info    : [100%] Meshing curve 2442 (Line)
Info    : [100%] Meshing curve 2443 (Line)
Info    : [100%] Meshing curve 2444 (Line)
Info    : [100%] Meshing curve 2445 (Line)
Info    : [100%] Meshing curve 2446 (Line)
Info    : [100%] Meshing curve 2447 (Line)
Info    : [100%] Meshing curve 2448 (Line)
Info    : [100%] Meshing curve 2449 (Line)
Info    : [100%] Meshing curve 2450 (Line)
Info    : [100%] Meshing curve 2451 (Line)
Info    : [100%] Meshing curve 2452 (Line)
Info    : [100%] Meshing curve 2453 (Line)
Info    : [100%] Meshing curve 2454 (Line)
Info    : [100%] Meshing curve 2455 (Line)
Info    : [100%] Meshing curve 2456 (Line)
Info    : [100%] Meshing curve 2457 (Line)
Info    : [100%] Meshing curve 2458 (Line)
Info    : [100%] Meshing curve 2459 (Circle)
Info    : [100%] Meshing curve 2460 (Line)
Info    : [100%] Meshing curve 2461 (Line)
Info    : [100%] Meshing curve 2462 (Line)
Info    : [100%] Meshing curve 2463 (Line)
Info    : [100%] Meshing curve 2464 (Circle)
Info    : [100%] Meshing curve 2465 (Line)
Info    : [100%] Meshing curve 2466 (Line)
Info    : [100%] Meshing curve 2467 (Line)
Info    : [100%] Meshing curve 2468 (Line)
Info    : [100%] Meshing curve 2469 (Line)
Info    : [100%] Meshing curve 2470 (Line)
Info    : [100%] Meshing curve 2471 (Line)
Info    : [100%] Meshing curve 2472 (Line)
Info    : [100%] Meshing curve 2473 (Line)
Info    : [100%] Meshing curve 2474 (Line)
Info    : [100%] Meshing curve 2475 (Line)
Info    : [100%] Meshing curve 2476 (Line)
Info    : [100%] Meshing curve 2477 (Line)
Info    : [100%] Meshing curve 2478 (Line)
Info    : [100%] Meshing curve 2479 (Line)
Info    : [100%] Meshing curve 2480 (Line)
Info    : [100%] Meshing curve 2481 (Line)
Info    : [100%] Meshing curve 2482 (Line)
Info    : [100%] Meshing curve 2483 (Line)
Info    : [100%] Meshing curve 2484 (Line)
Info    : [100%] Meshing curve 2485 (Line)
Info    : [100%] Meshing curve 2486 (Line)
Info    : [100%] Meshing curve 2487 (Line)
Info    : [100%] Meshing curve 2488 (Line)
Info    : [100%] Meshing curve 2489 (Line)
Info    : [100%] Meshing curve 2490 (Line)
Info    : [100%] Meshing curve 2491 (Line)
Info    : [100%] Meshing curve 2492 (Line)
Info    : [100%] Meshing curve 2493 (Line)
Info    : [100%] Meshing curve 2494 (Line)
Info    : [100%] Meshing curve 2495 (Line)
Info    : [100%] Meshing curve 2496 (Line)
Info    : [100%] Meshing curve 2497 (Line)
Info    : [100%] Meshing curve 2498 (Line)
Info    : [100%] Meshing curve 2499 (Line)
Info    : [100%] Meshing curve 2500 (Line)
Info    : [100%] Meshing curve 2501 (Line)
Info    : [100%] Meshing curve 2502 (Line)
Info    : [100%] Meshing curve 2503 (Line)
Info    : [100%] Meshing curve 2504 (Line)
Info    : [100%] Meshing curve 2505 (Line)
Info    : [100%] Meshing curve 2506 (Line)
Info    : [100%] Meshing curve 2507 (Line)
Info    : [100%] Meshing curve 2508 (Line)
Info    : [100%] Meshing curve 2509 (Line)
Info    : [100%] Meshing curve 2510 (Line)
Info    : [100%] Meshing curve 2511 (Line)
Info    : [100%] Meshing curve 2512 (Line)
Info    : [100%] Meshing curve 2513 (Line)
Info    : [100%] Meshing curve 2514 (Line)
Info    : [100%] Meshing curve 2515 (Line)
Info    : [100%] Meshing curve 2516 (Line)
Info    : [100%] Meshing curve 2517 (Line)
Info    : [100%] Meshing curve 2518 (Line)
Info    : [100%] Meshing curve 2519 (Line)
Info    : [100%] Meshing curve 2520 (Line)
Info    : [100%] Meshing curve 2521 (Line)
Info    : [100%] Meshing curve 2522 (Line)
Info    : [100%] Meshing curve 2523 (Line)
Info    : [100%] Meshing curve 2524 (Line)
Info    : [100%] Meshing curve 2525 (Line)
Info    : [100%] Meshing curve 2526 (Line)
Info    : [100%] Meshing curve 2527 (Line)
Info    : [100%] Meshing curve 2528 (Line)
Info    : [100%] Meshing curve 2529 (Line)
Info    : [100%] Meshing curve 2530 (Line)
Info    : [100%] Meshing curve 2531 (Line)
Info    : [100%] Meshing curve 2532 (Line)
Info    : [100%] Meshing curve 2533 (Line)
Info    : [100%] Meshing curve 2534 (Line)
Info    : [100%] Meshing curve 2535 (Circle)
Info    : [100%] Meshing curve 2536 (Line)
Info    : [100%] Meshing curve 2537 (Line)
Info    : [100%] Meshing curve 2538 (Line)
Info    : [100%] Meshing curve 2539 (Circle)
Info    : [100%] Meshing curve 2540 (Line)
Info    : [100%] Meshing curve 2541 (Line)
Info    : [100%] Meshing curve 2542 (Line)
Info    : [100%] Meshing curve 2543 (Line)
Info    : [100%] Meshing curve 2544 (Line)
Info    : [100%] Meshing curve 2545 (Circle)
Info    : [100%] Meshing curve 2546 (Line)
Info    : [100%] Meshing curve 2547 (Line)
Info    : [100%] Meshing curve 2548 (Circle)
Info    : [100%] Meshing curve 2549 (Line)
Info    : [100%] Meshing curve 2550 (Line)
Info    : [100%] Meshing curve 2551 (Line)
Info    : [100%] Meshing curve 2552 (Circle)
Info    : [100%] Meshing curve 2553 (Line)
Info    : [100%] Meshing curve 2554 (Line)
Info    : [100%] Meshing curve 2555 (Circle)
Info    : [100%] Meshing curve 2556 (Line)
Info    : [100%] Meshing curve 2557 (Line)
Info    : [100%] Meshing curve 2558 (Line)
Info    : [100%] Meshing curve 2559 (Line)
Info    : [100%] Meshing curve 2560 (Line)
Info    : [100%] Meshing curve 2561 (Line)
Info    : Done meshing 1D (Wall 0.870647s, CPU 0.787125s)
Info    : Meshing 2D...
Info    : [  0%] Meshing surface 1 (Plane, Frontal-Delaunay)
Info    : [ 10%] Meshing surface 2 (Plane, Frontal-Delaunay)
Info    : [ 10%] Meshing surface 3 (Plane, Frontal-Delaunay)
Info    : [ 10%] Meshing surface 4 (Plane, Frontal-Delaunay)
Info    : [ 10%] Meshing surface 5 (Plane, Frontal-Delaunay)
Info    : [ 10%] Meshing surface 6 (Plane, Frontal-Delaunay)
Info    : [ 10%] Meshing surface 7 (Plane, Frontal-Delaunay)
Info    : [ 10%] Meshing surface 8 (Plane, Frontal-Delaunay)
Info    : [ 10%] Meshing surface 9 (Plane, Frontal-Delaunay)
Info    : [ 10%] Meshing surface 10 (Plane, Frontal-Delaunay)
Info    : [ 10%] Meshing surface 11 (Plane, Frontal-Delaunay)
Info    : [ 10%] Meshing surface 12 (Plane, Frontal-Delaunay)
Info    : [ 10%] Meshing surface 13 (Plane, Frontal-Delaunay)
Info    : [ 10%] Meshing surface 14 (Plane, Frontal-Delaunay)
Info    : [ 10%] Meshing surface 15 (Plane, Frontal-Delaunay)
Info    : [ 10%] Meshing surface 16 (Plane, Frontal-Delaunay)
Info    : [ 10%] Meshing surface 17 (Plane, Frontal-Delaunay)
Info    : [ 10%] Meshing surface 18 (Plane, Frontal-Delaunay)
Info    : [ 10%] Meshing surface 19 (Plane, Frontal-Delaunay)
Info    : [ 10%] Meshing surface 20 (Plane, Frontal-Delaunay)
Info    : [ 10%] Meshing surface 21 (Plane, Frontal-Delaunay)
Info    : [ 10%] Meshing surface 22 (Plane, Frontal-Delaunay)
Info    : [ 10%] Meshing surface 23 (Plane, Frontal-Delaunay)
Info    : [ 10%] Meshing surface 24 (Plane, Frontal-Delaunay)
Info    : [ 10%] Meshing surface 25 (Plane, Frontal-Delaunay)
Info    : [ 10%] Meshing surface 26 (Plane, Frontal-Delaunay)
Info    : [ 10%] Meshing surface 27 (Plane, Frontal-Delaunay)
Info    : [ 10%] Meshing surface 28 (Plane, Frontal-Delaunay)
Info    : [ 10%] Meshing surface 29 (Plane, Frontal-Delaunay)
Info    : [ 10%] Meshing surface 30 (Plane, Frontal-Delaunay)
Info    : [ 10%] Meshing surface 31 (Plane, Frontal-Delaunay)
Info    : [ 10%] Meshing surface 32 (Plane, Frontal-Delaunay)
Info    : [ 10%] Meshing surface 33 (Plane, Frontal-Delaunay)
Info    : [ 10%] Meshing surface 34 (Plane, Frontal-Delaunay)
Info    : [ 10%] Meshing surface 35 (Plane, Frontal-Delaunay)
Info    : [ 10%] Meshing surface 36 (Plane, Frontal-Delaunay)
Info    : [ 10%] Meshing surface 37 (Plane, Frontal-Delaunay)
Info    : [ 10%] Meshing surface 38 (Plane, Frontal-Delaunay)
Info    : [ 10%] Meshing surface 39 (Plane, Frontal-Delaunay)
Info    : [ 10%] Meshing surface 40 (Plane, Frontal-Delaunay)
Info    : [ 10%] Meshing surface 41 (Plane, Frontal-Delaunay)
Info    : [ 10%] Meshing surface 42 (Plane, Frontal-Delaunay)
Info    : [ 10%] Meshing surface 43 (Plane, Frontal-Delaunay)
Info    : [ 10%] Meshing surface 44 (Plane, Frontal-Delaunay)
Info    : [ 10%] Meshing surface 45 (Plane, Frontal-Delaunay)
Info    : [ 10%] Meshing surface 46 (Plane, Frontal-Delaunay)
Info    : [ 10%] Meshing surface 47 (Plane, Frontal-Delaunay)
Info    : [ 10%] Meshing surface 48 (Plane, Frontal-Delaunay)
Info    : [ 10%] Meshing surface 49 (Plane, Frontal-Delaunay)
Info    : [ 10%] Meshing surface 50 (Plane, Frontal-Delaunay)
Info    : [ 10%] Meshing surface 51 (Plane, Frontal-Delaunay)
Info    : [ 10%] Meshing surface 52 (Plane, Frontal-Delaunay)
Info    : [ 10%] Meshing surface 53 (Plane, Frontal-Delaunay)
Info    : [ 10%] Meshing surface 54 (Plane, Frontal-Delaunay)
Info    : [ 10%] Meshing surface 55 (Plane, Frontal-Delaunay)
Info    : [ 10%] Meshing surface 56 (Plane, Frontal-Delaunay)
Info    : [ 10%] Meshing surface 57 (Plane, Frontal-Delaunay)
Info    : [ 10%] Meshing surface 58 (Plane, Frontal-Delaunay)
Info    : [ 10%] Meshing surface 59 (Plane, Frontal-Delaunay)
Info    : [ 10%] Meshing surface 60 (Plane, Frontal-Delaunay)
Info    : [ 10%] Meshing surface 61 (Plane, Frontal-Delaunay)
Info    : [ 10%] Meshing surface 62 (Plane, Frontal-Delaunay)
Info    : [ 10%] Meshing surface 63 (Plane, Frontal-Delaunay)
Info    : [ 10%] Meshing surface 64 (Plane, Frontal-Delaunay)
Info    : [ 10%] Meshing surface 65 (Plane, Frontal-Delaunay)
Info    : [ 10%] Meshing surface 66 (Plane, Frontal-Delaunay)
Info    : [ 10%] Meshing surface 67 (Plane, Frontal-Delaunay)
Info    : [ 10%] Meshing surface 68 (Plane, Frontal-Delaunay)
Info    : [ 10%] Meshing surface 69 (Plane, Frontal-Delaunay)
Info    : [ 10%] Meshing surface 70 (Plane, Frontal-Delaunay)
Info    : [ 10%] Meshing surface 71 (Plane, Frontal-Delaunay)
Info    : [ 10%] Meshing surface 72 (Plane, Frontal-Delaunay)
Info    : [ 10%] Meshing surface 73 (Plane, Frontal-Delaunay)
Info    : [ 10%] Meshing surface 74 (Plane, Frontal-Delaunay)
Info    : [ 10%] Meshing surface 75 (Plane, Frontal-Delaunay)
Info    : [ 10%] Meshing surface 76 (Plane, Frontal-Delaunay)
Info    : [ 20%] Meshing surface 77 (Plane, Frontal-Delaunay)
Info    : [ 20%] Meshing surface 78 (Plane, Frontal-Delaunay)
Info    : [ 20%] Meshing surface 79 (Plane, Frontal-Delaunay)
Info    : [ 20%] Meshing surface 80 (Plane, Frontal-Delaunay)
Info    : [ 20%] Meshing surface 81 (Plane, Frontal-Delaunay)
Info    : [ 20%] Meshing surface 82 (Plane, Frontal-Delaunay)
Info    : [ 20%] Meshing surface 83 (Plane, Frontal-Delaunay)
Info    : [ 20%] Meshing surface 84 (Plane, Frontal-Delaunay)
Info    : [ 20%] Meshing surface 85 (Plane, Frontal-Delaunay)
Info    : [ 20%] Meshing surface 86 (Plane, Frontal-Delaunay)
Info    : [ 20%] Meshing surface 87 (Plane, Frontal-Delaunay)
Info    : [ 20%] Meshing surface 88 (Plane, Frontal-Delaunay)
Info    : [ 20%] Meshing surface 89 (Plane, Frontal-Delaunay)
Info    : [ 20%] Meshing surface 90 (Plane, Frontal-Delaunay)
Info    : [ 20%] Meshing surface 91 (Plane, Frontal-Delaunay)
Info    : [ 20%] Meshing surface 92 (Plane, Frontal-Delaunay)
Info    : [ 20%] Meshing surface 93 (Plane, Frontal-Delaunay)
Info    : [ 20%] Meshing surface 94 (Plane, Frontal-Delaunay)
Info    : [ 20%] Meshing surface 95 (Plane, Frontal-Delaunay)
Info    : [ 20%] Meshing surface 96 (Plane, Frontal-Delaunay)
Info    : [ 20%] Meshing surface 97 (Plane, Frontal-Delaunay)
Info    : [ 20%] Meshing surface 98 (Plane, Frontal-Delaunay)
Info    : [ 20%] Meshing surface 99 (Plane, Frontal-Delaunay)
Info    : [ 20%] Meshing surface 100 (Plane, Frontal-Delaunay)
Info    : [ 20%] Meshing surface 101 (Plane, Frontal-Delaunay)
Info    : [ 20%] Meshing surface 102 (Plane, Frontal-Delaunay)
Info    : [ 20%] Meshing surface 103 (Plane, Frontal-Delaunay)
Info    : [ 20%] Meshing surface 104 (Plane, Frontal-Delaunay)
Info    : [ 20%] Meshing surface 105 (Plane, Frontal-Delaunay)
Info    : [ 20%] Meshing surface 106 (Plane, Frontal-Delaunay)
Info    : [ 20%] Meshing surface 107 (Plane, Frontal-Delaunay)
Info    : [ 20%] Meshing surface 108 (Plane, Frontal-Delaunay)
Info    : [ 20%] Meshing surface 109 (Plane, Frontal-Delaunay)
Info    : [ 20%] Meshing surface 110 (Plane, Frontal-Delaunay)
Info    : [ 20%] Meshing surface 111 (Plane, Frontal-Delaunay)
Info    : [ 20%] Meshing surface 112 (Plane, Frontal-Delaunay)
Info    : [ 20%] Meshing surface 113 (Plane, Frontal-Delaunay)
Info    : [ 20%] Meshing surface 114 (Plane, Frontal-Delaunay)
Info    : [ 20%] Meshing surface 115 (Plane, Frontal-Delaunay)
Info    : [ 20%] Meshing surface 116 (Plane, Frontal-Delaunay)
Info    : [ 20%] Meshing surface 117 (Plane, Frontal-Delaunay)
Info    : [ 20%] Meshing surface 118 (Plane, Frontal-Delaunay)
Info    : [ 20%] Meshing surface 119 (Plane, Frontal-Delaunay)
Info    : [ 20%] Meshing surface 120 (Plane, Frontal-Delaunay)
Info    : [ 20%] Meshing surface 121 (Plane, Frontal-Delaunay)
Info    : [ 20%] Meshing surface 122 (Plane, Frontal-Delaunay)
Info    : [ 20%] Meshing surface 123 (Plane, Frontal-Delaunay)
Info    : [ 20%] Meshing surface 124 (Plane, Frontal-Delaunay)
Info    : [ 20%] Meshing surface 125 (Plane, Frontal-Delaunay)
Info    : [ 20%] Meshing surface 126 (Plane, Frontal-Delaunay)
Info    : [ 20%] Meshing surface 127 (Plane, Frontal-Delaunay)
Info    : [ 20%] Meshing surface 128 (Plane, Frontal-Delaunay)
Info    : [ 20%] Meshing surface 129 (Plane, Frontal-Delaunay)
Info    : [ 20%] Meshing surface 130 (Plane, Frontal-Delaunay)
Info    : [ 20%] Meshing surface 131 (Plane, Frontal-Delaunay)
Info    : [ 20%] Meshing surface 132 (Plane, Frontal-Delaunay)
Info    : [ 20%] Meshing surface 133 (Plane, Frontal-Delaunay)
Info    : [ 20%] Meshing surface 134 (Plane, Frontal-Delaunay)
Info    : [ 20%] Meshing surface 135 (Plane, Frontal-Delaunay)
Info    : [ 20%] Meshing surface 136 (Plane, Frontal-Delaunay)
Info    : [ 20%] Meshing surface 137 (Plane, Frontal-Delaunay)
Info    : [ 20%] Meshing surface 138 (Plane, Frontal-Delaunay)
Info    : [ 20%] Meshing surface 139 (Plane, Frontal-Delaunay)
Info    : [ 20%] Meshing surface 140 (Plane, Frontal-Delaunay)
Info    : [ 20%] Meshing surface 141 (Plane, Frontal-Delaunay)
Info    : [ 20%] Meshing surface 142 (Plane, Frontal-Delaunay)
Info    : [ 20%] Meshing surface 143 (Plane, Frontal-Delaunay)
Info    : [ 20%] Meshing surface 144 (Plane, Frontal-Delaunay)
Info    : [ 20%] Meshing surface 145 (Plane, Frontal-Delaunay)
Info    : [ 20%] Meshing surface 146 (Plane, Frontal-Delaunay)
Info    : [ 20%] Meshing surface 147 (Plane, Frontal-Delaunay)
Info    : [ 20%] Meshing surface 148 (Plane, Frontal-Delaunay)
Info    : [ 20%] Meshing surface 149 (Plane, Frontal-Delaunay)
Info    : [ 20%] Meshing surface 150 (Plane, Frontal-Delaunay)
Info    : [ 20%] Meshing surface 151 (Plane, Frontal-Delaunay)
Info    : [ 20%] Meshing surface 152 (Plane, Frontal-Delaunay)
Info    : [ 30%] Meshing surface 153 (Plane, Frontal-Delaunay)
Info    : [ 30%] Meshing surface 154 (Plane, Frontal-Delaunay)
Info    : [ 30%] Meshing surface 155 (Plane, Frontal-Delaunay)
Info    : [ 30%] Meshing surface 156 (Plane, Frontal-Delaunay)
Info    : [ 30%] Meshing surface 157 (Plane, Frontal-Delaunay)
Info    : [ 30%] Meshing surface 158 (Plane, Frontal-Delaunay)
Info    : [ 30%] Meshing surface 159 (Plane, Frontal-Delaunay)
Info    : [ 30%] Meshing surface 160 (Plane, Frontal-Delaunay)
Info    : [ 30%] Meshing surface 161 (Plane, Frontal-Delaunay)
Info    : [ 30%] Meshing surface 162 (Plane, Frontal-Delaunay)
Info    : [ 30%] Meshing surface 163 (Plane, Frontal-Delaunay)
Info    : [ 30%] Meshing surface 164 (Plane, Frontal-Delaunay)
Info    : [ 30%] Meshing surface 165 (Plane, Frontal-Delaunay)
Info    : [ 30%] Meshing surface 166 (Plane, Frontal-Delaunay)
Info    : [ 30%] Meshing surface 167 (Plane, Frontal-Delaunay)
Info    : [ 30%] Meshing surface 168 (Plane, Frontal-Delaunay)
Info    : [ 30%] Meshing surface 169 (Plane, Frontal-Delaunay)
Info    : [ 30%] Meshing surface 170 (Plane, Frontal-Delaunay)
Info    : [ 30%] Meshing surface 171 (Plane, Frontal-Delaunay)
Info    : [ 30%] Meshing surface 172 (Plane, Frontal-Delaunay)
Info    : [ 30%] Meshing surface 173 (Plane, Frontal-Delaunay)
Info    : [ 30%] Meshing surface 174 (Plane, Frontal-Delaunay)
Info    : [ 30%] Meshing surface 175 (Plane, Frontal-Delaunay)
Info    : [ 30%] Meshing surface 176 (Plane, Frontal-Delaunay)
Info    : [ 30%] Meshing surface 177 (Plane, Frontal-Delaunay)
Info    : [ 30%] Meshing surface 178 (Plane, Frontal-Delaunay)
Info    : [ 30%] Meshing surface 179 (Plane, Frontal-Delaunay)
Info    : [ 30%] Meshing surface 180 (Plane, Frontal-Delaunay)
Info    : [ 30%] Meshing surface 181 (Plane, Frontal-Delaunay)
Info    : [ 30%] Meshing surface 182 (Plane, Frontal-Delaunay)
Info    : [ 30%] Meshing surface 183 (Plane, Frontal-Delaunay)
Info    : [ 30%] Meshing surface 184 (Plane, Frontal-Delaunay)
Info    : [ 30%] Meshing surface 185 (Plane, Frontal-Delaunay)
Info    : [ 30%] Meshing surface 186 (Plane, Frontal-Delaunay)
Info    : [ 30%] Meshing surface 187 (Plane, Frontal-Delaunay)
Info    : [ 30%] Meshing surface 188 (Plane, Frontal-Delaunay)
Info    : [ 30%] Meshing surface 189 (Plane, Frontal-Delaunay)
Info    : [ 30%] Meshing surface 190 (Plane, Frontal-Delaunay)
Info    : [ 30%] Meshing surface 191 (Plane, Frontal-Delaunay)
Info    : [ 30%] Meshing surface 192 (Plane, Frontal-Delaunay)
Info    : [ 30%] Meshing surface 193 (Plane, Frontal-Delaunay)
Info    : [ 30%] Meshing surface 194 (Plane, Frontal-Delaunay)
Info    : [ 30%] Meshing surface 195 (Plane, Frontal-Delaunay)
Info    : [ 30%] Meshing surface 196 (Plane, Frontal-Delaunay)
Info    : [ 30%] Meshing surface 197 (Plane, Frontal-Delaunay)
Info    : [ 30%] Meshing surface 198 (Plane, Frontal-Delaunay)
Info    : [ 30%] Meshing surface 199 (Plane, Frontal-Delaunay)
Info    : [ 30%] Meshing surface 200 (Plane, Frontal-Delaunay)
Info    : [ 30%] Meshing surface 201 (Plane, Frontal-Delaunay)
Info    : [ 30%] Meshing surface 202 (Plane, Frontal-Delaunay)
Info    : [ 30%] Meshing surface 203 (Plane, Frontal-Delaunay)
Info    : [ 30%] Meshing surface 204 (Plane, Frontal-Delaunay)
Info    : [ 30%] Meshing surface 205 (Plane, Frontal-Delaunay)
Info    : [ 30%] Meshing surface 206 (Plane, Frontal-Delaunay)
Info    : [ 30%] Meshing surface 207 (Plane, Frontal-Delaunay)
Info    : [ 30%] Meshing surface 208 (Plane, Frontal-Delaunay)
Info    : [ 30%] Meshing surface 209 (Plane, Frontal-Delaunay)
Info    : [ 30%] Meshing surface 210 (Plane, Frontal-Delaunay)
Info    : [ 30%] Meshing surface 211 (Plane, Frontal-Delaunay)
Info    : [ 30%] Meshing surface 212 (Plane, Frontal-Delaunay)
Info    : [ 30%] Meshing surface 213 (Plane, Frontal-Delaunay)
Info    : [ 30%] Meshing surface 214 (Plane, Frontal-Delaunay)
Info    : [ 30%] Meshing surface 215 (Plane, Frontal-Delaunay)
Info    : [ 30%] Meshing surface 216 (Plane, Frontal-Delaunay)
Info    : [ 30%] Meshing surface 217 (Plane, Frontal-Delaunay)
Info    : [ 30%] Meshing surface 218 (Plane, Frontal-Delaunay)
Info    : [ 30%] Meshing surface 219 (Plane, Frontal-Delaunay)
Info    : [ 30%] Meshing surface 220 (Plane, Frontal-Delaunay)
Info    : [ 30%] Meshing surface 221 (Plane, Frontal-Delaunay)
Info    : [ 30%] Meshing surface 222 (Plane, Frontal-Delaunay)
Info    : [ 30%] Meshing surface 223 (Plane, Frontal-Delaunay)
Info    : [ 30%] Meshing surface 224 (Plane, Frontal-Delaunay)
Info    : [ 30%] Meshing surface 225 (Plane, Frontal-Delaunay)
Info    : [ 30%] Meshing surface 226 (Plane, Frontal-Delaunay)
Info    : [ 30%] Meshing surface 227 (Plane, Frontal-Delaunay)
Info    : [ 30%] Meshing surface 228 (Plane, Frontal-Delaunay)
Info    : [ 40%] Meshing surface 229 (Plane, Frontal-Delaunay)
Info    : [ 40%] Meshing surface 230 (Plane, Frontal-Delaunay)
Info    : [ 40%] Meshing surface 231 (Plane, Frontal-Delaunay)
Info    : [ 40%] Meshing surface 232 (Plane, Frontal-Delaunay)
Info    : [ 40%] Meshing surface 233 (Plane, Frontal-Delaunay)
Info    : [ 40%] Meshing surface 234 (Plane, Frontal-Delaunay)
Info    : [ 40%] Meshing surface 235 (Plane, Frontal-Delaunay)
Info    : [ 40%] Meshing surface 236 (Plane, Frontal-Delaunay)
Info    : [ 40%] Meshing surface 237 (Plane, Frontal-Delaunay)
Info    : [ 40%] Meshing surface 238 (Plane, Frontal-Delaunay)
Info    : [ 40%] Meshing surface 239 (Plane, Frontal-Delaunay)
Info    : [ 40%] Meshing surface 240 (Plane, Frontal-Delaunay)
Info    : [ 40%] Meshing surface 241 (Plane, Frontal-Delaunay)
Info    : [ 40%] Meshing surface 242 (Plane, Frontal-Delaunay)
Info    : [ 40%] Meshing surface 243 (Plane, Frontal-Delaunay)
Info    : [ 40%] Meshing surface 244 (Plane, Frontal-Delaunay)
Info    : [ 40%] Meshing surface 245 (Plane, Frontal-Delaunay)
Info    : [ 40%] Meshing surface 246 (Plane, Frontal-Delaunay)
Info    : [ 40%] Meshing surface 247 (Plane, Frontal-Delaunay)
Info    : [ 40%] Meshing surface 248 (Plane, Frontal-Delaunay)
Info    : [ 40%] Meshing surface 249 (Plane, Frontal-Delaunay)
Info    : [ 40%] Meshing surface 250 (Plane, Frontal-Delaunay)
Info    : [ 40%] Meshing surface 251 (Plane, Frontal-Delaunay)
Info    : [ 40%] Meshing surface 252 (Plane, Frontal-Delaunay)
Info    : [ 40%] Meshing surface 253 (Plane, Frontal-Delaunay)
Info    : [ 40%] Meshing surface 254 (Plane, Frontal-Delaunay)
Info    : [ 40%] Meshing surface 255 (Plane, Frontal-Delaunay)
Info    : [ 40%] Meshing surface 256 (Plane, Frontal-Delaunay)
Info    : [ 40%] Meshing surface 257 (Plane, Frontal-Delaunay)
Info    : [ 40%] Meshing surface 258 (Plane, Frontal-Delaunay)
Info    : [ 40%] Meshing surface 259 (Plane, Frontal-Delaunay)
Info    : [ 40%] Meshing surface 260 (Plane, Frontal-Delaunay)
Info    : [ 40%] Meshing surface 261 (Plane, Frontal-Delaunay)
Info    : [ 40%] Meshing surface 262 (Plane, Frontal-Delaunay)
Info    : [ 40%] Meshing surface 263 (Plane, Frontal-Delaunay)
Info    : [ 40%] Meshing surface 264 (Plane, Frontal-Delaunay)
Info    : [ 40%] Meshing surface 265 (Plane, Frontal-Delaunay)
Info    : [ 40%] Meshing surface 266 (Plane, Frontal-Delaunay)
Info    : [ 40%] Meshing surface 267 (Plane, Frontal-Delaunay)
Info    : [ 40%] Meshing surface 268 (Plane, Frontal-Delaunay)
Info    : [ 40%] Meshing surface 269 (Plane, Frontal-Delaunay)
Info    : [ 40%] Meshing surface 270 (Plane, Frontal-Delaunay)
Info    : [ 40%] Meshing surface 271 (Plane, Frontal-Delaunay)
Info    : [ 40%] Meshing surface 272 (Plane, Frontal-Delaunay)
Info    : [ 40%] Meshing surface 273 (Plane, Frontal-Delaunay)
Info    : [ 40%] Meshing surface 274 (Plane, Frontal-Delaunay)
Info    : [ 40%] Meshing surface 275 (Plane, Frontal-Delaunay)
Info    : [ 40%] Meshing surface 276 (Plane, Frontal-Delaunay)
Info    : [ 40%] Meshing surface 277 (Plane, Frontal-Delaunay)
Info    : [ 40%] Meshing surface 278 (Plane, Frontal-Delaunay)
Info    : [ 40%] Meshing surface 279 (Plane, Frontal-Delaunay)
Info    : [ 40%] Meshing surface 280 (Plane, Frontal-Delaunay)
Info    : [ 40%] Meshing surface 281 (Plane, Frontal-Delaunay)
Info    : [ 40%] Meshing surface 282 (Plane, Frontal-Delaunay)
Info    : [ 40%] Meshing surface 283 (Plane, Frontal-Delaunay)
Info    : [ 40%] Meshing surface 284 (Plane, Frontal-Delaunay)
Info    : [ 40%] Meshing surface 285 (Plane, Frontal-Delaunay)
Info    : [ 40%] Meshing surface 286 (Plane, Frontal-Delaunay)
Info    : [ 40%] Meshing surface 287 (Plane, Frontal-Delaunay)
Info    : [ 40%] Meshing surface 288 (Plane, Frontal-Delaunay)
Info    : [ 40%] Meshing surface 289 (Plane, Frontal-Delaunay)
Info    : [ 40%] Meshing surface 290 (Plane, Frontal-Delaunay)
Info    : [ 40%] Meshing surface 291 (Plane, Frontal-Delaunay)
Info    : [ 40%] Meshing surface 292 (Plane, Frontal-Delaunay)
Info    : [ 40%] Meshing surface 293 (Plane, Frontal-Delaunay)
Info    : [ 40%] Meshing surface 294 (Plane, Frontal-Delaunay)
Info    : [ 40%] Meshing surface 295 (Plane, Frontal-Delaunay)
Info    : [ 40%] Meshing surface 296 (Plane, Frontal-Delaunay)
Info    : [ 40%] Meshing surface 297 (Plane, Frontal-Delaunay)
Info    : [ 40%] Meshing surface 298 (Cylinder, Frontal-Delaunay)
Info    : [ 40%] Meshing surface 299 (Cylinder, Frontal-Delaunay)
Info    : [ 40%] Meshing surface 300 (Cylinder, Frontal-Delaunay)
Info    : [ 40%] Meshing surface 301 (Cylinder, Frontal-Delaunay)
Info    : [ 40%] Meshing surface 302 (Plane, Frontal-Delaunay)
Info    : [ 40%] Meshing surface 303 (Plane, Frontal-Delaunay)
Info    : [ 40%] Meshing surface 304 (Plane, Frontal-Delaunay)
Info    : [ 50%] Meshing surface 305 (Plane, Frontal-Delaunay)
Info    : [ 50%] Meshing surface 306 (Plane, Frontal-Delaunay)
Info    : [ 50%] Meshing surface 307 (Plane, Frontal-Delaunay)
Info    : [ 50%] Meshing surface 308 (Plane, Frontal-Delaunay)
Info    : [ 50%] Meshing surface 309 (Plane, Frontal-Delaunay)
Info    : [ 50%] Meshing surface 310 (Plane, Frontal-Delaunay)
Info    : [ 50%] Meshing surface 311 (Plane, Frontal-Delaunay)
Info    : [ 50%] Meshing surface 312 (Plane, Frontal-Delaunay)
Info    : [ 50%] Meshing surface 313 (Plane, Frontal-Delaunay)
Info    : [ 50%] Meshing surface 314 (Plane, Frontal-Delaunay)
Info    : [ 50%] Meshing surface 315 (Plane, Frontal-Delaunay)
Info    : [ 50%] Meshing surface 316 (Plane, Frontal-Delaunay)
Info    : [ 50%] Meshing surface 317 (Plane, Frontal-Delaunay)
Info    : [ 50%] Meshing surface 318 (Plane, Frontal-Delaunay)
Info    : [ 50%] Meshing surface 319 (Plane, Frontal-Delaunay)
Info    : [ 50%] Meshing surface 320 (Plane, Frontal-Delaunay)
Info    : [ 50%] Meshing surface 321 (Plane, Frontal-Delaunay)
Info    : [ 50%] Meshing surface 322 (Plane, Frontal-Delaunay)
Info    : [ 50%] Meshing surface 323 (Plane, Frontal-Delaunay)
Info    : [ 50%] Meshing surface 324 (Plane, Frontal-Delaunay)
Info    : [ 50%] Meshing surface 325 (Plane, Frontal-Delaunay)
Info    : [ 50%] Meshing surface 326 (Plane, Frontal-Delaunay)
Info    : [ 50%] Meshing surface 327 (Plane, Frontal-Delaunay)
Info    : [ 50%] Meshing surface 328 (Plane, Frontal-Delaunay)
Info    : [ 50%] Meshing surface 329 (Plane, Frontal-Delaunay)
Info    : [ 50%] Meshing surface 330 (Plane, Frontal-Delaunay)
Info    : [ 50%] Meshing surface 331 (Plane, Frontal-Delaunay)
Info    : [ 50%] Meshing surface 332 (Plane, Frontal-Delaunay)
Info    : [ 50%] Meshing surface 333 (Plane, Frontal-Delaunay)
Info    : [ 50%] Meshing surface 334 (Plane, Frontal-Delaunay)
Info    : [ 50%] Meshing surface 335 (Plane, Frontal-Delaunay)
Info    : [ 50%] Meshing surface 336 (Plane, Frontal-Delaunay)
Info    : [ 50%] Meshing surface 337 (Plane, Frontal-Delaunay)
Info    : [ 50%] Meshing surface 338 (Plane, Frontal-Delaunay)
Info    : [ 50%] Meshing surface 339 (Plane, Frontal-Delaunay)
Info    : [ 50%] Meshing surface 340 (Plane, Frontal-Delaunay)
Info    : [ 50%] Meshing surface 341 (Plane, Frontal-Delaunay)
Info    : [ 50%] Meshing surface 342 (Plane, Frontal-Delaunay)
Info    : [ 50%] Meshing surface 343 (Plane, Frontal-Delaunay)
Info    : [ 50%] Meshing surface 344 (Plane, Frontal-Delaunay)
Info    : [ 50%] Meshing surface 345 (Plane, Frontal-Delaunay)
Info    : [ 50%] Meshing surface 346 (Plane, Frontal-Delaunay)
Info    : [ 50%] Meshing surface 347 (Plane, Frontal-Delaunay)
Info    : [ 50%] Meshing surface 348 (Plane, Frontal-Delaunay)
Info    : [ 50%] Meshing surface 349 (Plane, Frontal-Delaunay)
Info    : [ 50%] Meshing surface 350 (Plane, Frontal-Delaunay)
Info    : [ 50%] Meshing surface 351 (Plane, Frontal-Delaunay)
Info    : [ 50%] Meshing surface 352 (Plane, Frontal-Delaunay)
Info    : [ 50%] Meshing surface 353 (Plane, Frontal-Delaunay)
Info    : [ 50%] Meshing surface 354 (Plane, Frontal-Delaunay)
Info    : [ 50%] Meshing surface 355 (Plane, Frontal-Delaunay)
Info    : [ 50%] Meshing surface 356 (Plane, Frontal-Delaunay)
Info    : [ 50%] Meshing surface 357 (Plane, Frontal-Delaunay)
Info    : [ 50%] Meshing surface 358 (Plane, Frontal-Delaunay)
Info    : [ 50%] Meshing surface 359 (Plane, Frontal-Delaunay)
Info    : [ 50%] Meshing surface 360 (Plane, Frontal-Delaunay)
Info    : [ 50%] Meshing surface 361 (Plane, Frontal-Delaunay)
Info    : [ 50%] Meshing surface 362 (Plane, Frontal-Delaunay)
Info    : [ 50%] Meshing surface 363 (Plane, Frontal-Delaunay)
Info    : [ 50%] Meshing surface 364 (Plane, Frontal-Delaunay)
Info    : [ 50%] Meshing surface 365 (Plane, Frontal-Delaunay)
Info    : [ 50%] Meshing surface 366 (Plane, Frontal-Delaunay)
Info    : [ 50%] Meshing surface 367 (Plane, Frontal-Delaunay)
Info    : [ 50%] Meshing surface 368 (Plane, Frontal-Delaunay)
Info    : [ 50%] Meshing surface 369 (Plane, Frontal-Delaunay)
Info    : [ 50%] Meshing surface 370 (Plane, Frontal-Delaunay)
Info    : [ 50%] Meshing surface 371 (Plane, Frontal-Delaunay)
Info    : [ 50%] Meshing surface 372 (Plane, Frontal-Delaunay)
Info    : [ 50%] Meshing surface 373 (Plane, Frontal-Delaunay)
Info    : [ 50%] Meshing surface 374 (Plane, Frontal-Delaunay)
Info    : [ 50%] Meshing surface 375 (Plane, Frontal-Delaunay)
Info    : [ 50%] Meshing surface 376 (Plane, Frontal-Delaunay)
Info    : [ 50%] Meshing surface 377 (Plane, Frontal-Delaunay)
Info    : [ 50%] Meshing surface 378 (Plane, Frontal-Delaunay)
Info    : [ 50%] Meshing surface 379 (Plane, Frontal-Delaunay)
Info    : [ 50%] Meshing surface 380 (Plane, Frontal-Delaunay)
Info    : [ 60%] Meshing surface 381 (Plane, Frontal-Delaunay)
Info    : [ 60%] Meshing surface 382 (Plane, Frontal-Delaunay)
Info    : [ 60%] Meshing surface 383 (Plane, Frontal-Delaunay)
Info    : [ 60%] Meshing surface 384 (Plane, Frontal-Delaunay)
Info    : [ 60%] Meshing surface 385 (Plane, Frontal-Delaunay)
Info    : [ 60%] Meshing surface 386 (Plane, Frontal-Delaunay)
Info    : [ 60%] Meshing surface 387 (Plane, Frontal-Delaunay)
Info    : [ 60%] Meshing surface 388 (Plane, Frontal-Delaunay)
Info    : [ 60%] Meshing surface 389 (Plane, Frontal-Delaunay)
Info    : [ 60%] Meshing surface 390 (Plane, Frontal-Delaunay)
Info    : [ 60%] Meshing surface 391 (Plane, Frontal-Delaunay)
Info    : [ 60%] Meshing surface 392 (Plane, Frontal-Delaunay)
Info    : [ 60%] Meshing surface 393 (Plane, Frontal-Delaunay)
Info    : [ 60%] Meshing surface 394 (Plane, Frontal-Delaunay)
Info    : [ 60%] Meshing surface 395 (Plane, Frontal-Delaunay)
Info    : [ 60%] Meshing surface 396 (Plane, Frontal-Delaunay)
Info    : [ 60%] Meshing surface 397 (Plane, Frontal-Delaunay)
Info    : [ 60%] Meshing surface 398 (Plane, Frontal-Delaunay)
Info    : [ 60%] Meshing surface 399 (Plane, Frontal-Delaunay)
Info    : [ 60%] Meshing surface 400 (Plane, Frontal-Delaunay)
Info    : [ 60%] Meshing surface 401 (Plane, Frontal-Delaunay)
Info    : [ 60%] Meshing surface 402 (Plane, Frontal-Delaunay)
Info    : [ 60%] Meshing surface 403 (Plane, Frontal-Delaunay)
Info    : [ 60%] Meshing surface 404 (Plane, Frontal-Delaunay)
Info    : [ 60%] Meshing surface 405 (Plane, Frontal-Delaunay)
Info    : [ 60%] Meshing surface 406 (Plane, Frontal-Delaunay)
Info    : [ 60%] Meshing surface 407 (Plane, Frontal-Delaunay)
Info    : [ 60%] Meshing surface 408 (Plane, Frontal-Delaunay)
Info    : [ 60%] Meshing surface 409 (Plane, Frontal-Delaunay)
Info    : [ 60%] Meshing surface 410 (Plane, Frontal-Delaunay)
Info    : [ 60%] Meshing surface 411 (Plane, Frontal-Delaunay)
Info    : [ 60%] Meshing surface 412 (Plane, Frontal-Delaunay)
Info    : [ 60%] Meshing surface 413 (Plane, Frontal-Delaunay)
Info    : [ 60%] Meshing surface 414 (Plane, Frontal-Delaunay)
Info    : [ 60%] Meshing surface 415 (Plane, Frontal-Delaunay)
Info    : [ 60%] Meshing surface 416 (Plane, Frontal-Delaunay)
Info    : [ 60%] Meshing surface 417 (Plane, Frontal-Delaunay)
Info    : [ 60%] Meshing surface 418 (Plane, Frontal-Delaunay)
Info    : [ 60%] Meshing surface 419 (Plane, Frontal-Delaunay)
Info    : [ 60%] Meshing surface 420 (Plane, Frontal-Delaunay)
Info    : [ 60%] Meshing surface 421 (Plane, Frontal-Delaunay)
Info    : [ 60%] Meshing surface 422 (Plane, Frontal-Delaunay)
Info    : [ 60%] Meshing surface 423 (Plane, Frontal-Delaunay)
Info    : [ 60%] Meshing surface 424 (Plane, Frontal-Delaunay)
Info    : [ 60%] Meshing surface 425 (Plane, Frontal-Delaunay)
Info    : [ 60%] Meshing surface 426 (Plane, Frontal-Delaunay)
Info    : [ 60%] Meshing surface 427 (Plane, Frontal-Delaunay)
Info    : [ 60%] Meshing surface 428 (Plane, Frontal-Delaunay)
Info    : [ 60%] Meshing surface 429 (Plane, Frontal-Delaunay)
Info    : [ 60%] Meshing surface 430 (Plane, Frontal-Delaunay)
Info    : [ 60%] Meshing surface 431 (Plane, Frontal-Delaunay)
Info    : [ 60%] Meshing surface 432 (Plane, Frontal-Delaunay)
Info    : [ 60%] Meshing surface 433 (Plane, Frontal-Delaunay)
Info    : [ 60%] Meshing surface 434 (Plane, Frontal-Delaunay)
Info    : [ 60%] Meshing surface 435 (Plane, Frontal-Delaunay)
Info    : [ 60%] Meshing surface 436 (Plane, Frontal-Delaunay)
Info    : [ 60%] Meshing surface 437 (Plane, Frontal-Delaunay)
Info    : [ 60%] Meshing surface 438 (Plane, Frontal-Delaunay)
Info    : [ 60%] Meshing surface 439 (Plane, Frontal-Delaunay)
Info    : [ 60%] Meshing surface 440 (Plane, Frontal-Delaunay)
Info    : [ 60%] Meshing surface 441 (Plane, Frontal-Delaunay)
Info    : [ 60%] Meshing surface 442 (Plane, Frontal-Delaunay)
Info    : [ 60%] Meshing surface 443 (Plane, Frontal-Delaunay)
Info    : [ 60%] Meshing surface 444 (Plane, Frontal-Delaunay)
Info    : [ 60%] Meshing surface 445 (Plane, Frontal-Delaunay)
Info    : [ 60%] Meshing surface 446 (Plane, Frontal-Delaunay)
Info    : [ 60%] Meshing surface 447 (Plane, Frontal-Delaunay)
Info    : [ 60%] Meshing surface 448 (Plane, Frontal-Delaunay)
Info    : [ 60%] Meshing surface 449 (Plane, Frontal-Delaunay)
Info    : [ 60%] Meshing surface 450 (Plane, Frontal-Delaunay)
Info    : [ 60%] Meshing surface 451 (Plane, Frontal-Delaunay)
Info    : [ 60%] Meshing surface 452 (Plane, Frontal-Delaunay)
Info    : [ 60%] Meshing surface 453 (Plane, Frontal-Delaunay)
Info    : [ 60%] Meshing surface 454 (Plane, Frontal-Delaunay)
Info    : [ 60%] Meshing surface 455 (Plane, Frontal-Delaunay)
Info    : [ 60%] Meshing surface 456 (Plane, Frontal-Delaunay)
Info    : [ 70%] Meshing surface 457 (Plane, Frontal-Delaunay)
Info    : [ 70%] Meshing surface 458 (Plane, Frontal-Delaunay)
Info    : [ 70%] Meshing surface 459 (Plane, Frontal-Delaunay)
Info    : [ 70%] Meshing surface 460 (Plane, Frontal-Delaunay)
Info    : [ 70%] Meshing surface 461 (Plane, Frontal-Delaunay)
Info    : [ 70%] Meshing surface 462 (Plane, Frontal-Delaunay)
Info    : [ 70%] Meshing surface 463 (Cylinder, Frontal-Delaunay)
Info    : [ 70%] Meshing surface 464 (Plane, Frontal-Delaunay)
Info    : [ 70%] Meshing surface 465 (Plane, Frontal-Delaunay)
Info    : [ 70%] Meshing surface 466 (Plane, Frontal-Delaunay)
Info    : [ 70%] Meshing surface 467 (Plane, Frontal-Delaunay)
Info    : [ 70%] Meshing surface 468 (Cylinder, Frontal-Delaunay)
Info    : [ 70%] Meshing surface 469 (Plane, Frontal-Delaunay)
Info    : [ 70%] Meshing surface 470 (Cylinder, Frontal-Delaunay)
Info    : [ 70%] Meshing surface 471 (Plane, Frontal-Delaunay)
Info    : [ 70%] Meshing surface 472 (Plane, Frontal-Delaunay)
Info    : [ 70%] Meshing surface 473 (Plane, Frontal-Delaunay)
Info    : [ 70%] Meshing surface 474 (Cylinder, Frontal-Delaunay)
Info    : [ 70%] Meshing surface 475 (Cylinder, Frontal-Delaunay)
Info    : [ 70%] Meshing surface 476 (Cylinder, Frontal-Delaunay)
Info    : [ 70%] Meshing surface 477 (Plane, Frontal-Delaunay)
Info    : [ 70%] Meshing surface 478 (Cylinder, Frontal-Delaunay)
Info    : [ 70%] Meshing surface 479 (Cylinder, Frontal-Delaunay)
Info    : [ 70%] Meshing surface 480 (Plane, Frontal-Delaunay)
Info    : [ 70%] Meshing surface 481 (Cylinder, Frontal-Delaunay)
Info    : [ 70%] Meshing surface 482 (Plane, Frontal-Delaunay)
Info    : [ 70%] Meshing surface 483 (Plane, Frontal-Delaunay)
Info    : [ 70%] Meshing surface 484 (Plane, Frontal-Delaunay)
Info    : [ 70%] Meshing surface 485 (Plane, Frontal-Delaunay)
Info    : [ 70%] Meshing surface 486 (Plane, Frontal-Delaunay)
Info    : [ 70%] Meshing surface 487 (Plane, Frontal-Delaunay)
Info    : [ 70%] Meshing surface 488 (Plane, Frontal-Delaunay)
Info    : [ 70%] Meshing surface 489 (Plane, Frontal-Delaunay)
Info    : [ 70%] Meshing surface 490 (Plane, Frontal-Delaunay)
Info    : [ 70%] Meshing surface 491 (Plane, Frontal-Delaunay)
Info    : [ 70%] Meshing surface 492 (Plane, Frontal-Delaunay)
Info    : [ 70%] Meshing surface 493 (Plane, Frontal-Delaunay)
Info    : [ 70%] Meshing surface 494 (Plane, Frontal-Delaunay)
Info    : [ 70%] Meshing surface 495 (Plane, Frontal-Delaunay)
Info    : [ 70%] Meshing surface 496 (Plane, Frontal-Delaunay)
Info    : [ 70%] Meshing surface 497 (Plane, Frontal-Delaunay)
Info    : [ 70%] Meshing surface 498 (Plane, Frontal-Delaunay)
Info    : [ 70%] Meshing surface 499 (Plane, Frontal-Delaunay)
Info    : [ 70%] Meshing surface 500 (Plane, Frontal-Delaunay)
Info    : [ 70%] Meshing surface 501 (Plane, Frontal-Delaunay)
Info    : [ 70%] Meshing surface 502 (Plane, Frontal-Delaunay)
Info    : [ 70%] Meshing surface 503 (Cylinder, Frontal-Delaunay)
Info    : [ 70%] Meshing surface 504 (Plane, Frontal-Delaunay)
Info    : [ 70%] Meshing surface 505 (Plane, Frontal-Delaunay)
Info    : [ 70%] Meshing surface 506 (Cylinder, Frontal-Delaunay)
Info    : [ 70%] Meshing surface 507 (Plane, Frontal-Delaunay)
Info    : [ 70%] Meshing surface 508 (Plane, Frontal-Delaunay)
Info    : [ 70%] Meshing surface 509 (Plane, Frontal-Delaunay)
Info    : [ 70%] Meshing surface 510 (Plane, Frontal-Delaunay)
Info    : [ 70%] Meshing surface 511 (Cylinder, Frontal-Delaunay)
Info    : [ 70%] Meshing surface 512 (Cylinder, Frontal-Delaunay)
Info    : [ 70%] Meshing surface 513 (Cylinder, Frontal-Delaunay)
Info    : [ 70%] Meshing surface 514 (Plane, Frontal-Delaunay)
Info    : [ 70%] Meshing surface 515 (Cylinder, Frontal-Delaunay)
Info    : [ 70%] Meshing surface 516 (Plane, Frontal-Delaunay)
Info    : [ 70%] Meshing surface 517 (Plane, Frontal-Delaunay)
Info    : [ 70%] Meshing surface 518 (Plane, Frontal-Delaunay)
Info    : [ 70%] Meshing surface 519 (Plane, Frontal-Delaunay)
Info    : [ 70%] Meshing surface 520 (Plane, Frontal-Delaunay)
Info    : [ 70%] Meshing surface 521 (Cylinder, Frontal-Delaunay)
Info    : [ 70%] Meshing surface 522 (Plane, Frontal-Delaunay)
Info    : [ 70%] Meshing surface 523 (Plane, Frontal-Delaunay)
Info    : [ 70%] Meshing surface 524 (Plane, Frontal-Delaunay)
Info    : [ 70%] Meshing surface 525 (Plane, Frontal-Delaunay)
Info    : [ 70%] Meshing surface 526 (Plane, Frontal-Delaunay)
Info    : [ 70%] Meshing surface 527 (Cylinder, Frontal-Delaunay)
Info    : [ 70%] Meshing surface 528 (Plane, Frontal-Delaunay)
Info    : [ 70%] Meshing surface 529 (Cylinder, Frontal-Delaunay)
Info    : [ 70%] Meshing surface 530 (Plane, Frontal-Delaunay)
Info    : [ 70%] Meshing surface 531 (Plane, Frontal-Delaunay)
Info    : [ 70%] Meshing surface 532 (Plane, Frontal-Delaunay)
Info    : [ 80%] Meshing surface 533 (Cylinder, Frontal-Delaunay)
Info    : [ 80%] Meshing surface 534 (Plane, Frontal-Delaunay)
Info    : [ 80%] Meshing surface 535 (Plane, Frontal-Delaunay)
Info    : [ 80%] Meshing surface 536 (Cylinder, Frontal-Delaunay)
Info    : [ 80%] Meshing surface 537 (Plane, Frontal-Delaunay)
Info    : [ 80%] Meshing surface 538 (Cylinder, Frontal-Delaunay)
Info    : [ 80%] Meshing surface 539 (Plane, Frontal-Delaunay)
Info    : [ 80%] Meshing surface 540 (Cylinder, Frontal-Delaunay)
Info    : [ 80%] Meshing surface 541 (Plane, Frontal-Delaunay)
Info    : [ 80%] Meshing surface 542 (Plane, Frontal-Delaunay)
Info    : [ 80%] Meshing surface 543 (Cylinder, Frontal-Delaunay)
Info    : [ 80%] Meshing surface 544 (Plane, Frontal-Delaunay)
Info    : [ 80%] Meshing surface 545 (Plane, Frontal-Delaunay)
Info    : [ 80%] Meshing surface 546 (Plane, Frontal-Delaunay)
Info    : [ 80%] Meshing surface 547 (Plane, Frontal-Delaunay)
Info    : [ 80%] Meshing surface 548 (Plane, Frontal-Delaunay)
Info    : [ 80%] Meshing surface 549 (Plane, Frontal-Delaunay)
Info    : [ 80%] Meshing surface 550 (Plane, Frontal-Delaunay)
Info    : [ 80%] Meshing surface 551 (Plane, Frontal-Delaunay)
Info    : [ 80%] Meshing surface 552 (Plane, Frontal-Delaunay)
Info    : [ 80%] Meshing surface 553 (Plane, Frontal-Delaunay)
Info    : [ 80%] Meshing surface 554 (Plane, Frontal-Delaunay)
Info    : [ 80%] Meshing surface 555 (Plane, Frontal-Delaunay)
Info    : [ 80%] Meshing surface 556 (Cylinder, Frontal-Delaunay)
Info    : [ 80%] Meshing surface 557 (Plane, Frontal-Delaunay)
Info    : [ 80%] Meshing surface 558 (Plane, Frontal-Delaunay)
Info    : [ 80%] Meshing surface 559 (Plane, Frontal-Delaunay)
Info    : [ 80%] Meshing surface 560 (Plane, Frontal-Delaunay)
Info    : [ 80%] Meshing surface 561 (Plane, Frontal-Delaunay)
Info    : [ 80%] Meshing surface 562 (Cylinder, Frontal-Delaunay)
Info    : [ 80%] Meshing surface 563 (Plane, Frontal-Delaunay)
Info    : [ 80%] Meshing surface 564 (Plane, Frontal-Delaunay)
Info    : [ 80%] Meshing surface 565 (Cylinder, Frontal-Delaunay)
Info    : [ 80%] Meshing surface 566 (Plane, Frontal-Delaunay)
Info    : [ 80%] Meshing surface 567 (Plane, Frontal-Delaunay)
Info    : [ 80%] Meshing surface 568 (Plane, Frontal-Delaunay)
Info    : [ 80%] Meshing surface 569 (Cylinder, Frontal-Delaunay)
Info    : [ 80%] Meshing surface 570 (Plane, Frontal-Delaunay)
Info    : [ 80%] Meshing surface 571 (Plane, Frontal-Delaunay)
Info    : [ 80%] Meshing surface 572 (Cylinder, Frontal-Delaunay)
Info    : [ 80%] Meshing surface 573 (Plane, Frontal-Delaunay)
Info    : [ 80%] Meshing surface 574 (Plane, Frontal-Delaunay)
Info    : [ 80%] Meshing surface 575 (Plane, Frontal-Delaunay)
Info    : [ 80%] Meshing surface 576 (Plane, Frontal-Delaunay)
Info    : [ 80%] Meshing surface 577 (Plane, Frontal-Delaunay)
Info    : [ 80%] Meshing surface 578 (Plane, Frontal-Delaunay)
Info    : [ 80%] Meshing surface 579 (Plane, Frontal-Delaunay)
Info    : [ 80%] Meshing surface 580 (Plane, Frontal-Delaunay)
Info    : [ 80%] Meshing surface 581 (Plane, Frontal-Delaunay)
Info    : [ 80%] Meshing surface 582 (Plane, Frontal-Delaunay)
Info    : [ 80%] Meshing surface 583 (Plane, Frontal-Delaunay)
Info    : [ 80%] Meshing surface 584 (Cylinder, Frontal-Delaunay)
Info    : [ 80%] Meshing surface 585 (Plane, Frontal-Delaunay)
Info    : [ 80%] Meshing surface 586 (Plane, Frontal-Delaunay)
Info    : [ 80%] Meshing surface 587 (Cylinder, Frontal-Delaunay)
Info    : [ 80%] Meshing surface 588 (Plane, Frontal-Delaunay)
Info    : [ 80%] Meshing surface 589 (Cylinder, Frontal-Delaunay)
Info    : [ 80%] Meshing surface 590 (Plane, Frontal-Delaunay)
Info    : [ 80%] Meshing surface 591 (Cylinder, Frontal-Delaunay)
Info    : [ 80%] Meshing surface 592 (Plane, Frontal-Delaunay)
Info    : [ 80%] Meshing surface 593 (Plane, Frontal-Delaunay)
Info    : [ 80%] Meshing surface 594 (Cylinder, Frontal-Delaunay)
Info    : [ 80%] Meshing surface 595 (Plane, Frontal-Delaunay)
Info    : [ 80%] Meshing surface 596 (Plane, Frontal-Delaunay)
Info    : [ 80%] Meshing surface 597 (Plane, Frontal-Delaunay)
Info    : [ 80%] Meshing surface 598 (Plane, Frontal-Delaunay)
Info    : [ 80%] Meshing surface 599 (Plane, Frontal-Delaunay)
Info    : [ 80%] Meshing surface 600 (Plane, Frontal-Delaunay)
Info    : [ 80%] Meshing surface 601 (Plane, Frontal-Delaunay)
Info    : [ 80%] Meshing surface 602 (Plane, Frontal-Delaunay)
Info    : [ 80%] Meshing surface 603 (Plane, Frontal-Delaunay)
Info    : [ 80%] Meshing surface 604 (Cylinder, Frontal-Delaunay)
Info    : [ 80%] Meshing surface 605 (Plane, Frontal-Delaunay)
Info    : [ 80%] Meshing surface 606 (Plane, Frontal-Delaunay)
Info    : [ 80%] Meshing surface 607 (Plane, Frontal-Delaunay)
Info    : [ 80%] Meshing surface 608 (Plane, Frontal-Delaunay)
Info    : [ 90%] Meshing surface 609 (Plane, Frontal-Delaunay)
Info    : [ 90%] Meshing surface 610 (Plane, Frontal-Delaunay)
Info    : [ 90%] Meshing surface 611 (Plane, Frontal-Delaunay)
Info    : [ 90%] Meshing surface 612 (Plane, Frontal-Delaunay)
Info    : [ 90%] Meshing surface 613 (Plane, Frontal-Delaunay)
Info    : [ 90%] Meshing surface 614 (Plane, Frontal-Delaunay)
Info    : [ 90%] Meshing surface 615 (Plane, Frontal-Delaunay)
Info    : [ 90%] Meshing surface 616 (Plane, Frontal-Delaunay)
Info    : [ 90%] Meshing surface 617 (Cylinder, Frontal-Delaunay)
Info    : [ 90%] Meshing surface 618 (Plane, Frontal-Delaunay)
Info    : [ 90%] Meshing surface 619 (Plane, Frontal-Delaunay)
Info    : [ 90%] Meshing surface 620 (Cylinder, Frontal-Delaunay)
Info    : [ 90%] Meshing surface 621 (Plane, Frontal-Delaunay)
Info    : [ 90%] Meshing surface 622 (Plane, Frontal-Delaunay)
Info    : [ 90%] Meshing surface 623 (Plane, Frontal-Delaunay)
Info    : [ 90%] Meshing surface 624 (Plane, Frontal-Delaunay)
Info    : [ 90%] Meshing surface 625 (Plane, Frontal-Delaunay)
Info    : [ 90%] Meshing surface 626 (Plane, Frontal-Delaunay)
Info    : [ 90%] Meshing surface 627 (Plane, Frontal-Delaunay)
Info    : [ 90%] Meshing surface 628 (Plane, Frontal-Delaunay)
Info    : [ 90%] Meshing surface 629 (Plane, Frontal-Delaunay)
Info    : [ 90%] Meshing surface 630 (Plane, Frontal-Delaunay)
Info    : [ 90%] Meshing surface 631 (Plane, Frontal-Delaunay)
Info    : [ 90%] Meshing surface 632 (Plane, Frontal-Delaunay)
Info    : [ 90%] Meshing surface 633 (Plane, Frontal-Delaunay)
Info    : [ 90%] Meshing surface 634 (Plane, Frontal-Delaunay)
Info    : [ 90%] Meshing surface 635 (Plane, Frontal-Delaunay)
Info    : [ 90%] Meshing surface 636 (Plane, Frontal-Delaunay)
Info    : [ 90%] Meshing surface 637 (Plane, Frontal-Delaunay)
Info    : [ 90%] Meshing surface 638 (Plane, Frontal-Delaunay)
Info    : [ 90%] Meshing surface 639 (Cylinder, Frontal-Delaunay)
Info    : [ 90%] Meshing surface 640 (Cylinder, Frontal-Delaunay)
Info    : [ 90%] Meshing surface 641 (Cylinder, Frontal-Delaunay)
Info    : [ 90%] Meshing surface 642 (Plane, Frontal-Delaunay)
Info    : [ 90%] Meshing surface 643 (Cylinder, Frontal-Delaunay)
Info    : [ 90%] Meshing surface 644 (Plane, Frontal-Delaunay)
Info    : [ 90%] Meshing surface 645 (Plane, Frontal-Delaunay)
Info    : [ 90%] Meshing surface 646 (Plane, Frontal-Delaunay)
Info    : [ 90%] Meshing surface 647 (Plane, Frontal-Delaunay)
Info    : [ 90%] Meshing surface 648 (Cylinder, Frontal-Delaunay)
Info    : [ 90%] Meshing surface 649 (Cylinder, Frontal-Delaunay)
Info    : [ 90%] Meshing surface 650 (Plane, Frontal-Delaunay)
Info    : [ 90%] Meshing surface 651 (Plane, Frontal-Delaunay)
Info    : [ 90%] Meshing surface 652 (Plane, Frontal-Delaunay)
Info    : [ 90%] Meshing surface 653 (Plane, Frontal-Delaunay)
Info    : [ 90%] Meshing surface 654 (Plane, Frontal-Delaunay)
Info    : [ 90%] Meshing surface 655 (Plane, Frontal-Delaunay)
Info    : [ 90%] Meshing surface 656 (Plane, Frontal-Delaunay)
Info    : [ 90%] Meshing surface 657 (Plane, Frontal-Delaunay)
Info    : [ 90%] Meshing surface 658 (Plane, Frontal-Delaunay)
Info    : [ 90%] Meshing surface 659 (Plane, Frontal-Delaunay)
Info    : [ 90%] Meshing surface 660 (Plane, Frontal-Delaunay)
Info    : [ 90%] Meshing surface 661 (Plane, Frontal-Delaunay)
Info    : [ 90%] Meshing surface 662 (Plane, Frontal-Delaunay)
Info    : [ 90%] Meshing surface 663 (Plane, Frontal-Delaunay)
Info    : [ 90%] Meshing surface 664 (Plane, Frontal-Delaunay)
Info    : [ 90%] Meshing surface 665 (Plane, Frontal-Delaunay)
Info    : [ 90%] Meshing surface 666 (Plane, Frontal-Delaunay)
Info    : [ 90%] Meshing surface 667 (Plane, Frontal-Delaunay)
Info    : [ 90%] Meshing surface 668 (Plane, Frontal-Delaunay)
Info    : [ 90%] Meshing surface 669 (Cylinder, Frontal-Delaunay)
Info    : [ 90%] Meshing surface 670 (Plane, Frontal-Delaunay)
Info    : [ 90%] Meshing surface 671 (Cylinder, Frontal-Delaunay)
Info    : [ 90%] Meshing surface 672 (Plane, Frontal-Delaunay)
Info    : [ 90%] Meshing surface 673 (Plane, Frontal-Delaunay)
Info    : [ 90%] Meshing surface 674 (Plane, Frontal-Delaunay)
Info    : [ 90%] Meshing surface 675 (Plane, Frontal-Delaunay)
Info    : [ 90%] Meshing surface 676 (Plane, Frontal-Delaunay)
Info    : [ 90%] Meshing surface 677 (Plane, Frontal-Delaunay)
Info    : [ 90%] Meshing surface 678 (Plane, Frontal-Delaunay)
Info    : [ 90%] Meshing surface 679 (Plane, Frontal-Delaunay)
Info    : [ 90%] Meshing surface 680 (Plane, Frontal-Delaunay)
Info    : [ 90%] Meshing surface 681 (Plane, Frontal-Delaunay)
Info    : [ 90%] Meshing surface 682 (Plane, Frontal-Delaunay)
Info    : [ 90%] Meshing surface 683 (Plane, Frontal-Delaunay)
Info    : [ 90%] Meshing surface 684 (Plane, Frontal-Delaunay)
Info    : [100%] Meshing surface 685 (Plane, Frontal-Delaunay)
Info    : [100%] Meshing surface 686 (Plane, Frontal-Delaunay)
Info    : [100%] Meshing surface 687 (Plane, Frontal-Delaunay)
Info    : [100%] Meshing surface 688 (Plane, Frontal-Delaunay)
Info    : [100%] Meshing surface 689 (Plane, Frontal-Delaunay)
Info    : [100%] Meshing surface 690 (Plane, Frontal-Delaunay)
Info    : [100%] Meshing surface 691 (Plane, Frontal-Delaunay)
Info    : [100%] Meshing surface 692 (Plane, Frontal-Delaunay)
Info    : [100%] Meshing surface 693 (Plane, Frontal-Delaunay)
Info    : [100%] Meshing surface 694 (Plane, Frontal-Delaunay)
Info    : [100%] Meshing surface 695 (Plane, Frontal-Delaunay)
Info    : [100%] Meshing surface 696 (Plane, Frontal-Delaunay)
Info    : [100%] Meshing surface 697 (Plane, Frontal-Delaunay)
Info    : [100%] Meshing surface 698 (Plane, Frontal-Delaunay)
Info    : [100%] Meshing surface 699 (Cylinder, Frontal-Delaunay)
Info    : [100%] Meshing surface 700 (Plane, Frontal-Delaunay)
Info    : [100%] Meshing surface 701 (Plane, Frontal-Delaunay)
Info    : [100%] Meshing surface 702 (Plane, Frontal-Delaunay)
Info    : [100%] Meshing surface 703 (Plane, Frontal-Delaunay)
Info    : [100%] Meshing surface 704 (Cylinder, Frontal-Delaunay)
Info    : [100%] Meshing surface 705 (Plane, Frontal-Delaunay)
Info    : [100%] Meshing surface 706 (Plane, Frontal-Delaunay)
Info    : [100%] Meshing surface 707 (Plane, Frontal-Delaunay)
Info    : [100%] Meshing surface 708 (Plane, Frontal-Delaunay)
Info    : [100%] Meshing surface 709 (Plane, Frontal-Delaunay)
Info    : [100%] Meshing surface 710 (Plane, Frontal-Delaunay)
Info    : [100%] Meshing surface 711 (Plane, Frontal-Delaunay)
Info    : [100%] Meshing surface 712 (Plane, Frontal-Delaunay)
Info    : [100%] Meshing surface 713 (Plane, Frontal-Delaunay)
Info    : [100%] Meshing surface 714 (Plane, Frontal-Delaunay)
Info    : [100%] Meshing surface 715 (Plane, Frontal-Delaunay)
Info    : [100%] Meshing surface 716 (Plane, Frontal-Delaunay)
Info    : [100%] Meshing surface 717 (Plane, Frontal-Delaunay)
Info    : [100%] Meshing surface 718 (Plane, Frontal-Delaunay)
Info    : [100%] Meshing surface 719 (Plane, Frontal-Delaunay)
Info    : [100%] Meshing surface 720 (Plane, Frontal-Delaunay)
Info    : [100%] Meshing surface 721 (Plane, Frontal-Delaunay)
Info    : [100%] Meshing surface 722 (Plane, Frontal-Delaunay)
Info    : [100%] Meshing surface 723 (Plane, Frontal-Delaunay)
Info    : [100%] Meshing surface 724 (Plane, Frontal-Delaunay)
Info    : [100%] Meshing surface 725 (Plane, Frontal-Delaunay)
Info    : [100%] Meshing surface 726 (Plane, Frontal-Delaunay)
Info    : [100%] Meshing surface 727 (Plane, Frontal-Delaunay)
Info    : [100%] Meshing surface 728 (Plane, Frontal-Delaunay)
Info    : [100%] Meshing surface 729 (Plane, Frontal-Delaunay)
Info    : [100%] Meshing surface 730 (Cylinder, Frontal-Delaunay)
Info    : [100%] Meshing surface 731 (Plane, Frontal-Delaunay)
Info    : [100%] Meshing surface 732 (Plane, Frontal-Delaunay)
Info    : [100%] Meshing surface 733 (Cylinder, Frontal-Delaunay)
Info    : [100%] Meshing surface 734 (Plane, Frontal-Delaunay)
Info    : [100%] Meshing surface 735 (Plane, Frontal-Delaunay)
Info    : [100%] Meshing surface 736 (Plane, Frontal-Delaunay)
Info    : [100%] Meshing surface 737 (Plane, Frontal-Delaunay)
Info    : [100%] Meshing surface 738 (Plane, Frontal-Delaunay)
Info    : [100%] Meshing surface 739 (Plane, Frontal-Delaunay)
Info    : [100%] Meshing surface 740 (Plane, Frontal-Delaunay)
Info    : [100%] Meshing surface 741 (Plane, Frontal-Delaunay)
Info    : [100%] Meshing surface 742 (Plane, Frontal-Delaunay)
Info    : [100%] Meshing surface 743 (Plane, Frontal-Delaunay)
Info    : [100%] Meshing surface 744 (Plane, Frontal-Delaunay)
Info    : [100%] Meshing surface 745 (Plane, Frontal-Delaunay)
Info    : [100%] Meshing surface 746 (Plane, Frontal-Delaunay)
Info    : [100%] Meshing surface 747 (Plane, Frontal-Delaunay)
Info    : [100%] Meshing surface 748 (Plane, Frontal-Delaunay)
Info    : [100%] Meshing surface 749 (Plane, Frontal-Delaunay)
Info    : [100%] Meshing surface 750 (Plane, Frontal-Delaunay)
Info    : [100%] Meshing surface 751 (Plane, Frontal-Delaunay)
Info    : [100%] Meshing surface 752 (Plane, Frontal-Delaunay)
Info    : [100%] Meshing surface 753 (Plane, Frontal-Delaunay)
Info    : [100%] Meshing surface 754 (Plane, Frontal-Delaunay)
Info    : [100%] Meshing surface 755 (Plane, Frontal-Delaunay)
Info    : [100%] Meshing surface 756 (Plane, Frontal-Delaunay)
Info    : [100%] Meshing surface 757 (Plane, Frontal-Delaunay)
Info    : [100%] Meshing surface 758 (Plane, Frontal-Delaunay)
Info    : [100%] Meshing surface 759 (Cylinder, Frontal-Delaunay)
Info    : [100%] Meshing surface 760 (Cylinder, Frontal-Delaunay)
Info    : Done meshing 2D (Wall 1.59427s, CPU 1.4586s)
Info    : Meshing 3D...
Info    : 3D Meshing 1 volume with 1 connected component
Info    : Tetrahedrizing 26057 nodes...
Info    : Done tetrahedrizing 26065 nodes (Wall 0.192165s, CPU 0.18418s)
Info    : Reconstructing mesh...
Info    :  - Creating surface mesh
Info    :  - Identifying boundary edges
Info    :  - Recovering boundary
Info    :  - Added 1 Steiner point
Info    : Done reconstructing mesh (Wall 0.544798s, CPU 0.511386s)
Info    : Found volume 1
Info    : Found void region
Info    : It. 0 - 0 nodes created - worst tet radius 15.9102 (nodes removed 0 0)
Info    : It. 500 - 425 nodes created - worst tet radius 1.12508 (nodes removed 9 66)
Info    : 3D refinement terminated (26746 nodes total):
Info    :  - 13 Delaunay cavities modified for star shapeness
Info    :  - 115 nodes could not be inserted
Info    :  - 75938 tetrahedra created in 0.0373891 sec. (2031018 tets/s)
Info    : 35 node relocations
Info    : Done meshing 3D (Wall 1.05273s, CPU 0.991035s)
Info    : Optimizing mesh...
Info    : Optimizing volume 1
Info    : Optimization starts (volume = 201706) with worst = 0.000611034 / average = 0.71079:
Info    : 0.00 < quality < 0.10 :       966 elements
Info    : 0.10 < quality < 0.20 :       856 elements
Info    : 0.20 < quality < 0.30 :       804 elements
Info    : 0.30 < quality < 0.40 :      1257 elements
Info    : 0.40 < quality < 0.50 :      2772 elements
Info    : 0.50 < quality < 0.60 :      8722 elements
Info    : 0.60 < quality < 0.70 :     16570 elements
Info    : 0.70 < quality < 0.80 :     18382 elements
Info    : 0.80 < quality < 0.90 :     17904 elements
Info    : 0.90 < quality < 1.00 :      7705 elements
Info    : 1745 edge swaps, 33 node relocations (volume = 201706): worst = 0.000674534 / average = 0.722916 (Wall 0.0241527s, CPU 0.023597s)
Info    : 1823 edge swaps, 49 node relocations (volume = 201706): worst = 0.000674534 / average = 0.723089 (Wall 0.0330404s, CPU 0.032423s)
Warning : 3 ill-shaped tets are still in the mesh
Info    : 0.00 < quality < 0.10 :       482 elements
Info    : 0.10 < quality < 0.20 :       302 elements
Info    : 0.20 < quality < 0.30 :       139 elements
Info    : 0.30 < quality < 0.40 :      1245 elements
Info    : 0.40 < quality < 0.50 :      2746 elements
Info    : 0.50 < quality < 0.60 :      8663 elements
Info    : 0.60 < quality < 0.70 :     16535 elements
Info    : 0.70 < quality < 0.80 :     18568 elements
Info    : 0.80 < quality < 0.90 :     17977 elements
Info    : 0.90 < quality < 1.00 :      7676 elements
Info    : Done optimizing mesh (Wall 0.0832009s, CPU 0.077907s)
Info    : 26746 nodes 140043 elements
Warning : ------------------------------
Warning : Mesh generation error summary
Warning :     1 warning
Warning :     0 errors
Warning : Check the full log for details
Warning : ------------------------------
Info    : Meshing order 2 (curvilinear on)...
Info    : [  0%] Meshing curve 1 order 2
Info    : [ 10%] Meshing curve 2 order 2
Info    : [ 10%] Meshing curve 3 order 2
Info    : [ 10%] Meshing curve 4 order 2
Info    : [ 10%] Meshing curve 5 order 2
Info    : [ 10%] Meshing curve 6 order 2
Info    : [ 10%] Meshing curve 7 order 2
Info    : [ 10%] Meshing curve 8 order 2
Info    : [ 10%] Meshing curve 9 order 2
Info    : [ 10%] Meshing curve 10 order 2
Info    : [ 10%] Meshing curve 11 order 2
Info    : [ 10%] Meshing curve 12 order 2
Info    : [ 10%] Meshing curve 13 order 2
Info    : [ 10%] Meshing curve 14 order 2
Info    : [ 10%] Meshing curve 15 order 2
Info    : [ 10%] Meshing curve 16 order 2
Info    : [ 10%] Meshing curve 17 order 2
Info    : [ 10%] Meshing curve 18 order 2
Info    : [ 10%] Meshing curve 19 order 2
Info    : [ 10%] Meshing curve 20 order 2
Info    : [ 10%] Meshing curve 21 order 2
Info    : [ 10%] Meshing curve 22 order 2
Info    : [ 10%] Meshing curve 23 order 2
Info    : [ 10%] Meshing curve 24 order 2
Info    : [ 10%] Meshing curve 25 order 2
Info    : [ 10%] Meshing curve 26 order 2
Info    : [ 10%] Meshing curve 27 order 2
Info    : [ 10%] Meshing curve 28 order 2
Info    : [ 10%] Meshing curve 29 order 2
Info    : [ 10%] Meshing curve 30 order 2
Info    : [ 10%] Meshing curve 31 order 2
Info    : [ 10%] Meshing curve 32 order 2
Info    : [ 10%] Meshing curve 33 order 2
Info    : [ 10%] Meshing curve 34 order 2
Info    : [ 10%] Meshing curve 35 order 2
Info    : [ 10%] Meshing curve 36 order 2
Info    : [ 10%] Meshing curve 37 order 2
Info    : [ 10%] Meshing curve 38 order 2
Info    : [ 10%] Meshing curve 39 order 2
Info    : [ 10%] Meshing curve 40 order 2
Info    : [ 10%] Meshing curve 41 order 2
Info    : [ 10%] Meshing curve 42 order 2
Info    : [ 10%] Meshing curve 43 order 2
Info    : [ 10%] Meshing curve 44 order 2
Info    : [ 10%] Meshing curve 45 order 2
Info    : [ 10%] Meshing curve 46 order 2
Info    : [ 10%] Meshing curve 47 order 2
Info    : [ 10%] Meshing curve 48 order 2
Info    : [ 10%] Meshing curve 49 order 2
Info    : [ 10%] Meshing curve 50 order 2
Info    : [ 10%] Meshing curve 51 order 2
Info    : [ 10%] Meshing curve 52 order 2
Info    : [ 10%] Meshing curve 53 order 2
Info    : [ 10%] Meshing curve 54 order 2
Info    : [ 10%] Meshing curve 55 order 2
Info    : [ 10%] Meshing curve 56 order 2
Info    : [ 10%] Meshing curve 57 order 2
Info    : [ 10%] Meshing curve 58 order 2
Info    : [ 10%] Meshing curve 59 order 2
Info    : [ 10%] Meshing curve 60 order 2
Info    : [ 10%] Meshing curve 61 order 2
Info    : [ 10%] Meshing curve 62 order 2
Info    : [ 10%] Meshing curve 63 order 2
Info    : [ 10%] Meshing curve 64 order 2
Info    : [ 10%] Meshing curve 65 order 2
Info    : [ 10%] Meshing curve 66 order 2
Info    : [ 10%] Meshing curve 67 order 2
Info    : [ 10%] Meshing curve 68 order 2
Info    : [ 10%] Meshing curve 69 order 2
Info    : [ 10%] Meshing curve 70 order 2
Info    : [ 10%] Meshing curve 71 order 2
Info    : [ 10%] Meshing curve 72 order 2
Info    : [ 10%] Meshing curve 73 order 2
Info    : [ 10%] Meshing curve 74 order 2
Info    : [ 10%] Meshing curve 75 order 2
Info    : [ 10%] Meshing curve 76 order 2
Info    : [ 10%] Meshing curve 77 order 2
Info    : [ 10%] Meshing curve 78 order 2
Info    : [ 10%] Meshing curve 79 order 2
Info    : [ 10%] Meshing curve 80 order 2
Info    : [ 10%] Meshing curve 81 order 2
Info    : [ 10%] Meshing curve 82 order 2
Info    : [ 10%] Meshing curve 83 order 2
Info    : [ 10%] Meshing curve 84 order 2
Info    : [ 10%] Meshing curve 85 order 2
Info    : [ 10%] Meshing curve 86 order 2
Info    : [ 10%] Meshing curve 87 order 2
Info    : [ 10%] Meshing curve 88 order 2
Info    : [ 10%] Meshing curve 89 order 2
Info    : [ 10%] Meshing curve 90 order 2
Info    : [ 10%] Meshing curve 91 order 2
Info    : [ 10%] Meshing curve 92 order 2
Info    : [ 10%] Meshing curve 93 order 2
Info    : [ 10%] Meshing curve 94 order 2
Info    : [ 10%] Meshing curve 95 order 2
Info    : [ 10%] Meshing curve 96 order 2
Info    : [ 10%] Meshing curve 97 order 2
Info    : [ 10%] Meshing curve 98 order 2
Info    : [ 10%] Meshing curve 99 order 2
Info    : [ 10%] Meshing curve 100 order 2
Info    : [ 10%] Meshing curve 101 order 2
Info    : [ 10%] Meshing curve 102 order 2
Info    : [ 10%] Meshing curve 103 order 2
Info    : [ 10%] Meshing curve 104 order 2
Info    : [ 10%] Meshing curve 105 order 2
Info    : [ 10%] Meshing curve 106 order 2
Info    : [ 10%] Meshing curve 107 order 2
Info    : [ 10%] Meshing curve 108 order 2
Info    : [ 10%] Meshing curve 109 order 2
Info    : [ 10%] Meshing curve 110 order 2
Info    : [ 10%] Meshing curve 111 order 2
Info    : [ 10%] Meshing curve 112 order 2
Info    : [ 10%] Meshing curve 113 order 2
Info    : [ 10%] Meshing curve 114 order 2
Info    : [ 10%] Meshing curve 115 order 2
Info    : [ 10%] Meshing curve 116 order 2
Info    : [ 10%] Meshing curve 117 order 2
Info    : [ 10%] Meshing curve 118 order 2
Info    : [ 10%] Meshing curve 119 order 2
Info    : [ 10%] Meshing curve 120 order 2
Info    : [ 10%] Meshing curve 121 order 2
Info    : [ 10%] Meshing curve 122 order 2
Info    : [ 10%] Meshing curve 123 order 2
Info    : [ 10%] Meshing curve 124 order 2
Info    : [ 10%] Meshing curve 125 order 2
Info    : [ 10%] Meshing curve 126 order 2
Info    : [ 10%] Meshing curve 127 order 2
Info    : [ 10%] Meshing curve 128 order 2
Info    : [ 10%] Meshing curve 129 order 2
Info    : [ 10%] Meshing curve 130 order 2
Info    : [ 10%] Meshing curve 131 order 2
Info    : [ 10%] Meshing curve 132 order 2
Info    : [ 10%] Meshing curve 133 order 2
Info    : [ 10%] Meshing curve 134 order 2
Info    : [ 10%] Meshing curve 135 order 2
Info    : [ 10%] Meshing curve 136 order 2
Info    : [ 10%] Meshing curve 137 order 2
Info    : [ 10%] Meshing curve 138 order 2
Info    : [ 10%] Meshing curve 139 order 2
Info    : [ 10%] Meshing curve 140 order 2
Info    : [ 10%] Meshing curve 141 order 2
Info    : [ 10%] Meshing curve 142 order 2
Info    : [ 10%] Meshing curve 143 order 2
Info    : [ 10%] Meshing curve 144 order 2
Info    : [ 10%] Meshing curve 145 order 2
Info    : [ 10%] Meshing curve 146 order 2
Info    : [ 10%] Meshing curve 147 order 2
Info    : [ 10%] Meshing curve 148 order 2
Info    : [ 10%] Meshing curve 149 order 2
Info    : [ 10%] Meshing curve 150 order 2
Info    : [ 10%] Meshing curve 151 order 2
Info    : [ 10%] Meshing curve 152 order 2
Info    : [ 10%] Meshing curve 153 order 2
Info    : [ 10%] Meshing curve 154 order 2
Info    : [ 10%] Meshing curve 155 order 2
Info    : [ 10%] Meshing curve 156 order 2
Info    : [ 10%] Meshing curve 157 order 2
Info    : [ 10%] Meshing curve 158 order 2
Info    : [ 10%] Meshing curve 159 order 2
Info    : [ 10%] Meshing curve 160 order 2
Info    : [ 10%] Meshing curve 161 order 2
Info    : [ 10%] Meshing curve 162 order 2
Info    : [ 10%] Meshing curve 163 order 2
Info    : [ 10%] Meshing curve 164 order 2
Info    : [ 10%] Meshing curve 165 order 2
Info    : [ 10%] Meshing curve 166 order 2
Info    : [ 10%] Meshing curve 167 order 2
Info    : [ 10%] Meshing curve 168 order 2
Info    : [ 10%] Meshing curve 169 order 2
Info    : [ 10%] Meshing curve 170 order 2
Info    : [ 10%] Meshing curve 171 order 2
Info    : [ 10%] Meshing curve 172 order 2
Info    : [ 10%] Meshing curve 173 order 2
Info    : [ 10%] Meshing curve 174 order 2
Info    : [ 10%] Meshing curve 175 order 2
Info    : [ 10%] Meshing curve 176 order 2
Info    : [ 10%] Meshing curve 177 order 2
Info    : [ 10%] Meshing curve 178 order 2
Info    : [ 10%] Meshing curve 179 order 2
Info    : [ 10%] Meshing curve 180 order 2
Info    : [ 10%] Meshing curve 181 order 2
Info    : [ 10%] Meshing curve 182 order 2
Info    : [ 10%] Meshing curve 183 order 2
Info    : [ 10%] Meshing curve 184 order 2
Info    : [ 10%] Meshing curve 185 order 2
Info    : [ 10%] Meshing curve 186 order 2
Info    : [ 10%] Meshing curve 187 order 2
Info    : [ 10%] Meshing curve 188 order 2
Info    : [ 10%] Meshing curve 189 order 2
Info    : [ 10%] Meshing curve 190 order 2
Info    : [ 10%] Meshing curve 191 order 2
Info    : [ 10%] Meshing curve 192 order 2
Info    : [ 10%] Meshing curve 193 order 2
Info    : [ 10%] Meshing curve 194 order 2
Info    : [ 10%] Meshing curve 195 order 2
Info    : [ 10%] Meshing curve 196 order 2
Info    : [ 10%] Meshing curve 197 order 2
Info    : [ 10%] Meshing curve 198 order 2
Info    : [ 10%] Meshing curve 199 order 2
Info    : [ 10%] Meshing curve 200 order 2
Info    : [ 10%] Meshing curve 201 order 2
Info    : [ 10%] Meshing curve 202 order 2
Info    : [ 10%] Meshing curve 203 order 2
Info    : [ 10%] Meshing curve 204 order 2
Info    : [ 10%] Meshing curve 205 order 2
Info    : [ 10%] Meshing curve 206 order 2
Info    : [ 10%] Meshing curve 207 order 2
Info    : [ 10%] Meshing curve 208 order 2
Info    : [ 10%] Meshing curve 209 order 2
Info    : [ 10%] Meshing curve 210 order 2
Info    : [ 10%] Meshing curve 211 order 2
Info    : [ 10%] Meshing curve 212 order 2
Info    : [ 10%] Meshing curve 213 order 2
Info    : [ 10%] Meshing curve 214 order 2
Info    : [ 10%] Meshing curve 215 order 2
Info    : [ 10%] Meshing curve 216 order 2
Info    : [ 10%] Meshing curve 217 order 2
Info    : [ 10%] Meshing curve 218 order 2
Info    : [ 10%] Meshing curve 219 order 2
Info    : [ 10%] Meshing curve 220 order 2
Info    : [ 10%] Meshing curve 221 order 2
Info    : [ 10%] Meshing curve 222 order 2
Info    : [ 10%] Meshing curve 223 order 2
Info    : [ 10%] Meshing curve 224 order 2
Info    : [ 10%] Meshing curve 225 order 2
Info    : [ 10%] Meshing curve 226 order 2
Info    : [ 10%] Meshing curve 227 order 2
Info    : [ 10%] Meshing curve 228 order 2
Info    : [ 10%] Meshing curve 229 order 2
Info    : [ 10%] Meshing curve 230 order 2
Info    : [ 10%] Meshing curve 231 order 2
Info    : [ 10%] Meshing curve 232 order 2
Info    : [ 10%] Meshing curve 233 order 2
Info    : [ 10%] Meshing curve 234 order 2
Info    : [ 10%] Meshing curve 235 order 2
Info    : [ 10%] Meshing curve 236 order 2
Info    : [ 10%] Meshing curve 237 order 2
Info    : [ 10%] Meshing curve 238 order 2
Info    : [ 10%] Meshing curve 239 order 2
Info    : [ 10%] Meshing curve 240 order 2
Info    : [ 10%] Meshing curve 241 order 2
Info    : [ 10%] Meshing curve 242 order 2
Info    : [ 10%] Meshing curve 243 order 2
Info    : [ 10%] Meshing curve 244 order 2
Info    : [ 10%] Meshing curve 245 order 2
Info    : [ 10%] Meshing curve 246 order 2
Info    : [ 10%] Meshing curve 247 order 2
Info    : [ 10%] Meshing curve 248 order 2
Info    : [ 10%] Meshing curve 249 order 2
Info    : [ 10%] Meshing curve 250 order 2
Info    : [ 10%] Meshing curve 251 order 2
Info    : [ 10%] Meshing curve 252 order 2
Info    : [ 10%] Meshing curve 253 order 2
Info    : [ 10%] Meshing curve 254 order 2
Info    : [ 10%] Meshing curve 255 order 2
Info    : [ 10%] Meshing curve 256 order 2
Info    : [ 10%] Meshing curve 257 order 2
Info    : [ 10%] Meshing curve 258 order 2
Info    : [ 10%] Meshing curve 259 order 2
Info    : [ 10%] Meshing curve 260 order 2
Info    : [ 10%] Meshing curve 261 order 2
Info    : [ 10%] Meshing curve 262 order 2
Info    : [ 10%] Meshing curve 263 order 2
Info    : [ 10%] Meshing curve 264 order 2
Info    : [ 10%] Meshing curve 265 order 2
Info    : [ 10%] Meshing curve 266 order 2
Info    : [ 10%] Meshing curve 267 order 2
Info    : [ 10%] Meshing curve 268 order 2
Info    : [ 10%] Meshing curve 269 order 2
Info    : [ 10%] Meshing curve 270 order 2
Info    : [ 10%] Meshing curve 271 order 2
Info    : [ 10%] Meshing curve 272 order 2
Info    : [ 10%] Meshing curve 273 order 2
Info    : [ 10%] Meshing curve 274 order 2
Info    : [ 10%] Meshing curve 275 order 2
Info    : [ 10%] Meshing curve 276 order 2
Info    : [ 10%] Meshing curve 277 order 2
Info    : [ 10%] Meshing curve 278 order 2
Info    : [ 10%] Meshing curve 279 order 2
Info    : [ 10%] Meshing curve 280 order 2
Info    : [ 10%] Meshing curve 281 order 2
Info    : [ 10%] Meshing curve 282 order 2
Info    : [ 10%] Meshing curve 283 order 2
Info    : [ 10%] Meshing curve 284 order 2
Info    : [ 10%] Meshing curve 285 order 2
Info    : [ 10%] Meshing curve 286 order 2
Info    : [ 10%] Meshing curve 287 order 2
Info    : [ 10%] Meshing curve 288 order 2
Info    : [ 10%] Meshing curve 289 order 2
Info    : [ 10%] Meshing curve 290 order 2
Info    : [ 10%] Meshing curve 291 order 2
Info    : [ 10%] Meshing curve 292 order 2
Info    : [ 10%] Meshing curve 293 order 2
Info    : [ 10%] Meshing curve 294 order 2
Info    : [ 10%] Meshing curve 295 order 2
Info    : [ 10%] Meshing curve 296 order 2
Info    : [ 10%] Meshing curve 297 order 2
Info    : [ 10%] Meshing curve 298 order 2
Info    : [ 10%] Meshing curve 299 order 2
Info    : [ 10%] Meshing curve 300 order 2
Info    : [ 10%] Meshing curve 301 order 2
Info    : [ 10%] Meshing curve 302 order 2
Info    : [ 10%] Meshing curve 303 order 2
Info    : [ 10%] Meshing curve 304 order 2
Info    : [ 10%] Meshing curve 305 order 2
Info    : [ 10%] Meshing curve 306 order 2
Info    : [ 10%] Meshing curve 307 order 2
Info    : [ 10%] Meshing curve 308 order 2
Info    : [ 10%] Meshing curve 309 order 2
Info    : [ 10%] Meshing curve 310 order 2
Info    : [ 10%] Meshing curve 311 order 2
Info    : [ 10%] Meshing curve 312 order 2
Info    : [ 10%] Meshing curve 313 order 2
Info    : [ 10%] Meshing curve 314 order 2
Info    : [ 10%] Meshing curve 315 order 2
Info    : [ 10%] Meshing curve 316 order 2
Info    : [ 10%] Meshing curve 317 order 2
Info    : [ 10%] Meshing curve 318 order 2
Info    : [ 10%] Meshing curve 319 order 2
Info    : [ 10%] Meshing curve 320 order 2
Info    : [ 10%] Meshing curve 321 order 2
Info    : [ 10%] Meshing curve 322 order 2
Info    : [ 10%] Meshing curve 323 order 2
Info    : [ 10%] Meshing curve 324 order 2
Info    : [ 10%] Meshing curve 325 order 2
Info    : [ 10%] Meshing curve 326 order 2
Info    : [ 10%] Meshing curve 327 order 2
Info    : [ 10%] Meshing curve 328 order 2
Info    : [ 10%] Meshing curve 329 order 2
Info    : [ 10%] Meshing curve 330 order 2
Info    : [ 10%] Meshing curve 331 order 2
Info    : [ 10%] Meshing curve 332 order 2
Info    : [ 10%] Meshing curve 333 order 2
Info    : [ 20%] Meshing curve 334 order 2
Info    : [ 20%] Meshing curve 335 order 2
Info    : [ 20%] Meshing curve 336 order 2
Info    : [ 20%] Meshing curve 337 order 2
Info    : [ 20%] Meshing curve 338 order 2
Info    : [ 20%] Meshing curve 339 order 2
Info    : [ 20%] Meshing curve 340 order 2
Info    : [ 20%] Meshing curve 341 order 2
Info    : [ 20%] Meshing curve 342 order 2
Info    : [ 20%] Meshing curve 343 order 2
Info    : [ 20%] Meshing curve 344 order 2
Info    : [ 20%] Meshing curve 345 order 2
Info    : [ 20%] Meshing curve 346 order 2
Info    : [ 20%] Meshing curve 347 order 2
Info    : [ 20%] Meshing curve 348 order 2
Info    : [ 20%] Meshing curve 349 order 2
Info    : [ 20%] Meshing curve 350 order 2
Info    : [ 20%] Meshing curve 351 order 2
Info    : [ 20%] Meshing curve 352 order 2
Info    : [ 20%] Meshing curve 353 order 2
Info    : [ 20%] Meshing curve 354 order 2
Info    : [ 20%] Meshing curve 355 order 2
Info    : [ 20%] Meshing curve 356 order 2
Info    : [ 20%] Meshing curve 357 order 2
Info    : [ 20%] Meshing curve 358 order 2
Info    : [ 20%] Meshing curve 359 order 2
Info    : [ 20%] Meshing curve 360 order 2
Info    : [ 20%] Meshing curve 361 order 2
Info    : [ 20%] Meshing curve 362 order 2
Info    : [ 20%] Meshing curve 363 order 2
Info    : [ 20%] Meshing curve 364 order 2
Info    : [ 20%] Meshing curve 365 order 2
Info    : [ 20%] Meshing curve 366 order 2
Info    : [ 20%] Meshing curve 367 order 2
Info    : [ 20%] Meshing curve 368 order 2
Info    : [ 20%] Meshing curve 369 order 2
Info    : [ 20%] Meshing curve 370 order 2
Info    : [ 20%] Meshing curve 371 order 2
Info    : [ 20%] Meshing curve 372 order 2
Info    : [ 20%] Meshing curve 373 order 2
Info    : [ 20%] Meshing curve 374 order 2
Info    : [ 20%] Meshing curve 375 order 2
Info    : [ 20%] Meshing curve 376 order 2
Info    : [ 20%] Meshing curve 377 order 2
Info    : [ 20%] Meshing curve 378 order 2
Info    : [ 20%] Meshing curve 379 order 2
Info    : [ 20%] Meshing curve 380 order 2
Info    : [ 20%] Meshing curve 381 order 2
Info    : [ 20%] Meshing curve 382 order 2
Info    : [ 20%] Meshing curve 383 order 2
Info    : [ 20%] Meshing curve 384 order 2
Info    : [ 20%] Meshing curve 385 order 2
Info    : [ 20%] Meshing curve 386 order 2
Info    : [ 20%] Meshing curve 387 order 2
Info    : [ 20%] Meshing curve 388 order 2
Info    : [ 20%] Meshing curve 389 order 2
Info    : [ 20%] Meshing curve 390 order 2
Info    : [ 20%] Meshing curve 391 order 2
Info    : [ 20%] Meshing curve 392 order 2
Info    : [ 20%] Meshing curve 393 order 2
Info    : [ 20%] Meshing curve 394 order 2
Info    : [ 20%] Meshing curve 395 order 2
Info    : [ 20%] Meshing curve 396 order 2
Info    : [ 20%] Meshing curve 397 order 2
Info    : [ 20%] Meshing curve 398 order 2
Info    : [ 20%] Meshing curve 399 order 2
Info    : [ 20%] Meshing curve 400 order 2
Info    : [ 20%] Meshing curve 401 order 2
Info    : [ 20%] Meshing curve 402 order 2
Info    : [ 20%] Meshing curve 403 order 2
Info    : [ 20%] Meshing curve 404 order 2
Info    : [ 20%] Meshing curve 405 order 2
Info    : [ 20%] Meshing curve 406 order 2
Info    : [ 20%] Meshing curve 407 order 2
Info    : [ 20%] Meshing curve 408 order 2
Info    : [ 20%] Meshing curve 409 order 2
Info    : [ 20%] Meshing curve 410 order 2
Info    : [ 20%] Meshing curve 411 order 2
Info    : [ 20%] Meshing curve 412 order 2
Info    : [ 20%] Meshing curve 413 order 2
Info    : [ 20%] Meshing curve 414 order 2
Info    : [ 20%] Meshing curve 415 order 2
Info    : [ 20%] Meshing curve 416 order 2
Info    : [ 20%] Meshing curve 417 order 2
Info    : [ 20%] Meshing curve 418 order 2
Info    : [ 20%] Meshing curve 419 order 2
Info    : [ 20%] Meshing curve 420 order 2
Info    : [ 20%] Meshing curve 421 order 2
Info    : [ 20%] Meshing curve 422 order 2
Info    : [ 20%] Meshing curve 423 order 2
Info    : [ 20%] Meshing curve 424 order 2
Info    : [ 20%] Meshing curve 425 order 2
Info    : [ 20%] Meshing curve 426 order 2
Info    : [ 20%] Meshing curve 427 order 2
Info    : [ 20%] Meshing curve 428 order 2
Info    : [ 20%] Meshing curve 429 order 2
Info    : [ 20%] Meshing curve 430 order 2
Info    : [ 20%] Meshing curve 431 order 2
Info    : [ 20%] Meshing curve 432 order 2
Info    : [ 20%] Meshing curve 433 order 2
Info    : [ 20%] Meshing curve 434 order 2
Info    : [ 20%] Meshing curve 435 order 2
Info    : [ 20%] Meshing curve 436 order 2
Info    : [ 20%] Meshing curve 437 order 2
Info    : [ 20%] Meshing curve 438 order 2
Info    : [ 20%] Meshing curve 439 order 2
Info    : [ 20%] Meshing curve 440 order 2
Info    : [ 20%] Meshing curve 441 order 2
Info    : [ 20%] Meshing curve 442 order 2
Info    : [ 20%] Meshing curve 443 order 2
Info    : [ 20%] Meshing curve 444 order 2
Info    : [ 20%] Meshing curve 445 order 2
Info    : [ 20%] Meshing curve 446 order 2
Info    : [ 20%] Meshing curve 447 order 2
Info    : [ 20%] Meshing curve 448 order 2
Info    : [ 20%] Meshing curve 449 order 2
Info    : [ 20%] Meshing curve 450 order 2
Info    : [ 20%] Meshing curve 451 order 2
Info    : [ 20%] Meshing curve 452 order 2
Info    : [ 20%] Meshing curve 453 order 2
Info    : [ 20%] Meshing curve 454 order 2
Info    : [ 20%] Meshing curve 455 order 2
Info    : [ 20%] Meshing curve 456 order 2
Info    : [ 20%] Meshing curve 457 order 2
Info    : [ 20%] Meshing curve 458 order 2
Info    : [ 20%] Meshing curve 459 order 2
Info    : [ 20%] Meshing curve 460 order 2
Info    : [ 20%] Meshing curve 461 order 2
Info    : [ 20%] Meshing curve 462 order 2
Info    : [ 20%] Meshing curve 463 order 2
Info    : [ 20%] Meshing curve 464 order 2
Info    : [ 20%] Meshing curve 465 order 2
Info    : [ 20%] Meshing curve 466 order 2
Info    : [ 20%] Meshing curve 467 order 2
Info    : [ 20%] Meshing curve 468 order 2
Info    : [ 20%] Meshing curve 469 order 2
Info    : [ 20%] Meshing curve 470 order 2
Info    : [ 20%] Meshing curve 471 order 2
Info    : [ 20%] Meshing curve 472 order 2
Info    : [ 20%] Meshing curve 473 order 2
Info    : [ 20%] Meshing curve 474 order 2
Info    : [ 20%] Meshing curve 475 order 2
Info    : [ 20%] Meshing curve 476 order 2
Info    : [ 20%] Meshing curve 477 order 2
Info    : [ 20%] Meshing curve 478 order 2
Info    : [ 20%] Meshing curve 479 order 2
Info    : [ 20%] Meshing curve 480 order 2
Info    : [ 20%] Meshing curve 481 order 2
Info    : [ 20%] Meshing curve 482 order 2
Info    : [ 20%] Meshing curve 483 order 2
Info    : [ 20%] Meshing curve 484 order 2
Info    : [ 20%] Meshing curve 485 order 2
Info    : [ 20%] Meshing curve 486 order 2
Info    : [ 20%] Meshing curve 487 order 2
Info    : [ 20%] Meshing curve 488 order 2
Info    : [ 20%] Meshing curve 489 order 2
Info    : [ 20%] Meshing curve 490 order 2
Info    : [ 20%] Meshing curve 491 order 2
Info    : [ 20%] Meshing curve 492 order 2
Info    : [ 20%] Meshing curve 493 order 2
Info    : [ 20%] Meshing curve 494 order 2
Info    : [ 20%] Meshing curve 495 order 2
Info    : [ 20%] Meshing curve 496 order 2
Info    : [ 20%] Meshing curve 497 order 2
Info    : [ 20%] Meshing curve 498 order 2
Info    : [ 20%] Meshing curve 499 order 2
Info    : [ 20%] Meshing curve 500 order 2
Info    : [ 20%] Meshing curve 501 order 2
Info    : [ 20%] Meshing curve 502 order 2
Info    : [ 20%] Meshing curve 503 order 2
Info    : [ 20%] Meshing curve 504 order 2
Info    : [ 20%] Meshing curve 505 order 2
Info    : [ 20%] Meshing curve 506 order 2
Info    : [ 20%] Meshing curve 507 order 2
Info    : [ 20%] Meshing curve 508 order 2
Info    : [ 20%] Meshing curve 509 order 2
Info    : [ 20%] Meshing curve 510 order 2
Info    : [ 20%] Meshing curve 511 order 2
Info    : [ 20%] Meshing curve 512 order 2
Info    : [ 20%] Meshing curve 513 order 2
Info    : [ 20%] Meshing curve 514 order 2
Info    : [ 20%] Meshing curve 515 order 2
Info    : [ 20%] Meshing curve 516 order 2
Info    : [ 20%] Meshing curve 517 order 2
Info    : [ 20%] Meshing curve 518 order 2
Info    : [ 20%] Meshing curve 519 order 2
Info    : [ 20%] Meshing curve 520 order 2
Info    : [ 20%] Meshing curve 521 order 2
Info    : [ 20%] Meshing curve 522 order 2
Info    : [ 20%] Meshing curve 523 order 2
Info    : [ 20%] Meshing curve 524 order 2
Info    : [ 20%] Meshing curve 525 order 2
Info    : [ 20%] Meshing curve 526 order 2
Info    : [ 20%] Meshing curve 527 order 2
Info    : [ 20%] Meshing curve 528 order 2
Info    : [ 20%] Meshing curve 529 order 2
Info    : [ 20%] Meshing curve 530 order 2
Info    : [ 20%] Meshing curve 531 order 2
Info    : [ 20%] Meshing curve 532 order 2
Info    : [ 20%] Meshing curve 533 order 2
Info    : [ 20%] Meshing curve 534 order 2
Info    : [ 20%] Meshing curve 535 order 2
Info    : [ 20%] Meshing curve 536 order 2
Info    : [ 20%] Meshing curve 537 order 2
Info    : [ 20%] Meshing curve 538 order 2
Info    : [ 20%] Meshing curve 539 order 2
Info    : [ 20%] Meshing curve 540 order 2
Info    : [ 20%] Meshing curve 541 order 2
Info    : [ 20%] Meshing curve 542 order 2
Info    : [ 20%] Meshing curve 543 order 2
Info    : [ 20%] Meshing curve 544 order 2
Info    : [ 20%] Meshing curve 545 order 2
Info    : [ 20%] Meshing curve 546 order 2
Info    : [ 20%] Meshing curve 547 order 2
Info    : [ 20%] Meshing curve 548 order 2
Info    : [ 20%] Meshing curve 549 order 2
Info    : [ 20%] Meshing curve 550 order 2
Info    : [ 20%] Meshing curve 551 order 2
Info    : [ 20%] Meshing curve 552 order 2
Info    : [ 20%] Meshing curve 553 order 2
Info    : [ 20%] Meshing curve 554 order 2
Info    : [ 20%] Meshing curve 555 order 2
Info    : [ 20%] Meshing curve 556 order 2
Info    : [ 20%] Meshing curve 557 order 2
Info    : [ 20%] Meshing curve 558 order 2
Info    : [ 20%] Meshing curve 559 order 2
Info    : [ 20%] Meshing curve 560 order 2
Info    : [ 20%] Meshing curve 561 order 2
Info    : [ 20%] Meshing curve 562 order 2
Info    : [ 20%] Meshing curve 563 order 2
Info    : [ 20%] Meshing curve 564 order 2
Info    : [ 20%] Meshing curve 565 order 2
Info    : [ 20%] Meshing curve 566 order 2
Info    : [ 20%] Meshing curve 567 order 2
Info    : [ 20%] Meshing curve 568 order 2
Info    : [ 20%] Meshing curve 569 order 2
Info    : [ 20%] Meshing curve 570 order 2
Info    : [ 20%] Meshing curve 571 order 2
Info    : [ 20%] Meshing curve 572 order 2
Info    : [ 20%] Meshing curve 573 order 2
Info    : [ 20%] Meshing curve 574 order 2
Info    : [ 20%] Meshing curve 575 order 2
Info    : [ 20%] Meshing curve 576 order 2
Info    : [ 20%] Meshing curve 577 order 2
Info    : [ 20%] Meshing curve 578 order 2
Info    : [ 20%] Meshing curve 579 order 2
Info    : [ 20%] Meshing curve 580 order 2
Info    : [ 20%] Meshing curve 581 order 2
Info    : [ 20%] Meshing curve 582 order 2
Info    : [ 20%] Meshing curve 583 order 2
Info    : [ 20%] Meshing curve 584 order 2
Info    : [ 20%] Meshing curve 585 order 2
Info    : [ 20%] Meshing curve 586 order 2
Info    : [ 20%] Meshing curve 587 order 2
Info    : [ 20%] Meshing curve 588 order 2
Info    : [ 20%] Meshing curve 589 order 2
Info    : [ 20%] Meshing curve 590 order 2
Info    : [ 20%] Meshing curve 591 order 2
Info    : [ 20%] Meshing curve 592 order 2
Info    : [ 20%] Meshing curve 593 order 2
Info    : [ 20%] Meshing curve 594 order 2
Info    : [ 20%] Meshing curve 595 order 2
Info    : [ 20%] Meshing curve 596 order 2
Info    : [ 20%] Meshing curve 597 order 2
Info    : [ 20%] Meshing curve 598 order 2
Info    : [ 20%] Meshing curve 599 order 2
Info    : [ 20%] Meshing curve 600 order 2
Info    : [ 20%] Meshing curve 601 order 2
Info    : [ 20%] Meshing curve 602 order 2
Info    : [ 20%] Meshing curve 603 order 2
Info    : [ 20%] Meshing curve 604 order 2
Info    : [ 20%] Meshing curve 605 order 2
Info    : [ 20%] Meshing curve 606 order 2
Info    : [ 20%] Meshing curve 607 order 2
Info    : [ 20%] Meshing curve 608 order 2
Info    : [ 20%] Meshing curve 609 order 2
Info    : [ 20%] Meshing curve 610 order 2
Info    : [ 20%] Meshing curve 611 order 2
Info    : [ 20%] Meshing curve 612 order 2
Info    : [ 20%] Meshing curve 613 order 2
Info    : [ 20%] Meshing curve 614 order 2
Info    : [ 20%] Meshing curve 615 order 2
Info    : [ 20%] Meshing curve 616 order 2
Info    : [ 20%] Meshing curve 617 order 2
Info    : [ 20%] Meshing curve 618 order 2
Info    : [ 20%] Meshing curve 619 order 2
Info    : [ 20%] Meshing curve 620 order 2
Info    : [ 20%] Meshing curve 621 order 2
Info    : [ 20%] Meshing curve 622 order 2
Info    : [ 20%] Meshing curve 623 order 2
Info    : [ 20%] Meshing curve 624 order 2
Info    : [ 20%] Meshing curve 625 order 2
Info    : [ 20%] Meshing curve 626 order 2
Info    : [ 20%] Meshing curve 627 order 2
Info    : [ 20%] Meshing curve 628 order 2
Info    : [ 20%] Meshing curve 629 order 2
Info    : [ 20%] Meshing curve 630 order 2
Info    : [ 20%] Meshing curve 631 order 2
Info    : [ 20%] Meshing curve 632 order 2
Info    : [ 20%] Meshing curve 633 order 2
Info    : [ 20%] Meshing curve 634 order 2
Info    : [ 20%] Meshing curve 635 order 2
Info    : [ 20%] Meshing curve 636 order 2
Info    : [ 20%] Meshing curve 637 order 2
Info    : [ 20%] Meshing curve 638 order 2
Info    : [ 20%] Meshing curve 639 order 2
Info    : [ 20%] Meshing curve 640 order 2
Info    : [ 20%] Meshing curve 641 order 2
Info    : [ 20%] Meshing curve 642 order 2
Info    : [ 20%] Meshing curve 643 order 2
Info    : [ 20%] Meshing curve 644 order 2
Info    : [ 20%] Meshing curve 645 order 2
Info    : [ 20%] Meshing curve 646 order 2
Info    : [ 20%] Meshing curve 647 order 2
Info    : [ 20%] Meshing curve 648 order 2
Info    : [ 20%] Meshing curve 649 order 2
Info    : [ 20%] Meshing curve 650 order 2
Info    : [ 20%] Meshing curve 651 order 2
Info    : [ 20%] Meshing curve 652 order 2
Info    : [ 20%] Meshing curve 653 order 2
Info    : [ 20%] Meshing curve 654 order 2
Info    : [ 20%] Meshing curve 655 order 2
Info    : [ 20%] Meshing curve 656 order 2
Info    : [ 20%] Meshing curve 657 order 2
Info    : [ 20%] Meshing curve 658 order 2
Info    : [ 20%] Meshing curve 659 order 2
Info    : [ 20%] Meshing curve 660 order 2
Info    : [ 20%] Meshing curve 661 order 2
Info    : [ 20%] Meshing curve 662 order 2
Info    : [ 20%] Meshing curve 663 order 2
Info    : [ 20%] Meshing curve 664 order 2
Info    : [ 20%] Meshing curve 665 order 2
Info    : [ 30%] Meshing curve 666 order 2
Info    : [ 30%] Meshing curve 667 order 2
Info    : [ 30%] Meshing curve 668 order 2
Info    : [ 30%] Meshing curve 669 order 2
Info    : [ 30%] Meshing curve 670 order 2
Info    : [ 30%] Meshing curve 671 order 2
Info    : [ 30%] Meshing curve 672 order 2
Info    : [ 30%] Meshing curve 673 order 2
Info    : [ 30%] Meshing curve 674 order 2
Info    : [ 30%] Meshing curve 675 order 2
Info    : [ 30%] Meshing curve 676 order 2
Info    : [ 30%] Meshing curve 677 order 2
Info    : [ 30%] Meshing curve 678 order 2
Info    : [ 30%] Meshing curve 679 order 2
Info    : [ 30%] Meshing curve 680 order 2
Info    : [ 30%] Meshing curve 681 order 2
Info    : [ 30%] Meshing curve 682 order 2
Info    : [ 30%] Meshing curve 683 order 2
Info    : [ 30%] Meshing curve 684 order 2
Info    : [ 30%] Meshing curve 685 order 2
Info    : [ 30%] Meshing curve 686 order 2
Info    : [ 30%] Meshing curve 687 order 2
Info    : [ 30%] Meshing curve 688 order 2
Info    : [ 30%] Meshing curve 689 order 2
Info    : [ 30%] Meshing curve 690 order 2
Info    : [ 30%] Meshing curve 691 order 2
Info    : [ 30%] Meshing curve 692 order 2
Info    : [ 30%] Meshing curve 693 order 2
Info    : [ 30%] Meshing curve 694 order 2
Info    : [ 30%] Meshing curve 695 order 2
Info    : [ 30%] Meshing curve 696 order 2
Info    : [ 30%] Meshing curve 697 order 2
Info    : [ 30%] Meshing curve 698 order 2
Info    : [ 30%] Meshing curve 699 order 2
Info    : [ 30%] Meshing curve 700 order 2
Info    : [ 30%] Meshing curve 701 order 2
Info    : [ 30%] Meshing curve 702 order 2
Info    : [ 30%] Meshing curve 703 order 2
Info    : [ 30%] Meshing curve 704 order 2
Info    : [ 30%] Meshing curve 705 order 2
Info    : [ 30%] Meshing curve 706 order 2
Info    : [ 30%] Meshing curve 707 order 2
Info    : [ 30%] Meshing curve 708 order 2
Info    : [ 30%] Meshing curve 709 order 2
Info    : [ 30%] Meshing curve 710 order 2
Info    : [ 30%] Meshing curve 711 order 2
Info    : [ 30%] Meshing curve 712 order 2
Info    : [ 30%] Meshing curve 713 order 2
Info    : [ 30%] Meshing curve 714 order 2
Info    : [ 30%] Meshing curve 715 order 2
Info    : [ 30%] Meshing curve 716 order 2
Info    : [ 30%] Meshing curve 717 order 2
Info    : [ 30%] Meshing curve 718 order 2
Info    : [ 30%] Meshing curve 719 order 2
Info    : [ 30%] Meshing curve 720 order 2
Info    : [ 30%] Meshing curve 721 order 2
Info    : [ 30%] Meshing curve 722 order 2
Info    : [ 30%] Meshing curve 723 order 2
Info    : [ 30%] Meshing curve 724 order 2
Info    : [ 30%] Meshing curve 725 order 2
Info    : [ 30%] Meshing curve 726 order 2
Info    : [ 30%] Meshing curve 727 order 2
Info    : [ 30%] Meshing curve 728 order 2
Info    : [ 30%] Meshing curve 729 order 2
Info    : [ 30%] Meshing curve 730 order 2
Info    : [ 30%] Meshing curve 731 order 2
Info    : [ 30%] Meshing curve 732 order 2
Info    : [ 30%] Meshing curve 733 order 2
Info    : [ 30%] Meshing curve 734 order 2
Info    : [ 30%] Meshing curve 735 order 2
Info    : [ 30%] Meshing curve 736 order 2
Info    : [ 30%] Meshing curve 737 order 2
Info    : [ 30%] Meshing curve 738 order 2
Info    : [ 30%] Meshing curve 739 order 2
Info    : [ 30%] Meshing curve 740 order 2
Info    : [ 30%] Meshing curve 741 order 2
Info    : [ 30%] Meshing curve 742 order 2
Info    : [ 30%] Meshing curve 743 order 2
Info    : [ 30%] Meshing curve 744 order 2
Info    : [ 30%] Meshing curve 745 order 2
Info    : [ 30%] Meshing curve 746 order 2
Info    : [ 30%] Meshing curve 747 order 2
Info    : [ 30%] Meshing curve 748 order 2
Info    : [ 30%] Meshing curve 749 order 2
Info    : [ 30%] Meshing curve 750 order 2
Info    : [ 30%] Meshing curve 751 order 2
Info    : [ 30%] Meshing curve 752 order 2
Info    : [ 30%] Meshing curve 753 order 2
Info    : [ 30%] Meshing curve 754 order 2
Info    : [ 30%] Meshing curve 755 order 2
Info    : [ 30%] Meshing curve 756 order 2
Info    : [ 30%] Meshing curve 757 order 2
Info    : [ 30%] Meshing curve 758 order 2
Info    : [ 30%] Meshing curve 759 order 2
Info    : [ 30%] Meshing curve 760 order 2
Info    : [ 30%] Meshing curve 761 order 2
Info    : [ 30%] Meshing curve 762 order 2
Info    : [ 30%] Meshing curve 763 order 2
Info    : [ 30%] Meshing curve 764 order 2
Info    : [ 30%] Meshing curve 765 order 2
Info    : [ 30%] Meshing curve 766 order 2
Info    : [ 30%] Meshing curve 767 order 2
Info    : [ 30%] Meshing curve 768 order 2
Info    : [ 30%] Meshing curve 769 order 2
Info    : [ 30%] Meshing curve 770 order 2
Info    : [ 30%] Meshing curve 771 order 2
Info    : [ 30%] Meshing curve 772 order 2
Info    : [ 30%] Meshing curve 773 order 2
Info    : [ 30%] Meshing curve 774 order 2
Info    : [ 30%] Meshing curve 775 order 2
Info    : [ 30%] Meshing curve 776 order 2
Info    : [ 30%] Meshing curve 777 order 2
Info    : [ 30%] Meshing curve 778 order 2
Info    : [ 30%] Meshing curve 779 order 2
Info    : [ 30%] Meshing curve 780 order 2
Info    : [ 30%] Meshing curve 781 order 2
Info    : [ 30%] Meshing curve 782 order 2
Info    : [ 30%] Meshing curve 783 order 2
Info    : [ 30%] Meshing curve 784 order 2
Info    : [ 30%] Meshing curve 785 order 2
Info    : [ 30%] Meshing curve 786 order 2
Info    : [ 30%] Meshing curve 787 order 2
Info    : [ 30%] Meshing curve 788 order 2
Info    : [ 30%] Meshing curve 789 order 2
Info    : [ 30%] Meshing curve 790 order 2
Info    : [ 30%] Meshing curve 791 order 2
Info    : [ 30%] Meshing curve 792 order 2
Info    : [ 30%] Meshing curve 793 order 2
Info    : [ 30%] Meshing curve 794 order 2
Info    : [ 30%] Meshing curve 795 order 2
Info    : [ 30%] Meshing curve 796 order 2
Info    : [ 30%] Meshing curve 797 order 2
Info    : [ 30%] Meshing curve 798 order 2
Info    : [ 30%] Meshing curve 799 order 2
Info    : [ 30%] Meshing curve 800 order 2
Info    : [ 30%] Meshing curve 801 order 2
Info    : [ 30%] Meshing curve 802 order 2
Info    : [ 30%] Meshing curve 803 order 2
Info    : [ 30%] Meshing curve 804 order 2
Info    : [ 30%] Meshing curve 805 order 2
Info    : [ 30%] Meshing curve 806 order 2
Info    : [ 30%] Meshing curve 807 order 2
Info    : [ 30%] Meshing curve 808 order 2
Info    : [ 30%] Meshing curve 809 order 2
Info    : [ 30%] Meshing curve 810 order 2
Info    : [ 30%] Meshing curve 811 order 2
Info    : [ 30%] Meshing curve 812 order 2
Info    : [ 30%] Meshing curve 813 order 2
Info    : [ 30%] Meshing curve 814 order 2
Info    : [ 30%] Meshing curve 815 order 2
Info    : [ 30%] Meshing curve 816 order 2
Info    : [ 30%] Meshing curve 817 order 2
Info    : [ 30%] Meshing curve 818 order 2
Info    : [ 30%] Meshing curve 819 order 2
Info    : [ 30%] Meshing curve 820 order 2
Info    : [ 30%] Meshing curve 821 order 2
Info    : [ 30%] Meshing curve 822 order 2
Info    : [ 30%] Meshing curve 823 order 2
Info    : [ 30%] Meshing curve 824 order 2
Info    : [ 30%] Meshing curve 825 order 2
Info    : [ 30%] Meshing curve 826 order 2
Info    : [ 30%] Meshing curve 827 order 2
Info    : [ 30%] Meshing curve 828 order 2
Info    : [ 30%] Meshing curve 829 order 2
Info    : [ 30%] Meshing curve 830 order 2
Info    : [ 30%] Meshing curve 831 order 2
Info    : [ 30%] Meshing curve 832 order 2
Info    : [ 30%] Meshing curve 833 order 2
Info    : [ 30%] Meshing curve 834 order 2
Info    : [ 30%] Meshing curve 835 order 2
Info    : [ 30%] Meshing curve 836 order 2
Info    : [ 30%] Meshing curve 837 order 2
Info    : [ 30%] Meshing curve 838 order 2
Info    : [ 30%] Meshing curve 839 order 2
Info    : [ 30%] Meshing curve 840 order 2
Info    : [ 30%] Meshing curve 841 order 2
Info    : [ 30%] Meshing curve 842 order 2
Info    : [ 30%] Meshing curve 843 order 2
Info    : [ 30%] Meshing curve 844 order 2
Info    : [ 30%] Meshing curve 845 order 2
Info    : [ 30%] Meshing curve 846 order 2
Info    : [ 30%] Meshing curve 847 order 2
Info    : [ 30%] Meshing curve 848 order 2
Info    : [ 30%] Meshing curve 849 order 2
Info    : [ 30%] Meshing curve 850 order 2
Info    : [ 30%] Meshing curve 851 order 2
Info    : [ 30%] Meshing curve 852 order 2
Info    : [ 30%] Meshing curve 853 order 2
Info    : [ 30%] Meshing curve 854 order 2
Info    : [ 30%] Meshing curve 855 order 2
Info    : [ 30%] Meshing curve 856 order 2
Info    : [ 30%] Meshing curve 857 order 2
Info    : [ 30%] Meshing curve 858 order 2
Info    : [ 30%] Meshing curve 859 order 2
Info    : [ 30%] Meshing curve 860 order 2
Info    : [ 30%] Meshing curve 861 order 2
Info    : [ 30%] Meshing curve 862 order 2
Info    : [ 30%] Meshing curve 863 order 2
Info    : [ 30%] Meshing curve 864 order 2
Info    : [ 30%] Meshing curve 865 order 2
Info    : [ 30%] Meshing curve 866 order 2
Info    : [ 30%] Meshing curve 867 order 2
Info    : [ 30%] Meshing curve 868 order 2
Info    : [ 30%] Meshing curve 869 order 2
Info    : [ 30%] Meshing curve 870 order 2
Info    : [ 30%] Meshing curve 871 order 2
Info    : [ 30%] Meshing curve 872 order 2
Info    : [ 30%] Meshing curve 873 order 2
Info    : [ 30%] Meshing curve 874 order 2
Info    : [ 30%] Meshing curve 875 order 2
Info    : [ 30%] Meshing curve 876 order 2
Info    : [ 30%] Meshing curve 877 order 2
Info    : [ 30%] Meshing curve 878 order 2
Info    : [ 30%] Meshing curve 879 order 2
Info    : [ 30%] Meshing curve 880 order 2
Info    : [ 30%] Meshing curve 881 order 2
Info    : [ 30%] Meshing curve 882 order 2
Info    : [ 30%] Meshing curve 883 order 2
Info    : [ 30%] Meshing curve 884 order 2
Info    : [ 30%] Meshing curve 885 order 2
Info    : [ 30%] Meshing curve 886 order 2
Info    : [ 30%] Meshing curve 887 order 2
Info    : [ 30%] Meshing curve 888 order 2
Info    : [ 30%] Meshing curve 889 order 2
Info    : [ 30%] Meshing curve 890 order 2
Info    : [ 30%] Meshing curve 891 order 2
Info    : [ 30%] Meshing curve 892 order 2
Info    : [ 30%] Meshing curve 893 order 2
Info    : [ 30%] Meshing curve 894 order 2
Info    : [ 30%] Meshing curve 895 order 2
Info    : [ 30%] Meshing curve 896 order 2
Info    : [ 30%] Meshing curve 897 order 2
Info    : [ 30%] Meshing curve 898 order 2
Info    : [ 30%] Meshing curve 899 order 2
Info    : [ 30%] Meshing curve 900 order 2
Info    : [ 30%] Meshing curve 901 order 2
Info    : [ 30%] Meshing curve 902 order 2
Info    : [ 30%] Meshing curve 903 order 2
Info    : [ 30%] Meshing curve 904 order 2
Info    : [ 30%] Meshing curve 905 order 2
Info    : [ 30%] Meshing curve 906 order 2
Info    : [ 30%] Meshing curve 907 order 2
Info    : [ 30%] Meshing curve 908 order 2
Info    : [ 30%] Meshing curve 909 order 2
Info    : [ 30%] Meshing curve 910 order 2
Info    : [ 30%] Meshing curve 911 order 2
Info    : [ 30%] Meshing curve 912 order 2
Info    : [ 30%] Meshing curve 913 order 2
Info    : [ 30%] Meshing curve 914 order 2
Info    : [ 30%] Meshing curve 915 order 2
Info    : [ 30%] Meshing curve 916 order 2
Info    : [ 30%] Meshing curve 917 order 2
Info    : [ 30%] Meshing curve 918 order 2
Info    : [ 30%] Meshing curve 919 order 2
Info    : [ 30%] Meshing curve 920 order 2
Info    : [ 30%] Meshing curve 921 order 2
Info    : [ 30%] Meshing curve 922 order 2
Info    : [ 30%] Meshing curve 923 order 2
Info    : [ 30%] Meshing curve 924 order 2
Info    : [ 30%] Meshing curve 925 order 2
Info    : [ 30%] Meshing curve 926 order 2
Info    : [ 30%] Meshing curve 927 order 2
Info    : [ 30%] Meshing curve 928 order 2
Info    : [ 30%] Meshing curve 929 order 2
Info    : [ 30%] Meshing curve 930 order 2
Info    : [ 30%] Meshing curve 931 order 2
Info    : [ 30%] Meshing curve 932 order 2
Info    : [ 30%] Meshing curve 933 order 2
Info    : [ 30%] Meshing curve 934 order 2
Info    : [ 30%] Meshing curve 935 order 2
Info    : [ 30%] Meshing curve 936 order 2
Info    : [ 30%] Meshing curve 937 order 2
Info    : [ 30%] Meshing curve 938 order 2
Info    : [ 30%] Meshing curve 939 order 2
Info    : [ 30%] Meshing curve 940 order 2
Info    : [ 30%] Meshing curve 941 order 2
Info    : [ 30%] Meshing curve 942 order 2
Info    : [ 30%] Meshing curve 943 order 2
Info    : [ 30%] Meshing curve 944 order 2
Info    : [ 30%] Meshing curve 945 order 2
Info    : [ 30%] Meshing curve 946 order 2
Info    : [ 30%] Meshing curve 947 order 2
Info    : [ 30%] Meshing curve 948 order 2
Info    : [ 30%] Meshing curve 949 order 2
Info    : [ 30%] Meshing curve 950 order 2
Info    : [ 30%] Meshing curve 951 order 2
Info    : [ 30%] Meshing curve 952 order 2
Info    : [ 30%] Meshing curve 953 order 2
Info    : [ 30%] Meshing curve 954 order 2
Info    : [ 30%] Meshing curve 955 order 2
Info    : [ 30%] Meshing curve 956 order 2
Info    : [ 30%] Meshing curve 957 order 2
Info    : [ 30%] Meshing curve 958 order 2
Info    : [ 30%] Meshing curve 959 order 2
Info    : [ 30%] Meshing curve 960 order 2
Info    : [ 30%] Meshing curve 961 order 2
Info    : [ 30%] Meshing curve 962 order 2
Info    : [ 30%] Meshing curve 963 order 2
Info    : [ 30%] Meshing curve 964 order 2
Info    : [ 30%] Meshing curve 965 order 2
Info    : [ 30%] Meshing curve 966 order 2
Info    : [ 30%] Meshing curve 967 order 2
Info    : [ 30%] Meshing curve 968 order 2
Info    : [ 30%] Meshing curve 969 order 2
Info    : [ 30%] Meshing curve 970 order 2
Info    : [ 30%] Meshing curve 971 order 2
Info    : [ 30%] Meshing curve 972 order 2
Info    : [ 30%] Meshing curve 973 order 2
Info    : [ 30%] Meshing curve 974 order 2
Info    : [ 30%] Meshing curve 975 order 2
Info    : [ 30%] Meshing curve 976 order 2
Info    : [ 30%] Meshing curve 977 order 2
Info    : [ 30%] Meshing curve 978 order 2
Info    : [ 30%] Meshing curve 979 order 2
Info    : [ 30%] Meshing curve 980 order 2
Info    : [ 30%] Meshing curve 981 order 2
Info    : [ 30%] Meshing curve 982 order 2
Info    : [ 30%] Meshing curve 983 order 2
Info    : [ 30%] Meshing curve 984 order 2
Info    : [ 30%] Meshing curve 985 order 2
Info    : [ 30%] Meshing curve 986 order 2
Info    : [ 30%] Meshing curve 987 order 2
Info    : [ 30%] Meshing curve 988 order 2
Info    : [ 30%] Meshing curve 989 order 2
Info    : [ 30%] Meshing curve 990 order 2
Info    : [ 30%] Meshing curve 991 order 2
Info    : [ 30%] Meshing curve 992 order 2
Info    : [ 30%] Meshing curve 993 order 2
Info    : [ 30%] Meshing curve 994 order 2
Info    : [ 30%] Meshing curve 995 order 2
Info    : [ 30%] Meshing curve 996 order 2
Info    : [ 30%] Meshing curve 997 order 2
Info    : [ 40%] Meshing curve 998 order 2
Info    : [ 40%] Meshing curve 999 order 2
Info    : [ 40%] Meshing curve 1000 order 2
Info    : [ 40%] Meshing curve 1001 order 2
Info    : [ 40%] Meshing curve 1002 order 2
Info    : [ 40%] Meshing curve 1003 order 2
Info    : [ 40%] Meshing curve 1004 order 2
Info    : [ 40%] Meshing curve 1005 order 2
Info    : [ 40%] Meshing curve 1006 order 2
Info    : [ 40%] Meshing curve 1007 order 2
Info    : [ 40%] Meshing curve 1008 order 2
Info    : [ 40%] Meshing curve 1009 order 2
Info    : [ 40%] Meshing curve 1010 order 2
Info    : [ 40%] Meshing curve 1011 order 2
Info    : [ 40%] Meshing curve 1012 order 2
Info    : [ 40%] Meshing curve 1013 order 2
Info    : [ 40%] Meshing curve 1014 order 2
Info    : [ 40%] Meshing curve 1015 order 2
Info    : [ 40%] Meshing curve 1016 order 2
Info    : [ 40%] Meshing curve 1017 order 2
Info    : [ 40%] Meshing curve 1018 order 2
Info    : [ 40%] Meshing curve 1019 order 2
Info    : [ 40%] Meshing curve 1020 order 2
Info    : [ 40%] Meshing curve 1021 order 2
Info    : [ 40%] Meshing curve 1022 order 2
Info    : [ 40%] Meshing curve 1023 order 2
Info    : [ 40%] Meshing curve 1024 order 2
Info    : [ 40%] Meshing curve 1025 order 2
Info    : [ 40%] Meshing curve 1026 order 2
Info    : [ 40%] Meshing curve 1027 order 2
Info    : [ 40%] Meshing curve 1028 order 2
Info    : [ 40%] Meshing curve 1029 order 2
Info    : [ 40%] Meshing curve 1030 order 2
Info    : [ 40%] Meshing curve 1031 order 2
Info    : [ 40%] Meshing curve 1032 order 2
Info    : [ 40%] Meshing curve 1033 order 2
Info    : [ 40%] Meshing curve 1034 order 2
Info    : [ 40%] Meshing curve 1035 order 2
Info    : [ 40%] Meshing curve 1036 order 2
Info    : [ 40%] Meshing curve 1037 order 2
Info    : [ 40%] Meshing curve 1038 order 2
Info    : [ 40%] Meshing curve 1039 order 2
Info    : [ 40%] Meshing curve 1040 order 2
Info    : [ 40%] Meshing curve 1041 order 2
Info    : [ 40%] Meshing curve 1042 order 2
Info    : [ 40%] Meshing curve 1043 order 2
Info    : [ 40%] Meshing curve 1044 order 2
Info    : [ 40%] Meshing curve 1045 order 2
Info    : [ 40%] Meshing curve 1046 order 2
Info    : [ 40%] Meshing curve 1047 order 2
Info    : [ 40%] Meshing curve 1048 order 2
Info    : [ 40%] Meshing curve 1049 order 2
Info    : [ 40%] Meshing curve 1050 order 2
Info    : [ 40%] Meshing curve 1051 order 2
Info    : [ 40%] Meshing curve 1052 order 2
Info    : [ 40%] Meshing curve 1053 order 2
Info    : [ 40%] Meshing curve 1054 order 2
Info    : [ 40%] Meshing curve 1055 order 2
Info    : [ 40%] Meshing curve 1056 order 2
Info    : [ 40%] Meshing curve 1057 order 2
Info    : [ 40%] Meshing curve 1058 order 2
Info    : [ 40%] Meshing curve 1059 order 2
Info    : [ 40%] Meshing curve 1060 order 2
Info    : [ 40%] Meshing curve 1061 order 2
Info    : [ 40%] Meshing curve 1062 order 2
Info    : [ 40%] Meshing curve 1063 order 2
Info    : [ 40%] Meshing curve 1064 order 2
Info    : [ 40%] Meshing curve 1065 order 2
Info    : [ 40%] Meshing curve 1066 order 2
Info    : [ 40%] Meshing curve 1067 order 2
Info    : [ 40%] Meshing curve 1068 order 2
Info    : [ 40%] Meshing curve 1069 order 2
Info    : [ 40%] Meshing curve 1070 order 2
Info    : [ 40%] Meshing curve 1071 order 2
Info    : [ 40%] Meshing curve 1072 order 2
Info    : [ 40%] Meshing curve 1073 order 2
Info    : [ 40%] Meshing curve 1074 order 2
Info    : [ 40%] Meshing curve 1075 order 2
Info    : [ 40%] Meshing curve 1076 order 2
Info    : [ 40%] Meshing curve 1077 order 2
Info    : [ 40%] Meshing curve 1078 order 2
Info    : [ 40%] Meshing curve 1079 order 2
Info    : [ 40%] Meshing curve 1080 order 2
Info    : [ 40%] Meshing curve 1081 order 2
Info    : [ 40%] Meshing curve 1082 order 2
Info    : [ 40%] Meshing curve 1083 order 2
Info    : [ 40%] Meshing curve 1084 order 2
Info    : [ 40%] Meshing curve 1085 order 2
Info    : [ 40%] Meshing curve 1086 order 2
Info    : [ 40%] Meshing curve 1087 order 2
Info    : [ 40%] Meshing curve 1088 order 2
Info    : [ 40%] Meshing curve 1089 order 2
Info    : [ 40%] Meshing curve 1090 order 2
Info    : [ 40%] Meshing curve 1091 order 2
Info    : [ 40%] Meshing curve 1092 order 2
Info    : [ 40%] Meshing curve 1093 order 2
Info    : [ 40%] Meshing curve 1094 order 2
Info    : [ 40%] Meshing curve 1095 order 2
Info    : [ 40%] Meshing curve 1096 order 2
Info    : [ 40%] Meshing curve 1097 order 2
Info    : [ 40%] Meshing curve 1098 order 2
Info    : [ 40%] Meshing curve 1099 order 2
Info    : [ 40%] Meshing curve 1100 order 2
Info    : [ 40%] Meshing curve 1101 order 2
Info    : [ 40%] Meshing curve 1102 order 2
Info    : [ 40%] Meshing curve 1103 order 2
Info    : [ 40%] Meshing curve 1104 order 2
Info    : [ 40%] Meshing curve 1105 order 2
Info    : [ 40%] Meshing curve 1106 order 2
Info    : [ 40%] Meshing curve 1107 order 2
Info    : [ 40%] Meshing curve 1108 order 2
Info    : [ 40%] Meshing curve 1109 order 2
Info    : [ 40%] Meshing curve 1110 order 2
Info    : [ 40%] Meshing curve 1111 order 2
Info    : [ 40%] Meshing curve 1112 order 2
Info    : [ 40%] Meshing curve 1113 order 2
Info    : [ 40%] Meshing curve 1114 order 2
Info    : [ 40%] Meshing curve 1115 order 2
Info    : [ 40%] Meshing curve 1116 order 2
Info    : [ 40%] Meshing curve 1117 order 2
Info    : [ 40%] Meshing curve 1118 order 2
Info    : [ 40%] Meshing curve 1119 order 2
Info    : [ 40%] Meshing curve 1120 order 2
Info    : [ 40%] Meshing curve 1121 order 2
Info    : [ 40%] Meshing curve 1122 order 2
Info    : [ 40%] Meshing curve 1123 order 2
Info    : [ 40%] Meshing curve 1124 order 2
Info    : [ 40%] Meshing curve 1125 order 2
Info    : [ 40%] Meshing curve 1126 order 2
Info    : [ 40%] Meshing curve 1127 order 2
Info    : [ 40%] Meshing curve 1128 order 2
Info    : [ 40%] Meshing curve 1129 order 2
Info    : [ 40%] Meshing curve 1130 order 2
Info    : [ 40%] Meshing curve 1131 order 2
Info    : [ 40%] Meshing curve 1132 order 2
Info    : [ 40%] Meshing curve 1133 order 2
Info    : [ 40%] Meshing curve 1134 order 2
Info    : [ 40%] Meshing curve 1135 order 2
Info    : [ 40%] Meshing curve 1136 order 2
Info    : [ 40%] Meshing curve 1137 order 2
Info    : [ 40%] Meshing curve 1138 order 2
Info    : [ 40%] Meshing curve 1139 order 2
Info    : [ 40%] Meshing curve 1140 order 2
Info    : [ 40%] Meshing curve 1141 order 2
Info    : [ 40%] Meshing curve 1142 order 2
Info    : [ 40%] Meshing curve 1143 order 2
Info    : [ 40%] Meshing curve 1144 order 2
Info    : [ 40%] Meshing curve 1145 order 2
Info    : [ 40%] Meshing curve 1146 order 2
Info    : [ 40%] Meshing curve 1147 order 2
Info    : [ 40%] Meshing curve 1148 order 2
Info    : [ 40%] Meshing curve 1149 order 2
Info    : [ 40%] Meshing curve 1150 order 2
Info    : [ 40%] Meshing curve 1151 order 2
Info    : [ 40%] Meshing curve 1152 order 2
Info    : [ 40%] Meshing curve 1153 order 2
Info    : [ 40%] Meshing curve 1154 order 2
Info    : [ 40%] Meshing curve 1155 order 2
Info    : [ 40%] Meshing curve 1156 order 2
Info    : [ 40%] Meshing curve 1157 order 2
Info    : [ 40%] Meshing curve 1158 order 2
Info    : [ 40%] Meshing curve 1159 order 2
Info    : [ 40%] Meshing curve 1160 order 2
Info    : [ 40%] Meshing curve 1161 order 2
Info    : [ 40%] Meshing curve 1162 order 2
Info    : [ 40%] Meshing curve 1163 order 2
Info    : [ 40%] Meshing curve 1164 order 2
Info    : [ 40%] Meshing curve 1165 order 2
Info    : [ 40%] Meshing curve 1166 order 2
Info    : [ 40%] Meshing curve 1167 order 2
Info    : [ 40%] Meshing curve 1168 order 2
Info    : [ 40%] Meshing curve 1169 order 2
Info    : [ 40%] Meshing curve 1170 order 2
Info    : [ 40%] Meshing curve 1171 order 2
Info    : [ 40%] Meshing curve 1172 order 2
Info    : [ 40%] Meshing curve 1173 order 2
Info    : [ 40%] Meshing curve 1174 order 2
Info    : [ 40%] Meshing curve 1175 order 2
Info    : [ 40%] Meshing curve 1176 order 2
Info    : [ 40%] Meshing curve 1177 order 2
Info    : [ 40%] Meshing curve 1178 order 2
Info    : [ 40%] Meshing curve 1179 order 2
Info    : [ 40%] Meshing curve 1180 order 2
Info    : [ 40%] Meshing curve 1181 order 2
Info    : [ 40%] Meshing curve 1182 order 2
Info    : [ 40%] Meshing curve 1183 order 2
Info    : [ 40%] Meshing curve 1184 order 2
Info    : [ 40%] Meshing curve 1185 order 2
Info    : [ 40%] Meshing curve 1186 order 2
Info    : [ 40%] Meshing curve 1187 order 2
Info    : [ 40%] Meshing curve 1188 order 2
Info    : [ 40%] Meshing curve 1189 order 2
Info    : [ 40%] Meshing curve 1190 order 2
Info    : [ 40%] Meshing curve 1191 order 2
Info    : [ 40%] Meshing curve 1192 order 2
Info    : [ 40%] Meshing curve 1193 order 2
Info    : [ 40%] Meshing curve 1194 order 2
Info    : [ 40%] Meshing curve 1195 order 2
Info    : [ 40%] Meshing curve 1196 order 2
Info    : [ 40%] Meshing curve 1197 order 2
Info    : [ 40%] Meshing curve 1198 order 2
Info    : [ 40%] Meshing curve 1199 order 2
Info    : [ 40%] Meshing curve 1200 order 2
Info    : [ 40%] Meshing curve 1201 order 2
Info    : [ 40%] Meshing curve 1202 order 2
Info    : [ 40%] Meshing curve 1203 order 2
Info    : [ 40%] Meshing curve 1204 order 2
Info    : [ 40%] Meshing curve 1205 order 2
Info    : [ 40%] Meshing curve 1206 order 2
Info    : [ 40%] Meshing curve 1207 order 2
Info    : [ 40%] Meshing curve 1208 order 2
Info    : [ 40%] Meshing curve 1209 order 2
Info    : [ 40%] Meshing curve 1210 order 2
Info    : [ 40%] Meshing curve 1211 order 2
Info    : [ 40%] Meshing curve 1212 order 2
Info    : [ 40%] Meshing curve 1213 order 2
Info    : [ 40%] Meshing curve 1214 order 2
Info    : [ 40%] Meshing curve 1215 order 2
Info    : [ 40%] Meshing curve 1216 order 2
Info    : [ 40%] Meshing curve 1217 order 2
Info    : [ 40%] Meshing curve 1218 order 2
Info    : [ 40%] Meshing curve 1219 order 2
Info    : [ 40%] Meshing curve 1220 order 2
Info    : [ 40%] Meshing curve 1221 order 2
Info    : [ 40%] Meshing curve 1222 order 2
Info    : [ 40%] Meshing curve 1223 order 2
Info    : [ 40%] Meshing curve 1224 order 2
Info    : [ 40%] Meshing curve 1225 order 2
Info    : [ 40%] Meshing curve 1226 order 2
Info    : [ 40%] Meshing curve 1227 order 2
Info    : [ 40%] Meshing curve 1228 order 2
Info    : [ 40%] Meshing curve 1229 order 2
Info    : [ 40%] Meshing curve 1230 order 2
Info    : [ 40%] Meshing curve 1231 order 2
Info    : [ 40%] Meshing curve 1232 order 2
Info    : [ 40%] Meshing curve 1233 order 2
Info    : [ 40%] Meshing curve 1234 order 2
Info    : [ 40%] Meshing curve 1235 order 2
Info    : [ 40%] Meshing curve 1236 order 2
Info    : [ 40%] Meshing curve 1237 order 2
Info    : [ 40%] Meshing curve 1238 order 2
Info    : [ 40%] Meshing curve 1239 order 2
Info    : [ 40%] Meshing curve 1240 order 2
Info    : [ 40%] Meshing curve 1241 order 2
Info    : [ 40%] Meshing curve 1242 order 2
Info    : [ 40%] Meshing curve 1243 order 2
Info    : [ 40%] Meshing curve 1244 order 2
Info    : [ 40%] Meshing curve 1245 order 2
Info    : [ 40%] Meshing curve 1246 order 2
Info    : [ 40%] Meshing curve 1247 order 2
Info    : [ 40%] Meshing curve 1248 order 2
Info    : [ 40%] Meshing curve 1249 order 2
Info    : [ 40%] Meshing curve 1250 order 2
Info    : [ 40%] Meshing curve 1251 order 2
Info    : [ 40%] Meshing curve 1252 order 2
Info    : [ 40%] Meshing curve 1253 order 2
Info    : [ 40%] Meshing curve 1254 order 2
Info    : [ 40%] Meshing curve 1255 order 2
Info    : [ 40%] Meshing curve 1256 order 2
Info    : [ 40%] Meshing curve 1257 order 2
Info    : [ 40%] Meshing curve 1258 order 2
Info    : [ 40%] Meshing curve 1259 order 2
Info    : [ 40%] Meshing curve 1260 order 2
Info    : [ 40%] Meshing curve 1261 order 2
Info    : [ 40%] Meshing curve 1262 order 2
Info    : [ 40%] Meshing curve 1263 order 2
Info    : [ 40%] Meshing curve 1264 order 2
Info    : [ 40%] Meshing curve 1265 order 2
Info    : [ 40%] Meshing curve 1266 order 2
Info    : [ 40%] Meshing curve 1267 order 2
Info    : [ 40%] Meshing curve 1268 order 2
Info    : [ 40%] Meshing curve 1269 order 2
Info    : [ 40%] Meshing curve 1270 order 2
Info    : [ 40%] Meshing curve 1271 order 2
Info    : [ 40%] Meshing curve 1272 order 2
Info    : [ 40%] Meshing curve 1273 order 2
Info    : [ 40%] Meshing curve 1274 order 2
Info    : [ 40%] Meshing curve 1275 order 2
Info    : [ 40%] Meshing curve 1276 order 2
Info    : [ 40%] Meshing curve 1277 order 2
Info    : [ 40%] Meshing curve 1278 order 2
Info    : [ 40%] Meshing curve 1279 order 2
Info    : [ 40%] Meshing curve 1280 order 2
Info    : [ 40%] Meshing curve 1281 order 2
Info    : [ 40%] Meshing curve 1282 order 2
Info    : [ 40%] Meshing curve 1283 order 2
Info    : [ 40%] Meshing curve 1284 order 2
Info    : [ 40%] Meshing curve 1285 order 2
Info    : [ 40%] Meshing curve 1286 order 2
Info    : [ 40%] Meshing curve 1287 order 2
Info    : [ 40%] Meshing curve 1288 order 2
Info    : [ 40%] Meshing curve 1289 order 2
Info    : [ 40%] Meshing curve 1290 order 2
Info    : [ 40%] Meshing curve 1291 order 2
Info    : [ 40%] Meshing curve 1292 order 2
Info    : [ 40%] Meshing curve 1293 order 2
Info    : [ 40%] Meshing curve 1294 order 2
Info    : [ 40%] Meshing curve 1295 order 2
Info    : [ 40%] Meshing curve 1296 order 2
Info    : [ 40%] Meshing curve 1297 order 2
Info    : [ 40%] Meshing curve 1298 order 2
Info    : [ 40%] Meshing curve 1299 order 2
Info    : [ 40%] Meshing curve 1300 order 2
Info    : [ 40%] Meshing curve 1301 order 2
Info    : [ 40%] Meshing curve 1302 order 2
Info    : [ 40%] Meshing curve 1303 order 2
Info    : [ 40%] Meshing curve 1304 order 2
Info    : [ 40%] Meshing curve 1305 order 2
Info    : [ 40%] Meshing curve 1306 order 2
Info    : [ 40%] Meshing curve 1307 order 2
Info    : [ 40%] Meshing curve 1308 order 2
Info    : [ 40%] Meshing curve 1309 order 2
Info    : [ 40%] Meshing curve 1310 order 2
Info    : [ 40%] Meshing curve 1311 order 2
Info    : [ 40%] Meshing curve 1312 order 2
Info    : [ 40%] Meshing curve 1313 order 2
Info    : [ 40%] Meshing curve 1314 order 2
Info    : [ 40%] Meshing curve 1315 order 2
Info    : [ 40%] Meshing curve 1316 order 2
Info    : [ 40%] Meshing curve 1317 order 2
Info    : [ 40%] Meshing curve 1318 order 2
Info    : [ 40%] Meshing curve 1319 order 2
Info    : [ 40%] Meshing curve 1320 order 2
Info    : [ 40%] Meshing curve 1321 order 2
Info    : [ 40%] Meshing curve 1322 order 2
Info    : [ 40%] Meshing curve 1323 order 2
Info    : [ 40%] Meshing curve 1324 order 2
Info    : [ 40%] Meshing curve 1325 order 2
Info    : [ 40%] Meshing curve 1326 order 2
Info    : [ 40%] Meshing curve 1327 order 2
Info    : [ 40%] Meshing curve 1328 order 2
Info    : [ 40%] Meshing curve 1329 order 2
Info    : [ 50%] Meshing curve 1330 order 2
Info    : [ 50%] Meshing curve 1331 order 2
Info    : [ 50%] Meshing curve 1332 order 2
Info    : [ 50%] Meshing curve 1333 order 2
Info    : [ 50%] Meshing curve 1334 order 2
Info    : [ 50%] Meshing curve 1335 order 2
Info    : [ 50%] Meshing curve 1336 order 2
Info    : [ 50%] Meshing curve 1337 order 2
Info    : [ 50%] Meshing curve 1338 order 2
Info    : [ 50%] Meshing curve 1339 order 2
Info    : [ 50%] Meshing curve 1340 order 2
Info    : [ 50%] Meshing curve 1341 order 2
Info    : [ 50%] Meshing curve 1342 order 2
Info    : [ 50%] Meshing curve 1343 order 2
Info    : [ 50%] Meshing curve 1344 order 2
Info    : [ 50%] Meshing curve 1345 order 2
Info    : [ 50%] Meshing curve 1346 order 2
Info    : [ 50%] Meshing curve 1347 order 2
Info    : [ 50%] Meshing curve 1348 order 2
Info    : [ 50%] Meshing curve 1349 order 2
Info    : [ 50%] Meshing curve 1350 order 2
Info    : [ 50%] Meshing curve 1351 order 2
Info    : [ 50%] Meshing curve 1352 order 2
Info    : [ 50%] Meshing curve 1353 order 2
Info    : [ 50%] Meshing curve 1354 order 2
Info    : [ 50%] Meshing curve 1355 order 2
Info    : [ 50%] Meshing curve 1356 order 2
Info    : [ 50%] Meshing curve 1357 order 2
Info    : [ 50%] Meshing curve 1358 order 2
Info    : [ 50%] Meshing curve 1359 order 2
Info    : [ 50%] Meshing curve 1360 order 2
Info    : [ 50%] Meshing curve 1361 order 2
Info    : [ 50%] Meshing curve 1362 order 2
Info    : [ 50%] Meshing curve 1363 order 2
Info    : [ 50%] Meshing curve 1364 order 2
Info    : [ 50%] Meshing curve 1365 order 2
Info    : [ 50%] Meshing curve 1366 order 2
Info    : [ 50%] Meshing curve 1367 order 2
Info    : [ 50%] Meshing curve 1368 order 2
Info    : [ 50%] Meshing curve 1369 order 2
Info    : [ 50%] Meshing curve 1370 order 2
Info    : [ 50%] Meshing curve 1371 order 2
Info    : [ 50%] Meshing curve 1372 order 2
Info    : [ 50%] Meshing curve 1373 order 2
Info    : [ 50%] Meshing curve 1374 order 2
Info    : [ 50%] Meshing curve 1375 order 2
Info    : [ 50%] Meshing curve 1376 order 2
Info    : [ 50%] Meshing curve 1377 order 2
Info    : [ 50%] Meshing curve 1378 order 2
Info    : [ 50%] Meshing curve 1379 order 2
Info    : [ 50%] Meshing curve 1380 order 2
Info    : [ 50%] Meshing curve 1381 order 2
Info    : [ 50%] Meshing curve 1382 order 2
Info    : [ 50%] Meshing curve 1383 order 2
Info    : [ 50%] Meshing curve 1384 order 2
Info    : [ 50%] Meshing curve 1385 order 2
Info    : [ 50%] Meshing curve 1386 order 2
Info    : [ 50%] Meshing curve 1387 order 2
Info    : [ 50%] Meshing curve 1388 order 2
Info    : [ 50%] Meshing curve 1389 order 2
Info    : [ 50%] Meshing curve 1390 order 2
Info    : [ 50%] Meshing curve 1391 order 2
Info    : [ 50%] Meshing curve 1392 order 2
Info    : [ 50%] Meshing curve 1393 order 2
Info    : [ 50%] Meshing curve 1394 order 2
Info    : [ 50%] Meshing curve 1395 order 2
Info    : [ 50%] Meshing curve 1396 order 2
Info    : [ 50%] Meshing curve 1397 order 2
Info    : [ 50%] Meshing curve 1398 order 2
Info    : [ 50%] Meshing curve 1399 order 2
Info    : [ 50%] Meshing curve 1400 order 2
Info    : [ 50%] Meshing curve 1401 order 2
Info    : [ 50%] Meshing curve 1402 order 2
Info    : [ 50%] Meshing curve 1403 order 2
Info    : [ 50%] Meshing curve 1404 order 2
Info    : [ 50%] Meshing curve 1405 order 2
Info    : [ 50%] Meshing curve 1406 order 2
Info    : [ 50%] Meshing curve 1407 order 2
Info    : [ 50%] Meshing curve 1408 order 2
Info    : [ 50%] Meshing curve 1409 order 2
Info    : [ 50%] Meshing curve 1410 order 2
Info    : [ 50%] Meshing curve 1411 order 2
Info    : [ 50%] Meshing curve 1412 order 2
Info    : [ 50%] Meshing curve 1413 order 2
Info    : [ 50%] Meshing curve 1414 order 2
Info    : [ 50%] Meshing curve 1415 order 2
Info    : [ 50%] Meshing curve 1416 order 2
Info    : [ 50%] Meshing curve 1417 order 2
Info    : [ 50%] Meshing curve 1418 order 2
Info    : [ 50%] Meshing curve 1419 order 2
Info    : [ 50%] Meshing curve 1420 order 2
Info    : [ 50%] Meshing curve 1421 order 2
Info    : [ 50%] Meshing curve 1422 order 2
Info    : [ 50%] Meshing curve 1423 order 2
Info    : [ 50%] Meshing curve 1424 order 2
Info    : [ 50%] Meshing curve 1425 order 2
Info    : [ 50%] Meshing curve 1426 order 2
Info    : [ 50%] Meshing curve 1427 order 2
Info    : [ 50%] Meshing curve 1428 order 2
Info    : [ 50%] Meshing curve 1429 order 2
Info    : [ 50%] Meshing curve 1430 order 2
Info    : [ 50%] Meshing curve 1431 order 2
Info    : [ 50%] Meshing curve 1432 order 2
Info    : [ 50%] Meshing curve 1433 order 2
Info    : [ 50%] Meshing curve 1434 order 2
Info    : [ 50%] Meshing curve 1435 order 2
Info    : [ 50%] Meshing curve 1436 order 2
Info    : [ 50%] Meshing curve 1437 order 2
Info    : [ 50%] Meshing curve 1438 order 2
Info    : [ 50%] Meshing curve 1439 order 2
Info    : [ 50%] Meshing curve 1440 order 2
Info    : [ 50%] Meshing curve 1441 order 2
Info    : [ 50%] Meshing curve 1442 order 2
Info    : [ 50%] Meshing curve 1443 order 2
Info    : [ 50%] Meshing curve 1444 order 2
Info    : [ 50%] Meshing curve 1445 order 2
Info    : [ 50%] Meshing curve 1446 order 2
Info    : [ 50%] Meshing curve 1447 order 2
Info    : [ 50%] Meshing curve 1448 order 2
Info    : [ 50%] Meshing curve 1449 order 2
Info    : [ 50%] Meshing curve 1450 order 2
Info    : [ 50%] Meshing curve 1451 order 2
Info    : [ 50%] Meshing curve 1452 order 2
Info    : [ 50%] Meshing curve 1453 order 2
Info    : [ 50%] Meshing curve 1454 order 2
Info    : [ 50%] Meshing curve 1455 order 2
Info    : [ 50%] Meshing curve 1456 order 2
Info    : [ 50%] Meshing curve 1457 order 2
Info    : [ 50%] Meshing curve 1458 order 2
Info    : [ 50%] Meshing curve 1459 order 2
Info    : [ 50%] Meshing curve 1460 order 2
Info    : [ 50%] Meshing curve 1461 order 2
Info    : [ 50%] Meshing curve 1462 order 2
Info    : [ 50%] Meshing curve 1463 order 2
Info    : [ 50%] Meshing curve 1464 order 2
Info    : [ 50%] Meshing curve 1465 order 2
Info    : [ 50%] Meshing curve 1466 order 2
Info    : [ 50%] Meshing curve 1467 order 2
Info    : [ 50%] Meshing curve 1468 order 2
Info    : [ 50%] Meshing curve 1469 order 2
Info    : [ 50%] Meshing curve 1470 order 2
Info    : [ 50%] Meshing curve 1471 order 2
Info    : [ 50%] Meshing curve 1472 order 2
Info    : [ 50%] Meshing curve 1473 order 2
Info    : [ 50%] Meshing curve 1474 order 2
Info    : [ 50%] Meshing curve 1475 order 2
Info    : [ 50%] Meshing curve 1476 order 2
Info    : [ 50%] Meshing curve 1477 order 2
Info    : [ 50%] Meshing curve 1478 order 2
Info    : [ 50%] Meshing curve 1479 order 2
Info    : [ 50%] Meshing curve 1480 order 2
Info    : [ 50%] Meshing curve 1481 order 2
Info    : [ 50%] Meshing curve 1482 order 2
Info    : [ 50%] Meshing curve 1483 order 2
Info    : [ 50%] Meshing curve 1484 order 2
Info    : [ 50%] Meshing curve 1485 order 2
Info    : [ 50%] Meshing curve 1486 order 2
Info    : [ 50%] Meshing curve 1487 order 2
Info    : [ 50%] Meshing curve 1488 order 2
Info    : [ 50%] Meshing curve 1489 order 2
Info    : [ 50%] Meshing curve 1490 order 2
Info    : [ 50%] Meshing curve 1491 order 2
Info    : [ 50%] Meshing curve 1492 order 2
Info    : [ 50%] Meshing curve 1493 order 2
Info    : [ 50%] Meshing curve 1494 order 2
Info    : [ 50%] Meshing curve 1495 order 2
Info    : [ 50%] Meshing curve 1496 order 2
Info    : [ 50%] Meshing curve 1497 order 2
Info    : [ 50%] Meshing curve 1498 order 2
Info    : [ 50%] Meshing curve 1499 order 2
Info    : [ 50%] Meshing curve 1500 order 2
Info    : [ 50%] Meshing curve 1501 order 2
Info    : [ 50%] Meshing curve 1502 order 2
Info    : [ 50%] Meshing curve 1503 order 2
Info    : [ 50%] Meshing curve 1504 order 2
Info    : [ 50%] Meshing curve 1505 order 2
Info    : [ 50%] Meshing curve 1506 order 2
Info    : [ 50%] Meshing curve 1507 order 2
Info    : [ 50%] Meshing curve 1508 order 2
Info    : [ 50%] Meshing curve 1509 order 2
Info    : [ 50%] Meshing curve 1510 order 2
Info    : [ 50%] Meshing curve 1511 order 2
Info    : [ 50%] Meshing curve 1512 order 2
Info    : [ 50%] Meshing curve 1513 order 2
Info    : [ 50%] Meshing curve 1514 order 2
Info    : [ 50%] Meshing curve 1515 order 2
Info    : [ 50%] Meshing curve 1516 order 2
Info    : [ 50%] Meshing curve 1517 order 2
Info    : [ 50%] Meshing curve 1518 order 2
Info    : [ 50%] Meshing curve 1519 order 2
Info    : [ 50%] Meshing curve 1520 order 2
Info    : [ 50%] Meshing curve 1521 order 2
Info    : [ 50%] Meshing curve 1522 order 2
Info    : [ 50%] Meshing curve 1523 order 2
Info    : [ 50%] Meshing curve 1524 order 2
Info    : [ 50%] Meshing curve 1525 order 2
Info    : [ 50%] Meshing curve 1526 order 2
Info    : [ 50%] Meshing curve 1527 order 2
Info    : [ 50%] Meshing curve 1528 order 2
Info    : [ 50%] Meshing curve 1529 order 2
Info    : [ 50%] Meshing curve 1530 order 2
Info    : [ 50%] Meshing curve 1531 order 2
Info    : [ 50%] Meshing curve 1532 order 2
Info    : [ 50%] Meshing curve 1533 order 2
Info    : [ 50%] Meshing curve 1534 order 2
Info    : [ 50%] Meshing curve 1535 order 2
Info    : [ 50%] Meshing curve 1536 order 2
Info    : [ 50%] Meshing curve 1537 order 2
Info    : [ 50%] Meshing curve 1538 order 2
Info    : [ 50%] Meshing curve 1539 order 2
Info    : [ 50%] Meshing curve 1540 order 2
Info    : [ 50%] Meshing curve 1541 order 2
Info    : [ 50%] Meshing curve 1542 order 2
Info    : [ 50%] Meshing curve 1543 order 2
Info    : [ 50%] Meshing curve 1544 order 2
Info    : [ 50%] Meshing curve 1545 order 2
Info    : [ 50%] Meshing curve 1546 order 2
Info    : [ 50%] Meshing curve 1547 order 2
Info    : [ 50%] Meshing curve 1548 order 2
Info    : [ 50%] Meshing curve 1549 order 2
Info    : [ 50%] Meshing curve 1550 order 2
Info    : [ 50%] Meshing curve 1551 order 2
Info    : [ 50%] Meshing curve 1552 order 2
Info    : [ 50%] Meshing curve 1553 order 2
Info    : [ 50%] Meshing curve 1554 order 2
Info    : [ 50%] Meshing curve 1555 order 2
Info    : [ 50%] Meshing curve 1556 order 2
Info    : [ 50%] Meshing curve 1557 order 2
Info    : [ 50%] Meshing curve 1558 order 2
Info    : [ 50%] Meshing curve 1559 order 2
Info    : [ 50%] Meshing curve 1560 order 2
Info    : [ 50%] Meshing curve 1561 order 2
Info    : [ 50%] Meshing curve 1562 order 2
Info    : [ 50%] Meshing curve 1563 order 2
Info    : [ 50%] Meshing curve 1564 order 2
Info    : [ 50%] Meshing curve 1565 order 2
Info    : [ 50%] Meshing curve 1566 order 2
Info    : [ 50%] Meshing curve 1567 order 2
Info    : [ 50%] Meshing curve 1568 order 2
Info    : [ 50%] Meshing curve 1569 order 2
Info    : [ 50%] Meshing curve 1570 order 2
Info    : [ 50%] Meshing curve 1571 order 2
Info    : [ 50%] Meshing curve 1572 order 2
Info    : [ 50%] Meshing curve 1573 order 2
Info    : [ 50%] Meshing curve 1574 order 2
Info    : [ 50%] Meshing curve 1575 order 2
Info    : [ 50%] Meshing curve 1576 order 2
Info    : [ 50%] Meshing curve 1577 order 2
Info    : [ 50%] Meshing curve 1578 order 2
Info    : [ 50%] Meshing curve 1579 order 2
Info    : [ 50%] Meshing curve 1580 order 2
Info    : [ 50%] Meshing curve 1581 order 2
Info    : [ 50%] Meshing curve 1582 order 2
Info    : [ 50%] Meshing curve 1583 order 2
Info    : [ 50%] Meshing curve 1584 order 2
Info    : [ 50%] Meshing curve 1585 order 2
Info    : [ 50%] Meshing curve 1586 order 2
Info    : [ 50%] Meshing curve 1587 order 2
Info    : [ 50%] Meshing curve 1588 order 2
Info    : [ 50%] Meshing curve 1589 order 2
Info    : [ 50%] Meshing curve 1590 order 2
Info    : [ 50%] Meshing curve 1591 order 2
Info    : [ 50%] Meshing curve 1592 order 2
Info    : [ 50%] Meshing curve 1593 order 2
Info    : [ 50%] Meshing curve 1594 order 2
Info    : [ 50%] Meshing curve 1595 order 2
Info    : [ 50%] Meshing curve 1596 order 2
Info    : [ 50%] Meshing curve 1597 order 2
Info    : [ 50%] Meshing curve 1598 order 2
Info    : [ 50%] Meshing curve 1599 order 2
Info    : [ 50%] Meshing curve 1600 order 2
Info    : [ 50%] Meshing curve 1601 order 2
Info    : [ 50%] Meshing curve 1602 order 2
Info    : [ 50%] Meshing curve 1603 order 2
Info    : [ 50%] Meshing curve 1604 order 2
Info    : [ 50%] Meshing curve 1605 order 2
Info    : [ 50%] Meshing curve 1606 order 2
Info    : [ 50%] Meshing curve 1607 order 2
Info    : [ 50%] Meshing curve 1608 order 2
Info    : [ 50%] Meshing curve 1609 order 2
Info    : [ 50%] Meshing curve 1610 order 2
Info    : [ 50%] Meshing curve 1611 order 2
Info    : [ 50%] Meshing curve 1612 order 2
Info    : [ 50%] Meshing curve 1613 order 2
Info    : [ 50%] Meshing curve 1614 order 2
Info    : [ 50%] Meshing curve 1615 order 2
Info    : [ 50%] Meshing curve 1616 order 2
Info    : [ 50%] Meshing curve 1617 order 2
Info    : [ 50%] Meshing curve 1618 order 2
Info    : [ 50%] Meshing curve 1619 order 2
Info    : [ 50%] Meshing curve 1620 order 2
Info    : [ 50%] Meshing curve 1621 order 2
Info    : [ 50%] Meshing curve 1622 order 2
Info    : [ 50%] Meshing curve 1623 order 2
Info    : [ 50%] Meshing curve 1624 order 2
Info    : [ 50%] Meshing curve 1625 order 2
Info    : [ 50%] Meshing curve 1626 order 2
Info    : [ 50%] Meshing curve 1627 order 2
Info    : [ 50%] Meshing curve 1628 order 2
Info    : [ 50%] Meshing curve 1629 order 2
Info    : [ 50%] Meshing curve 1630 order 2
Info    : [ 50%] Meshing curve 1631 order 2
Info    : [ 50%] Meshing curve 1632 order 2
Info    : [ 50%] Meshing curve 1633 order 2
Info    : [ 50%] Meshing curve 1634 order 2
Info    : [ 50%] Meshing curve 1635 order 2
Info    : [ 50%] Meshing curve 1636 order 2
Info    : [ 50%] Meshing curve 1637 order 2
Info    : [ 50%] Meshing curve 1638 order 2
Info    : [ 50%] Meshing curve 1639 order 2
Info    : [ 50%] Meshing curve 1640 order 2
Info    : [ 50%] Meshing curve 1641 order 2
Info    : [ 50%] Meshing curve 1642 order 2
Info    : [ 50%] Meshing curve 1643 order 2
Info    : [ 50%] Meshing curve 1644 order 2
Info    : [ 50%] Meshing curve 1645 order 2
Info    : [ 50%] Meshing curve 1646 order 2
Info    : [ 50%] Meshing curve 1647 order 2
Info    : [ 50%] Meshing curve 1648 order 2
Info    : [ 50%] Meshing curve 1649 order 2
Info    : [ 50%] Meshing curve 1650 order 2
Info    : [ 50%] Meshing curve 1651 order 2
Info    : [ 50%] Meshing curve 1652 order 2
Info    : [ 50%] Meshing curve 1653 order 2
Info    : [ 50%] Meshing curve 1654 order 2
Info    : [ 50%] Meshing curve 1655 order 2
Info    : [ 50%] Meshing curve 1656 order 2
Info    : [ 50%] Meshing curve 1657 order 2
Info    : [ 50%] Meshing curve 1658 order 2
Info    : [ 50%] Meshing curve 1659 order 2
Info    : [ 50%] Meshing curve 1660 order 2
Info    : [ 50%] Meshing curve 1661 order 2
Info    : [ 60%] Meshing curve 1662 order 2
Info    : [ 60%] Meshing curve 1663 order 2
Info    : [ 60%] Meshing curve 1664 order 2
Info    : [ 60%] Meshing curve 1665 order 2
Info    : [ 60%] Meshing curve 1666 order 2
Info    : [ 60%] Meshing curve 1667 order 2
Info    : [ 60%] Meshing curve 1668 order 2
Info    : [ 60%] Meshing curve 1669 order 2
Info    : [ 60%] Meshing curve 1670 order 2
Info    : [ 60%] Meshing curve 1671 order 2
Info    : [ 60%] Meshing curve 1672 order 2
Info    : [ 60%] Meshing curve 1673 order 2
Info    : [ 60%] Meshing curve 1674 order 2
Info    : [ 60%] Meshing curve 1675 order 2
Info    : [ 60%] Meshing curve 1676 order 2
Info    : [ 60%] Meshing curve 1677 order 2
Info    : [ 60%] Meshing curve 1678 order 2
Info    : [ 60%] Meshing curve 1679 order 2
Info    : [ 60%] Meshing curve 1680 order 2
Info    : [ 60%] Meshing curve 1681 order 2
Info    : [ 60%] Meshing curve 1682 order 2
Info    : [ 60%] Meshing curve 1683 order 2
Info    : [ 60%] Meshing curve 1684 order 2
Info    : [ 60%] Meshing curve 1685 order 2
Info    : [ 60%] Meshing curve 1686 order 2
Info    : [ 60%] Meshing curve 1687 order 2
Info    : [ 60%] Meshing curve 1688 order 2
Info    : [ 60%] Meshing curve 1689 order 2
Info    : [ 60%] Meshing curve 1690 order 2
Info    : [ 60%] Meshing curve 1691 order 2
Info    : [ 60%] Meshing curve 1692 order 2
Info    : [ 60%] Meshing curve 1693 order 2
Info    : [ 60%] Meshing curve 1694 order 2
Info    : [ 60%] Meshing curve 1695 order 2
Info    : [ 60%] Meshing curve 1696 order 2
Info    : [ 60%] Meshing curve 1697 order 2
Info    : [ 60%] Meshing curve 1698 order 2
Info    : [ 60%] Meshing curve 1699 order 2
Info    : [ 60%] Meshing curve 1700 order 2
Info    : [ 60%] Meshing curve 1701 order 2
Info    : [ 60%] Meshing curve 1702 order 2
Info    : [ 60%] Meshing curve 1703 order 2
Info    : [ 60%] Meshing curve 1704 order 2
Info    : [ 60%] Meshing curve 1705 order 2
Info    : [ 60%] Meshing curve 1706 order 2
Info    : [ 60%] Meshing curve 1707 order 2
Info    : [ 60%] Meshing curve 1708 order 2
Info    : [ 60%] Meshing curve 1709 order 2
Info    : [ 60%] Meshing curve 1710 order 2
Info    : [ 60%] Meshing curve 1711 order 2
Info    : [ 60%] Meshing curve 1712 order 2
Info    : [ 60%] Meshing curve 1713 order 2
Info    : [ 60%] Meshing curve 1714 order 2
Info    : [ 60%] Meshing curve 1715 order 2
Info    : [ 60%] Meshing curve 1716 order 2
Info    : [ 60%] Meshing curve 1717 order 2
Info    : [ 60%] Meshing curve 1718 order 2
Info    : [ 60%] Meshing curve 1719 order 2
Info    : [ 60%] Meshing curve 1720 order 2
Info    : [ 60%] Meshing curve 1721 order 2
Info    : [ 60%] Meshing curve 1722 order 2
Info    : [ 60%] Meshing curve 1723 order 2
Info    : [ 60%] Meshing curve 1724 order 2
Info    : [ 60%] Meshing curve 1725 order 2
Info    : [ 60%] Meshing curve 1726 order 2
Info    : [ 60%] Meshing curve 1727 order 2
Info    : [ 60%] Meshing curve 1728 order 2
Info    : [ 60%] Meshing curve 1729 order 2
Info    : [ 60%] Meshing curve 1730 order 2
Info    : [ 60%] Meshing curve 1731 order 2
Info    : [ 60%] Meshing curve 1732 order 2
Info    : [ 60%] Meshing curve 1733 order 2
Info    : [ 60%] Meshing curve 1734 order 2
Info    : [ 60%] Meshing curve 1735 order 2
Info    : [ 60%] Meshing curve 1736 order 2
Info    : [ 60%] Meshing curve 1737 order 2
Info    : [ 60%] Meshing curve 1738 order 2
Info    : [ 60%] Meshing curve 1739 order 2
Info    : [ 60%] Meshing curve 1740 order 2
Info    : [ 60%] Meshing curve 1741 order 2
Info    : [ 60%] Meshing curve 1742 order 2
Info    : [ 60%] Meshing curve 1743 order 2
Info    : [ 60%] Meshing curve 1744 order 2
Info    : [ 60%] Meshing curve 1745 order 2
Info    : [ 60%] Meshing curve 1746 order 2
Info    : [ 60%] Meshing curve 1747 order 2
Info    : [ 60%] Meshing curve 1748 order 2
Info    : [ 60%] Meshing curve 1749 order 2
Info    : [ 60%] Meshing curve 1750 order 2
Info    : [ 60%] Meshing curve 1751 order 2
Info    : [ 60%] Meshing curve 1752 order 2
Info    : [ 60%] Meshing curve 1753 order 2
Info    : [ 60%] Meshing curve 1754 order 2
Info    : [ 60%] Meshing curve 1755 order 2
Info    : [ 60%] Meshing curve 1756 order 2
Info    : [ 60%] Meshing curve 1757 order 2
Info    : [ 60%] Meshing curve 1758 order 2
Info    : [ 60%] Meshing curve 1759 order 2
Info    : [ 60%] Meshing curve 1760 order 2
Info    : [ 60%] Meshing curve 1761 order 2
Info    : [ 60%] Meshing curve 1762 order 2
Info    : [ 60%] Meshing curve 1763 order 2
Info    : [ 60%] Meshing curve 1764 order 2
Info    : [ 60%] Meshing curve 1765 order 2
Info    : [ 60%] Meshing curve 1766 order 2
Info    : [ 60%] Meshing curve 1767 order 2
Info    : [ 60%] Meshing curve 1768 order 2
Info    : [ 60%] Meshing curve 1769 order 2
Info    : [ 60%] Meshing curve 1770 order 2
Info    : [ 60%] Meshing curve 1771 order 2
Info    : [ 60%] Meshing curve 1772 order 2
Info    : [ 60%] Meshing curve 1773 order 2
Info    : [ 60%] Meshing curve 1774 order 2
Info    : [ 60%] Meshing curve 1775 order 2
Info    : [ 60%] Meshing curve 1776 order 2
Info    : [ 60%] Meshing curve 1777 order 2
Info    : [ 60%] Meshing curve 1778 order 2
Info    : [ 60%] Meshing curve 1779 order 2
Info    : [ 60%] Meshing curve 1780 order 2
Info    : [ 60%] Meshing curve 1781 order 2
Info    : [ 60%] Meshing curve 1782 order 2
Info    : [ 60%] Meshing curve 1783 order 2
Info    : [ 60%] Meshing curve 1784 order 2
Info    : [ 60%] Meshing curve 1785 order 2
Info    : [ 60%] Meshing curve 1786 order 2
Info    : [ 60%] Meshing curve 1787 order 2
Info    : [ 60%] Meshing curve 1788 order 2
Info    : [ 60%] Meshing curve 1789 order 2
Info    : [ 60%] Meshing curve 1790 order 2
Info    : [ 60%] Meshing curve 1791 order 2
Info    : [ 60%] Meshing curve 1792 order 2
Info    : [ 60%] Meshing curve 1793 order 2
Info    : [ 60%] Meshing curve 1794 order 2
Info    : [ 60%] Meshing curve 1795 order 2
Info    : [ 60%] Meshing curve 1796 order 2
Info    : [ 60%] Meshing curve 1797 order 2
Info    : [ 60%] Meshing curve 1798 order 2
Info    : [ 60%] Meshing curve 1799 order 2
Info    : [ 60%] Meshing curve 1800 order 2
Info    : [ 60%] Meshing curve 1801 order 2
Info    : [ 60%] Meshing curve 1802 order 2
Info    : [ 60%] Meshing curve 1803 order 2
Info    : [ 60%] Meshing curve 1804 order 2
Info    : [ 60%] Meshing curve 1805 order 2
Info    : [ 60%] Meshing curve 1806 order 2
Info    : [ 60%] Meshing curve 1807 order 2
Info    : [ 60%] Meshing curve 1808 order 2
Info    : [ 60%] Meshing curve 1809 order 2
Info    : [ 60%] Meshing curve 1810 order 2
Info    : [ 60%] Meshing curve 1811 order 2
Info    : [ 60%] Meshing curve 1812 order 2
Info    : [ 60%] Meshing curve 1813 order 2
Info    : [ 60%] Meshing curve 1814 order 2
Info    : [ 60%] Meshing curve 1815 order 2
Info    : [ 60%] Meshing curve 1816 order 2
Info    : [ 60%] Meshing curve 1817 order 2
Info    : [ 60%] Meshing curve 1818 order 2
Info    : [ 60%] Meshing curve 1819 order 2
Info    : [ 60%] Meshing curve 1820 order 2
Info    : [ 60%] Meshing curve 1821 order 2
Info    : [ 60%] Meshing curve 1822 order 2
Info    : [ 60%] Meshing curve 1823 order 2
Info    : [ 60%] Meshing curve 1824 order 2
Info    : [ 60%] Meshing curve 1825 order 2
Info    : [ 60%] Meshing curve 1826 order 2
Info    : [ 60%] Meshing curve 1827 order 2
Info    : [ 60%] Meshing curve 1828 order 2
Info    : [ 60%] Meshing curve 1829 order 2
Info    : [ 60%] Meshing curve 1830 order 2
Info    : [ 60%] Meshing curve 1831 order 2
Info    : [ 60%] Meshing curve 1832 order 2
Info    : [ 60%] Meshing curve 1833 order 2
Info    : [ 60%] Meshing curve 1834 order 2
Info    : [ 60%] Meshing curve 1835 order 2
Info    : [ 60%] Meshing curve 1836 order 2
Info    : [ 60%] Meshing curve 1837 order 2
Info    : [ 60%] Meshing curve 1838 order 2
Info    : [ 60%] Meshing curve 1839 order 2
Info    : [ 60%] Meshing curve 1840 order 2
Info    : [ 60%] Meshing curve 1841 order 2
Info    : [ 60%] Meshing curve 1842 order 2
Info    : [ 60%] Meshing curve 1843 order 2
Info    : [ 60%] Meshing curve 1844 order 2
Info    : [ 60%] Meshing curve 1845 order 2
Info    : [ 60%] Meshing curve 1846 order 2
Info    : [ 60%] Meshing curve 1847 order 2
Info    : [ 60%] Meshing curve 1848 order 2
Info    : [ 60%] Meshing curve 1849 order 2
Info    : [ 60%] Meshing curve 1850 order 2
Info    : [ 60%] Meshing curve 1851 order 2
Info    : [ 60%] Meshing curve 1852 order 2
Info    : [ 60%] Meshing curve 1853 order 2
Info    : [ 60%] Meshing curve 1854 order 2
Info    : [ 60%] Meshing curve 1855 order 2
Info    : [ 60%] Meshing curve 1856 order 2
Info    : [ 60%] Meshing curve 1857 order 2
Info    : [ 60%] Meshing curve 1858 order 2
Info    : [ 60%] Meshing curve 1859 order 2
Info    : [ 60%] Meshing curve 1860 order 2
Info    : [ 60%] Meshing curve 1861 order 2
Info    : [ 60%] Meshing curve 1862 order 2
Info    : [ 60%] Meshing curve 1863 order 2
Info    : [ 60%] Meshing curve 1864 order 2
Info    : [ 60%] Meshing curve 1865 order 2
Info    : [ 60%] Meshing curve 1866 order 2
Info    : [ 60%] Meshing curve 1867 order 2
Info    : [ 60%] Meshing curve 1868 order 2
Info    : [ 60%] Meshing curve 1869 order 2
Info    : [ 60%] Meshing curve 1870 order 2
Info    : [ 60%] Meshing curve 1871 order 2
Info    : [ 60%] Meshing curve 1872 order 2
Info    : [ 60%] Meshing curve 1873 order 2
Info    : [ 60%] Meshing curve 1874 order 2
Info    : [ 60%] Meshing curve 1875 order 2
Info    : [ 60%] Meshing curve 1876 order 2
Info    : [ 60%] Meshing curve 1877 order 2
Info    : [ 60%] Meshing curve 1878 order 2
Info    : [ 60%] Meshing curve 1879 order 2
Info    : [ 60%] Meshing curve 1880 order 2
Info    : [ 60%] Meshing curve 1881 order 2
Info    : [ 60%] Meshing curve 1882 order 2
Info    : [ 60%] Meshing curve 1883 order 2
Info    : [ 60%] Meshing curve 1884 order 2
Info    : [ 60%] Meshing curve 1885 order 2
Info    : [ 60%] Meshing curve 1886 order 2
Info    : [ 60%] Meshing curve 1887 order 2
Info    : [ 60%] Meshing curve 1888 order 2
Info    : [ 60%] Meshing curve 1889 order 2
Info    : [ 60%] Meshing curve 1890 order 2
Info    : [ 60%] Meshing curve 1891 order 2
Info    : [ 60%] Meshing curve 1892 order 2
Info    : [ 60%] Meshing curve 1893 order 2
Info    : [ 60%] Meshing curve 1894 order 2
Info    : [ 60%] Meshing curve 1895 order 2
Info    : [ 60%] Meshing curve 1896 order 2
Info    : [ 60%] Meshing curve 1897 order 2
Info    : [ 60%] Meshing curve 1898 order 2
Info    : [ 60%] Meshing curve 1899 order 2
Info    : [ 60%] Meshing curve 1900 order 2
Info    : [ 60%] Meshing curve 1901 order 2
Info    : [ 60%] Meshing curve 1902 order 2
Info    : [ 60%] Meshing curve 1903 order 2
Info    : [ 60%] Meshing curve 1904 order 2
Info    : [ 60%] Meshing curve 1905 order 2
Info    : [ 60%] Meshing curve 1906 order 2
Info    : [ 60%] Meshing curve 1907 order 2
Info    : [ 60%] Meshing curve 1908 order 2
Info    : [ 60%] Meshing curve 1909 order 2
Info    : [ 60%] Meshing curve 1910 order 2
Info    : [ 60%] Meshing curve 1911 order 2
Info    : [ 60%] Meshing curve 1912 order 2
Info    : [ 60%] Meshing curve 1913 order 2
Info    : [ 60%] Meshing curve 1914 order 2
Info    : [ 60%] Meshing curve 1915 order 2
Info    : [ 60%] Meshing curve 1916 order 2
Info    : [ 60%] Meshing curve 1917 order 2
Info    : [ 60%] Meshing curve 1918 order 2
Info    : [ 60%] Meshing curve 1919 order 2
Info    : [ 60%] Meshing curve 1920 order 2
Info    : [ 60%] Meshing curve 1921 order 2
Info    : [ 60%] Meshing curve 1922 order 2
Info    : [ 60%] Meshing curve 1923 order 2
Info    : [ 60%] Meshing curve 1924 order 2
Info    : [ 60%] Meshing curve 1925 order 2
Info    : [ 60%] Meshing curve 1926 order 2
Info    : [ 60%] Meshing curve 1927 order 2
Info    : [ 60%] Meshing curve 1928 order 2
Info    : [ 60%] Meshing curve 1929 order 2
Info    : [ 60%] Meshing curve 1930 order 2
Info    : [ 60%] Meshing curve 1931 order 2
Info    : [ 60%] Meshing curve 1932 order 2
Info    : [ 60%] Meshing curve 1933 order 2
Info    : [ 60%] Meshing curve 1934 order 2
Info    : [ 60%] Meshing curve 1935 order 2
Info    : [ 60%] Meshing curve 1936 order 2
Info    : [ 60%] Meshing curve 1937 order 2
Info    : [ 60%] Meshing curve 1938 order 2
Info    : [ 60%] Meshing curve 1939 order 2
Info    : [ 60%] Meshing curve 1940 order 2
Info    : [ 60%] Meshing curve 1941 order 2
Info    : [ 60%] Meshing curve 1942 order 2
Info    : [ 60%] Meshing curve 1943 order 2
Info    : [ 60%] Meshing curve 1944 order 2
Info    : [ 60%] Meshing curve 1945 order 2
Info    : [ 60%] Meshing curve 1946 order 2
Info    : [ 60%] Meshing curve 1947 order 2
Info    : [ 60%] Meshing curve 1948 order 2
Info    : [ 60%] Meshing curve 1949 order 2
Info    : [ 60%] Meshing curve 1950 order 2
Info    : [ 60%] Meshing curve 1951 order 2
Info    : [ 60%] Meshing curve 1952 order 2
Info    : [ 60%] Meshing curve 1953 order 2
Info    : [ 60%] Meshing curve 1954 order 2
Info    : [ 60%] Meshing curve 1955 order 2
Info    : [ 60%] Meshing curve 1956 order 2
Info    : [ 60%] Meshing curve 1957 order 2
Info    : [ 60%] Meshing curve 1958 order 2
Info    : [ 60%] Meshing curve 1959 order 2
Info    : [ 60%] Meshing curve 1960 order 2
Info    : [ 60%] Meshing curve 1961 order 2
Info    : [ 60%] Meshing curve 1962 order 2
Info    : [ 60%] Meshing curve 1963 order 2
Info    : [ 60%] Meshing curve 1964 order 2
Info    : [ 60%] Meshing curve 1965 order 2
Info    : [ 60%] Meshing curve 1966 order 2
Info    : [ 60%] Meshing curve 1967 order 2
Info    : [ 60%] Meshing curve 1968 order 2
Info    : [ 60%] Meshing curve 1969 order 2
Info    : [ 60%] Meshing curve 1970 order 2
Info    : [ 60%] Meshing curve 1971 order 2
Info    : [ 60%] Meshing curve 1972 order 2
Info    : [ 60%] Meshing curve 1973 order 2
Info    : [ 60%] Meshing curve 1974 order 2
Info    : [ 60%] Meshing curve 1975 order 2
Info    : [ 60%] Meshing curve 1976 order 2
Info    : [ 60%] Meshing curve 1977 order 2
Info    : [ 60%] Meshing curve 1978 order 2
Info    : [ 60%] Meshing curve 1979 order 2
Info    : [ 60%] Meshing curve 1980 order 2
Info    : [ 60%] Meshing curve 1981 order 2
Info    : [ 60%] Meshing curve 1982 order 2
Info    : [ 60%] Meshing curve 1983 order 2
Info    : [ 60%] Meshing curve 1984 order 2
Info    : [ 60%] Meshing curve 1985 order 2
Info    : [ 60%] Meshing curve 1986 order 2
Info    : [ 60%] Meshing curve 1987 order 2
Info    : [ 60%] Meshing curve 1988 order 2
Info    : [ 60%] Meshing curve 1989 order 2
Info    : [ 60%] Meshing curve 1990 order 2
Info    : [ 60%] Meshing curve 1991 order 2
Info    : [ 60%] Meshing curve 1992 order 2
Info    : [ 60%] Meshing curve 1993 order 2
Info    : [ 60%] Meshing curve 1994 order 2
Info    : [ 70%] Meshing curve 1995 order 2
Info    : [ 70%] Meshing curve 1996 order 2
Info    : [ 70%] Meshing curve 1997 order 2
Info    : [ 70%] Meshing curve 1998 order 2
Info    : [ 70%] Meshing curve 1999 order 2
Info    : [ 70%] Meshing curve 2000 order 2
Info    : [ 70%] Meshing curve 2001 order 2
Info    : [ 70%] Meshing curve 2002 order 2
Info    : [ 70%] Meshing curve 2003 order 2
Info    : [ 70%] Meshing curve 2004 order 2
Info    : [ 70%] Meshing curve 2005 order 2
Info    : [ 70%] Meshing curve 2006 order 2
Info    : [ 70%] Meshing curve 2007 order 2
Info    : [ 70%] Meshing curve 2008 order 2
Info    : [ 70%] Meshing curve 2009 order 2
Info    : [ 70%] Meshing curve 2010 order 2
Info    : [ 70%] Meshing curve 2011 order 2
Info    : [ 70%] Meshing curve 2012 order 2
Info    : [ 70%] Meshing curve 2013 order 2
Info    : [ 70%] Meshing curve 2014 order 2
Info    : [ 70%] Meshing curve 2015 order 2
Info    : [ 70%] Meshing curve 2016 order 2
Info    : [ 70%] Meshing curve 2017 order 2
Info    : [ 70%] Meshing curve 2018 order 2
Info    : [ 70%] Meshing curve 2019 order 2
Info    : [ 70%] Meshing curve 2020 order 2
Info    : [ 70%] Meshing curve 2021 order 2
Info    : [ 70%] Meshing curve 2022 order 2
Info    : [ 70%] Meshing curve 2023 order 2
Info    : [ 70%] Meshing curve 2024 order 2
Info    : [ 70%] Meshing curve 2025 order 2
Info    : [ 70%] Meshing curve 2026 order 2
Info    : [ 70%] Meshing curve 2027 order 2
Info    : [ 70%] Meshing curve 2028 order 2
Info    : [ 70%] Meshing curve 2029 order 2
Info    : [ 70%] Meshing curve 2030 order 2
Info    : [ 70%] Meshing curve 2031 order 2
Info    : [ 70%] Meshing curve 2032 order 2
Info    : [ 70%] Meshing curve 2033 order 2
Info    : [ 70%] Meshing curve 2034 order 2
Info    : [ 70%] Meshing curve 2035 order 2
Info    : [ 70%] Meshing curve 2036 order 2
Info    : [ 70%] Meshing curve 2037 order 2
Info    : [ 70%] Meshing curve 2038 order 2
Info    : [ 70%] Meshing curve 2039 order 2
Info    : [ 70%] Meshing curve 2040 order 2
Info    : [ 70%] Meshing curve 2041 order 2
Info    : [ 70%] Meshing curve 2042 order 2
Info    : [ 70%] Meshing curve 2043 order 2
Info    : [ 70%] Meshing curve 2044 order 2
Info    : [ 70%] Meshing curve 2045 order 2
Info    : [ 70%] Meshing curve 2046 order 2
Info    : [ 70%] Meshing curve 2047 order 2
Info    : [ 70%] Meshing curve 2048 order 2
Info    : [ 70%] Meshing curve 2049 order 2
Info    : [ 70%] Meshing curve 2050 order 2
Info    : [ 70%] Meshing curve 2051 order 2
Info    : [ 70%] Meshing curve 2052 order 2
Info    : [ 70%] Meshing curve 2053 order 2
Info    : [ 70%] Meshing curve 2054 order 2
Info    : [ 70%] Meshing curve 2055 order 2
Info    : [ 70%] Meshing curve 2056 order 2
Info    : [ 70%] Meshing curve 2057 order 2
Info    : [ 70%] Meshing curve 2058 order 2
Info    : [ 70%] Meshing curve 2059 order 2
Info    : [ 70%] Meshing curve 2060 order 2
Info    : [ 70%] Meshing curve 2061 order 2
Info    : [ 70%] Meshing curve 2062 order 2
Info    : [ 70%] Meshing curve 2063 order 2
Info    : [ 70%] Meshing curve 2064 order 2
Info    : [ 70%] Meshing curve 2065 order 2
Info    : [ 70%] Meshing curve 2066 order 2
Info    : [ 70%] Meshing curve 2067 order 2
Info    : [ 70%] Meshing curve 2068 order 2
Info    : [ 70%] Meshing curve 2069 order 2
Info    : [ 70%] Meshing curve 2070 order 2
Info    : [ 70%] Meshing curve 2071 order 2
Info    : [ 70%] Meshing curve 2072 order 2
Info    : [ 70%] Meshing curve 2073 order 2
Info    : [ 70%] Meshing curve 2074 order 2
Info    : [ 70%] Meshing curve 2075 order 2
Info    : [ 70%] Meshing curve 2076 order 2
Info    : [ 70%] Meshing curve 2077 order 2
Info    : [ 70%] Meshing curve 2078 order 2
Info    : [ 70%] Meshing curve 2079 order 2
Info    : [ 70%] Meshing curve 2080 order 2
Info    : [ 70%] Meshing curve 2081 order 2
Info    : [ 70%] Meshing curve 2082 order 2
Info    : [ 70%] Meshing curve 2083 order 2
Info    : [ 70%] Meshing curve 2084 order 2
Info    : [ 70%] Meshing curve 2085 order 2
Info    : [ 70%] Meshing curve 2086 order 2
Info    : [ 70%] Meshing curve 2087 order 2
Info    : [ 70%] Meshing curve 2088 order 2
Info    : [ 70%] Meshing curve 2089 order 2
Info    : [ 70%] Meshing curve 2090 order 2
Info    : [ 70%] Meshing curve 2091 order 2
Info    : [ 70%] Meshing curve 2092 order 2
Info    : [ 70%] Meshing curve 2093 order 2
Info    : [ 70%] Meshing curve 2094 order 2
Info    : [ 70%] Meshing curve 2095 order 2
Info    : [ 70%] Meshing curve 2096 order 2
Info    : [ 70%] Meshing curve 2097 order 2
Info    : [ 70%] Meshing curve 2098 order 2
Info    : [ 70%] Meshing curve 2099 order 2
Info    : [ 70%] Meshing curve 2100 order 2
Info    : [ 70%] Meshing curve 2101 order 2
Info    : [ 70%] Meshing curve 2102 order 2
Info    : [ 70%] Meshing curve 2103 order 2
Info    : [ 70%] Meshing curve 2104 order 2
Info    : [ 70%] Meshing curve 2105 order 2
Info    : [ 70%] Meshing curve 2106 order 2
Info    : [ 70%] Meshing curve 2107 order 2
Info    : [ 70%] Meshing curve 2108 order 2
Info    : [ 70%] Meshing curve 2109 order 2
Info    : [ 70%] Meshing curve 2110 order 2
Info    : [ 70%] Meshing curve 2111 order 2
Info    : [ 70%] Meshing curve 2112 order 2
Info    : [ 70%] Meshing curve 2113 order 2
Info    : [ 70%] Meshing curve 2114 order 2
Info    : [ 70%] Meshing curve 2115 order 2
Info    : [ 70%] Meshing curve 2116 order 2
Info    : [ 70%] Meshing curve 2117 order 2
Info    : [ 70%] Meshing curve 2118 order 2
Info    : [ 70%] Meshing curve 2119 order 2
Info    : [ 70%] Meshing curve 2120 order 2
Info    : [ 70%] Meshing curve 2121 order 2
Info    : [ 70%] Meshing curve 2122 order 2
Info    : [ 70%] Meshing curve 2123 order 2
Info    : [ 70%] Meshing curve 2124 order 2
Info    : [ 70%] Meshing curve 2125 order 2
Info    : [ 70%] Meshing curve 2126 order 2
Info    : [ 70%] Meshing curve 2127 order 2
Info    : [ 70%] Meshing curve 2128 order 2
Info    : [ 70%] Meshing curve 2129 order 2
Info    : [ 70%] Meshing curve 2130 order 2
Info    : [ 70%] Meshing curve 2131 order 2
Info    : [ 70%] Meshing curve 2132 order 2
Info    : [ 70%] Meshing curve 2133 order 2
Info    : [ 70%] Meshing curve 2134 order 2
Info    : [ 70%] Meshing curve 2135 order 2
Info    : [ 70%] Meshing curve 2136 order 2
Info    : [ 70%] Meshing curve 2137 order 2
Info    : [ 70%] Meshing curve 2138 order 2
Info    : [ 70%] Meshing curve 2139 order 2
Info    : [ 70%] Meshing curve 2140 order 2
Info    : [ 70%] Meshing curve 2141 order 2
Info    : [ 70%] Meshing curve 2142 order 2
Info    : [ 70%] Meshing curve 2143 order 2
Info    : [ 70%] Meshing curve 2144 order 2
Info    : [ 70%] Meshing curve 2145 order 2
Info    : [ 70%] Meshing curve 2146 order 2
Info    : [ 70%] Meshing curve 2147 order 2
Info    : [ 70%] Meshing curve 2148 order 2
Info    : [ 70%] Meshing curve 2149 order 2
Info    : [ 70%] Meshing curve 2150 order 2
Info    : [ 70%] Meshing curve 2151 order 2
Info    : [ 70%] Meshing curve 2152 order 2
Info    : [ 70%] Meshing curve 2153 order 2
Info    : [ 70%] Meshing curve 2154 order 2
Info    : [ 70%] Meshing curve 2155 order 2
Info    : [ 70%] Meshing curve 2156 order 2
Info    : [ 70%] Meshing curve 2157 order 2
Info    : [ 70%] Meshing curve 2158 order 2
Info    : [ 70%] Meshing curve 2159 order 2
Info    : [ 70%] Meshing curve 2160 order 2
Info    : [ 70%] Meshing curve 2161 order 2
Info    : [ 70%] Meshing curve 2162 order 2
Info    : [ 70%] Meshing curve 2163 order 2
Info    : [ 70%] Meshing curve 2164 order 2
Info    : [ 70%] Meshing curve 2165 order 2
Info    : [ 70%] Meshing curve 2166 order 2
Info    : [ 70%] Meshing curve 2167 order 2
Info    : [ 70%] Meshing curve 2168 order 2
Info    : [ 70%] Meshing curve 2169 order 2
Info    : [ 70%] Meshing curve 2170 order 2
Info    : [ 70%] Meshing curve 2171 order 2
Info    : [ 70%] Meshing curve 2172 order 2
Info    : [ 70%] Meshing curve 2173 order 2
Info    : [ 70%] Meshing curve 2174 order 2
Info    : [ 70%] Meshing curve 2175 order 2
Info    : [ 70%] Meshing curve 2176 order 2
Info    : [ 70%] Meshing curve 2177 order 2
Info    : [ 70%] Meshing curve 2178 order 2
Info    : [ 70%] Meshing curve 2179 order 2
Info    : [ 70%] Meshing curve 2180 order 2
Info    : [ 70%] Meshing curve 2181 order 2
Info    : [ 70%] Meshing curve 2182 order 2
Info    : [ 70%] Meshing curve 2183 order 2
Info    : [ 70%] Meshing curve 2184 order 2
Info    : [ 70%] Meshing curve 2185 order 2
Info    : [ 70%] Meshing curve 2186 order 2
Info    : [ 70%] Meshing curve 2187 order 2
Info    : [ 70%] Meshing curve 2188 order 2
Info    : [ 70%] Meshing curve 2189 order 2
Info    : [ 70%] Meshing curve 2190 order 2
Info    : [ 70%] Meshing curve 2191 order 2
Info    : [ 70%] Meshing curve 2192 order 2
Info    : [ 70%] Meshing curve 2193 order 2
Info    : [ 70%] Meshing curve 2194 order 2
Info    : [ 70%] Meshing curve 2195 order 2
Info    : [ 70%] Meshing curve 2196 order 2
Info    : [ 70%] Meshing curve 2197 order 2
Info    : [ 70%] Meshing curve 2198 order 2
Info    : [ 70%] Meshing curve 2199 order 2
Info    : [ 70%] Meshing curve 2200 order 2
Info    : [ 70%] Meshing curve 2201 order 2
Info    : [ 70%] Meshing curve 2202 order 2
Info    : [ 70%] Meshing curve 2203 order 2
Info    : [ 70%] Meshing curve 2204 order 2
Info    : [ 70%] Meshing curve 2205 order 2
Info    : [ 70%] Meshing curve 2206 order 2
Info    : [ 70%] Meshing curve 2207 order 2
Info    : [ 70%] Meshing curve 2208 order 2
Info    : [ 70%] Meshing curve 2209 order 2
Info    : [ 70%] Meshing curve 2210 order 2
Info    : [ 70%] Meshing curve 2211 order 2
Info    : [ 70%] Meshing curve 2212 order 2
Info    : [ 70%] Meshing curve 2213 order 2
Info    : [ 70%] Meshing curve 2214 order 2
Info    : [ 70%] Meshing curve 2215 order 2
Info    : [ 70%] Meshing curve 2216 order 2
Info    : [ 70%] Meshing curve 2217 order 2
Info    : [ 70%] Meshing curve 2218 order 2
Info    : [ 70%] Meshing curve 2219 order 2
Info    : [ 70%] Meshing curve 2220 order 2
Info    : [ 70%] Meshing curve 2221 order 2
Info    : [ 70%] Meshing curve 2222 order 2
Info    : [ 70%] Meshing curve 2223 order 2
Info    : [ 70%] Meshing curve 2224 order 2
Info    : [ 70%] Meshing curve 2225 order 2
Info    : [ 70%] Meshing curve 2226 order 2
Info    : [ 70%] Meshing curve 2227 order 2
Info    : [ 70%] Meshing curve 2228 order 2
Info    : [ 70%] Meshing curve 2229 order 2
Info    : [ 70%] Meshing curve 2230 order 2
Info    : [ 70%] Meshing curve 2231 order 2
Info    : [ 70%] Meshing curve 2232 order 2
Info    : [ 70%] Meshing curve 2233 order 2
Info    : [ 70%] Meshing curve 2234 order 2
Info    : [ 70%] Meshing curve 2235 order 2
Info    : [ 70%] Meshing curve 2236 order 2
Info    : [ 70%] Meshing curve 2237 order 2
Info    : [ 70%] Meshing curve 2238 order 2
Info    : [ 70%] Meshing curve 2239 order 2
Info    : [ 70%] Meshing curve 2240 order 2
Info    : [ 70%] Meshing curve 2241 order 2
Info    : [ 70%] Meshing curve 2242 order 2
Info    : [ 70%] Meshing curve 2243 order 2
Info    : [ 70%] Meshing curve 2244 order 2
Info    : [ 70%] Meshing curve 2245 order 2
Info    : [ 70%] Meshing curve 2246 order 2
Info    : [ 70%] Meshing curve 2247 order 2
Info    : [ 70%] Meshing curve 2248 order 2
Info    : [ 70%] Meshing curve 2249 order 2
Info    : [ 70%] Meshing curve 2250 order 2
Info    : [ 70%] Meshing curve 2251 order 2
Info    : [ 70%] Meshing curve 2252 order 2
Info    : [ 70%] Meshing curve 2253 order 2
Info    : [ 70%] Meshing curve 2254 order 2
Info    : [ 70%] Meshing curve 2255 order 2
Info    : [ 70%] Meshing curve 2256 order 2
Info    : [ 70%] Meshing curve 2257 order 2
Info    : [ 70%] Meshing curve 2258 order 2
Info    : [ 70%] Meshing curve 2259 order 2
Info    : [ 70%] Meshing curve 2260 order 2
Info    : [ 70%] Meshing curve 2261 order 2
Info    : [ 70%] Meshing curve 2262 order 2
Info    : [ 70%] Meshing curve 2263 order 2
Info    : [ 70%] Meshing curve 2264 order 2
Info    : [ 70%] Meshing curve 2265 order 2
Info    : [ 70%] Meshing curve 2266 order 2
Info    : [ 70%] Meshing curve 2267 order 2
Info    : [ 70%] Meshing curve 2268 order 2
Info    : [ 70%] Meshing curve 2269 order 2
Info    : [ 70%] Meshing curve 2270 order 2
Info    : [ 70%] Meshing curve 2271 order 2
Info    : [ 70%] Meshing curve 2272 order 2
Info    : [ 70%] Meshing curve 2273 order 2
Info    : [ 70%] Meshing curve 2274 order 2
Info    : [ 70%] Meshing curve 2275 order 2
Info    : [ 70%] Meshing curve 2276 order 2
Info    : [ 70%] Meshing curve 2277 order 2
Info    : [ 70%] Meshing curve 2278 order 2
Info    : [ 70%] Meshing curve 2279 order 2
Info    : [ 70%] Meshing curve 2280 order 2
Info    : [ 70%] Meshing curve 2281 order 2
Info    : [ 70%] Meshing curve 2282 order 2
Info    : [ 70%] Meshing curve 2283 order 2
Info    : [ 70%] Meshing curve 2284 order 2
Info    : [ 70%] Meshing curve 2285 order 2
Info    : [ 70%] Meshing curve 2286 order 2
Info    : [ 70%] Meshing curve 2287 order 2
Info    : [ 70%] Meshing curve 2288 order 2
Info    : [ 70%] Meshing curve 2289 order 2
Info    : [ 70%] Meshing curve 2290 order 2
Info    : [ 70%] Meshing curve 2291 order 2
Info    : [ 70%] Meshing curve 2292 order 2
Info    : [ 70%] Meshing curve 2293 order 2
Info    : [ 70%] Meshing curve 2294 order 2
Info    : [ 70%] Meshing curve 2295 order 2
Info    : [ 70%] Meshing curve 2296 order 2
Info    : [ 70%] Meshing curve 2297 order 2
Info    : [ 70%] Meshing curve 2298 order 2
Info    : [ 70%] Meshing curve 2299 order 2
Info    : [ 70%] Meshing curve 2300 order 2
Info    : [ 70%] Meshing curve 2301 order 2
Info    : [ 70%] Meshing curve 2302 order 2
Info    : [ 70%] Meshing curve 2303 order 2
Info    : [ 70%] Meshing curve 2304 order 2
Info    : [ 70%] Meshing curve 2305 order 2
Info    : [ 70%] Meshing curve 2306 order 2
Info    : [ 70%] Meshing curve 2307 order 2
Info    : [ 70%] Meshing curve 2308 order 2
Info    : [ 70%] Meshing curve 2309 order 2
Info    : [ 70%] Meshing curve 2310 order 2
Info    : [ 70%] Meshing curve 2311 order 2
Info    : [ 70%] Meshing curve 2312 order 2
Info    : [ 70%] Meshing curve 2313 order 2
Info    : [ 70%] Meshing curve 2314 order 2
Info    : [ 70%] Meshing curve 2315 order 2
Info    : [ 70%] Meshing curve 2316 order 2
Info    : [ 70%] Meshing curve 2317 order 2
Info    : [ 70%] Meshing curve 2318 order 2
Info    : [ 70%] Meshing curve 2319 order 2
Info    : [ 70%] Meshing curve 2320 order 2
Info    : [ 70%] Meshing curve 2321 order 2
Info    : [ 70%] Meshing curve 2322 order 2
Info    : [ 70%] Meshing curve 2323 order 2
Info    : [ 70%] Meshing curve 2324 order 2
Info    : [ 70%] Meshing curve 2325 order 2
Info    : [ 70%] Meshing curve 2326 order 2
Info    : [ 80%] Meshing curve 2327 order 2
Info    : [ 80%] Meshing curve 2328 order 2
Info    : [ 80%] Meshing curve 2329 order 2
Info    : [ 80%] Meshing curve 2330 order 2
Info    : [ 80%] Meshing curve 2331 order 2
Info    : [ 80%] Meshing curve 2332 order 2
Info    : [ 80%] Meshing curve 2333 order 2
Info    : [ 80%] Meshing curve 2334 order 2
Info    : [ 80%] Meshing curve 2335 order 2
Info    : [ 80%] Meshing curve 2336 order 2
Info    : [ 80%] Meshing curve 2337 order 2
Info    : [ 80%] Meshing curve 2338 order 2
Info    : [ 80%] Meshing curve 2339 order 2
Info    : [ 80%] Meshing curve 2340 order 2
Info    : [ 80%] Meshing curve 2341 order 2
Info    : [ 80%] Meshing curve 2342 order 2
Info    : [ 80%] Meshing curve 2343 order 2
Info    : [ 80%] Meshing curve 2344 order 2
Info    : [ 80%] Meshing curve 2345 order 2
Info    : [ 80%] Meshing curve 2346 order 2
Info    : [ 80%] Meshing curve 2347 order 2
Info    : [ 80%] Meshing curve 2348 order 2
Info    : [ 80%] Meshing curve 2349 order 2
Info    : [ 80%] Meshing curve 2350 order 2
Info    : [ 80%] Meshing curve 2351 order 2
Info    : [ 80%] Meshing curve 2352 order 2
Info    : [ 80%] Meshing curve 2353 order 2
Info    : [ 80%] Meshing curve 2354 order 2
Info    : [ 80%] Meshing curve 2355 order 2
Info    : [ 80%] Meshing curve 2356 order 2
Info    : [ 80%] Meshing curve 2357 order 2
Info    : [ 80%] Meshing curve 2358 order 2
Info    : [ 80%] Meshing curve 2359 order 2
Info    : [ 80%] Meshing curve 2360 order 2
Info    : [ 80%] Meshing curve 2361 order 2
Info    : [ 80%] Meshing curve 2362 order 2
Info    : [ 80%] Meshing curve 2363 order 2
Info    : [ 80%] Meshing curve 2364 order 2
Info    : [ 80%] Meshing curve 2365 order 2
Info    : [ 80%] Meshing curve 2366 order 2
Info    : [ 80%] Meshing curve 2367 order 2
Info    : [ 80%] Meshing curve 2368 order 2
Info    : [ 80%] Meshing curve 2369 order 2
Info    : [ 80%] Meshing curve 2370 order 2
Info    : [ 80%] Meshing curve 2371 order 2
Info    : [ 80%] Meshing curve 2372 order 2
Info    : [ 80%] Meshing curve 2373 order 2
Info    : [ 80%] Meshing curve 2374 order 2
Info    : [ 80%] Meshing curve 2375 order 2
Info    : [ 80%] Meshing curve 2376 order 2
Info    : [ 80%] Meshing curve 2377 order 2
Info    : [ 80%] Meshing curve 2378 order 2
Info    : [ 80%] Meshing curve 2379 order 2
Info    : [ 80%] Meshing curve 2380 order 2
Info    : [ 80%] Meshing curve 2381 order 2
Info    : [ 80%] Meshing curve 2382 order 2
Info    : [ 80%] Meshing curve 2383 order 2
Info    : [ 80%] Meshing curve 2384 order 2
Info    : [ 80%] Meshing curve 2385 order 2
Info    : [ 80%] Meshing curve 2386 order 2
Info    : [ 80%] Meshing curve 2387 order 2
Info    : [ 80%] Meshing curve 2388 order 2
Info    : [ 80%] Meshing curve 2389 order 2
Info    : [ 80%] Meshing curve 2390 order 2
Info    : [ 80%] Meshing curve 2391 order 2
Info    : [ 80%] Meshing curve 2392 order 2
Info    : [ 80%] Meshing curve 2393 order 2
Info    : [ 80%] Meshing curve 2394 order 2
Info    : [ 80%] Meshing curve 2395 order 2
Info    : [ 80%] Meshing curve 2396 order 2
Info    : [ 80%] Meshing curve 2397 order 2
Info    : [ 80%] Meshing curve 2398 order 2
Info    : [ 80%] Meshing curve 2399 order 2
Info    : [ 80%] Meshing curve 2400 order 2
Info    : [ 80%] Meshing curve 2401 order 2
Info    : [ 80%] Meshing curve 2402 order 2
Info    : [ 80%] Meshing curve 2403 order 2
Info    : [ 80%] Meshing curve 2404 order 2
Info    : [ 80%] Meshing curve 2405 order 2
Info    : [ 80%] Meshing curve 2406 order 2
Info    : [ 80%] Meshing curve 2407 order 2
Info    : [ 80%] Meshing curve 2408 order 2
Info    : [ 80%] Meshing curve 2409 order 2
Info    : [ 80%] Meshing curve 2410 order 2
Info    : [ 80%] Meshing curve 2411 order 2
Info    : [ 80%] Meshing curve 2412 order 2
Info    : [ 80%] Meshing curve 2413 order 2
Info    : [ 80%] Meshing curve 2414 order 2
Info    : [ 80%] Meshing curve 2415 order 2
Info    : [ 80%] Meshing curve 2416 order 2
Info    : [ 80%] Meshing curve 2417 order 2
Info    : [ 80%] Meshing curve 2418 order 2
Info    : [ 80%] Meshing curve 2419 order 2
Info    : [ 80%] Meshing curve 2420 order 2
Info    : [ 80%] Meshing curve 2421 order 2
Info    : [ 80%] Meshing curve 2422 order 2
Info    : [ 80%] Meshing curve 2423 order 2
Info    : [ 80%] Meshing curve 2424 order 2
Info    : [ 80%] Meshing curve 2425 order 2
Info    : [ 80%] Meshing curve 2426 order 2
Info    : [ 80%] Meshing curve 2427 order 2
Info    : [ 80%] Meshing curve 2428 order 2
Info    : [ 80%] Meshing curve 2429 order 2
Info    : [ 80%] Meshing curve 2430 order 2
Info    : [ 80%] Meshing curve 2431 order 2
Info    : [ 80%] Meshing curve 2432 order 2
Info    : [ 80%] Meshing curve 2433 order 2
Info    : [ 80%] Meshing curve 2434 order 2
Info    : [ 80%] Meshing curve 2435 order 2
Info    : [ 80%] Meshing curve 2436 order 2
Info    : [ 80%] Meshing curve 2437 order 2
Info    : [ 80%] Meshing curve 2438 order 2
Info    : [ 80%] Meshing curve 2439 order 2
Info    : [ 80%] Meshing curve 2440 order 2
Info    : [ 80%] Meshing curve 2441 order 2
Info    : [ 80%] Meshing curve 2442 order 2
Info    : [ 80%] Meshing curve 2443 order 2
Info    : [ 80%] Meshing curve 2444 order 2
Info    : [ 80%] Meshing curve 2445 order 2
Info    : [ 80%] Meshing curve 2446 order 2
Info    : [ 80%] Meshing curve 2447 order 2
Info    : [ 80%] Meshing curve 2448 order 2
Info    : [ 80%] Meshing curve 2449 order 2
Info    : [ 80%] Meshing curve 2450 order 2
Info    : [ 80%] Meshing curve 2451 order 2
Info    : [ 80%] Meshing curve 2452 order 2
Info    : [ 80%] Meshing curve 2453 order 2
Info    : [ 80%] Meshing curve 2454 order 2
Info    : [ 80%] Meshing curve 2455 order 2
Info    : [ 80%] Meshing curve 2456 order 2
Info    : [ 80%] Meshing curve 2457 order 2
Info    : [ 80%] Meshing curve 2458 order 2
Info    : [ 80%] Meshing curve 2459 order 2
Info    : [ 80%] Meshing curve 2460 order 2
Info    : [ 80%] Meshing curve 2461 order 2
Info    : [ 80%] Meshing curve 2462 order 2
Info    : [ 80%] Meshing curve 2463 order 2
Info    : [ 80%] Meshing curve 2464 order 2
Info    : [ 80%] Meshing curve 2465 order 2
Info    : [ 80%] Meshing curve 2466 order 2
Info    : [ 80%] Meshing curve 2467 order 2
Info    : [ 80%] Meshing curve 2468 order 2
Info    : [ 80%] Meshing curve 2469 order 2
Info    : [ 80%] Meshing curve 2470 order 2
Info    : [ 80%] Meshing curve 2471 order 2
Info    : [ 80%] Meshing curve 2472 order 2
Info    : [ 80%] Meshing curve 2473 order 2
Info    : [ 80%] Meshing curve 2474 order 2
Info    : [ 80%] Meshing curve 2475 order 2
Info    : [ 80%] Meshing curve 2476 order 2
Info    : [ 80%] Meshing curve 2477 order 2
Info    : [ 80%] Meshing curve 2478 order 2
Info    : [ 80%] Meshing curve 2479 order 2
Info    : [ 80%] Meshing curve 2480 order 2
Info    : [ 80%] Meshing curve 2481 order 2
Info    : [ 80%] Meshing curve 2482 order 2
Info    : [ 80%] Meshing curve 2483 order 2
Info    : [ 80%] Meshing curve 2484 order 2
Info    : [ 80%] Meshing curve 2485 order 2
Info    : [ 80%] Meshing curve 2486 order 2
Info    : [ 80%] Meshing curve 2487 order 2
Info    : [ 80%] Meshing curve 2488 order 2
Info    : [ 80%] Meshing curve 2489 order 2
Info    : [ 80%] Meshing curve 2490 order 2
Info    : [ 80%] Meshing curve 2491 order 2
Info    : [ 80%] Meshing curve 2492 order 2
Info    : [ 80%] Meshing curve 2493 order 2
Info    : [ 80%] Meshing curve 2494 order 2
Info    : [ 80%] Meshing curve 2495 order 2
Info    : [ 80%] Meshing curve 2496 order 2
Info    : [ 80%] Meshing curve 2497 order 2
Info    : [ 80%] Meshing curve 2498 order 2
Info    : [ 80%] Meshing curve 2499 order 2
Info    : [ 80%] Meshing curve 2500 order 2
Info    : [ 80%] Meshing curve 2501 order 2
Info    : [ 80%] Meshing curve 2502 order 2
Info    : [ 80%] Meshing curve 2503 order 2
Info    : [ 80%] Meshing curve 2504 order 2
Info    : [ 80%] Meshing curve 2505 order 2
Info    : [ 80%] Meshing curve 2506 order 2
Info    : [ 80%] Meshing curve 2507 order 2
Info    : [ 80%] Meshing curve 2508 order 2
Info    : [ 80%] Meshing curve 2509 order 2
Info    : [ 80%] Meshing curve 2510 order 2
Info    : [ 80%] Meshing curve 2511 order 2
Info    : [ 80%] Meshing curve 2512 order 2
Info    : [ 80%] Meshing curve 2513 order 2
Info    : [ 80%] Meshing curve 2514 order 2
Info    : [ 80%] Meshing curve 2515 order 2
Info    : [ 80%] Meshing curve 2516 order 2
Info    : [ 80%] Meshing curve 2517 order 2
Info    : [ 80%] Meshing curve 2518 order 2
Info    : [ 80%] Meshing curve 2519 order 2
Info    : [ 80%] Meshing curve 2520 order 2
Info    : [ 80%] Meshing curve 2521 order 2
Info    : [ 80%] Meshing curve 2522 order 2
Info    : [ 80%] Meshing curve 2523 order 2
Info    : [ 80%] Meshing curve 2524 order 2
Info    : [ 80%] Meshing curve 2525 order 2
Info    : [ 80%] Meshing curve 2526 order 2
Info    : [ 80%] Meshing curve 2527 order 2
Info    : [ 80%] Meshing curve 2528 order 2
Info    : [ 80%] Meshing curve 2529 order 2
Info    : [ 80%] Meshing curve 2530 order 2
Info    : [ 80%] Meshing curve 2531 order 2
Info    : [ 80%] Meshing curve 2532 order 2
Info    : [ 80%] Meshing curve 2533 order 2
Info    : [ 80%] Meshing curve 2534 order 2
Info    : [ 80%] Meshing curve 2535 order 2
Info    : [ 80%] Meshing curve 2536 order 2
Info    : [ 80%] Meshing curve 2537 order 2
Info    : [ 80%] Meshing curve 2538 order 2
Info    : [ 80%] Meshing curve 2539 order 2
Info    : [ 80%] Meshing curve 2540 order 2
Info    : [ 80%] Meshing curve 2541 order 2
Info    : [ 80%] Meshing curve 2542 order 2
Info    : [ 80%] Meshing curve 2543 order 2
Info    : [ 80%] Meshing curve 2544 order 2
Info    : [ 80%] Meshing curve 2545 order 2
Info    : [ 80%] Meshing curve 2546 order 2
Info    : [ 80%] Meshing curve 2547 order 2
Info    : [ 80%] Meshing curve 2548 order 2
Info    : [ 80%] Meshing curve 2549 order 2
Info    : [ 80%] Meshing curve 2550 order 2
Info    : [ 80%] Meshing curve 2551 order 2
Info    : [ 80%] Meshing curve 2552 order 2
Info    : [ 80%] Meshing curve 2553 order 2
Info    : [ 80%] Meshing curve 2554 order 2
Info    : [ 80%] Meshing curve 2555 order 2
Info    : [ 80%] Meshing curve 2556 order 2
Info    : [ 80%] Meshing curve 2557 order 2
Info    : [ 80%] Meshing curve 2558 order 2
Info    : [ 80%] Meshing curve 2559 order 2
Info    : [ 80%] Meshing curve 2560 order 2
Info    : [ 80%] Meshing curve 2561 order 2
Info    : [ 80%] Meshing surface 1 order 2
Info    : [ 80%] Meshing surface 2 order 2
Info    : [ 80%] Meshing surface 3 order 2
Info    : [ 80%] Meshing surface 4 order 2
Info    : [ 80%] Meshing surface 5 order 2
Info    : [ 80%] Meshing surface 6 order 2
Info    : [ 80%] Meshing surface 7 order 2
Info    : [ 80%] Meshing surface 8 order 2
Info    : [ 80%] Meshing surface 9 order 2
Info    : [ 80%] Meshing surface 10 order 2
Info    : [ 80%] Meshing surface 11 order 2
Info    : [ 80%] Meshing surface 12 order 2
Info    : [ 80%] Meshing surface 13 order 2
Info    : [ 80%] Meshing surface 14 order 2
Info    : [ 80%] Meshing surface 15 order 2
Info    : [ 80%] Meshing surface 16 order 2
Info    : [ 80%] Meshing surface 17 order 2
Info    : [ 80%] Meshing surface 18 order 2
Info    : [ 80%] Meshing surface 19 order 2
Info    : [ 80%] Meshing surface 20 order 2
Info    : [ 80%] Meshing surface 21 order 2
Info    : [ 80%] Meshing surface 22 order 2
Info    : [ 80%] Meshing surface 23 order 2
Info    : [ 80%] Meshing surface 24 order 2
Info    : [ 80%] Meshing surface 25 order 2
Info    : [ 80%] Meshing surface 26 order 2
Info    : [ 80%] Meshing surface 27 order 2
Info    : [ 80%] Meshing surface 28 order 2
Info    : [ 80%] Meshing surface 29 order 2
Info    : [ 80%] Meshing surface 30 order 2
Info    : [ 80%] Meshing surface 31 order 2
Info    : [ 80%] Meshing surface 32 order 2
Info    : [ 80%] Meshing surface 33 order 2
Info    : [ 80%] Meshing surface 34 order 2
Info    : [ 80%] Meshing surface 35 order 2
Info    : [ 80%] Meshing surface 36 order 2
Info    : [ 80%] Meshing surface 37 order 2
Info    : [ 80%] Meshing surface 38 order 2
Info    : [ 80%] Meshing surface 39 order 2
Info    : [ 80%] Meshing surface 40 order 2
Info    : [ 80%] Meshing surface 41 order 2
Info    : [ 80%] Meshing surface 42 order 2
Info    : [ 80%] Meshing surface 43 order 2
Info    : [ 80%] Meshing surface 44 order 2
Info    : [ 80%] Meshing surface 45 order 2
Info    : [ 80%] Meshing surface 46 order 2
Info    : [ 80%] Meshing surface 47 order 2
Info    : [ 80%] Meshing surface 48 order 2
Info    : [ 80%] Meshing surface 49 order 2
Info    : [ 80%] Meshing surface 50 order 2
Info    : [ 80%] Meshing surface 51 order 2
Info    : [ 80%] Meshing surface 52 order 2
Info    : [ 80%] Meshing surface 53 order 2
Info    : [ 80%] Meshing surface 54 order 2
Info    : [ 80%] Meshing surface 55 order 2
Info    : [ 80%] Meshing surface 56 order 2
Info    : [ 80%] Meshing surface 57 order 2
Info    : [ 80%] Meshing surface 58 order 2
Info    : [ 80%] Meshing surface 59 order 2
Info    : [ 80%] Meshing surface 60 order 2
Info    : [ 80%] Meshing surface 61 order 2
Info    : [ 80%] Meshing surface 62 order 2
Info    : [ 80%] Meshing surface 63 order 2
Info    : [ 80%] Meshing surface 64 order 2
Info    : [ 80%] Meshing surface 65 order 2
Info    : [ 80%] Meshing surface 66 order 2
Info    : [ 80%] Meshing surface 67 order 2
Info    : [ 80%] Meshing surface 68 order 2
Info    : [ 80%] Meshing surface 69 order 2
Info    : [ 80%] Meshing surface 70 order 2
Info    : [ 80%] Meshing surface 71 order 2
Info    : [ 80%] Meshing surface 72 order 2
Info    : [ 80%] Meshing surface 73 order 2
Info    : [ 80%] Meshing surface 74 order 2
Info    : [ 80%] Meshing surface 75 order 2
Info    : [ 80%] Meshing surface 76 order 2
Info    : [ 80%] Meshing surface 77 order 2
Info    : [ 80%] Meshing surface 78 order 2
Info    : [ 80%] Meshing surface 79 order 2
Info    : [ 80%] Meshing surface 80 order 2
Info    : [ 80%] Meshing surface 81 order 2
Info    : [ 80%] Meshing surface 82 order 2
Info    : [ 80%] Meshing surface 83 order 2
Info    : [ 80%] Meshing surface 84 order 2
Info    : [ 80%] Meshing surface 85 order 2
Info    : [ 80%] Meshing surface 86 order 2
Info    : [ 80%] Meshing surface 87 order 2
Info    : [ 80%] Meshing surface 88 order 2
Info    : [ 80%] Meshing surface 89 order 2
Info    : [ 80%] Meshing surface 90 order 2
Info    : [ 80%] Meshing surface 91 order 2
Info    : [ 80%] Meshing surface 92 order 2
Info    : [ 80%] Meshing surface 93 order 2
Info    : [ 80%] Meshing surface 94 order 2
Info    : [ 80%] Meshing surface 95 order 2
Info    : [ 80%] Meshing surface 96 order 2
Info    : [ 80%] Meshing surface 97 order 2
Info    : [ 90%] Meshing surface 98 order 2
Info    : [ 90%] Meshing surface 99 order 2
Info    : [ 90%] Meshing surface 100 order 2
Info    : [ 90%] Meshing surface 101 order 2
Info    : [ 90%] Meshing surface 102 order 2
Info    : [ 90%] Meshing surface 103 order 2
Info    : [ 90%] Meshing surface 104 order 2
Info    : [ 90%] Meshing surface 105 order 2
Info    : [ 90%] Meshing surface 106 order 2
Info    : [ 90%] Meshing surface 107 order 2
Info    : [ 90%] Meshing surface 108 order 2
Info    : [ 90%] Meshing surface 109 order 2
Info    : [ 90%] Meshing surface 110 order 2
Info    : [ 90%] Meshing surface 111 order 2
Info    : [ 90%] Meshing surface 112 order 2
Info    : [ 90%] Meshing surface 113 order 2
Info    : [ 90%] Meshing surface 114 order 2
Info    : [ 90%] Meshing surface 115 order 2
Info    : [ 90%] Meshing surface 116 order 2
Info    : [ 90%] Meshing surface 117 order 2
Info    : [ 90%] Meshing surface 118 order 2
Info    : [ 90%] Meshing surface 119 order 2
Info    : [ 90%] Meshing surface 120 order 2
Info    : [ 90%] Meshing surface 121 order 2
Info    : [ 90%] Meshing surface 122 order 2
Info    : [ 90%] Meshing surface 123 order 2
Info    : [ 90%] Meshing surface 124 order 2
Info    : [ 90%] Meshing surface 125 order 2
Info    : [ 90%] Meshing surface 126 order 2
Info    : [ 90%] Meshing surface 127 order 2
Info    : [ 90%] Meshing surface 128 order 2
Info    : [ 90%] Meshing surface 129 order 2
Info    : [ 90%] Meshing surface 130 order 2
Info    : [ 90%] Meshing surface 131 order 2
Info    : [ 90%] Meshing surface 132 order 2
Info    : [ 90%] Meshing surface 133 order 2
Info    : [ 90%] Meshing surface 134 order 2
Info    : [ 90%] Meshing surface 135 order 2
Info    : [ 90%] Meshing surface 136 order 2
Info    : [ 90%] Meshing surface 137 order 2
Info    : [ 90%] Meshing surface 138 order 2
Info    : [ 90%] Meshing surface 139 order 2
Info    : [ 90%] Meshing surface 140 order 2
Info    : [ 90%] Meshing surface 141 order 2
Info    : [ 90%] Meshing surface 142 order 2
Info    : [ 90%] Meshing surface 143 order 2
Info    : [ 90%] Meshing surface 144 order 2
Info    : [ 90%] Meshing surface 145 order 2
Info    : [ 90%] Meshing surface 146 order 2
Info    : [ 90%] Meshing surface 147 order 2
Info    : [ 90%] Meshing surface 148 order 2
Info    : [ 90%] Meshing surface 149 order 2
Info    : [ 90%] Meshing surface 150 order 2
Info    : [ 90%] Meshing surface 151 order 2
Info    : [ 90%] Meshing surface 152 order 2
Info    : [ 90%] Meshing surface 153 order 2
Info    : [ 90%] Meshing surface 154 order 2
Info    : [ 90%] Meshing surface 155 order 2
Info    : [ 90%] Meshing surface 156 order 2
Info    : [ 90%] Meshing surface 157 order 2
Info    : [ 90%] Meshing surface 158 order 2
Info    : [ 90%] Meshing surface 159 order 2
Info    : [ 90%] Meshing surface 160 order 2
Info    : [ 90%] Meshing surface 161 order 2
Info    : [ 90%] Meshing surface 162 order 2
Info    : [ 90%] Meshing surface 163 order 2
Info    : [ 90%] Meshing surface 164 order 2
Info    : [ 90%] Meshing surface 165 order 2
Info    : [ 90%] Meshing surface 166 order 2
Info    : [ 90%] Meshing surface 167 order 2
Info    : [ 90%] Meshing surface 168 order 2
Info    : [ 90%] Meshing surface 169 order 2
Info    : [ 90%] Meshing surface 170 order 2
Info    : [ 90%] Meshing surface 171 order 2
Info    : [ 90%] Meshing surface 172 order 2
Info    : [ 90%] Meshing surface 173 order 2
Info    : [ 90%] Meshing surface 174 order 2
Info    : [ 90%] Meshing surface 175 order 2
Info    : [ 90%] Meshing surface 176 order 2
Info    : [ 90%] Meshing surface 177 order 2
Info    : [ 90%] Meshing surface 178 order 2
Info    : [ 90%] Meshing surface 179 order 2
Info    : [ 90%] Meshing surface 180 order 2
Info    : [ 90%] Meshing surface 181 order 2
Info    : [ 90%] Meshing surface 182 order 2
Info    : [ 90%] Meshing surface 183 order 2
Info    : [ 90%] Meshing surface 184 order 2
Info    : [ 90%] Meshing surface 185 order 2
Info    : [ 90%] Meshing surface 186 order 2
Info    : [ 90%] Meshing surface 187 order 2
Info    : [ 90%] Meshing surface 188 order 2
Info    : [ 90%] Meshing surface 189 order 2
Info    : [ 90%] Meshing surface 190 order 2
Info    : [ 90%] Meshing surface 191 order 2
Info    : [ 90%] Meshing surface 192 order 2
Info    : [ 90%] Meshing surface 193 order 2
Info    : [ 90%] Meshing surface 194 order 2
Info    : [ 90%] Meshing surface 195 order 2
Info    : [ 90%] Meshing surface 196 order 2
Info    : [ 90%] Meshing surface 197 order 2
Info    : [ 90%] Meshing surface 198 order 2
Info    : [ 90%] Meshing surface 199 order 2
Info    : [ 90%] Meshing surface 200 order 2
Info    : [ 90%] Meshing surface 201 order 2
Info    : [ 90%] Meshing surface 202 order 2
Info    : [ 90%] Meshing surface 203 order 2
Info    : [ 90%] Meshing surface 204 order 2
Info    : [ 90%] Meshing surface 205 order 2
Info    : [ 90%] Meshing surface 206 order 2
Info    : [ 90%] Meshing surface 207 order 2
Info    : [ 90%] Meshing surface 208 order 2
Info    : [ 90%] Meshing surface 209 order 2
Info    : [ 90%] Meshing surface 210 order 2
Info    : [ 90%] Meshing surface 211 order 2
Info    : [ 90%] Meshing surface 212 order 2
Info    : [ 90%] Meshing surface 213 order 2
Info    : [ 90%] Meshing surface 214 order 2
Info    : [ 90%] Meshing surface 215 order 2
Info    : [ 90%] Meshing surface 216 order 2
Info    : [ 90%] Meshing surface 217 order 2
Info    : [ 90%] Meshing surface 218 order 2
Info    : [ 90%] Meshing surface 219 order 2
Info    : [ 90%] Meshing surface 220 order 2
Info    : [ 90%] Meshing surface 221 order 2
Info    : [ 90%] Meshing surface 222 order 2
Info    : [ 90%] Meshing surface 223 order 2
Info    : [ 90%] Meshing surface 224 order 2
Info    : [ 90%] Meshing surface 225 order 2
Info    : [ 90%] Meshing surface 226 order 2
Info    : [ 90%] Meshing surface 227 order 2
Info    : [ 90%] Meshing surface 228 order 2
Info    : [ 90%] Meshing surface 229 order 2
Info    : [ 90%] Meshing surface 230 order 2
Info    : [ 90%] Meshing surface 231 order 2
Info    : [ 90%] Meshing surface 232 order 2
Info    : [ 90%] Meshing surface 233 order 2
Info    : [ 90%] Meshing surface 234 order 2
Info    : [ 90%] Meshing surface 235 order 2
Info    : [ 90%] Meshing surface 236 order 2
Info    : [ 90%] Meshing surface 237 order 2
Info    : [ 90%] Meshing surface 238 order 2
Info    : [ 90%] Meshing surface 239 order 2
Info    : [ 90%] Meshing surface 240 order 2
Info    : [ 90%] Meshing surface 241 order 2
Info    : [ 90%] Meshing surface 242 order 2
Info    : [ 90%] Meshing surface 243 order 2
Info    : [ 90%] Meshing surface 244 order 2
Info    : [ 90%] Meshing surface 245 order 2
Info    : [ 90%] Meshing surface 246 order 2
Info    : [ 90%] Meshing surface 247 order 2
Info    : [ 90%] Meshing surface 248 order 2
Info    : [ 90%] Meshing surface 249 order 2
Info    : [ 90%] Meshing surface 250 order 2
Info    : [ 90%] Meshing surface 251 order 2
Info    : [ 90%] Meshing surface 252 order 2
Info    : [ 90%] Meshing surface 253 order 2
Info    : [ 90%] Meshing surface 254 order 2
Info    : [ 90%] Meshing surface 255 order 2
Info    : [ 90%] Meshing surface 256 order 2
Info    : [ 90%] Meshing surface 257 order 2
Info    : [ 90%] Meshing surface 258 order 2
Info    : [ 90%] Meshing surface 259 order 2
Info    : [ 90%] Meshing surface 260 order 2
Info    : [ 90%] Meshing surface 261 order 2
Info    : [ 90%] Meshing surface 262 order 2
Info    : [ 90%] Meshing surface 263 order 2
Info    : [ 90%] Meshing surface 264 order 2
Info    : [ 90%] Meshing surface 265 order 2
Info    : [ 90%] Meshing surface 266 order 2
Info    : [ 90%] Meshing surface 267 order 2
Info    : [ 90%] Meshing surface 268 order 2
Info    : [ 90%] Meshing surface 269 order 2
Info    : [ 90%] Meshing surface 270 order 2
Info    : [ 90%] Meshing surface 271 order 2
Info    : [ 90%] Meshing surface 272 order 2
Info    : [ 90%] Meshing surface 273 order 2
Info    : [ 90%] Meshing surface 274 order 2
Info    : [ 90%] Meshing surface 275 order 2
Info    : [ 90%] Meshing surface 276 order 2
Info    : [ 90%] Meshing surface 277 order 2
Info    : [ 90%] Meshing surface 278 order 2
Info    : [ 90%] Meshing surface 279 order 2
Info    : [ 90%] Meshing surface 280 order 2
Info    : [ 90%] Meshing surface 281 order 2
Info    : [ 90%] Meshing surface 282 order 2
Info    : [ 90%] Meshing surface 283 order 2
Info    : [ 90%] Meshing surface 284 order 2
Info    : [ 90%] Meshing surface 285 order 2
Info    : [ 90%] Meshing surface 286 order 2
Info    : [ 90%] Meshing surface 287 order 2
Info    : [ 90%] Meshing surface 288 order 2
Info    : [ 90%] Meshing surface 289 order 2
Info    : [ 90%] Meshing surface 290 order 2
Info    : [ 90%] Meshing surface 291 order 2
Info    : [ 90%] Meshing surface 292 order 2
Info    : [ 90%] Meshing surface 293 order 2
Info    : [ 90%] Meshing surface 294 order 2
Info    : [ 90%] Meshing surface 295 order 2
Info    : [ 90%] Meshing surface 296 order 2
Info    : [ 90%] Meshing surface 297 order 2
Info    : [ 90%] Meshing surface 298 order 2
Info    : [ 90%] Meshing surface 299 order 2
Info    : [ 90%] Meshing surface 300 order 2
Info    : [ 90%] Meshing surface 301 order 2
Info    : [ 90%] Meshing surface 302 order 2
Info    : [ 90%] Meshing surface 303 order 2
Info    : [ 90%] Meshing surface 304 order 2
Info    : [ 90%] Meshing surface 305 order 2
Info    : [ 90%] Meshing surface 306 order 2
Info    : [ 90%] Meshing surface 307 order 2
Info    : [ 90%] Meshing surface 308 order 2
Info    : [ 90%] Meshing surface 309 order 2
Info    : [ 90%] Meshing surface 310 order 2
Info    : [ 90%] Meshing surface 311 order 2
Info    : [ 90%] Meshing surface 312 order 2
Info    : [ 90%] Meshing surface 313 order 2
Info    : [ 90%] Meshing surface 314 order 2
Info    : [ 90%] Meshing surface 315 order 2
Info    : [ 90%] Meshing surface 316 order 2
Info    : [ 90%] Meshing surface 317 order 2
Info    : [ 90%] Meshing surface 318 order 2
Info    : [ 90%] Meshing surface 319 order 2
Info    : [ 90%] Meshing surface 320 order 2
Info    : [ 90%] Meshing surface 321 order 2
Info    : [ 90%] Meshing surface 322 order 2
Info    : [ 90%] Meshing surface 323 order 2
Info    : [ 90%] Meshing surface 324 order 2
Info    : [ 90%] Meshing surface 325 order 2
Info    : [ 90%] Meshing surface 326 order 2
Info    : [ 90%] Meshing surface 327 order 2
Info    : [ 90%] Meshing surface 328 order 2
Info    : [ 90%] Meshing surface 329 order 2
Info    : [ 90%] Meshing surface 330 order 2
Info    : [ 90%] Meshing surface 331 order 2
Info    : [ 90%] Meshing surface 332 order 2
Info    : [ 90%] Meshing surface 333 order 2
Info    : [ 90%] Meshing surface 334 order 2
Info    : [ 90%] Meshing surface 335 order 2
Info    : [ 90%] Meshing surface 336 order 2
Info    : [ 90%] Meshing surface 337 order 2
Info    : [ 90%] Meshing surface 338 order 2
Info    : [ 90%] Meshing surface 339 order 2
Info    : [ 90%] Meshing surface 340 order 2
Info    : [ 90%] Meshing surface 341 order 2
Info    : [ 90%] Meshing surface 342 order 2
Info    : [ 90%] Meshing surface 343 order 2
Info    : [ 90%] Meshing surface 344 order 2
Info    : [ 90%] Meshing surface 345 order 2
Info    : [ 90%] Meshing surface 346 order 2
Info    : [ 90%] Meshing surface 347 order 2
Info    : [ 90%] Meshing surface 348 order 2
Info    : [ 90%] Meshing surface 349 order 2
Info    : [ 90%] Meshing surface 350 order 2
Info    : [ 90%] Meshing surface 351 order 2
Info    : [ 90%] Meshing surface 352 order 2
Info    : [ 90%] Meshing surface 353 order 2
Info    : [ 90%] Meshing surface 354 order 2
Info    : [ 90%] Meshing surface 355 order 2
Info    : [ 90%] Meshing surface 356 order 2
Info    : [ 90%] Meshing surface 357 order 2
Info    : [ 90%] Meshing surface 358 order 2
Info    : [ 90%] Meshing surface 359 order 2
Info    : [ 90%] Meshing surface 360 order 2
Info    : [ 90%] Meshing surface 361 order 2
Info    : [ 90%] Meshing surface 362 order 2
Info    : [ 90%] Meshing surface 363 order 2
Info    : [ 90%] Meshing surface 364 order 2
Info    : [ 90%] Meshing surface 365 order 2
Info    : [ 90%] Meshing surface 366 order 2
Info    : [ 90%] Meshing surface 367 order 2
Info    : [ 90%] Meshing surface 368 order 2
Info    : [ 90%] Meshing surface 369 order 2
Info    : [ 90%] Meshing surface 370 order 2
Info    : [ 90%] Meshing surface 371 order 2
Info    : [ 90%] Meshing surface 372 order 2
Info    : [ 90%] Meshing surface 373 order 2
Info    : [ 90%] Meshing surface 374 order 2
Info    : [ 90%] Meshing surface 375 order 2
Info    : [ 90%] Meshing surface 376 order 2
Info    : [ 90%] Meshing surface 377 order 2
Info    : [ 90%] Meshing surface 378 order 2
Info    : [ 90%] Meshing surface 379 order 2
Info    : [ 90%] Meshing surface 380 order 2
Info    : [ 90%] Meshing surface 381 order 2
Info    : [ 90%] Meshing surface 382 order 2
Info    : [ 90%] Meshing surface 383 order 2
Info    : [ 90%] Meshing surface 384 order 2
Info    : [ 90%] Meshing surface 385 order 2
Info    : [ 90%] Meshing surface 386 order 2
Info    : [ 90%] Meshing surface 387 order 2
Info    : [ 90%] Meshing surface 388 order 2
Info    : [ 90%] Meshing surface 389 order 2
Info    : [ 90%] Meshing surface 390 order 2
Info    : [ 90%] Meshing surface 391 order 2
Info    : [ 90%] Meshing surface 392 order 2
Info    : [ 90%] Meshing surface 393 order 2
Info    : [ 90%] Meshing surface 394 order 2
Info    : [ 90%] Meshing surface 395 order 2
Info    : [ 90%] Meshing surface 396 order 2
Info    : [ 90%] Meshing surface 397 order 2
Info    : [ 90%] Meshing surface 398 order 2
Info    : [ 90%] Meshing surface 399 order 2
Info    : [ 90%] Meshing surface 400 order 2
Info    : [ 90%] Meshing surface 401 order 2
Info    : [ 90%] Meshing surface 402 order 2
Info    : [ 90%] Meshing surface 403 order 2
Info    : [ 90%] Meshing surface 404 order 2
Info    : [ 90%] Meshing surface 405 order 2
Info    : [ 90%] Meshing surface 406 order 2
Info    : [ 90%] Meshing surface 407 order 2
Info    : [ 90%] Meshing surface 408 order 2
Info    : [ 90%] Meshing surface 409 order 2
Info    : [ 90%] Meshing surface 410 order 2
Info    : [ 90%] Meshing surface 411 order 2
Info    : [ 90%] Meshing surface 412 order 2
Info    : [ 90%] Meshing surface 413 order 2
Info    : [ 90%] Meshing surface 414 order 2
Info    : [ 90%] Meshing surface 415 order 2
Info    : [ 90%] Meshing surface 416 order 2
Info    : [ 90%] Meshing surface 417 order 2
Info    : [ 90%] Meshing surface 418 order 2
Info    : [ 90%] Meshing surface 419 order 2
Info    : [ 90%] Meshing surface 420 order 2
Info    : [ 90%] Meshing surface 421 order 2
Info    : [ 90%] Meshing surface 422 order 2
Info    : [ 90%] Meshing surface 423 order 2
Info    : [ 90%] Meshing surface 424 order 2
Info    : [ 90%] Meshing surface 425 order 2
Info    : [ 90%] Meshing surface 426 order 2
Info    : [ 90%] Meshing surface 427 order 2
Info    : [ 90%] Meshing surface 428 order 2
Info    : [ 90%] Meshing surface 429 order 2
Info    : [100%] Meshing surface 430 order 2
Info    : [100%] Meshing surface 431 order 2
Info    : [100%] Meshing surface 432 order 2
Info    : [100%] Meshing surface 433 order 2
Info    : [100%] Meshing surface 434 order 2
Info    : [100%] Meshing surface 435 order 2
Info    : [100%] Meshing surface 436 order 2
Info    : [100%] Meshing surface 437 order 2
Info    : [100%] Meshing surface 438 order 2
Info    : [100%] Meshing surface 439 order 2
Info    : [100%] Meshing surface 440 order 2
Info    : [100%] Meshing surface 441 order 2
Info    : [100%] Meshing surface 442 order 2
Info    : [100%] Meshing surface 443 order 2
Info    : [100%] Meshing surface 444 order 2
Info    : [100%] Meshing surface 445 order 2
Info    : [100%] Meshing surface 446 order 2
Info    : [100%] Meshing surface 447 order 2
Info    : [100%] Meshing surface 448 order 2
Info    : [100%] Meshing surface 449 order 2
Info    : [100%] Meshing surface 450 order 2
Info    : [100%] Meshing surface 451 order 2
Info    : [100%] Meshing surface 452 order 2
Info    : [100%] Meshing surface 453 order 2
Info    : [100%] Meshing surface 454 order 2
Info    : [100%] Meshing surface 455 order 2
Info    : [100%] Meshing surface 456 order 2
Info    : [100%] Meshing surface 457 order 2
Info    : [100%] Meshing surface 458 order 2
Info    : [100%] Meshing surface 459 order 2
Info    : [100%] Meshing surface 460 order 2
Info    : [100%] Meshing surface 461 order 2
Info    : [100%] Meshing surface 462 order 2
Info    : [100%] Meshing surface 463 order 2
Info    : [100%] Meshing surface 464 order 2
Info    : [100%] Meshing surface 465 order 2
Info    : [100%] Meshing surface 466 order 2
Info    : [100%] Meshing surface 467 order 2
Info    : [100%] Meshing surface 468 order 2
Info    : [100%] Meshing surface 469 order 2
Info    : [100%] Meshing surface 470 order 2
Info    : [100%] Meshing surface 471 order 2
Info    : [100%] Meshing surface 472 order 2
Info    : [100%] Meshing surface 473 order 2
Info    : [100%] Meshing surface 474 order 2
Info    : [100%] Meshing surface 475 order 2
Info    : [100%] Meshing surface 476 order 2
Info    : [100%] Meshing surface 477 order 2
Info    : [100%] Meshing surface 478 order 2
Info    : [100%] Meshing surface 479 order 2
Info    : [100%] Meshing surface 480 order 2
Info    : [100%] Meshing surface 481 order 2
Info    : [100%] Meshing surface 482 order 2
Info    : [100%] Meshing surface 483 order 2
Info    : [100%] Meshing surface 484 order 2
Info    : [100%] Meshing surface 485 order 2
Info    : [100%] Meshing surface 486 order 2
Info    : [100%] Meshing surface 487 order 2
Info    : [100%] Meshing surface 488 order 2
Info    : [100%] Meshing surface 489 order 2
Info    : [100%] Meshing surface 490 order 2
Info    : [100%] Meshing surface 491 order 2
Info    : [100%] Meshing surface 492 order 2
Info    : [100%] Meshing surface 493 order 2
Info    : [100%] Meshing surface 494 order 2
Info    : [100%] Meshing surface 495 order 2
Info    : [100%] Meshing surface 496 order 2
Info    : [100%] Meshing surface 497 order 2
Info    : [100%] Meshing surface 498 order 2
Info    : [100%] Meshing surface 499 order 2
Info    : [100%] Meshing surface 500 order 2
Info    : [100%] Meshing surface 501 order 2
Info    : [100%] Meshing surface 502 order 2
Info    : [100%] Meshing surface 503 order 2
Info    : [100%] Meshing surface 504 order 2
Info    : [100%] Meshing surface 505 order 2
Info    : [100%] Meshing surface 506 order 2
Info    : [100%] Meshing surface 507 order 2
Info    : [100%] Meshing surface 508 order 2
Info    : [100%] Meshing surface 509 order 2
Info    : [100%] Meshing surface 510 order 2
Info    : [100%] Meshing surface 511 order 2
Info    : [100%] Meshing surface 512 order 2
Info    : [100%] Meshing surface 513 order 2
Info    : [100%] Meshing surface 514 order 2
Info    : [100%] Meshing surface 515 order 2
Info    : [100%] Meshing surface 516 order 2
Info    : [100%] Meshing surface 517 order 2
Info    : [100%] Meshing surface 518 order 2
Info    : [100%] Meshing surface 519 order 2
Info    : [100%] Meshing surface 520 order 2
Info    : [100%] Meshing surface 521 order 2
Info    : [100%] Meshing surface 522 order 2
Info    : [100%] Meshing surface 523 order 2
Info    : [100%] Meshing surface 524 order 2
Info    : [100%] Meshing surface 525 order 2
Info    : [100%] Meshing surface 526 order 2
Info    : [100%] Meshing surface 527 order 2
Info    : [100%] Meshing surface 528 order 2
Info    : [100%] Meshing surface 529 order 2
Info    : [100%] Meshing surface 530 order 2
Info    : [100%] Meshing surface 531 order 2
Info    : [100%] Meshing surface 532 order 2
Info    : [100%] Meshing surface 533 order 2
Info    : [100%] Meshing surface 534 order 2
Info    : [100%] Meshing surface 535 order 2
Info    : [100%] Meshing surface 536 order 2
Info    : [100%] Meshing surface 537 order 2
Info    : [100%] Meshing surface 538 order 2
Info    : [100%] Meshing surface 539 order 2
Info    : [100%] Meshing surface 540 order 2
Info    : [100%] Meshing surface 541 order 2
Info    : [100%] Meshing surface 542 order 2
Info    : [100%] Meshing surface 543 order 2
Info    : [100%] Meshing surface 544 order 2
Info    : [100%] Meshing surface 545 order 2
Info    : [100%] Meshing surface 546 order 2
Info    : [100%] Meshing surface 547 order 2
Info    : [100%] Meshing surface 548 order 2
Info    : [100%] Meshing surface 549 order 2
Info    : [100%] Meshing surface 550 order 2
Info    : [100%] Meshing surface 551 order 2
Info    : [100%] Meshing surface 552 order 2
Info    : [100%] Meshing surface 553 order 2
Info    : [100%] Meshing surface 554 order 2
Info    : [100%] Meshing surface 555 order 2
Info    : [100%] Meshing surface 556 order 2
Info    : [100%] Meshing surface 557 order 2
Info    : [100%] Meshing surface 558 order 2
Info    : [100%] Meshing surface 559 order 2
Info    : [100%] Meshing surface 560 order 2
Info    : [100%] Meshing surface 561 order 2
Info    : [100%] Meshing surface 562 order 2
Info    : [100%] Meshing surface 563 order 2
Info    : [100%] Meshing surface 564 order 2
Info    : [100%] Meshing surface 565 order 2
Info    : [100%] Meshing surface 566 order 2
Info    : [100%] Meshing surface 567 order 2
Info    : [100%] Meshing surface 568 order 2
Info    : [100%] Meshing surface 569 order 2
Info    : [100%] Meshing surface 570 order 2
Info    : [100%] Meshing surface 571 order 2
Info    : [100%] Meshing surface 572 order 2
Info    : [100%] Meshing surface 573 order 2
Info    : [100%] Meshing surface 574 order 2
Info    : [100%] Meshing surface 575 order 2
Info    : [100%] Meshing surface 576 order 2
Info    : [100%] Meshing surface 577 order 2
Info    : [100%] Meshing surface 578 order 2
Info    : [100%] Meshing surface 579 order 2
Info    : [100%] Meshing surface 580 order 2
Info    : [100%] Meshing surface 581 order 2
Info    : [100%] Meshing surface 582 order 2
Info    : [100%] Meshing surface 583 order 2
Info    : [100%] Meshing surface 584 order 2
Info    : [100%] Meshing surface 585 order 2
Info    : [100%] Meshing surface 586 order 2
Info    : [100%] Meshing surface 587 order 2
Info    : [100%] Meshing surface 588 order 2
Info    : [100%] Meshing surface 589 order 2
Info    : [100%] Meshing surface 590 order 2
Info    : [100%] Meshing surface 591 order 2
Info    : [100%] Meshing surface 592 order 2
Info    : [100%] Meshing surface 593 order 2
Info    : [100%] Meshing surface 594 order 2
Info    : [100%] Meshing surface 595 order 2
Info    : [100%] Meshing surface 596 order 2
Info    : [100%] Meshing surface 597 order 2
Info    : [100%] Meshing surface 598 order 2
Info    : [100%] Meshing surface 599 order 2
Info    : [100%] Meshing surface 600 order 2
Info    : [100%] Meshing surface 601 order 2
Info    : [100%] Meshing surface 602 order 2
Info    : [100%] Meshing surface 603 order 2
Info    : [100%] Meshing surface 604 order 2
Info    : [100%] Meshing surface 605 order 2
Info    : [100%] Meshing surface 606 order 2
Info    : [100%] Meshing surface 607 order 2
Info    : [100%] Meshing surface 608 order 2
Info    : [100%] Meshing surface 609 order 2
Info    : [100%] Meshing surface 610 order 2
Info    : [100%] Meshing surface 611 order 2
Info    : [100%] Meshing surface 612 order 2
Info    : [100%] Meshing surface 613 order 2
Info    : [100%] Meshing surface 614 order 2
Info    : [100%] Meshing surface 615 order 2
Info    : [100%] Meshing surface 616 order 2
Info    : [100%] Meshing surface 617 order 2
Info    : [100%] Meshing surface 618 order 2
Info    : [100%] Meshing surface 619 order 2
Info    : [100%] Meshing surface 620 order 2
Info    : [100%] Meshing surface 621 order 2
Info    : [100%] Meshing surface 622 order 2
Info    : [100%] Meshing surface 623 order 2
Info    : [100%] Meshing surface 624 order 2
Info    : [100%] Meshing surface 625 order 2
Info    : [100%] Meshing surface 626 order 2
Info    : [100%] Meshing surface 627 order 2
Info    : [100%] Meshing surface 628 order 2
Info    : [100%] Meshing surface 629 order 2
Info    : [100%] Meshing surface 630 order 2
Info    : [100%] Meshing surface 631 order 2
Info    : [100%] Meshing surface 632 order 2
Info    : [100%] Meshing surface 633 order 2
Info    : [100%] Meshing surface 634 order 2
Info    : [100%] Meshing surface 635 order 2
Info    : [100%] Meshing surface 636 order 2
Info    : [100%] Meshing surface 637 order 2
Info    : [100%] Meshing surface 638 order 2
Info    : [100%] Meshing surface 639 order 2
Info    : [100%] Meshing surface 640 order 2
Info    : [100%] Meshing surface 641 order 2
Info    : [100%] Meshing surface 642 order 2
Info    : [100%] Meshing surface 643 order 2
Info    : [100%] Meshing surface 644 order 2
Info    : [100%] Meshing surface 645 order 2
Info    : [100%] Meshing surface 646 order 2
Info    : [100%] Meshing surface 647 order 2
Info    : [100%] Meshing surface 648 order 2
Info    : [100%] Meshing surface 649 order 2
Info    : [100%] Meshing surface 650 order 2
Info    : [100%] Meshing surface 651 order 2
Info    : [100%] Meshing surface 652 order 2
Info    : [100%] Meshing surface 653 order 2
Info    : [100%] Meshing surface 654 order 2
Info    : [100%] Meshing surface 655 order 2
Info    : [100%] Meshing surface 656 order 2
Info    : [100%] Meshing surface 657 order 2
Info    : [100%] Meshing surface 658 order 2
Info    : [100%] Meshing surface 659 order 2
Info    : [100%] Meshing surface 660 order 2
Info    : [100%] Meshing surface 661 order 2
Info    : [100%] Meshing surface 662 order 2
Info    : [100%] Meshing surface 663 order 2
Info    : [100%] Meshing surface 664 order 2
Info    : [100%] Meshing surface 665 order 2
Info    : [100%] Meshing surface 666 order 2
Info    : [100%] Meshing surface 667 order 2
Info    : [100%] Meshing surface 668 order 2
Info    : [100%] Meshing surface 669 order 2
Info    : [100%] Meshing surface 670 order 2
Info    : [100%] Meshing surface 671 order 2
Info    : [100%] Meshing surface 672 order 2
Info    : [100%] Meshing surface 673 order 2
Info    : [100%] Meshing surface 674 order 2
Info    : [100%] Meshing surface 675 order 2
Info    : [100%] Meshing surface 676 order 2
Info    : [100%] Meshing surface 677 order 2
Info    : [100%] Meshing surface 678 order 2
Info    : [100%] Meshing surface 679 order 2
Info    : [100%] Meshing surface 680 order 2
Info    : [100%] Meshing surface 681 order 2
Info    : [100%] Meshing surface 682 order 2
Info    : [100%] Meshing surface 683 order 2
Info    : [100%] Meshing surface 684 order 2
Info    : [100%] Meshing surface 685 order 2
Info    : [100%] Meshing surface 686 order 2
Info    : [100%] Meshing surface 687 order 2
Info    : [100%] Meshing surface 688 order 2
Info    : [100%] Meshing surface 689 order 2
Info    : [100%] Meshing surface 690 order 2
Info    : [100%] Meshing surface 691 order 2
Info    : [100%] Meshing surface 692 order 2
Info    : [100%] Meshing surface 693 order 2
Info    : [100%] Meshing surface 694 order 2
Info    : [100%] Meshing surface 695 order 2
Info    : [100%] Meshing surface 696 order 2
Info    : [100%] Meshing surface 697 order 2
Info    : [100%] Meshing surface 698 order 2
Info    : [100%] Meshing surface 699 order 2
Info    : [100%] Meshing surface 700 order 2
Info    : [100%] Meshing surface 701 order 2
Info    : [100%] Meshing surface 702 order 2
Info    : [100%] Meshing surface 703 order 2
Info    : [100%] Meshing surface 704 order 2
Info    : [100%] Meshing surface 705 order 2
Info    : [100%] Meshing surface 706 order 2
Info    : [100%] Meshing surface 707 order 2
Info    : [100%] Meshing surface 708 order 2
Info    : [100%] Meshing surface 709 order 2
Info    : [100%] Meshing surface 710 order 2
Info    : [100%] Meshing surface 711 order 2
Info    : [100%] Meshing surface 712 order 2
Info    : [100%] Meshing surface 713 order 2
Info    : [100%] Meshing surface 714 order 2
Info    : [100%] Meshing surface 715 order 2
Info    : [100%] Meshing surface 716 order 2
Info    : [100%] Meshing surface 717 order 2
Info    : [100%] Meshing surface 718 order 2
Info    : [100%] Meshing surface 719 order 2
Info    : [100%] Meshing surface 720 order 2
Info    : [100%] Meshing surface 721 order 2
Info    : [100%] Meshing surface 722 order 2
Info    : [100%] Meshing surface 723 order 2
Info    : [100%] Meshing surface 724 order 2
Info    : [100%] Meshing surface 725 order 2
Info    : [100%] Meshing surface 726 order 2
Info    : [100%] Meshing surface 727 order 2
Info    : [100%] Meshing surface 728 order 2
Info    : [100%] Meshing surface 729 order 2
Info    : [100%] Meshing surface 730 order 2
Info    : [100%] Meshing surface 731 order 2
Info    : [100%] Meshing surface 732 order 2
Info    : [100%] Meshing surface 733 order 2
Info    : [100%] Meshing surface 734 order 2
Info    : [100%] Meshing surface 735 order 2
Info    : [100%] Meshing surface 736 order 2
Info    : [100%] Meshing surface 737 order 2
Info    : [100%] Meshing surface 738 order 2
Info    : [100%] Meshing surface 739 order 2
Info    : [100%] Meshing surface 740 order 2
Info    : [100%] Meshing surface 741 order 2
Info    : [100%] Meshing surface 742 order 2
Info    : [100%] Meshing surface 743 order 2
Info    : [100%] Meshing surface 744 order 2
Info    : [100%] Meshing surface 745 order 2
Info    : [100%] Meshing surface 746 order 2
Info    : [100%] Meshing surface 747 order 2
Info    : [100%] Meshing surface 748 order 2
Info    : [100%] Meshing surface 749 order 2
Info    : [100%] Meshing surface 750 order 2
Info    : [100%] Meshing surface 751 order 2
Info    : [100%] Meshing surface 752 order 2
Info    : [100%] Meshing surface 753 order 2
Info    : [100%] Meshing surface 754 order 2
Info    : [100%] Meshing surface 755 order 2
Info    : [100%] Meshing surface 756 order 2
Info    : [100%] Meshing surface 757 order 2
Info    : [100%] Meshing surface 758 order 2
Info    : [100%] Meshing surface 759 order 2
Info    : [100%] Meshing surface 760 order 2
Info    : [100%] Meshing volume 1 order 2
Warning : Surface mesh: worst distortion = -7.02056 (avg = 0.99892, 2 elements with jac. < 0); worst gamma = 0.000729508
Warning : Volume mesh: worst distortion = -7.02056 (avg = 0.997135, 2 elements with jac. < 0)
Info    : Done meshing order 2 (Wall 0.485865s, CPU 0.46174s)
Info    : Optimizing mesh (HighOrder)...
Info    : Optimizing high-order mesh...
Info    : Optimizing mesh...
Info    : Computing connectivity and bad elements for entity 1...
Info    : Starting patch generation from 10 bad elements...
Info    : Constructing 10 primary patches
Info    : Computing patch connectivity...
Info    : Identifying groups of primary patches...
Info    : Merging primary patches into 6 patches...
Info    : Computing boundaries for 6 patches...
Info    : Generated 6 patches
Info    : Optimizing patch 0/5 composed of 73 elements, 0 boundary elements
Info    : Patch composed of 73 elements, 301 nodes, 64 free nodes, 135 variables
Info    :  - Pass 0 with contributions: ScaledNodeDispSq BarrierMovMinScaledJac
Info    : Optimization run with barrier 0
Info    : Iteration   0  0.000000e+00 <= ScaledNodeDispSq <=  0.000000e+00  |   3.065331e-03 <= ScaledJac <=  1.117133e+00
Info    : Reached target values, setting null gradient
Info    : Optimization finalized after 4 iterations (10 function evaluations), because gradient norm is no more than EpsG
Info    : Target reached for pass 0
Info    :  - Pass 1 with contributions: ScaledNodeDispSq BarrierFixMinMovMaxScaledJac
Info    : Reached target values, setting null gradient
Info    : Target reached for pass 1
Info    : Optimizing patch 1/5 composed of 80 elements, 0 boundary elements
Info    : Patch composed of 80 elements, 286 nodes, 69 free nodes, 147 variables
Info    :  - Pass 0 with contributions: ScaledNodeDispSq BarrierMovMinScaledJac
Info    : Optimization run with barrier 0
Info    : Iteration   0  0.000000e+00 <= ScaledNodeDispSq <=  0.000000e+00  |   3.065331e-03 <= ScaledJac <=  1.129427e+00
Info    : Reached target values, setting null gradient
Info    : Optimization finalized after 4 iterations (10 function evaluations), because gradient norm is no more than EpsG
Info    : Target reached for pass 0
Info    :  - Pass 1 with contributions: ScaledNodeDispSq BarrierFixMinMovMaxScaledJac
Info    : Reached target values, setting null gradient
Info    : Target reached for pass 1
Info    : Optimizing patch 2/5 composed of 85 elements, 0 boundary elements
Info    : Patch composed of 85 elements, 317 nodes, 63 free nodes, 132 variables
Info    :  - Pass 0 with contributions: ScaledNodeDispSq BarrierMovMinScaledJac
Info    : Optimization run with barrier 0
Info    : Iteration   0  0.000000e+00 <= ScaledNodeDispSq <=  0.000000e+00  |   3.065331e-03 <= ScaledJac <=  1.131225e+00
Info    : Reached target values, setting null gradient
Info    : Optimization finalized after 4 iterations (10 function evaluations), because gradient norm is no more than EpsG
Info    : Target reached for pass 0
Info    :  - Pass 1 with contributions: ScaledNodeDispSq BarrierFixMinMovMaxScaledJac
Info    : Reached target values, setting null gradient
Info    : Target reached for pass 1
Info    : Optimizing patch 3/5 composed of 76 elements, 0 boundary elements
Info    : Patch composed of 76 elements, 269 nodes, 69 free nodes, 147 variables
Info    :  - Pass 0 with contributions: ScaledNodeDispSq BarrierMovMinScaledJac
Info    : Optimization run with barrier 0
Info    : Iteration   0  0.000000e+00 <= ScaledNodeDispSq <=  0.000000e+00  |   3.065331e-03 <= ScaledJac <=  1.111088e+00
Info    : Reached target values, setting null gradient
Info    : Optimization finalized after 4 iterations (10 function evaluations), because gradient norm is no more than EpsG
Info    : Target reached for pass 0
Info    :  - Pass 1 with contributions: ScaledNodeDispSq BarrierFixMinMovMaxScaledJac
Info    : Reached target values, setting null gradient
Info    : Target reached for pass 1
Info    : Optimizing patch 4/5 composed of 68 elements, 0 boundary elements
Info    : Patch composed of 68 elements, 260 nodes, 50 free nodes, 115 variables
Info    :  - Pass 0 with contributions: ScaledNodeDispSq BarrierMovMinScaledJac
Info    : Optimization run with barrier 0
Info    : Iteration   0  0.000000e+00 <= ScaledNodeDispSq <=  0.000000e+00  |  -7.020563e+00 <= ScaledJac <=  1.127667e+00
Info    : Reached target values, setting null gradient
Info    : Optimization finalized after 2 iterations (8 function evaluations), because gradient norm is no more than EpsG
Info    : Target reached for pass 0
Info    :  - Pass 1 with contributions: ScaledNodeDispSq BarrierFixMinMovMaxScaledJac
Info    : Reached target values, setting null gradient
Info    : Target reached for pass 1
Info    : Optimizing patch 5/5 composed of 96 elements, 0 boundary elements
Info    : Patch composed of 96 elements, 394 nodes, 69 free nodes, 163 variables
Info    :  - Pass 0 with contributions: ScaledNodeDispSq BarrierMovMinScaledJac
Info    : Optimization run with barrier 0
Info    : Iteration   0  0.000000e+00 <= ScaledNodeDispSq <=  0.000000e+00  |  -7.020563e+00 <= ScaledJac <=  1.199634e+00
Info    : Reached target values, setting null gradient
Info    : Optimization finalized after 2 iterations (8 function evaluations), because gradient norm is no more than EpsG
Info    : Target reached for pass 0
Info    :  - Pass 1 with contributions: ScaledNodeDispSq BarrierFixMinMovMaxScaledJac
Info    : Reached target values, setting null gradient
Info    : Target reached for pass 1
Info    : Optimization succeeded
Info    : Done optimizing mesh (0.14281 s)
Info    : Done optimizing high-order mesh (0.14281 s)
Info    : Done optimizing mesh (Wall 0.152674s, CPU 0.146738s)
Info    : Writing 'evidence/rev-ev12/M0/mesh.inp'...
Info    : Done writing 'evidence/rev-ev12/M0/mesh.inp'
Info    : Writing 'evidence/rev-ev12/M0/mesh.msh'...
Info    : Done writing 'evidence/rev-ev12/M0/mesh.msh'
{
  "source_sha256": "4b9bb7d33593e8b11e766b0a4a481be5607193c0f534254e38e69f45e9c4c7c1",
  "size_mm": 4.0,
  "nodes": 154289,
  "elements": 74440,
  "type": "C3D10",
  "min_SICN": 0.008009856196095599,
  "corner_tet_volume_mm3": 201705.69244135974,
  "volume_weighted_seed_cg_mm": [
    161.16574519201606,
    152.54741517479928,
    22.356264768433853
  ],
  "node_sets": {
    "UL1": 504,
    "UL2": 500,
    "UR1": 516,
    "UR2": 500,
    "PAD_L": 101,
    "PAD_R": 101,
    "ANTILIFT": 107,
    "CORNER_LL": 33,
    "CORNER_LR": 33,
    "CORNER_UL": 31,
    "CORNER_UR": 31
  },
  "load_scope": "volume-lumped structural-body load, not actual assembled product mass distribution"
}
