ELMER SOLVER (v 26.2) STARTED AT: 2026/10/01 07:36:40
 Started inside library code
 Going parallel initialization
ParCommInit: Initialize #PEs: 1
 Back from parallel initialization
MAIN: 
MAIN: =============================================================
MAIN: ElmerSolver finite element software, Welcome!
MAIN: This program is free software licensed under (L)GPL
MAIN: Copyright April 1st 1995 -> , CSC - IT Center for Science Ltd.
MAIN: Repository https://www.github.org/elmerCSC/elmerfem
MAIN: Homepage https://www.elmerfem.org/,  Email elmeradm@csc.fi
MAIN: Version: 26.2-devel (Rev: 4b49ea6, Compiled: 2026-09-30)
MAIN:  Running one task without MPI parallelization.
MAIN:  Running with just one thread per task.
MAIN: =============================================================
MAIN: 
MAIN: 
MAIN: -------------------------------------
MAIN: Reading Model: case.sif
LoadInputFile: Scanning input file: case.sif
LoadInputFile: Scanning only size info
LoadInputFile: First time visiting
LoadInputFile: Reading base load of sif file
LoadInputFile: Loading input file: case.sif
LoadInputFile: Reading base load of sif file
LoadInputFile: Number of BCs: 4
LoadInputFile: Number of Body Forces: 1
LoadInputFile: Number of Initial Conditions: 1
LoadInputFile: Number of Materials: 1
LoadInputFile: Number of Equations: 1
LoadInputFile: Number of Solvers: 2
LoadInputFile: Number of Bodies: 1
ElmerMeshReader: Base mesh name: ./square
PrepareMesh: Preparing mesh for the future
LoadMesh: Elapsed REAL time:     0.0072 (s)
MAIN: -------------------------------------
AddVtuOutputSolverHack: Adding ResultOutputSolver to write VTU output in file: case
OptimizeBandwidth: Initial bandwidth for heat equation: 83
OptimizeBandwidth: Optimized bandwidth for heat equation: 162
OptimizeBandwidth: Bandwidth optimization rejected, using original ordering.
OptimizeBandwidth: Initial bandwidth for navier-stokes: 83
OptimizeBandwidth: Optimized bandwidth for navier-stokes: 162
OptimizeBandwidth: Bandwidth optimization rejected, using original ordering.
MAIN: Number of timesteps to be saved: 1000
MAIN: 
MAIN: -------------------------------------
MAIN:  Steady state iteration:            1
MAIN: -------------------------------------
MAIN: 
HeatSolver: ------------------------------------------------
HeatSolver: Solving energy equation for temperature
HeatSolver: Heat solver iteration: 1
IterSolver: "Linear System GCR Restart" not given, setting it to 200
   gcr:    10  0.6729E-05  0.4043E-05
   gcr:    20  0.1880E-07  0.1680E-07
   gcr:    30  0.1924E-08  0.9813E-09
   gcr:    40  0.1969E-09  0.1259E-09
   gcr:    50  0.7642E-10  0.2645E-10
ComputeChange: NS (ITER=1) (NRM,RELC): (  300.00008      2.0000000     ) :: heat equation
HeatSolver: Heat solver iteration: 2
IterSolver: "Linear System GCR Restart" not given, setting it to 200
   gcr:    10  0.2019E-05  0.1213E-05
   gcr:    20  0.5641E-08  0.5039E-08
   gcr:    30  0.5771E-09  0.2944E-09
   gcr:    40  0.5916E-10  0.3778E-10
   gcr:    50  0.2299E-10  0.7977E-11
ComputeChange: NS (ITER=2) (NRM,RELC): (  300.00012     0.14895388E-06 ) :: heat equation
HeatSolver: Heat solver iteration: 3
IterSolver: "Linear System GCR Restart" not given, setting it to 200
   gcr:    10  0.6056E-06  0.3639E-06
   gcr:    20  0.1692E-08  0.1512E-08
   gcr:    30  0.1732E-09  0.8832E-10
   gcr:    40  0.1787E-10  0.1135E-10
ComputeChange: NS (ITER=3) (NRM,RELC): (  300.00014     0.53113912E-07 ) :: heat equation
HeatSolver: Heat solver iteration: 4
IterSolver: "Linear System GCR Restart" not given, setting it to 200
   gcr:    10  0.1817E-06  0.1092E-06
   gcr:    20  0.5078E-09  0.4535E-09
   gcr:    30  0.5229E-10  0.2656E-10
ComputeChange: NS (ITER=4) (NRM,RELC): (  300.00014     0.16145742E-07 ) :: heat equation
HeatSolver: Heat solver iteration: 5
IterSolver: "Linear System GCR Restart" not given, setting it to 200
   gcr:    10  0.5451E-07  0.3275E-07
   gcr:    20  0.1524E-09  0.1361E-09
   gcr:    30  0.1607E-10  0.8120E-11
ComputeChange: NS (ITER=5) (NRM,RELC): (  300.00014     0.47101359E-08 ) :: heat equation
HeatSolver: Heat solver iteration: 6
IterSolver: "Linear System GCR Restart" not given, setting it to 200
   gcr:    10  0.1635E-07  0.9824E-08
   gcr:    20  0.4607E-10  0.4087E-10
ComputeChange: NS (ITER=6) (NRM,RELC): (  300.00014     0.13549320E-08 ) :: heat equation
HeatSolver: Heat solver iteration: 7
IterSolver: "Linear System GCR Restart" not given, setting it to 200
   gcr:    10  0.4906E-08  0.2947E-08
   gcr:    20  0.1421E-10  0.1228E-10
ComputeChange: NS (ITER=7) (NRM,RELC): (  300.00014     0.30895710E-09 ) :: heat equation
HeatSolver: Heat solver iteration: 8
IterSolver: "Linear System GCR Restart" not given, setting it to 200
   gcr:    10  0.1472E-08  0.8842E-09
ComputeChange: NS (ITER=8) (NRM,RELC): (  300.00014     0.36531164E-10 ) :: heat equation
ComputeChange: SS (ITER=1) (NRM,RELC): (  300.00003      2.0000000     ) :: heat equation
FlowSolve: 
FlowSolve: 
FlowSolve: -------------------------------------
FlowSolve:  NAVIER-STOKES ITERATION           1
FlowSolve: -------------------------------------
FlowSolve: 
FlowSolve: Starting Assembly...
FlowSolve: Assembly:
FlowSolve: Assembly done
FlowSolve: Dirichlet conditions done
      10 0.1027E+00 0.1027E+00
      20 0.9416E-04 0.9416E-04
      30 0.2828E-05 0.2828E-05
      40 0.3694E-09 0.3694E-09
BiCGStabl:       44 0.2314E-11 0.2314E-11
ComputeChange: NS (ITER=1) (NRM,RELC): ( 0.44379026      2.0000000     ) :: navier-stokes
FlowSolve: iter:    1 Assembly: (s)    0.06    0.06
FlowSolve: iter:    1 Solve:    (s)    0.17    0.17
FlowSolve:  Result Norm     :   0.44379025633802771
FlowSolve:  Relative Change :    2.0000000000000000
FlowSolve: 
FlowSolve: 
FlowSolve: -------------------------------------
FlowSolve:  NAVIER-STOKES ITERATION           2
FlowSolve: -------------------------------------
FlowSolve: 
FlowSolve: Starting Assembly...
FlowSolve: Assembly:
FlowSolve: Assembly done
FlowSolve: Dirichlet conditions done
      10 0.3061E-01 0.3061E-01
      20 0.2521E-04 0.2521E-04
      30 0.8938E-06 0.8938E-06
      40 0.2373E-10 0.2373E-10
BiCGStabl:       41 0.9069E-11 0.9069E-11
ComputeChange: NS (ITER=2) (NRM,RELC): ( 0.57691869     0.26085483     ) :: navier-stokes
FlowSolve: iter:    2 Assembly: (s)    0.06    0.12
FlowSolve: iter:    2 Solve:    (s)    0.15    0.32
FlowSolve:  Result Norm     :   0.57691868604126473
FlowSolve:  Relative Change :   0.26085483172688206
FlowSolve: 
FlowSolve: 
FlowSolve: -------------------------------------
FlowSolve:  NAVIER-STOKES ITERATION           3
FlowSolve: -------------------------------------
FlowSolve: 
FlowSolve: Starting Assembly...
FlowSolve: Assembly:
FlowSolve: Assembly done
FlowSolve: Dirichlet conditions done
      10 0.8034E-02 0.8034E-02
      20 0.6684E-05 0.6684E-05
      30 0.9037E-07 0.9037E-07
BiCGStabl:       40 0.5721E-11 0.5721E-11
ComputeChange: NS (ITER=3) (NRM,RELC): ( 0.61685361     0.66905425E-01 ) :: navier-stokes
FlowSolve: iter:    3 Assembly: (s)    0.06    0.17
FlowSolve: iter:    3 Solve:    (s)    0.15    0.47
FlowSolve:  Result Norm     :   0.61685360764424002
FlowSolve:  Relative Change :    6.6905425455444534E-002
FlowSolve: 
FlowSolve: 
FlowSolve: -------------------------------------
FlowSolve:  NAVIER-STOKES ITERATION           4
FlowSolve: -------------------------------------
FlowSolve: 
FlowSolve: Starting Assembly...
FlowSolve: Assembly:
FlowSolve: Assembly done
FlowSolve: Dirichlet conditions done
      10 0.1089E-02 0.1089E-02
      20 0.1088E-05 0.1088E-05
      30 0.3621E-07 0.3621E-07
BiCGStabl:       36 0.6273E-11 0.6273E-11
ComputeChange: NS (ITER=4) (NRM,RELC): ( 0.62883331     0.19233891E-01 ) :: navier-stokes
FlowSolve: iter:    4 Assembly: (s)    0.06    0.23
FlowSolve: iter:    4 Solve:    (s)    0.14    0.61
FlowSolve:  Result Norm     :   0.62883331111832885
FlowSolve:  Relative Change :    1.9233891427533237E-002
FlowSolve: 
FlowSolve: 
FlowSolve: -------------------------------------
FlowSolve:  NAVIER-STOKES ITERATION           5
FlowSolve: -------------------------------------
FlowSolve: 
FlowSolve: Starting Assembly...
FlowSolve: Assembly:
FlowSolve: Assembly done
FlowSolve: Dirichlet conditions done
      10 0.2541E-02 0.2541E-02
      20 0.8112E-06 0.8112E-06
      30 0.6843E-08 0.6843E-08
BiCGStabl:       37 0.8365E-11 0.8365E-11
ComputeChange: NS (ITER=5) (NRM,RELC): ( 0.63242720     0.56988775E-02 ) :: navier-stokes
FlowSolve: iter:    5 Assembly: (s)    0.06    0.29
FlowSolve: iter:    5 Solve:    (s)    0.14    0.75
FlowSolve:  Result Norm     :   0.63242719565848693
FlowSolve:  Relative Change :    5.6988774655956573E-003
FlowSolve: 
FlowSolve: 
FlowSolve: -------------------------------------
FlowSolve:  NAVIER-STOKES ITERATION           6
FlowSolve: -------------------------------------
FlowSolve: 
FlowSolve: Starting Assembly...
FlowSolve: Assembly:
FlowSolve: Assembly done
FlowSolve: Dirichlet conditions done
      10 0.7655E-03 0.7655E-03
      20 0.6307E-06 0.6307E-06
      30 0.1382E-08 0.1382E-08
BiCGStabl:       37 0.3603E-11 0.3603E-11
ComputeChange: NS (ITER=6) (NRM,RELC): ( 0.63350536     0.17033456E-02 ) :: navier-stokes
FlowSolve: iter:    6 Assembly: (s)    0.06    0.35
FlowSolve: iter:    6 Solve:    (s)    0.14    0.89
FlowSolve:  Result Norm     :   0.63350535600265445
FlowSolve:  Relative Change :    1.7033456367841612E-003
FlowSolve: 
FlowSolve: 
FlowSolve: -------------------------------------
FlowSolve:  NAVIER-STOKES ITERATION           7
FlowSolve: -------------------------------------
FlowSolve: 
FlowSolve: Starting Assembly...
FlowSolve: Assembly:
FlowSolve: Assembly done
FlowSolve: Dirichlet conditions done
      10 0.2295E-03 0.2295E-03
      20 0.1542E-06 0.1542E-06
      30 0.2774E-09 0.2774E-09
BiCGStabl:       33 0.7236E-11 0.7236E-11
ComputeChange: NS (ITER=7) (NRM,RELC): ( 0.63382880     0.51043819E-03 ) :: navier-stokes
FlowSolve: iter:    7 Assembly: (s)    0.06    0.41
FlowSolve: iter:    7 Solve:    (s)    0.13    1.01
FlowSolve:  Result Norm     :   0.63382880388275220
FlowSolve:  Relative Change :    5.1043819433857225E-004
FlowSolve: 
FlowSolve: 
FlowSolve: -------------------------------------
FlowSolve:  NAVIER-STOKES ITERATION           8
FlowSolve: -------------------------------------
FlowSolve: 
FlowSolve: Starting Assembly...
FlowSolve: Assembly:
FlowSolve: Assembly done
FlowSolve: Dirichlet conditions done
      10 0.6871E-04 0.6871E-04
      20 0.2433E-07 0.2433E-07
      30 0.5118E-09 0.5118E-09
BiCGStabl:       33 0.9352E-11 0.9352E-11
ComputeChange: NS (ITER=8) (NRM,RELC): ( 0.63392584     0.15308075E-03 ) :: navier-stokes
FlowSolve: iter:    8 Assembly: (s)    0.06    0.47
FlowSolve: iter:    8 Solve:    (s)    0.13    1.14
FlowSolve:  Result Norm     :   0.63392583829606264
FlowSolve:  Relative Change :    1.5308074619812864E-004
FlowSolve: 
FlowSolve: 
FlowSolve: -------------------------------------
FlowSolve:  NAVIER-STOKES ITERATION           9
FlowSolve: -------------------------------------
FlowSolve: 
FlowSolve: Starting Assembly...
FlowSolve: Assembly:
FlowSolve: Assembly done
FlowSolve: Dirichlet conditions done
      10 0.2057E-04 0.2057E-04
      20 0.1193E-07 0.1193E-07
BiCGStabl:       29 0.8991E-11 0.8991E-11
ComputeChange: NS (ITER=9) (NRM,RELC): ( 0.63395495     0.45919694E-04 ) :: navier-stokes
FlowSolve: iter:    9 Assembly: (s)    0.06    0.53
FlowSolve: iter:    9 Solve:    (s)    0.11    1.26
FlowSolve:  Result Norm     :   0.63395494864472890
FlowSolve:  Relative Change :    4.5919693659055039E-005
FlowSolve: 
FlowSolve: 
FlowSolve: -------------------------------------
FlowSolve:  NAVIER-STOKES ITERATION          10
FlowSolve: -------------------------------------
FlowSolve: 
FlowSolve: Starting Assembly...
FlowSolve: Assembly:
FlowSolve: Assembly done
FlowSolve: Dirichlet conditions done
      10 0.6149E-05 0.6149E-05
      20 0.2489E-08 0.2489E-08
BiCGStabl:       29 0.9535E-11 0.9535E-11
ComputeChange: NS (ITER=10) (NRM,RELC): ( 0.63396368     0.13775511E-04 ) :: navier-stokes
FlowSolve: iter:   10 Assembly: (s)    0.06    0.59
FlowSolve: iter:   10 Solve:    (s)    0.11    1.37
FlowSolve:  Result Norm     :   0.63396368175822437
FlowSolve:  Relative Change :    1.3775510961138483E-005
ComputeChange: SS (ITER=1) (NRM,RELC): ( 0.22188729      2.0000000     ) :: navier-stokes
ResultOutputSolver: -------------------------------------
ResultOutputSolver: Saving with prefix: case
CreateListForSaving: Field Variables for Saving
ResultOutputSolver: Saving in unstructured VTK XML (.vtu) format
VtuOutputSolver: Saving results in VTK XML format with prefix: case
VtuOutputSolver: Saving number of partitions: 1
ResultOutputSolver: -------------------------------------
MAIN: 
MAIN: -------------------------------------
MAIN:  Steady state iteration:            2
MAIN: -------------------------------------
MAIN: 
HeatSolver: ------------------------------------------------
HeatSolver: Solving energy equation for temperature
HeatSolver: Heat solver iteration: 1
IterSolver: "Linear System GCR Restart" not given, setting it to 200
   gcr:    10  0.4375E-05  0.2626E-05
   gcr:    20  0.1351E-06  0.7552E-07
   gcr:    30  0.3876E-08  0.4698E-08
   gcr:    40  0.1189E-09  0.9499E-10
   gcr:    50  0.3496E-10  0.8851E-11
ComputeChange: NS (ITER=1) (NRM,RELC): (  300.00010     0.23155580E-06 ) :: heat equation
HeatSolver: Heat solver iteration: 2
IterSolver: "Linear System GCR Restart" not given, setting it to 200
   gcr:    10  0.1313E-05  0.7879E-06
   gcr:    20  0.4053E-07  0.2265E-07
   gcr:    30  0.1163E-08  0.1409E-08
   gcr:    40  0.3583E-10  0.2850E-10
   gcr:    50  0.1071E-10  0.2739E-11
ComputeChange: NS (ITER=2) (NRM,RELC): (  300.00013     0.10575245E-06 ) :: heat equation
HeatSolver: Heat solver iteration: 3
IterSolver: "Linear System GCR Restart" not given, setting it to 200
   gcr:    10  0.3938E-06  0.2364E-06
   gcr:    20  0.1216E-07  0.6796E-08
   gcr:    30  0.3489E-09  0.4228E-09
   gcr:    40  0.1124E-10  0.8572E-11
ComputeChange: NS (ITER=3) (NRM,RELC): (  300.00014     0.34552413E-07 ) :: heat equation
HeatSolver: Heat solver iteration: 4
IterSolver: "Linear System GCR Restart" not given, setting it to 200
   gcr:    10  0.1181E-06  0.7091E-07
   gcr:    20  0.3647E-08  0.2039E-08
   gcr:    30  0.1047E-09  0.1269E-09
ComputeChange: NS (ITER=4) (NRM,RELC): (  300.00014     0.10284878E-07 ) :: heat equation
HeatSolver: Heat solver iteration: 5
IterSolver: "Linear System GCR Restart" not given, setting it to 200
   gcr:    10  0.3544E-07  0.2127E-07
   gcr:    20  0.1094E-08  0.6117E-09
   gcr:    30  0.3145E-10  0.3807E-10
ComputeChange: NS (ITER=5) (NRM,RELC): (  300.00014     0.29506186E-08 ) :: heat equation
HeatSolver: Heat solver iteration: 6
IterSolver: "Linear System GCR Restart" not given, setting it to 200
   gcr:    10  0.1063E-07  0.6382E-08
   gcr:    20  0.3283E-09  0.1836E-09
   gcr:    30  0.9499E-11  0.1144E-10
ComputeChange: NS (ITER=6) (NRM,RELC): (  300.00014     0.81103223E-09 ) :: heat equation
HeatSolver: Heat solver iteration: 7
IterSolver: "Linear System GCR Restart" not given, setting it to 200
   gcr:    10  0.3190E-08  0.1915E-08
   gcr:    20  0.9853E-10  0.5509E-10
ComputeChange: NS (ITER=7) (NRM,RELC): (  300.00014     0.20559440E-09 ) :: heat equation
HeatSolver: Heat solver iteration: 8
IterSolver: "Linear System GCR Restart" not given, setting it to 200
   gcr:    10  0.9569E-09  0.5744E-09
   gcr:    20  0.2966E-10  0.1655E-10
ComputeChange: NS (ITER=8) (NRM,RELC): (  300.00014     0.46689078E-10 ) :: heat equation
ComputeChange: SS (ITER=2) (NRM,RELC): (  300.00005     0.92805940E-07 ) :: heat equation
FlowSolve: 
FlowSolve: 
FlowSolve: -------------------------------------
FlowSolve:  NAVIER-STOKES ITERATION           1
FlowSolve: -------------------------------------
FlowSolve: 
FlowSolve: Starting Assembly...
FlowSolve: Assembly:
FlowSolve: Assembly done
FlowSolve: Dirichlet conditions done
      10 0.7401E-01 0.7401E-01
      20 0.1691E-01 0.1691E-01
      30 0.1147E-05 0.1147E-05
      40 0.1456E-09 0.1456E-09
BiCGStabl:       42 0.8507E-11 0.8507E-11
ComputeChange: NS (ITER=1) (NRM,RELC): ( 0.79724497      1.1291129     ) :: navier-stokes
FlowSolve: iter:    1 Assembly: (s)    0.06    0.06
FlowSolve: iter:    1 Solve:    (s)    0.16    0.16
FlowSolve:  Result Norm     :   0.79724496517869770
FlowSolve:  Relative Change :    1.1291128789641367
FlowSolve: 
FlowSolve: 
FlowSolve: -------------------------------------
FlowSolve:  NAVIER-STOKES ITERATION           2
FlowSolve: -------------------------------------
FlowSolve: 
FlowSolve: Starting Assembly...
FlowSolve: Assembly:
FlowSolve: Assembly done
FlowSolve: Dirichlet conditions done
      10 0.1845E-01 0.1845E-01
      20 0.1610E-04 0.1610E-04
      30 0.2889E-07 0.2889E-07
      40 0.3677E-10 0.3677E-10
BiCGStabl:       42 0.9398E-11 0.9398E-11
ComputeChange: NS (ITER=2) (NRM,RELC): ( 0.96981788     0.19532177     ) :: navier-stokes
FlowSolve: iter:    2 Assembly: (s)    0.06    0.12
FlowSolve: iter:    2 Solve:    (s)    0.16    0.31
FlowSolve:  Result Norm     :   0.96981788398736968
FlowSolve:  Relative Change :   0.19532176672732901
FlowSolve: 
FlowSolve: 
FlowSolve: -------------------------------------
FlowSolve:  NAVIER-STOKES ITERATION           3
FlowSolve: -------------------------------------
FlowSolve: 
FlowSolve: Starting Assembly...
FlowSolve: Assembly:
FlowSolve: Assembly done
FlowSolve: Dirichlet conditions done
      10 0.5547E-02 0.5547E-02
      20 0.5799E-05 0.5799E-05
      30 0.6039E-06 0.6039E-06
BiCGStabl:       38 0.6303E-11 0.6303E-11
ComputeChange: NS (ITER=3) (NRM,RELC): (  1.0215788     0.51984576E-01 ) :: navier-stokes
FlowSolve: iter:    3 Assembly: (s)    0.06    0.18
FlowSolve: iter:    3 Solve:    (s)    0.15    0.47
FlowSolve:  Result Norm     :    1.0215788413993967
FlowSolve:  Relative Change :    5.1984576204396518E-002
FlowSolve: 
FlowSolve: 
FlowSolve: -------------------------------------
FlowSolve:  NAVIER-STOKES ITERATION           4
FlowSolve: -------------------------------------
FlowSolve: 
FlowSolve: Starting Assembly...
FlowSolve: Assembly:
FlowSolve: Assembly done
FlowSolve: Dirichlet conditions done
      10 0.1684E-02 0.1684E-02
      20 0.1128E-05 0.1128E-05
      30 0.1231E-06 0.1231E-06
BiCGStabl:       37 0.7940E-11 0.7940E-11
ComputeChange: NS (ITER=4) (NRM,RELC): (  1.0371060     0.15084503E-01 ) :: navier-stokes
FlowSolve: iter:    4 Assembly: (s)    0.06    0.24
FlowSolve: iter:    4 Solve:    (s)    0.15    0.61
FlowSolve:  Result Norm     :    1.0371059597428511
FlowSolve:  Relative Change :    1.5084502819313880E-002
FlowSolve: 
FlowSolve: 
FlowSolve: -------------------------------------
FlowSolve:  NAVIER-STOKES ITERATION           5
FlowSolve: -------------------------------------
FlowSolve: 
FlowSolve: Starting Assembly...
FlowSolve: Assembly:
FlowSolve: Assembly done
FlowSolve: Dirichlet conditions done
      10 0.5092E-03 0.5092E-03
      20 0.3296E-06 0.3296E-06
      30 0.2045E-07 0.2045E-07
BiCGStabl:       38 0.2246E-11 0.2246E-11
ComputeChange: NS (ITER=5) (NRM,RELC): (  1.0417640     0.44813070E-02 ) :: navier-stokes
FlowSolve: iter:    5 Assembly: (s)    0.07    0.31
FlowSolve: iter:    5 Solve:    (s)    0.15    0.76
FlowSolve:  Result Norm     :    1.0417639869547757
FlowSolve:  Relative Change :    4.4813069901982238E-003
FlowSolve: 
FlowSolve: 
FlowSolve: -------------------------------------
FlowSolve:  NAVIER-STOKES ITERATION           6
FlowSolve: -------------------------------------
FlowSolve: 
FlowSolve: Starting Assembly...
FlowSolve: Assembly:
FlowSolve: Assembly done
FlowSolve: Dirichlet conditions done
      10 0.1530E-03 0.1530E-03
      20 0.1115E-06 0.1115E-06
      30 0.1781E-08 0.1781E-08
BiCGStabl:       35 0.5675E-11 0.5675E-11
ComputeChange: NS (ITER=6) (NRM,RELC): (  1.0431614     0.13404785E-02 ) :: navier-stokes
FlowSolve: iter:    6 Assembly: (s)    0.06    0.37
FlowSolve: iter:    6 Solve:    (s)    0.14    0.90
FlowSolve:  Result Norm     :    1.0431613858248807
FlowSolve:  Relative Change :    1.3404785498312612E-003
FlowSolve: 
FlowSolve: 
FlowSolve: -------------------------------------
FlowSolve:  NAVIER-STOKES ITERATION           7
FlowSolve: -------------------------------------
FlowSolve: 
FlowSolve: Starting Assembly...
FlowSolve: Assembly:
FlowSolve: Assembly done
FlowSolve: Dirichlet conditions done
      10 0.4591E-04 0.4591E-04
      20 0.2687E-07 0.2687E-07
      30 0.1893E-08 0.1893E-08
BiCGStabl:       35 0.5992E-11 0.5992E-11
ComputeChange: NS (ITER=7) (NRM,RELC): (  1.0435806     0.40179284E-03 ) :: navier-stokes
FlowSolve: iter:    7 Assembly: (s)    0.06    0.43
FlowSolve: iter:    7 Solve:    (s)    0.14    1.04
FlowSolve:  Result Norm     :    1.0435806048230258
FlowSolve:  Relative Change :    4.0179284264554329E-004
FlowSolve: 
FlowSolve: 
FlowSolve: -------------------------------------
FlowSolve:  NAVIER-STOKES ITERATION           8
FlowSolve: -------------------------------------
FlowSolve: 
FlowSolve: Starting Assembly...
FlowSolve: Assembly:
FlowSolve: Assembly done
FlowSolve: Dirichlet conditions done
      10 0.1377E-04 0.1377E-04
      20 0.8628E-08 0.8628E-08
      30 0.7264E-09 0.7264E-09
BiCGStabl:       34 0.7339E-11 0.7339E-11
ComputeChange: NS (ITER=8) (NRM,RELC): (  1.0437064     0.12050637E-03 ) :: navier-stokes
FlowSolve: iter:    8 Assembly: (s)    0.06    0.49
FlowSolve: iter:    8 Solve:    (s)    0.13    1.17
FlowSolve:  Result Norm     :    1.0437063705158873
FlowSolve:  Relative Change :    1.2050637439642883E-004
FlowSolve: 
FlowSolve: 
FlowSolve: -------------------------------------
FlowSolve:  NAVIER-STOKES ITERATION           9
FlowSolve: -------------------------------------
FlowSolve: 
FlowSolve: Starting Assembly...
FlowSolve: Assembly:
FlowSolve: Assembly done
FlowSolve: Dirichlet conditions done
      10 0.4133E-05 0.4133E-05
      20 0.3119E-08 0.3119E-08
      30 0.4259E-10 0.4259E-10
BiCGStabl:       32 0.8501E-11 0.8501E-11
ComputeChange: NS (ITER=9) (NRM,RELC): (  1.0437441     0.36149095E-04 ) :: navier-stokes
FlowSolve: iter:    9 Assembly: (s)    0.06    0.55
FlowSolve: iter:    9 Solve:    (s)    0.12    1.29
FlowSolve:  Result Norm     :    1.0437441002388208
FlowSolve:  Relative Change :    3.6149095235621278E-005
FlowSolve: 
FlowSolve: 
FlowSolve: -------------------------------------
FlowSolve:  NAVIER-STOKES ITERATION          10
FlowSolve: -------------------------------------
FlowSolve: 
FlowSolve: Starting Assembly...
FlowSolve: Assembly:
FlowSolve: Assembly done
FlowSolve: Dirichlet conditions done
      10 0.1240E-05 0.1240E-05
      20 0.9373E-09 0.9373E-09
      30 0.1475E-10 0.1475E-10
BiCGStabl:       32 0.6616E-11 0.6616E-11
ComputeChange: NS (ITER=10) (NRM,RELC): (  1.0437554     0.10844480E-04 ) :: navier-stokes
FlowSolve: iter:   10 Assembly: (s)    0.06    0.61
FlowSolve: iter:   10 Solve:    (s)    0.12    1.41
FlowSolve:  Result Norm     :    1.0437554191620315
FlowSolve:  Relative Change :    1.0844479824322264E-005
ComputeChange: SS (ITER=2) (NRM,RELC): ( 0.50953999     0.78655175     ) :: navier-stokes
ResultOutputSolver: -------------------------------------
ResultOutputSolver: Saving in unstructured VTK XML (.vtu) format
ResultOutputSolver: -------------------------------------
MAIN: 
MAIN: -------------------------------------
MAIN:  Steady state iteration:            3
MAIN: -------------------------------------
MAIN: 
HeatSolver: ------------------------------------------------
HeatSolver: Solving energy equation for temperature
HeatSolver: Heat solver iteration: 1
IterSolver: "Linear System GCR Restart" not given, setting it to 200
   gcr:    10  0.2856E-05  0.1702E-05
   gcr:    20  0.2070E-06  0.1301E-06
   gcr:    30  0.3216E-08  0.4720E-08
   gcr:    40  0.6706E-10  0.6864E-10
ComputeChange: NS (ITER=1) (NRM,RELC): (  300.00011     0.18845218E-06 ) :: heat equation
HeatSolver: Heat solver iteration: 2
IterSolver: "Linear System GCR Restart" not given, setting it to 200
   gcr:    10  0.8569E-06  0.5107E-06
   gcr:    20  0.6210E-07  0.3904E-07
   gcr:    30  0.9648E-09  0.1416E-08
   gcr:    40  0.2012E-10  0.2059E-10
ComputeChange: NS (ITER=2) (NRM,RELC): (  300.00013     0.71701536E-07 ) :: heat equation
HeatSolver: Heat solver iteration: 3
IterSolver: "Linear System GCR Restart" not given, setting it to 200
   gcr:    10  0.2571E-06  0.1532E-06
   gcr:    20  0.1863E-07  0.1171E-07
   gcr:    30  0.2895E-09  0.4248E-09
ComputeChange: NS (ITER=3) (NRM,RELC): (  300.00014     0.22871799E-07 ) :: heat equation
HeatSolver: Heat solver iteration: 4
IterSolver: "Linear System GCR Restart" not given, setting it to 200
   gcr:    10  0.7712E-07  0.4596E-07
   gcr:    20  0.5589E-08  0.3514E-08
   gcr:    30  0.8684E-10  0.1275E-09
ComputeChange: NS (ITER=4) (NRM,RELC): (  300.00014     0.69836018E-08 ) :: heat equation
HeatSolver: Heat solver iteration: 5
IterSolver: "Linear System GCR Restart" not given, setting it to 200
   gcr:    10  0.2314E-07  0.1379E-07
   gcr:    20  0.1677E-08  0.1054E-08
   gcr:    30  0.2606E-10  0.3824E-10
ComputeChange: NS (ITER=5) (NRM,RELC): (  300.00014     0.21079622E-08 ) :: heat equation
HeatSolver: Heat solver iteration: 6
IterSolver: "Linear System GCR Restart" not given, setting it to 200
   gcr:    10  0.6941E-08  0.4137E-08
   gcr:    20  0.5030E-09  0.3162E-09
   gcr:    30  0.7824E-11  0.1147E-10
ComputeChange: NS (ITER=6) (NRM,RELC): (  300.00014     0.63385384E-09 ) :: heat equation
HeatSolver: Heat solver iteration: 7
IterSolver: "Linear System GCR Restart" not given, setting it to 200
   gcr:    10  0.2082E-08  0.1241E-08
   gcr:    20  0.1509E-09  0.9484E-10
ComputeChange: NS (ITER=7) (NRM,RELC): (  300.00014     0.19028610E-09 ) :: heat equation
HeatSolver: Heat solver iteration: 8
IterSolver: "Linear System GCR Restart" not given, setting it to 200
   gcr:    10  0.6247E-09  0.3723E-09
   gcr:    20  0.4535E-10  0.2845E-10
ComputeChange: NS (ITER=8) (NRM,RELC): (  300.00014     0.57469996E-10 ) :: heat equation
ComputeChange: SS (ITER=3) (NRM,RELC): (  300.00008     0.84476474E-07 ) :: heat equation
FlowSolve: 
FlowSolve: 
FlowSolve: -------------------------------------
FlowSolve:  NAVIER-STOKES ITERATION           1
FlowSolve: -------------------------------------
FlowSolve: 
FlowSolve: Starting Assembly...
FlowSolve: Assembly:
FlowSolve: Assembly done
FlowSolve: Dirichlet conditions done
      10 0.5456E-01 0.5456E-01
      20 0.9518E-04 0.9518E-04
      30 0.2158E-05 0.2158E-05
      40 0.2047E-10 0.2047E-10
BiCGStabl:       42 0.7463E-11 0.7463E-11
ComputeChange: NS (ITER=1) (NRM,RELC): (  1.0675586     0.70765216     ) :: navier-stokes
FlowSolve: iter:    1 Assembly: (s)    0.06    0.06
FlowSolve: iter:    1 Solve:    (s)    0.15    0.15
FlowSolve:  Result Norm     :    1.0675586112502535
FlowSolve:  Relative Change :   0.70765216432919731
FlowSolve: 
FlowSolve: 
FlowSolve: -------------------------------------
FlowSolve:  NAVIER-STOKES ITERATION           2
FlowSolve: -------------------------------------
FlowSolve: 
FlowSolve: Starting Assembly...
FlowSolve: Assembly:
FlowSolve: Assembly done
FlowSolve: Dirichlet conditions done
      10 0.1414E-01 0.1414E-01
      20 0.7459E-05 0.7459E-05
      30 0.9790E-07 0.9790E-07
BiCGStabl:       38 0.4781E-11 0.4781E-11
ComputeChange: NS (ITER=2) (NRM,RELC): (  1.2349142     0.14537027     ) :: navier-stokes
FlowSolve: iter:    2 Assembly: (s)    0.06    0.12
FlowSolve: iter:    2 Solve:    (s)    0.14    0.30
FlowSolve:  Result Norm     :    1.2349141582397751
FlowSolve:  Relative Change :   0.14537027252364762
FlowSolve: 
FlowSolve: 
FlowSolve: -------------------------------------
FlowSolve:  NAVIER-STOKES ITERATION           3
FlowSolve: -------------------------------------
FlowSolve: 
FlowSolve: Starting Assembly...
FlowSolve: Assembly:
FlowSolve: Assembly done
FlowSolve: Dirichlet conditions done
      10 0.4342E-02 0.4342E-02
      20 0.6008E-05 0.6008E-05
      30 0.3020E-06 0.3020E-06
      40 0.1510E-10 0.1510E-10
BiCGStabl:       41 0.5385E-11 0.5385E-11
ComputeChange: NS (ITER=3) (NRM,RELC): (  1.2851090     0.39836805E-01 ) :: navier-stokes
FlowSolve: iter:    3 Assembly: (s)    0.06    0.18
FlowSolve: iter:    3 Solve:    (s)    0.15    0.45
FlowSolve:  Result Norm     :    1.2851089933972224
FlowSolve:  Relative Change :    3.9836804772877502E-002
FlowSolve: 
FlowSolve: 
FlowSolve: -------------------------------------
FlowSolve:  NAVIER-STOKES ITERATION           4
FlowSolve: -------------------------------------
FlowSolve: 
FlowSolve: Starting Assembly...
FlowSolve: Assembly:
FlowSolve: Assembly done
FlowSolve: Dirichlet conditions done
      10 0.1294E-02 0.1294E-02
      20 0.1603E-05 0.1603E-05
      30 0.4228E-07 0.4228E-07
BiCGStabl:       37 0.6085E-11 0.6085E-11
ComputeChange: NS (ITER=4) (NRM,RELC): (  1.3001662     0.11648446E-01 ) :: navier-stokes
FlowSolve: iter:    4 Assembly: (s)    0.06    0.24
FlowSolve: iter:    4 Solve:    (s)    0.14    0.59
FlowSolve:  Result Norm     :    1.3001662121039099
FlowSolve:  Relative Change :    1.1648445530787364E-002
FlowSolve: 
FlowSolve: 
FlowSolve: -------------------------------------
FlowSolve:  NAVIER-STOKES ITERATION           5
FlowSolve: -------------------------------------
FlowSolve: 
FlowSolve: Starting Assembly...
FlowSolve: Assembly:
FlowSolve: Assembly done
FlowSolve: Dirichlet conditions done
      10 0.3872E-03 0.3872E-03
      20 0.4923E-06 0.4923E-06
      30 0.2894E-07 0.2894E-07
BiCGStabl:       37 0.9687E-11 0.9687E-11
ComputeChange: NS (ITER=5) (NRM,RELC): (  1.3046833     0.34681869E-02 ) :: navier-stokes
FlowSolve: iter:    5 Assembly: (s)    0.06    0.30
FlowSolve: iter:    5 Solve:    (s)    0.14    0.73
FlowSolve:  Result Norm     :    1.3046832644713238
FlowSolve:  Relative Change :    3.4681868630295734E-003
FlowSolve: 
FlowSolve: 
FlowSolve: -------------------------------------
FlowSolve:  NAVIER-STOKES ITERATION           6
FlowSolve: -------------------------------------
FlowSolve: 
FlowSolve: Starting Assembly...
FlowSolve: Assembly:
FlowSolve: Assembly done
FlowSolve: Dirichlet conditions done
      10 0.1161E-03 0.1161E-03
      20 0.1436E-06 0.1436E-06
      30 0.2939E-08 0.2939E-08
BiCGStabl:       35 0.6443E-11 0.6443E-11
ComputeChange: NS (ITER=6) (NRM,RELC): (  1.3060384     0.10381084E-02 ) :: navier-stokes
FlowSolve: iter:    6 Assembly: (s)    0.06    0.35
FlowSolve: iter:    6 Solve:    (s)    0.13    0.86
FlowSolve:  Result Norm     :    1.3060383705161485
FlowSolve:  Relative Change :    1.0381084116087289E-003
FlowSolve: 
FlowSolve: 
FlowSolve: -------------------------------------
FlowSolve:  NAVIER-STOKES ITERATION           7
FlowSolve: -------------------------------------
FlowSolve: 
FlowSolve: Starting Assembly...
FlowSolve: Assembly:
FlowSolve: Assembly done
FlowSolve: Dirichlet conditions done
      10 0.3482E-04 0.3482E-04
      20 0.5070E-07 0.5070E-07
      30 0.1800E-08 0.1800E-08
BiCGStabl:       35 0.5617E-11 0.5617E-11
ComputeChange: NS (ITER=7) (NRM,RELC): (  1.3064449     0.31122200E-03 ) :: navier-stokes
FlowSolve: iter:    7 Assembly: (s)    0.06    0.41
FlowSolve: iter:    7 Solve:    (s)    0.13    0.99
FlowSolve:  Result Norm     :    1.3064449016518731
FlowSolve:  Relative Change :    3.1122200096406628E-004
FlowSolve: 
FlowSolve: 
FlowSolve: -------------------------------------
FlowSolve:  NAVIER-STOKES ITERATION           8
FlowSolve: -------------------------------------
FlowSolve: 
FlowSolve: Starting Assembly...
FlowSolve: Assembly:
FlowSolve: Assembly done
FlowSolve: Dirichlet conditions done
      10 0.1045E-04 0.1045E-04
      20 0.1493E-07 0.1493E-07
      30 0.1901E-09 0.1901E-09
BiCGStabl:       33 0.9638E-11 0.9638E-11
ComputeChange: NS (ITER=8) (NRM,RELC): (  1.3065669     0.93347715E-04 ) :: navier-stokes
FlowSolve: iter:    8 Assembly: (s)    0.06    0.47
FlowSolve: iter:    8 Solve:    (s)    0.12    1.12
FlowSolve:  Result Norm     :    1.3065668609901497
FlowSolve:  Relative Change :    9.3347714710109345E-005
FlowSolve: 
FlowSolve: 
FlowSolve: -------------------------------------
FlowSolve:  NAVIER-STOKES ITERATION           9
FlowSolve: -------------------------------------
FlowSolve: 
FlowSolve: Starting Assembly...
FlowSolve: Assembly:
FlowSolve: Assembly done
FlowSolve: Dirichlet conditions done
      10 0.3135E-05 0.3135E-05
      20 0.3118E-07 0.3118E-07
      30 0.5154E-10 0.5154E-10
BiCGStabl:       33 0.3455E-11 0.3455E-11
ComputeChange: NS (ITER=9) (NRM,RELC): (  1.3066034     0.28002629E-04 ) :: navier-stokes
FlowSolve: iter:    9 Assembly: (s)    0.06    0.53
FlowSolve: iter:    9 Solve:    (s)    0.12    1.24
FlowSolve:  Result Norm     :    1.3066034488092473
FlowSolve:  Relative Change :    2.8002628807115973E-005
FlowSolve: 
FlowSolve: 
FlowSolve: -------------------------------------
FlowSolve:  NAVIER-STOKES ITERATION          10
FlowSolve: -------------------------------------
FlowSolve: 
FlowSolve: Starting Assembly...
FlowSolve: Assembly:
FlowSolve: Assembly done
FlowSolve: Dirichlet conditions done
      10 0.9405E-06 0.9405E-06
      20 0.1353E-08 0.1353E-08
      30 0.1245E-10 0.1245E-10
BiCGStabl:       31 0.3871E-11 0.3871E-11
ComputeChange: NS (ITER=10) (NRM,RELC): (  1.3066144     0.84006410E-05 ) :: navier-stokes
FlowSolve: iter:   10 Assembly: (s)    0.06    0.59
FlowSolve: iter:   10 Solve:    (s)    0.12    1.36
FlowSolve:  Result Norm     :    1.3066144251619038
FlowSolve:  Relative Change :    8.4006410379295181E-006
ComputeChange: SS (ITER=3) (NRM,RELC): ( 0.78851182     0.42983157     ) :: navier-stokes
ResultOutputSolver: -------------------------------------
ResultOutputSolver: Saving in unstructured VTK XML (.vtu) format
ResultOutputSolver: -------------------------------------
MAIN: 
MAIN: -------------------------------------
MAIN:  Steady state iteration:            4
MAIN: -------------------------------------
MAIN: 
HeatSolver: ------------------------------------------------
HeatSolver: Solving energy equation for temperature
HeatSolver: Heat solver iteration: 1
IterSolver: "Linear System GCR Restart" not given, setting it to 200
   gcr:    10  0.1887E-05  0.1101E-05
   gcr:    20  0.2189E-06  0.1515E-06
   gcr:    30  0.3288E-08  0.4265E-08
   gcr:    40  0.6879E-10  0.4850E-10
   gcr:    50  0.1966E-10  0.7921E-11
ComputeChange: NS (ITER=1) (NRM,RELC): (  300.00012     0.13770166E-06 ) :: heat equation
HeatSolver: Heat solver iteration: 2
IterSolver: "Linear System GCR Restart" not given, setting it to 200
   gcr:    10  0.5661E-06  0.3302E-06
   gcr:    20  0.6566E-07  0.4546E-07
   gcr:    30  0.9863E-09  0.1279E-08
   gcr:    40  0.2089E-10  0.1456E-10
ComputeChange: NS (ITER=2) (NRM,RELC): (  300.00014     0.47601494E-07 ) :: heat equation
HeatSolver: Heat solver iteration: 3
IterSolver: "Linear System GCR Restart" not given, setting it to 200
   gcr:    10  0.1698E-06  0.9907E-07
   gcr:    20  0.1970E-07  0.1364E-07
   gcr:    30  0.2959E-09  0.3838E-09
ComputeChange: NS (ITER=3) (NRM,RELC): (  300.00014     0.15346815E-07 ) :: heat equation
HeatSolver: Heat solver iteration: 4
IterSolver: "Linear System GCR Restart" not given, setting it to 200
   gcr:    10  0.5095E-07  0.2972E-07
   gcr:    20  0.5910E-08  0.4092E-08
   gcr:    30  0.8879E-10  0.1151E-09
ComputeChange: NS (ITER=4) (NRM,RELC): (  300.00014     0.49179205E-08 ) :: heat equation
HeatSolver: Heat solver iteration: 5
IterSolver: "Linear System GCR Restart" not given, setting it to 200
   gcr:    10  0.1529E-07  0.8916E-08
   gcr:    20  0.1773E-08  0.1227E-08
   gcr:    30  0.2665E-10  0.3455E-10
ComputeChange: NS (ITER=5) (NRM,RELC): (  300.00014     0.15815260E-08 ) :: heat equation
HeatSolver: Heat solver iteration: 6
IterSolver: "Linear System GCR Restart" not given, setting it to 200
   gcr:    10  0.4586E-08  0.2675E-08
   gcr:    20  0.5319E-09  0.3682E-09
   gcr:    30  0.8053E-11  0.1038E-10
ComputeChange: NS (ITER=6) (NRM,RELC): (  300.00014     0.52813347E-09 ) :: heat equation
HeatSolver: Heat solver iteration: 7
IterSolver: "Linear System GCR Restart" not given, setting it to 200
   gcr:    10  0.1376E-08  0.8024E-09
   gcr:    20  0.1596E-09  0.1104E-09
ComputeChange: NS (ITER=7) (NRM,RELC): (  300.00014     0.18387454E-09 ) :: heat equation
HeatSolver: Heat solver iteration: 8
IterSolver: "Linear System GCR Restart" not given, setting it to 200
   gcr:    10  0.4127E-09  0.2407E-09
   gcr:    20  0.4793E-10  0.3313E-10
ComputeChange: NS (ITER=8) (NRM,RELC): (  300.00014     0.67008696E-10 ) :: heat equation
ComputeChange: SS (ITER=4) (NRM,RELC): (  300.00010     0.64815344E-07 ) :: heat equation
FlowSolve: 
FlowSolve: 
FlowSolve: -------------------------------------
FlowSolve:  NAVIER-STOKES ITERATION           1
FlowSolve: -------------------------------------
FlowSolve: 
FlowSolve: Starting Assembly...
FlowSolve: Assembly:
FlowSolve: Assembly done
FlowSolve: Dirichlet conditions done
      10 0.4258E-01 0.4258E-01
      20 0.3131E-04 0.3131E-04
      30 0.1375E-06 0.1375E-06
BiCGStabl:       39 0.7781E-11 0.7781E-11
ComputeChange: NS (ITER=1) (NRM,RELC): (  1.2667466     0.46537678     ) :: navier-stokes
FlowSolve: iter:    1 Assembly: (s)    0.06    0.06
FlowSolve: iter:    1 Solve:    (s)    0.15    0.15
FlowSolve:  Result Norm     :    1.2667465900612616
FlowSolve:  Relative Change :   0.46537678329581983
FlowSolve: 
FlowSolve: 
FlowSolve: -------------------------------------
FlowSolve:  NAVIER-STOKES ITERATION           2
FlowSolve: -------------------------------------
FlowSolve: 
FlowSolve: Starting Assembly...
FlowSolve: Assembly:
FlowSolve: Assembly done
FlowSolve: Dirichlet conditions done
      10 0.1019E-01 0.1019E-01
      20 0.6315E-05 0.6315E-05
      30 0.4096E-07 0.4096E-07
BiCGStabl:       38 0.6727E-11 0.6727E-11
ComputeChange: NS (ITER=2) (NRM,RELC): (  1.4101727     0.10715760     ) :: navier-stokes
FlowSolve: iter:    2 Assembly: (s)    0.06    0.12
FlowSolve: iter:    2 Solve:    (s)    0.14    0.29
FlowSolve:  Result Norm     :    1.4101727080713093
FlowSolve:  Relative Change :   0.10715759575576476
FlowSolve: 
FlowSolve: 
FlowSolve: -------------------------------------
FlowSolve:  NAVIER-STOKES ITERATION           3
FlowSolve: -------------------------------------
FlowSolve: 
FlowSolve: Starting Assembly...
FlowSolve: Assembly:
FlowSolve: Assembly done
FlowSolve: Dirichlet conditions done
      10 0.2882E-02 0.2882E-02
      20 0.2093E-05 0.2093E-05
      30 0.2417E-07 0.2417E-07
BiCGStabl:       37 0.8385E-11 0.8385E-11
ComputeChange: NS (ITER=3) (NRM,RELC): (  1.4531918     0.30047909E-01 ) :: navier-stokes
FlowSolve: iter:    3 Assembly: (s)    0.06    0.17
FlowSolve: iter:    3 Solve:    (s)    0.14    0.42
FlowSolve:  Result Norm     :    1.4531917651715038
FlowSolve:  Relative Change :    3.0047908676798393E-002
FlowSolve: 
FlowSolve: 
FlowSolve: -------------------------------------
FlowSolve:  NAVIER-STOKES ITERATION           4
FlowSolve: -------------------------------------
FlowSolve: 
FlowSolve: Starting Assembly...
FlowSolve: Assembly:
FlowSolve: Assembly done
FlowSolve: Dirichlet conditions done
      10 0.8646E-03 0.8646E-03
      20 0.6635E-06 0.6635E-06
      30 0.4184E-08 0.4184E-08
BiCGStabl:       37 0.2806E-11 0.2806E-11
ComputeChange: NS (ITER=4) (NRM,RELC): (  1.4660966     0.88410722E-02 ) :: navier-stokes
FlowSolve: iter:    4 Assembly: (s)    0.06    0.23
FlowSolve: iter:    4 Solve:    (s)    0.14    0.56
FlowSolve:  Result Norm     :    1.4660965846835192
FlowSolve:  Relative Change :    8.8410721829902568E-003
FlowSolve: 
FlowSolve: 
FlowSolve: -------------------------------------
FlowSolve:  NAVIER-STOKES ITERATION           5
FlowSolve: -------------------------------------
FlowSolve: 
FlowSolve: Starting Assembly...
FlowSolve: Assembly:
FlowSolve: Assembly done
FlowSolve: Dirichlet conditions done
      10 0.2596E-03 0.2596E-03
      20 0.2860E-06 0.2860E-06
      30 0.2658E-08 0.2658E-08
BiCGStabl:       35 0.9885E-11 0.9885E-11
ComputeChange: NS (ITER=5) (NRM,RELC): (  1.4699679     0.26371108E-02 ) :: navier-stokes
FlowSolve: iter:    5 Assembly: (s)    0.06    0.29
FlowSolve: iter:    5 Solve:    (s)    0.13    0.69
FlowSolve:  Result Norm     :    1.4699679484839872
FlowSolve:  Relative Change :    2.6371108378134985E-003
FlowSolve: 
FlowSolve: 
FlowSolve: -------------------------------------
FlowSolve:  NAVIER-STOKES ITERATION           6
FlowSolve: -------------------------------------
FlowSolve: 
FlowSolve: Starting Assembly...
FlowSolve: Assembly:
FlowSolve: Assembly done
FlowSolve: Dirichlet conditions done
      10 0.7791E-04 0.7791E-04
      20 0.5644E-07 0.5644E-07
      30 0.2858E-09 0.2858E-09
BiCGStabl:       33 0.9505E-11 0.9505E-11
ComputeChange: NS (ITER=6) (NRM,RELC): (  1.4711294     0.78977474E-03 ) :: navier-stokes
FlowSolve: iter:    6 Assembly: (s)    0.06    0.35
FlowSolve: iter:    6 Solve:    (s)    0.12    0.81
FlowSolve:  Result Norm     :    1.4711293506627618
FlowSolve:  Relative Change :    7.8977474095238758E-004
FlowSolve: 
FlowSolve: 
FlowSolve: -------------------------------------
FlowSolve:  NAVIER-STOKES ITERATION           7
FlowSolve: -------------------------------------
FlowSolve: 
FlowSolve: Starting Assembly...
FlowSolve: Assembly:
FlowSolve: Assembly done
FlowSolve: Dirichlet conditions done
      10 0.2339E-04 0.2339E-04
      20 0.1715E-07 0.1715E-07
      30 0.7234E-10 0.7234E-10
BiCGStabl:       32 0.9426E-11 0.9426E-11
ComputeChange: NS (ITER=7) (NRM,RELC): (  1.4714778     0.23681053E-03 ) :: navier-stokes
FlowSolve: iter:    7 Assembly: (s)    0.06    0.41
FlowSolve: iter:    7 Solve:    (s)    0.12    0.93
FlowSolve:  Result Norm     :    1.4714777708394053
FlowSolve:  Relative Change :    2.3681053042896809E-004
FlowSolve: 
FlowSolve: 
FlowSolve: -------------------------------------
FlowSolve:  NAVIER-STOKES ITERATION           8
FlowSolve: -------------------------------------
FlowSolve: 
FlowSolve: Starting Assembly...
FlowSolve: Assembly:
FlowSolve: Assembly done
FlowSolve: Dirichlet conditions done
      10 0.7019E-05 0.7019E-05
      20 0.4918E-08 0.4918E-08
      30 0.4737E-10 0.4737E-10
BiCGStabl:       32 0.6506E-11 0.6506E-11
ComputeChange: NS (ITER=8) (NRM,RELC): (  1.4715823     0.71032228E-04 ) :: navier-stokes
FlowSolve: iter:    8 Assembly: (s)    0.06    0.46
FlowSolve: iter:    8 Solve:    (s)    0.12    1.05
FlowSolve:  Result Norm     :    1.4715822968967516
FlowSolve:  Relative Change :    7.1032228320528601E-005
FlowSolve: 
FlowSolve: 
FlowSolve: -------------------------------------
FlowSolve:  NAVIER-STOKES ITERATION           9
FlowSolve: -------------------------------------
FlowSolve: 
FlowSolve: Starting Assembly...
FlowSolve: Assembly:
FlowSolve: Assembly done
FlowSolve: Dirichlet conditions done
      10 0.2107E-05 0.2107E-05
      20 0.1685E-08 0.1685E-08
BiCGStabl:       30 0.8566E-11 0.8566E-11
ComputeChange: NS (ITER=9) (NRM,RELC): (  1.4716137     0.21308693E-04 ) :: navier-stokes
FlowSolve: iter:    9 Assembly: (s)    0.06    0.52
FlowSolve: iter:    9 Solve:    (s)    0.11    1.16
FlowSolve:  Result Norm     :    1.4716136547260918
FlowSolve:  Relative Change :    2.1308692900982295E-005
FlowSolve: 
FlowSolve: 
FlowSolve: -------------------------------------
FlowSolve:  NAVIER-STOKES ITERATION          10
FlowSolve: -------------------------------------
FlowSolve: 
FlowSolve: Starting Assembly...
FlowSolve: Assembly:
FlowSolve: Assembly done
FlowSolve: Dirichlet conditions done
      10 0.6324E-06 0.6324E-06
      20 0.6587E-09 0.6587E-09
      30 0.1868E-10 0.1868E-10
BiCGStabl:       31 0.6987E-11 0.6987E-11
ComputeChange: NS (ITER=10) (NRM,RELC): (  1.4716231     0.63925243E-05 ) :: navier-stokes
FlowSolve: iter:   10 Assembly: (s)    0.06    0.58
FlowSolve: iter:   10 Solve:    (s)    0.12    1.28
FlowSolve:  Result Norm     :    1.4716230620821471
FlowSolve:  Relative Change :    6.3925242584357060E-006
ComputeChange: SS (ITER=4) (NRM,RELC): (  1.0275913     0.26328845     ) :: navier-stokes
ResultOutputSolver: -------------------------------------
ResultOutputSolver: Saving in unstructured VTK XML (.vtu) format
ResultOutputSolver: -------------------------------------
MAIN: 
MAIN: -------------------------------------
MAIN:  Steady state iteration:            5
MAIN: -------------------------------------
MAIN: 
HeatSolver: ------------------------------------------------
HeatSolver: Solving energy equation for temperature
HeatSolver: Heat solver iteration: 1
IterSolver: "Linear System GCR Restart" not given, setting it to 200
   gcr:    10  0.1278E-05  0.7137E-06
   gcr:    20  0.1942E-06  0.1460E-06
   gcr:    30  0.3442E-08  0.3755E-08
   gcr:    40  0.7794E-10  0.5348E-10
   gcr:    50  0.2398E-10  0.1533E-10
ComputeChange: NS (ITER=1) (NRM,RELC): (  300.00013     0.95930082E-07 ) :: heat equation
HeatSolver: Heat solver iteration: 2
IterSolver: "Linear System GCR Restart" not given, setting it to 200
   gcr:    10  0.3834E-06  0.2141E-06
   gcr:    20  0.5826E-07  0.4380E-07
   gcr:    30  0.1033E-08  0.1126E-08
   gcr:    40  0.2359E-10  0.1606E-10
ComputeChange: NS (ITER=2) (NRM,RELC): (  300.00014     0.31198178E-07 ) :: heat equation
HeatSolver: Heat solver iteration: 3
IterSolver: "Linear System GCR Restart" not given, setting it to 200
   gcr:    10  0.1150E-06  0.6423E-07
   gcr:    20  0.1748E-07  0.1314E-07
   gcr:    30  0.3098E-09  0.3379E-09
ComputeChange: NS (ITER=3) (NRM,RELC): (  300.00014     0.10082804E-07 ) :: heat equation
HeatSolver: Heat solver iteration: 4
IterSolver: "Linear System GCR Restart" not given, setting it to 200
   gcr:    10  0.3451E-07  0.1927E-07
   gcr:    20  0.5244E-08  0.3942E-08
   gcr:    30  0.9296E-10  0.1014E-09
ComputeChange: NS (ITER=4) (NRM,RELC): (  300.00014     0.33946065E-08 ) :: heat equation
HeatSolver: Heat solver iteration: 5
IterSolver: "Linear System GCR Restart" not given, setting it to 200
   gcr:    10  0.1035E-07  0.5781E-08
   gcr:    20  0.1573E-08  0.1183E-08
   gcr:    30  0.2790E-10  0.3041E-10
ComputeChange: NS (ITER=5) (NRM,RELC): (  300.00014     0.11606081E-08 ) :: heat equation
HeatSolver: Heat solver iteration: 6
IterSolver: "Linear System GCR Restart" not given, setting it to 200
   gcr:    10  0.3106E-08  0.1734E-08
   gcr:    20  0.4719E-09  0.3548E-09
   gcr:    30  0.8430E-11  0.9148E-11
ComputeChange: NS (ITER=6) (NRM,RELC): (  300.00014     0.41309476E-09 ) :: heat equation
HeatSolver: Heat solver iteration: 7
IterSolver: "Linear System GCR Restart" not given, setting it to 200
   gcr:    10  0.9317E-09  0.5203E-09
   gcr:    20  0.1416E-09  0.1064E-09
ComputeChange: NS (ITER=7) (NRM,RELC): (  300.00014     0.15628977E-09 ) :: heat equation
HeatSolver: Heat solver iteration: 8
IterSolver: "Linear System GCR Restart" not given, setting it to 200
   gcr:    10  0.2795E-09  0.1561E-09
   gcr:    20  0.4259E-10  0.3194E-10
ComputeChange: NS (ITER=8) (NRM,RELC): (  300.00014     0.62983994E-10 ) :: heat equation
ComputeChange: SS (ITER=5) (NRM,RELC): (  300.00011     0.46111595E-07 ) :: heat equation
FlowSolve: 
FlowSolve: 
FlowSolve: -------------------------------------
FlowSolve:  NAVIER-STOKES ITERATION           1
FlowSolve: -------------------------------------
FlowSolve: 
FlowSolve: Starting Assembly...
FlowSolve: Assembly:
FlowSolve: Assembly done
FlowSolve: Dirichlet conditions done
      10 0.3594E-01 0.3594E-01
      20 0.2852E-04 0.2852E-04
      30 0.4594E-07 0.4594E-07
      40 0.1083E-10 0.1083E-10
BiCGStabl:       41 0.7389E-11 0.7389E-11
ComputeChange: NS (ITER=1) (NRM,RELC): (  1.4087816     0.31291622     ) :: navier-stokes
FlowSolve: iter:    1 Assembly: (s)    0.06    0.06
FlowSolve: iter:    1 Solve:    (s)    0.15    0.15
FlowSolve:  Result Norm     :    1.4087816064830652
FlowSolve:  Relative Change :   0.31291622293936328
FlowSolve: 
FlowSolve: 
FlowSolve: -------------------------------------
FlowSolve:  NAVIER-STOKES ITERATION           2
FlowSolve: -------------------------------------
FlowSolve: 
FlowSolve: Starting Assembly...
FlowSolve: Assembly:
FlowSolve: Assembly done
FlowSolve: Dirichlet conditions done
      10 0.9160E-02 0.9160E-02
      20 0.7522E-05 0.7522E-05
      30 0.2258E-06 0.2258E-06
BiCGStabl:       37 0.7852E-11 0.7852E-11
ComputeChange: NS (ITER=2) (NRM,RELC): (  1.5231129     0.77991416E-01 ) :: navier-stokes
FlowSolve: iter:    2 Assembly: (s)    0.06    0.12
FlowSolve: iter:    2 Solve:    (s)    0.14    0.29
FlowSolve:  Result Norm     :    1.5231129094418758
FlowSolve:  Relative Change :    7.7991416360859045E-002
FlowSolve: 
FlowSolve: 
FlowSolve: -------------------------------------
FlowSolve:  NAVIER-STOKES ITERATION           3
FlowSolve: -------------------------------------
FlowSolve: 
FlowSolve: Starting Assembly...
FlowSolve: Assembly:
FlowSolve: Assembly done
FlowSolve: Dirichlet conditions done
      10 0.2648E-02 0.2648E-02
      20 0.1972E-05 0.1972E-05
      30 0.5943E-08 0.5943E-08
BiCGStabl:       37 0.2279E-11 0.2279E-11
ComputeChange: NS (ITER=3) (NRM,RELC): (  1.5574073     0.22265355E-01 ) :: navier-stokes
FlowSolve: iter:    3 Assembly: (s)    0.06    0.18
FlowSolve: iter:    3 Solve:    (s)    0.13    0.42
FlowSolve:  Result Norm     :    1.5574073480569623
FlowSolve:  Relative Change :    2.2265355036445143E-002
FlowSolve: 
FlowSolve: 
FlowSolve: -------------------------------------
FlowSolve:  NAVIER-STOKES ITERATION           4
FlowSolve: -------------------------------------
FlowSolve: 
FlowSolve: Starting Assembly...
FlowSolve: Assembly:
FlowSolve: Assembly done
FlowSolve: Dirichlet conditions done
      10 0.7766E-03 0.7766E-03
      20 0.6134E-06 0.6134E-06
      30 0.4945E-08 0.4945E-08
BiCGStabl:       36 0.6535E-11 0.6535E-11
ComputeChange: NS (ITER=4) (NRM,RELC): (  1.5676952     0.65839933E-02 ) :: navier-stokes
FlowSolve: iter:    4 Assembly: (s)    0.06    0.23
FlowSolve: iter:    4 Solve:    (s)    0.13    0.56
FlowSolve:  Result Norm     :    1.5676951750851842
FlowSolve:  Relative Change :    6.5839932943242479E-003
FlowSolve: 
FlowSolve: 
FlowSolve: -------------------------------------
FlowSolve:  NAVIER-STOKES ITERATION           5
FlowSolve: -------------------------------------
FlowSolve: 
FlowSolve: Starting Assembly...
FlowSolve: Assembly:
FlowSolve: Assembly done
FlowSolve: Dirichlet conditions done
      10 0.2313E-03 0.2313E-03
      20 0.1591E-06 0.1591E-06
      30 0.6825E-09 0.6825E-09
BiCGStabl:       33 0.7743E-11 0.7743E-11
ComputeChange: NS (ITER=5) (NRM,RELC): (  1.5707815     0.19667517E-02 ) :: navier-stokes
FlowSolve: iter:    5 Assembly: (s)    0.06    0.29
FlowSolve: iter:    5 Solve:    (s)    0.12    0.68
FlowSolve:  Result Norm     :    1.5707814772610884
FlowSolve:  Relative Change :    1.9667517192437627E-003
FlowSolve: 
FlowSolve: 
FlowSolve: -------------------------------------
FlowSolve:  NAVIER-STOKES ITERATION           6
FlowSolve: -------------------------------------
FlowSolve: 
FlowSolve: Starting Assembly...
FlowSolve: Assembly:
FlowSolve: Assembly done
FlowSolve: Dirichlet conditions done
      10 0.6922E-04 0.6922E-04
      20 0.4344E-07 0.4344E-07
      30 0.2212E-09 0.2212E-09
BiCGStabl:       33 0.5485E-11 0.5485E-11
ComputeChange: NS (ITER=6) (NRM,RELC): (  1.5717074     0.58926975E-03 ) :: navier-stokes
FlowSolve: iter:    6 Assembly: (s)    0.06    0.35
FlowSolve: iter:    6 Solve:    (s)    0.12    0.80
FlowSolve:  Result Norm     :    1.5717073640736141
FlowSolve:  Relative Change :    5.8926975354505980E-004
FlowSolve: 
FlowSolve: 
FlowSolve: -------------------------------------
FlowSolve:  NAVIER-STOKES ITERATION           7
FlowSolve: -------------------------------------
FlowSolve: 
FlowSolve: Starting Assembly...
FlowSolve: Assembly:
FlowSolve: Assembly done
FlowSolve: Dirichlet conditions done
      10 0.2075E-04 0.2075E-04
      20 0.1309E-07 0.1309E-07
      30 0.1507E-09 0.1507E-09
BiCGStabl:       33 0.4668E-11 0.4668E-11
ComputeChange: NS (ITER=7) (NRM,RELC): (  1.5719851     0.17671308E-03 ) :: navier-stokes
FlowSolve: iter:    7 Assembly: (s)    0.06    0.41
FlowSolve: iter:    7 Solve:    (s)    0.12    0.93
FlowSolve:  Result Norm     :    1.5719851298718976
FlowSolve:  Relative Change :    1.7671308425902941E-004
FlowSolve: 
FlowSolve: 
FlowSolve: -------------------------------------
FlowSolve:  NAVIER-STOKES ITERATION           8
FlowSolve: -------------------------------------
FlowSolve: 
FlowSolve: Starting Assembly...
FlowSolve: Assembly:
FlowSolve: Assembly done
FlowSolve: Dirichlet conditions done
      10 0.6221E-05 0.6221E-05
      20 0.3555E-08 0.3555E-08
      30 0.2376E-10 0.2376E-10
BiCGStabl:       33 0.3017E-11 0.3017E-11
ComputeChange: NS (ITER=8) (NRM,RELC): (  1.5720685     0.53007843E-04 ) :: navier-stokes
FlowSolve: iter:    8 Assembly: (s)    0.06    0.47
FlowSolve: iter:    8 Solve:    (s)    0.12    1.05
FlowSolve:  Result Norm     :    1.5720684596211147
FlowSolve:  Relative Change :    5.3007842802409286E-005
FlowSolve: 
FlowSolve: 
FlowSolve: -------------------------------------
FlowSolve:  NAVIER-STOKES ITERATION           9
FlowSolve: -------------------------------------
FlowSolve: 
FlowSolve: Starting Assembly...
FlowSolve: Assembly:
FlowSolve: Assembly done
FlowSolve: Dirichlet conditions done
      10 0.1866E-05 0.1866E-05
      20 0.1405E-08 0.1405E-08
      30 0.7944E-11 0.7944E-11
BiCGStabl:       30 0.7944E-11 0.7944E-11
ComputeChange: NS (ITER=9) (NRM,RELC): (  1.5720935     0.15901810E-04 ) :: navier-stokes
FlowSolve: iter:    9 Assembly: (s)    0.06    0.53
FlowSolve: iter:    9 Solve:    (s)    0.11    1.17
FlowSolve:  Result Norm     :    1.5720934585542257
FlowSolve:  Relative Change :    1.5901810251189516E-005
FlowSolve: 
FlowSolve: 
FlowSolve: -------------------------------------
FlowSolve:  NAVIER-STOKES ITERATION          10
FlowSolve: -------------------------------------
FlowSolve: 
FlowSolve: Starting Assembly...
FlowSolve: Assembly:
FlowSolve: Assembly done
FlowSolve: Dirichlet conditions done
      10 0.5597E-06 0.5597E-06
      20 0.1509E-08 0.1509E-08
BiCGStabl:       29 0.9663E-11 0.9663E-11
ComputeChange: NS (ITER=10) (NRM,RELC): (  1.5721010     0.47704959E-05 ) :: navier-stokes
FlowSolve: iter:   10 Assembly: (s)    0.06    0.58
FlowSolve: iter:   10 Solve:    (s)    0.11    1.27
FlowSolve:  Result Norm     :    1.5721009582374625
FlowSolve:  Relative Change :    4.7704958680834405E-006
ComputeChange: SS (ITER=5) (NRM,RELC): (  1.2181543     0.16971023     ) :: navier-stokes
ResultOutputSolver: -------------------------------------
ResultOutputSolver: Saving in unstructured VTK XML (.vtu) format
ResultOutputSolver: -------------------------------------
MAIN: 
MAIN: -------------------------------------
MAIN:  Steady state iteration:            6
MAIN: -------------------------------------
MAIN: 
HeatSolver: ------------------------------------------------
HeatSolver: Solving energy equation for temperature
HeatSolver: Heat solver iteration: 1
IterSolver: "Linear System GCR Restart" not given, setting it to 200
   gcr:    10  0.8980E-06  0.4693E-06
   gcr:    20  0.1557E-06  0.1247E-06
   gcr:    30  0.3228E-08  0.3192E-08
   gcr:    40  0.7565E-10  0.5680E-10
   gcr:    50  0.2135E-10  0.1668E-10
ComputeChange: NS (ITER=1) (NRM,RELC): (  300.00013     0.64738844E-07 ) :: heat equation
HeatSolver: Heat solver iteration: 2
IterSolver: "Linear System GCR Restart" not given, setting it to 200
   gcr:    10  0.2694E-06  0.1408E-06
   gcr:    20  0.4672E-07  0.3740E-07
   gcr:    30  0.9683E-09  0.9576E-09
   gcr:    40  0.2298E-10  0.1706E-10
ComputeChange: NS (ITER=2) (NRM,RELC): (  300.00014     0.20410214E-07 ) :: heat equation
HeatSolver: Heat solver iteration: 3
IterSolver: "Linear System GCR Restart" not given, setting it to 200
   gcr:    10  0.8082E-07  0.4224E-07
   gcr:    20  0.1401E-07  0.1122E-07
   gcr:    30  0.2905E-09  0.2873E-09
ComputeChange: NS (ITER=3) (NRM,RELC): (  300.00014     0.66730869E-08 ) :: heat equation
HeatSolver: Heat solver iteration: 4
IterSolver: "Linear System GCR Restart" not given, setting it to 200
   gcr:    10  0.2425E-07  0.1267E-07
   gcr:    20  0.4204E-08  0.3366E-08
   gcr:    30  0.8717E-10  0.8618E-10
ComputeChange: NS (ITER=4) (NRM,RELC): (  300.00014     0.23672014E-08 ) :: heat equation
HeatSolver: Heat solver iteration: 5
IterSolver: "Linear System GCR Restart" not given, setting it to 200
   gcr:    10  0.7274E-08  0.3802E-08
   gcr:    20  0.1261E-08  0.1010E-08
   gcr:    30  0.2618E-10  0.2586E-10
ComputeChange: NS (ITER=5) (NRM,RELC): (  300.00014     0.86523790E-09 ) :: heat equation
HeatSolver: Heat solver iteration: 6
IterSolver: "Linear System GCR Restart" not given, setting it to 200
   gcr:    10  0.2182E-08  0.1140E-08
   gcr:    20  0.3783E-09  0.3029E-09
   gcr:    30  0.7898E-11  0.7780E-11
ComputeChange: NS (ITER=6) (NRM,RELC): (  300.00014     0.32633412E-09 ) :: heat equation
HeatSolver: Heat solver iteration: 7
IterSolver: "Linear System GCR Restart" not given, setting it to 200
   gcr:    10  0.6546E-09  0.3421E-09
   gcr:    20  0.1135E-09  0.9087E-10
ComputeChange: NS (ITER=7) (NRM,RELC): (  300.00014     0.13174006E-09 ) :: heat equation
HeatSolver: Heat solver iteration: 8
IterSolver: "Linear System GCR Restart" not given, setting it to 200
   gcr:    10  0.1963E-09  0.1026E-09
   gcr:    20  0.3415E-10  0.2727E-10
ComputeChange: NS (ITER=8) (NRM,RELC): (  300.00014     0.55996047E-10 ) :: heat equation
ComputeChange: SS (ITER=6) (NRM,RELC): (  300.00012     0.31557701E-07 ) :: heat equation
FlowSolve: 
FlowSolve: 
FlowSolve: -------------------------------------
FlowSolve:  NAVIER-STOKES ITERATION           1
FlowSolve: -------------------------------------
FlowSolve: 
FlowSolve: Starting Assembly...
FlowSolve: Assembly:
FlowSolve: Assembly done
FlowSolve: Dirichlet conditions done
      10 0.3427E-01 0.3427E-01
      20 0.1393E-04 0.1393E-04
      30 0.4731E-07 0.4731E-07
      40 0.5333E-11 0.5333E-11
BiCGStabl:       40 0.5333E-11 0.5333E-11
ComputeChange: NS (ITER=1) (NRM,RELC): (  1.5071341     0.21207284     ) :: navier-stokes
FlowSolve: iter:    1 Assembly: (s)    0.06    0.06
FlowSolve: iter:    1 Solve:    (s)    0.15    0.15
FlowSolve:  Result Norm     :    1.5071341391082034
FlowSolve:  Relative Change :   0.21207284440094992
FlowSolve: 
FlowSolve: 
FlowSolve: -------------------------------------
FlowSolve:  NAVIER-STOKES ITERATION           2
FlowSolve: -------------------------------------
FlowSolve: 
FlowSolve: Starting Assembly...
FlowSolve: Assembly:
FlowSolve: Assembly done
FlowSolve: Dirichlet conditions done
      10 0.8844E-02 0.8844E-02
      20 0.6283E-05 0.6283E-05
      30 0.3292E-06 0.3292E-06
BiCGStabl:       39 0.4724E-11 0.4724E-11
ComputeChange: NS (ITER=2) (NRM,RELC): (  1.5938221     0.55910489E-01 ) :: navier-stokes
FlowSolve: iter:    2 Assembly: (s)    0.06    0.12
FlowSolve: iter:    2 Solve:    (s)    0.14    0.29
FlowSolve:  Result Norm     :    1.5938221299695896
FlowSolve:  Relative Change :    5.5910489113196529E-002
FlowSolve: 
FlowSolve: 
FlowSolve: -------------------------------------
FlowSolve:  NAVIER-STOKES ITERATION           3
FlowSolve: -------------------------------------
FlowSolve: 
FlowSolve: Starting Assembly...
FlowSolve: Assembly:
FlowSolve: Assembly done
FlowSolve: Dirichlet conditions done
      10 0.2560E-02 0.2560E-02
      20 0.1304E-05 0.1304E-05
      30 0.9222E-05 0.9222E-05
BiCGStabl:       37 0.2614E-11 0.2614E-11
ComputeChange: NS (ITER=3) (NRM,RELC): (  1.6198266     0.16183794E-01 ) :: navier-stokes
FlowSolve: iter:    3 Assembly: (s)    0.06    0.17
FlowSolve: iter:    3 Solve:    (s)    0.14    0.43
FlowSolve:  Result Norm     :    1.6198266448328777
FlowSolve:  Relative Change :    1.6183793989675524E-002
FlowSolve: 
FlowSolve: 
FlowSolve: -------------------------------------
FlowSolve:  NAVIER-STOKES ITERATION           4
FlowSolve: -------------------------------------
FlowSolve: 
FlowSolve: Starting Assembly...
FlowSolve: Assembly:
FlowSolve: Assembly done
FlowSolve: Dirichlet conditions done
      10 0.7590E-03 0.7590E-03
      20 0.4254E-06 0.4254E-06
      30 0.4284E-06 0.4284E-06
BiCGStabl:       37 0.1170E-11 0.1170E-11
ComputeChange: NS (ITER=4) (NRM,RELC): (  1.6276278     0.48044739E-02 ) :: navier-stokes
FlowSolve: iter:    4 Assembly: (s)    0.06    0.23
FlowSolve: iter:    4 Solve:    (s)    0.14    0.56
FlowSolve:  Result Norm     :    1.6276277998523678
FlowSolve:  Relative Change :    4.8044738747651285E-003
FlowSolve: 
FlowSolve: 
FlowSolve: -------------------------------------
FlowSolve:  NAVIER-STOKES ITERATION           5
FlowSolve: -------------------------------------
FlowSolve: 
FlowSolve: Starting Assembly...
FlowSolve: Assembly:
FlowSolve: Assembly done
FlowSolve: Dirichlet conditions done
      10 0.2268E-03 0.2268E-03
      20 0.1316E-06 0.1316E-06
      30 0.2932E-06 0.2932E-06
BiCGStabl:       37 0.3394E-11 0.3394E-11
ComputeChange: NS (ITER=5) (NRM,RELC): (  1.6299681     0.14368439E-02 ) :: navier-stokes
FlowSolve: iter:    5 Assembly: (s)    0.06    0.29
FlowSolve: iter:    5 Solve:    (s)    0.14    0.70
FlowSolve:  Result Norm     :    1.6299681282896497
FlowSolve:  Relative Change :    1.4368439112193020E-003
FlowSolve: 
FlowSolve: 
FlowSolve: -------------------------------------
FlowSolve:  NAVIER-STOKES ITERATION           6
FlowSolve: -------------------------------------
FlowSolve: 
FlowSolve: Starting Assembly...
FlowSolve: Assembly:
FlowSolve: Assembly done
FlowSolve: Dirichlet conditions done
      10 0.6793E-04 0.6793E-04
      20 0.3933E-07 0.3933E-07
      30 0.4811E-07 0.4811E-07
BiCGStabl:       35 0.5891E-11 0.5891E-11
ComputeChange: NS (ITER=6) (NRM,RELC): (  1.6306702     0.43065009E-03 ) :: navier-stokes
FlowSolve: iter:    6 Assembly: (s)    0.06    0.35
FlowSolve: iter:    6 Solve:    (s)    0.13    0.83
FlowSolve:  Result Norm     :    1.6306702253940257
FlowSolve:  Relative Change :    4.3065009253963316E-004
FlowSolve: 
FlowSolve: 
FlowSolve: -------------------------------------
FlowSolve:  NAVIER-STOKES ITERATION           7
FlowSolve: -------------------------------------
FlowSolve: 
FlowSolve: Starting Assembly...
FlowSolve: Assembly:
FlowSolve: Assembly done
FlowSolve: Dirichlet conditions done
      10 0.2037E-04 0.2037E-04
      20 0.1123E-07 0.1123E-07
      30 0.2023E-07 0.2023E-07
BiCGStabl:       34 0.2763E-11 0.2763E-11
ComputeChange: NS (ITER=7) (NRM,RELC): (  1.6308809     0.12915883E-03 ) :: navier-stokes
FlowSolve: iter:    7 Assembly: (s)    0.06    0.41
FlowSolve: iter:    7 Solve:    (s)    0.13    0.95
FlowSolve:  Result Norm     :    1.6308808544622555
FlowSolve:  Relative Change :    1.2915883459906085E-004
FlowSolve: 
FlowSolve: 
FlowSolve: -------------------------------------
FlowSolve:  NAVIER-STOKES ITERATION           8
FlowSolve: -------------------------------------
FlowSolve: 
FlowSolve: Starting Assembly...
FlowSolve: Assembly:
FlowSolve: Assembly done
FlowSolve: Dirichlet conditions done
      10 0.6106E-05 0.6106E-05
      20 0.3575E-08 0.3575E-08
      30 0.2692E-08 0.2692E-08
BiCGStabl:       33 0.8317E-11 0.8317E-11
ComputeChange: NS (ITER=8) (NRM,RELC): (  1.6309440     0.38744404E-04 ) :: navier-stokes
FlowSolve: iter:    8 Assembly: (s)    0.06    0.46
FlowSolve: iter:    8 Solve:    (s)    0.12    1.08
FlowSolve:  Result Norm     :    1.6309440431923585
FlowSolve:  Relative Change :    3.8744403568971888E-005
FlowSolve: 
FlowSolve: 
FlowSolve: -------------------------------------
FlowSolve:  NAVIER-STOKES ITERATION           9
FlowSolve: -------------------------------------
FlowSolve: 
FlowSolve: Starting Assembly...
FlowSolve: Assembly:
FlowSolve: Assembly done
FlowSolve: Dirichlet conditions done
      10 0.1831E-05 0.1831E-05
      20 0.1074E-08 0.1074E-08
      30 0.1927E-08 0.1927E-08
BiCGStabl:       34 0.3705E-12 0.3705E-12
ComputeChange: NS (ITER=9) (NRM,RELC): (  1.6309630     0.11623035E-04 ) :: navier-stokes
FlowSolve: iter:    9 Assembly: (s)    0.06    0.52
FlowSolve: iter:    9 Solve:    (s)    0.13    1.20
FlowSolve:  Result Norm     :    1.6309629998229731
FlowSolve:  Relative Change :    1.1623035460294002E-005
FlowSolve: 
FlowSolve: 
FlowSolve: -------------------------------------
FlowSolve:  NAVIER-STOKES ITERATION          10
FlowSolve: -------------------------------------
FlowSolve: 
FlowSolve: Starting Assembly...
FlowSolve: Assembly:
FlowSolve: Assembly done
FlowSolve: Dirichlet conditions done
      10 0.5492E-06 0.5492E-06
      20 0.3173E-09 0.3173E-09
      30 0.1756E-08 0.1756E-08
BiCGStabl:       33 0.3660E-11 0.3660E-11
ComputeChange: NS (ITER=10) (NRM,RELC): (  1.6309687     0.34868850E-05 ) :: navier-stokes
FlowSolve: iter:   10 Assembly: (s)    0.06    0.58
FlowSolve: iter:   10 Solve:    (s)    0.12    1.32
FlowSolve:  Result Norm     :    1.6309686868133351
FlowSolve:  Relative Change :    3.4868850167909271E-006
ComputeChange: SS (ITER=6) (NRM,RELC): (  1.3626192     0.11195472     ) :: navier-stokes
ResultOutputSolver: -------------------------------------
ResultOutputSolver: Saving in unstructured VTK XML (.vtu) format
ResultOutputSolver: -------------------------------------
MAIN: 
MAIN: -------------------------------------
MAIN:  Steady state iteration:            7
MAIN: -------------------------------------
MAIN: 
HeatSolver: ------------------------------------------------
HeatSolver: Solving energy equation for temperature
HeatSolver: Heat solver iteration: 1
IterSolver: "Linear System GCR Restart" not given, setting it to 200
   gcr:    10  0.6554E-06  0.3176E-06
   gcr:    20  0.1175E-06  0.9775E-07
   gcr:    30  0.2741E-08  0.2597E-08
   gcr:    40  0.6462E-10  0.5095E-10
   gcr:    50  0.1741E-10  0.1515E-10
ComputeChange: NS (ITER=1) (NRM,RELC): (  300.00014     0.42934976E-07 ) :: heat equation
HeatSolver: Heat solver iteration: 2
IterSolver: "Linear System GCR Restart" not given, setting it to 200
   gcr:    10  0.1966E-06  0.9529E-07
   gcr:    20  0.3524E-07  0.2932E-07
   gcr:    30  0.8223E-09  0.7790E-09
   gcr:    40  0.1974E-10  0.1532E-10
ComputeChange: NS (ITER=2) (NRM,RELC): (  300.00014     0.13354561E-07 ) :: heat equation
HeatSolver: Heat solver iteration: 3
IterSolver: "Linear System GCR Restart" not given, setting it to 200
   gcr:    10  0.5899E-07  0.2859E-07
   gcr:    20  0.1057E-07  0.8797E-08
   gcr:    30  0.2467E-09  0.2337E-09
ComputeChange: NS (ITER=3) (NRM,RELC): (  300.00014     0.43883160E-08 ) :: heat equation
HeatSolver: Heat solver iteration: 4
IterSolver: "Linear System GCR Restart" not given, setting it to 200
   gcr:    10  0.1770E-07  0.8576E-08
   gcr:    20  0.3171E-08  0.2639E-08
   gcr:    30  0.7404E-10  0.7010E-10
ComputeChange: NS (ITER=4) (NRM,RELC): (  300.00014     0.16555384E-08 ) :: heat equation
HeatSolver: Heat solver iteration: 5
IterSolver: "Linear System GCR Restart" not given, setting it to 200
   gcr:    10  0.5309E-08  0.2573E-08
   gcr:    20  0.9514E-09  0.7918E-09
   gcr:    30  0.2223E-10  0.2103E-10
ComputeChange: NS (ITER=5) (NRM,RELC): (  300.00014     0.63602583E-09 ) :: heat equation
HeatSolver: Heat solver iteration: 6
IterSolver: "Linear System GCR Restart" not given, setting it to 200
   gcr:    10  0.1593E-08  0.7719E-09
   gcr:    20  0.2853E-09  0.2375E-09
ComputeChange: NS (ITER=6) (NRM,RELC): (  300.00014     0.25349557E-09 ) :: heat equation
HeatSolver: Heat solver iteration: 7
IterSolver: "Linear System GCR Restart" not given, setting it to 200
   gcr:    10  0.4777E-09  0.2315E-09
   gcr:    20  0.8563E-10  0.7125E-10
ComputeChange: NS (ITER=7) (NRM,RELC): (  300.00014     0.10818245E-09 ) :: heat equation
HeatSolver: Heat solver iteration: 8
IterSolver: "Linear System GCR Restart" not given, setting it to 200
   gcr:    10  0.1433E-09  0.6944E-10
   gcr:    20  0.2584E-10  0.2142E-10
ComputeChange: NS (ITER=8) (NRM,RELC): (  300.00014     0.48644491E-10 ) :: heat equation
ComputeChange: SS (ITER=7) (NRM,RELC): (  300.00013     0.21151773E-07 ) :: heat equation
FlowSolve: 
FlowSolve: 
FlowSolve: -------------------------------------
FlowSolve:  NAVIER-STOKES ITERATION           1
FlowSolve: -------------------------------------
FlowSolve: 
FlowSolve: Starting Assembly...
FlowSolve: Assembly:
FlowSolve: Assembly done
FlowSolve: Dirichlet conditions done
      10 0.4416E-01 0.4416E-01
      20 0.2106E-04 0.2106E-04
      30 0.3282E-06 0.3282E-06
      40 0.1067E-10 0.1067E-10
BiCGStabl:       41 0.5359E-11 0.5359E-11
ComputeChange: NS (ITER=1) (NRM,RELC): (  1.5734480     0.14361305     ) :: navier-stokes
FlowSolve: iter:    1 Assembly: (s)    0.06    0.06
FlowSolve: iter:    1 Solve:    (s)    0.15    0.15
FlowSolve:  Result Norm     :    1.5734479691768626
FlowSolve:  Relative Change :   0.14361305219620643
FlowSolve: 
FlowSolve: 
FlowSolve: -------------------------------------
FlowSolve:  NAVIER-STOKES ITERATION           2
FlowSolve: -------------------------------------
FlowSolve: 
FlowSolve: Starting Assembly...
FlowSolve: Assembly:
FlowSolve: Assembly done
FlowSolve: Dirichlet conditions done
      10 0.9458E-02 0.9458E-02
      20 0.5829E-05 0.5829E-05
      30 0.7216E-06 0.7216E-06
BiCGStabl:       39 0.6927E-11 0.6927E-11
ComputeChange: NS (ITER=2) (NRM,RELC): (  1.6367051     0.39410682E-01 ) :: navier-stokes
FlowSolve: iter:    2 Assembly: (s)    0.06    0.12
FlowSolve: iter:    2 Solve:    (s)    0.14    0.30
FlowSolve:  Result Norm     :    1.6367051313375109
FlowSolve:  Relative Change :    3.9410682406712909E-002
FlowSolve: 
FlowSolve: 
FlowSolve: -------------------------------------
FlowSolve:  NAVIER-STOKES ITERATION           3
FlowSolve: -------------------------------------
FlowSolve: 
FlowSolve: Starting Assembly...
FlowSolve: Assembly:
FlowSolve: Assembly done
FlowSolve: Dirichlet conditions done
      10 0.2614E-02 0.2614E-02
      20 0.1525E-05 0.1525E-05
      30 0.2433E-06 0.2433E-06
BiCGStabl:       37 0.7437E-11 0.7437E-11
ComputeChange: NS (ITER=3) (NRM,RELC): (  1.6556824     0.11527947E-01 ) :: navier-stokes
FlowSolve: iter:    3 Assembly: (s)    0.06    0.18
FlowSolve: iter:    3 Solve:    (s)    0.14    0.43
FlowSolve:  Result Norm     :    1.6556823660165521
FlowSolve:  Relative Change :    1.1527947238465838E-002
FlowSolve: 
FlowSolve: 
FlowSolve: -------------------------------------
FlowSolve:  NAVIER-STOKES ITERATION           4
FlowSolve: -------------------------------------
FlowSolve: 
FlowSolve: Starting Assembly...
FlowSolve: Assembly:
FlowSolve: Assembly done
FlowSolve: Dirichlet conditions done
      10 0.7694E-03 0.7694E-03
      20 0.4692E-06 0.4692E-06
      30 0.4519E-06 0.4519E-06
BiCGStabl:       36 0.8674E-11 0.8674E-11
ComputeChange: NS (ITER=4) (NRM,RELC): (  1.6613755     0.34326583E-02 ) :: navier-stokes
FlowSolve: iter:    4 Assembly: (s)    0.06    0.23
FlowSolve: iter:    4 Solve:    (s)    0.13    0.57
FlowSolve:  Result Norm     :    1.6613755291961725
FlowSolve:  Relative Change :    3.4326583131617759E-003
FlowSolve: 
FlowSolve: 
FlowSolve: -------------------------------------
FlowSolve:  NAVIER-STOKES ITERATION           5
FlowSolve: -------------------------------------
FlowSolve: 
FlowSolve: Starting Assembly...
FlowSolve: Assembly:
FlowSolve: Assembly done
FlowSolve: Dirichlet conditions done
      10 0.2293E-03 0.2293E-03
      20 0.1254E-06 0.1254E-06
      30 0.1404E-06 0.1404E-06
BiCGStabl:       37 0.1374E-11 0.1374E-11
ComputeChange: NS (ITER=5) (NRM,RELC): (  1.6630835     0.10275046E-02 ) :: navier-stokes
FlowSolve: iter:    5 Assembly: (s)    0.06    0.29
FlowSolve: iter:    5 Solve:    (s)    0.14    0.70
FlowSolve:  Result Norm     :    1.6630834775962124
FlowSolve:  Relative Change :    1.0275045633291655E-003
FlowSolve: 
FlowSolve: 
FlowSolve: -------------------------------------
FlowSolve:  NAVIER-STOKES ITERATION           6
FlowSolve: -------------------------------------
FlowSolve: 
FlowSolve: Starting Assembly...
FlowSolve: Assembly:
FlowSolve: Assembly done
FlowSolve: Dirichlet conditions done
      10 0.6861E-04 0.6861E-04
      20 0.3970E-07 0.3970E-07
      30 0.1315E-07 0.1315E-07
BiCGStabl:       36 0.2881E-11 0.2881E-11
ComputeChange: NS (ITER=6) (NRM,RELC): (  1.6635959     0.30804570E-03 ) :: navier-stokes
FlowSolve: iter:    6 Assembly: (s)    0.06    0.35
FlowSolve: iter:    6 Solve:    (s)    0.14    0.84
FlowSolve:  Result Norm     :    1.6635958622229967
FlowSolve:  Relative Change :    3.0804569629011130E-004
FlowSolve: 
FlowSolve: 
FlowSolve: -------------------------------------
FlowSolve:  NAVIER-STOKES ITERATION           7
FlowSolve: -------------------------------------
FlowSolve: 
FlowSolve: Starting Assembly...
FlowSolve: Assembly:
FlowSolve: Assembly done
FlowSolve: Dirichlet conditions done
      10 0.2055E-04 0.2055E-04
      20 0.1133E-07 0.1133E-07
      30 0.4128E-08 0.4128E-08
BiCGStabl:       33 0.5117E-11 0.5117E-11
ComputeChange: NS (ITER=7) (NRM,RELC): (  1.6637496     0.92395238E-04 ) :: navier-stokes
FlowSolve: iter:    7 Assembly: (s)    0.06    0.41
FlowSolve: iter:    7 Solve:    (s)    0.12    0.96
FlowSolve:  Result Norm     :    1.6637495776593867
FlowSolve:  Relative Change :    9.2395237685577992E-005
FlowSolve: 
FlowSolve: 
FlowSolve: -------------------------------------
FlowSolve:  NAVIER-STOKES ITERATION           8
FlowSolve: -------------------------------------
FlowSolve: 
FlowSolve: Starting Assembly...
FlowSolve: Assembly:
FlowSolve: Assembly done
FlowSolve: Dirichlet conditions done
      10 0.6154E-05 0.6154E-05
      20 0.3289E-08 0.3289E-08
      30 0.1136E-08 0.1136E-08
BiCGStabl:       32 0.3992E-11 0.3992E-11
ComputeChange: NS (ITER=8) (NRM,RELC): (  1.6637957     0.27716921E-04 ) :: navier-stokes
FlowSolve: iter:    8 Assembly: (s)    0.06    0.47
FlowSolve: iter:    8 Solve:    (s)    0.12    1.09
FlowSolve:  Result Norm     :    1.6637956923146289
FlowSolve:  Relative Change :    2.7716921334350436E-005
FlowSolve: 
FlowSolve: 
FlowSolve: -------------------------------------
FlowSolve:  NAVIER-STOKES ITERATION           9
FlowSolve: -------------------------------------
FlowSolve: 
FlowSolve: Starting Assembly...
FlowSolve: Assembly:
FlowSolve: Assembly done
FlowSolve: Dirichlet conditions done
      10 0.1843E-05 0.1843E-05
      20 0.1027E-08 0.1027E-08
      30 0.1485E-08 0.1485E-08
BiCGStabl:       33 0.2476E-11 0.2476E-11
ComputeChange: NS (ITER=9) (NRM,RELC): (  1.6638095     0.83149325E-05 ) :: navier-stokes
FlowSolve: iter:    9 Assembly: (s)    0.06    0.52
FlowSolve: iter:    9 Solve:    (s)    0.12    1.21
FlowSolve:  Result Norm     :    1.6638095267210242
FlowSolve:  Relative Change :    8.3149325023365619E-006
FlowSolve: 
FlowSolve: 
FlowSolve: -------------------------------------
FlowSolve:  NAVIER-STOKES ITERATION          10
FlowSolve: -------------------------------------
FlowSolve: 
FlowSolve: Starting Assembly...
FlowSolve: Assembly:
FlowSolve: Assembly done
FlowSolve: Dirichlet conditions done
      10 0.5523E-06 0.5523E-06
      20 0.3017E-09 0.3017E-09
      30 0.4361E-09 0.4361E-09
BiCGStabl:       32 0.3097E-11 0.3097E-11
ComputeChange: NS (ITER=10) (NRM,RELC): (  1.6638137     0.24944690E-05 ) :: navier-stokes
FlowSolve: iter:   10 Assembly: (s)    0.06    0.58
FlowSolve: iter:   10 Solve:    (s)    0.12    1.33
FlowSolve:  Result Norm     :    1.6638136770474945
FlowSolve:  Relative Change :    2.4944690045288626E-006
ComputeChange: SS (ITER=7) (NRM,RELC): (  1.4680147     0.74467807E-01 ) :: navier-stokes
ResultOutputSolver: -------------------------------------
ResultOutputSolver: Saving in unstructured VTK XML (.vtu) format
ResultOutputSolver: -------------------------------------
MAIN: 
MAIN: -------------------------------------
MAIN:  Steady state iteration:            8
MAIN: -------------------------------------
MAIN: 
HeatSolver: ------------------------------------------------
HeatSolver: Solving energy equation for temperature
HeatSolver: Heat solver iteration: 1
IterSolver: "Linear System GCR Restart" not given, setting it to 200
   gcr:    10  0.4910E-06  0.2238E-06
   gcr:    20  0.8543E-07  0.7220E-07
   gcr:    30  0.2166E-08  0.2020E-08
   gcr:    40  0.5097E-10  0.3983E-10
   gcr:    50  0.1344E-10  0.1257E-10
ComputeChange: NS (ITER=1) (NRM,RELC): (  300.00014     0.28261127E-07 ) :: heat equation
HeatSolver: Heat solver iteration: 2
IterSolver: "Linear System GCR Restart" not given, setting it to 200
   gcr:    10  0.1473E-06  0.6713E-07
   gcr:    20  0.2563E-07  0.2166E-07
   gcr:    30  0.6497E-09  0.6060E-09
   gcr:    40  0.1562E-10  0.1198E-10
ComputeChange: NS (ITER=2) (NRM,RELC): (  300.00014     0.82901128E-08 ) :: heat equation
HeatSolver: Heat solver iteration: 3
IterSolver: "Linear System GCR Restart" not given, setting it to 200
   gcr:    10  0.4419E-07  0.2014E-07
   gcr:    20  0.7689E-08  0.6498E-08
   gcr:    30  0.1950E-09  0.1818E-09
ComputeChange: NS (ITER=3) (NRM,RELC): (  300.00014     0.30871845E-08 ) :: heat equation
HeatSolver: Heat solver iteration: 4
IterSolver: "Linear System GCR Restart" not given, setting it to 200
   gcr:    10  0.1326E-07  0.6042E-08
   gcr:    20  0.2307E-08  0.1949E-08
   gcr:    30  0.5852E-10  0.5454E-10
ComputeChange: NS (ITER=4) (NRM,RELC): (  300.00014     0.12328610E-08 ) :: heat equation
HeatSolver: Heat solver iteration: 5
IterSolver: "Linear System GCR Restart" not given, setting it to 200
   gcr:    10  0.3977E-08  0.1813E-08
   gcr:    20  0.6920E-09  0.5848E-09
   gcr:    30  0.1758E-10  0.1638E-10
ComputeChange: NS (ITER=5) (NRM,RELC): (  300.00014     0.50104419E-09 ) :: heat equation
HeatSolver: Heat solver iteration: 6
IterSolver: "Linear System GCR Restart" not given, setting it to 200
   gcr:    10  0.1193E-08  0.5438E-09
   gcr:    20  0.2075E-09  0.1754E-09
ComputeChange: NS (ITER=6) (NRM,RELC): (  300.00014     0.21056422E-09 ) :: heat equation
HeatSolver: Heat solver iteration: 7
IterSolver: "Linear System GCR Restart" not given, setting it to 200
   gcr:    10  0.3577E-09  0.1631E-09
   gcr:    20  0.6231E-10  0.5263E-10
ComputeChange: NS (ITER=7) (NRM,RELC): (  300.00014     0.94486223E-10 ) :: heat equation
ComputeChange: SS (ITER=8) (NRM,RELC): (  300.00013     0.13999783E-07 ) :: heat equation
FlowSolve: 
FlowSolve: 
FlowSolve: -------------------------------------
FlowSolve:  NAVIER-STOKES ITERATION           1
FlowSolve: -------------------------------------
FlowSolve: 
FlowSolve: Starting Assembly...
FlowSolve: Assembly:
FlowSolve: Assembly done
FlowSolve: Dirichlet conditions done
      10 0.4455E-01 0.4455E-01
      20 0.8823E-05 0.8823E-05
      30 0.1931E-06 0.1931E-06
      40 0.3168E-10 0.3168E-10
BiCGStabl:       41 0.9402E-11 0.9402E-11
ComputeChange: NS (ITER=1) (NRM,RELC): (  1.6170626     0.96625066E-01 ) :: navier-stokes
FlowSolve: iter:    1 Assembly: (s)    0.06    0.06
FlowSolve: iter:    1 Solve:    (s)    0.15    0.15
FlowSolve:  Result Norm     :    1.6170626397237824
FlowSolve:  Relative Change :    9.6625065907388757E-002
FlowSolve: 
FlowSolve: 
FlowSolve: -------------------------------------
FlowSolve:  NAVIER-STOKES ITERATION           2
FlowSolve: -------------------------------------
FlowSolve: 
FlowSolve: Starting Assembly...
FlowSolve: Assembly:
FlowSolve: Assembly done
FlowSolve: Dirichlet conditions done
      10 0.1346E-01 0.1346E-01
      20 0.2831E-05 0.2831E-05
      30 0.6931E-07 0.6931E-07
BiCGStabl:       36 0.4685E-11 0.4685E-11
ComputeChange: NS (ITER=2) (NRM,RELC): (  1.6617931     0.27284183E-01 ) :: navier-stokes
FlowSolve: iter:    2 Assembly: (s)    0.06    0.12
FlowSolve: iter:    2 Solve:    (s)    0.13    0.29
FlowSolve:  Result Norm     :    1.6617930893633996
FlowSolve:  Relative Change :    2.7284182858554745E-002
FlowSolve: 
FlowSolve: 
FlowSolve: -------------------------------------
FlowSolve:  NAVIER-STOKES ITERATION           3
FlowSolve: -------------------------------------
FlowSolve: 
FlowSolve: Starting Assembly...
FlowSolve: Assembly:
FlowSolve: Assembly done
FlowSolve: Dirichlet conditions done
      10 0.4041E-02 0.4041E-02
      20 0.1087E-05 0.1087E-05
      30 0.5667E-07 0.5667E-07
BiCGStabl:       37 0.7936E-11 0.7936E-11
ComputeChange: NS (ITER=3) (NRM,RELC): (  1.6752133     0.80432776E-02 ) :: navier-stokes
FlowSolve: iter:    3 Assembly: (s)    0.06    0.17
FlowSolve: iter:    3 Solve:    (s)    0.13    0.42
FlowSolve:  Result Norm     :    1.6752133238003171
FlowSolve:  Relative Change :    8.0432775819535181E-003
FlowSolve: 
FlowSolve: 
FlowSolve: -------------------------------------
FlowSolve:  NAVIER-STOKES ITERATION           4
FlowSolve: -------------------------------------
FlowSolve: 
FlowSolve: Starting Assembly...
FlowSolve: Assembly:
FlowSolve: Assembly done
FlowSolve: Dirichlet conditions done
      10 0.1213E-02 0.1213E-02
      20 0.3378E-06 0.3378E-06
      30 0.2098E-07 0.2098E-07
BiCGStabl:       36 0.2521E-11 0.2521E-11
ComputeChange: NS (ITER=4) (NRM,RELC): (  1.6792395     0.24004881E-02 ) :: navier-stokes
FlowSolve: iter:    4 Assembly: (s)    0.06    0.23
FlowSolve: iter:    4 Solve:    (s)    0.13    0.55
FlowSolve:  Result Norm     :    1.6792394858458193
FlowSolve:  Relative Change :    2.4004881117567047E-003
FlowSolve: 
FlowSolve: 
FlowSolve: -------------------------------------
FlowSolve:  NAVIER-STOKES ITERATION           5
FlowSolve: -------------------------------------
FlowSolve: 
FlowSolve: Starting Assembly...
FlowSolve: Assembly:
FlowSolve: Assembly done
FlowSolve: Dirichlet conditions done
      10 0.3643E-03 0.3643E-03
      20 0.1008E-06 0.1008E-06
      30 0.2112E-08 0.2112E-08
BiCGStabl:       36 0.1263E-11 0.1263E-11
ComputeChange: NS (ITER=5) (NRM,RELC): (  1.6804473     0.71902958E-03 ) :: navier-stokes
FlowSolve: iter:    5 Assembly: (s)    0.06    0.29
FlowSolve: iter:    5 Solve:    (s)    0.13    0.68
FlowSolve:  Result Norm     :    1.6804473429422639
FlowSolve:  Relative Change :    7.1902957507522587E-004
FlowSolve: 
FlowSolve: 
FlowSolve: -------------------------------------
FlowSolve:  NAVIER-STOKES ITERATION           6
FlowSolve: -------------------------------------
FlowSolve: 
FlowSolve: Starting Assembly...
FlowSolve: Assembly:
FlowSolve: Assembly done
FlowSolve: Dirichlet conditions done
      10 0.1094E-03 0.1094E-03
      20 0.3042E-07 0.3042E-07
      30 0.2032E-07 0.2032E-07
BiCGStabl:       34 0.9480E-11 0.9480E-11
ComputeChange: NS (ITER=6) (NRM,RELC): (  1.6808097     0.21560863E-03 ) :: navier-stokes
FlowSolve: iter:    6 Assembly: (s)    0.06    0.34
FlowSolve: iter:    6 Solve:    (s)    0.13    0.80
FlowSolve:  Result Norm     :    1.6808097009627807
FlowSolve:  Relative Change :    2.1560863437910797E-004
FlowSolve: 
FlowSolve: 
FlowSolve: -------------------------------------
FlowSolve:  NAVIER-STOKES ITERATION           7
FlowSolve: -------------------------------------
FlowSolve: 
FlowSolve: Starting Assembly...
FlowSolve: Assembly:
FlowSolve: Assembly done
FlowSolve: Dirichlet conditions done
      10 0.3285E-04 0.3285E-04
      20 0.9212E-08 0.9212E-08
      30 0.1882E-08 0.1882E-08
BiCGStabl:       32 0.6927E-11 0.6927E-11
ComputeChange: NS (ITER=7) (NRM,RELC): (  1.6809184     0.64673604E-04 ) :: navier-stokes
FlowSolve: iter:    7 Assembly: (s)    0.06    0.40
FlowSolve: iter:    7 Solve:    (s)    0.12    0.92
FlowSolve:  Result Norm     :    1.6809184084998441
FlowSolve:  Relative Change :    6.4673604481807080E-005
FlowSolve: 
FlowSolve: 
FlowSolve: -------------------------------------
FlowSolve:  NAVIER-STOKES ITERATION           8
FlowSolve: -------------------------------------
FlowSolve: 
FlowSolve: Starting Assembly...
FlowSolve: Assembly:
FlowSolve: Assembly done
FlowSolve: Dirichlet conditions done
      10 0.9864E-05 0.9864E-05
      20 0.2763E-08 0.2763E-08
      30 0.9768E-10 0.9768E-10
BiCGStabl:       32 0.2623E-11 0.2623E-11
ComputeChange: NS (ITER=8) (NRM,RELC): (  1.6809510     0.19401278E-04 ) :: navier-stokes
FlowSolve: iter:    8 Assembly: (s)    0.06    0.46
FlowSolve: iter:    8 Solve:    (s)    0.12    1.04
FlowSolve:  Result Norm     :    1.6809510207818630
FlowSolve:  Relative Change :    1.9401278190547427E-005
FlowSolve: 
FlowSolve: 
FlowSolve: -------------------------------------
FlowSolve:  NAVIER-STOKES ITERATION           9
FlowSolve: -------------------------------------
FlowSolve: 
FlowSolve: Starting Assembly...
FlowSolve: Assembly:
FlowSolve: Assembly done
FlowSolve: Dirichlet conditions done
      10 0.2962E-05 0.2962E-05
      20 0.8237E-09 0.8237E-09
BiCGStabl:       28 0.8891E-11 0.8891E-11
ComputeChange: NS (ITER=9) (NRM,RELC): (  1.6809608     0.58203162E-05 ) :: navier-stokes
FlowSolve: iter:    9 Assembly: (s)    0.06    0.52
FlowSolve: iter:    9 Solve:    (s)    0.11    1.15
FlowSolve:  Result Norm     :    1.6809608044768589
FlowSolve:  Relative Change :    5.8203162393660937E-006
FlowSolve: 
FlowSolve: 
FlowSolve: -------------------------------------
FlowSolve:  NAVIER-STOKES ITERATION          10
FlowSolve: -------------------------------------
FlowSolve: 
FlowSolve: Starting Assembly...
FlowSolve: Assembly:
FlowSolve: Assembly done
FlowSolve: Dirichlet conditions done
      10 0.8895E-06 0.8895E-06
      20 0.2466E-09 0.2466E-09
BiCGStabl:       28 0.2422E-11 0.2422E-11
ComputeChange: NS (ITER=10) (NRM,RELC): (  1.6809637     0.17460869E-05 ) :: navier-stokes
FlowSolve: iter:   10 Assembly: (s)    0.06    0.57
FlowSolve: iter:   10 Solve:    (s)    0.11    1.25
FlowSolve:  Result Norm     :    1.6809637395830812
FlowSolve:  Relative Change :    1.7460869117222510E-006
ComputeChange: SS (ITER=8) (NRM,RELC): (  1.5425247     0.49499382E-01 ) :: navier-stokes
ResultOutputSolver: -------------------------------------
ResultOutputSolver: Saving in unstructured VTK XML (.vtu) format
ResultOutputSolver: -------------------------------------
MAIN: 
MAIN: -------------------------------------
MAIN:  Steady state iteration:            9
MAIN: -------------------------------------
MAIN: 
HeatSolver: ------------------------------------------------
HeatSolver: Solving energy equation for temperature
HeatSolver: Heat solver iteration: 1
IterSolver: "Linear System GCR Restart" not given, setting it to 200
   gcr:    10  0.3709E-06  0.1642E-06
   gcr:    20  0.6081E-07  0.5122E-07
   gcr:    30  0.1624E-08  0.1509E-08
   gcr:    40  0.3836E-10  0.2836E-10
   gcr:    50  0.9990E-11  0.9718E-11
ComputeChange: NS (ITER=1) (NRM,RELC): (  300.00014     0.18255677E-07 ) :: heat equation
HeatSolver: Heat solver iteration: 2
IterSolver: "Linear System GCR Restart" not given, setting it to 200
   gcr:    10  0.1113E-06  0.4927E-07
   gcr:    20  0.1824E-07  0.1537E-07
   gcr:    30  0.4874E-09  0.4526E-09
   gcr:    40  0.1201E-10  0.8554E-11
ComputeChange: NS (ITER=2) (NRM,RELC): (  300.00014     0.53313463E-08 ) :: heat equation
HeatSolver: Heat solver iteration: 3
IterSolver: "Linear System GCR Restart" not given, setting it to 200
   gcr:    10  0.3338E-07  0.1478E-07
   gcr:    20  0.5473E-08  0.4610E-08
   gcr:    30  0.1463E-09  0.1358E-09
ComputeChange: NS (ITER=3) (NRM,RELC): (  300.00014     0.21677175E-08 ) :: heat equation
HeatSolver: Heat solver iteration: 4
IterSolver: "Linear System GCR Restart" not given, setting it to 200
   gcr:    10  0.1001E-07  0.4434E-08
   gcr:    20  0.1642E-08  0.1383E-08
   gcr:    30  0.4391E-10  0.4074E-10
ComputeChange: NS (ITER=4) (NRM,RELC): (  300.00014     0.92083624E-09 ) :: heat equation
HeatSolver: Heat solver iteration: 5
IterSolver: "Linear System GCR Restart" not given, setting it to 200
   gcr:    10  0.3004E-08  0.1330E-08
   gcr:    20  0.4925E-09  0.4149E-09
   gcr:    30  0.1320E-10  0.1223E-10
ComputeChange: NS (ITER=5) (NRM,RELC): (  300.00014     0.38674273E-09 ) :: heat equation
HeatSolver: Heat solver iteration: 6
IterSolver: "Linear System GCR Restart" not given, setting it to 200
   gcr:    10  0.9012E-09  0.3990E-09
   gcr:    20  0.1477E-09  0.1244E-09
ComputeChange: NS (ITER=6) (NRM,RELC): (  300.00014     0.17102036E-09 ) :: heat equation
HeatSolver: Heat solver iteration: 7
IterSolver: "Linear System GCR Restart" not given, setting it to 200
   gcr:    10  0.2702E-09  0.1197E-09
   gcr:    20  0.4433E-10  0.3733E-10
ComputeChange: NS (ITER=7) (NRM,RELC): (  300.00014     0.78729045E-10 ) :: heat equation
ComputeChange: SS (ITER=9) (NRM,RELC): (  300.00014     0.92198082E-08 ) :: heat equation
FlowSolve: 
FlowSolve: 
FlowSolve: -------------------------------------
FlowSolve:  NAVIER-STOKES ITERATION           1
FlowSolve: -------------------------------------
FlowSolve: 
FlowSolve: Starting Assembly...
FlowSolve: Assembly:
FlowSolve: Assembly done
FlowSolve: Dirichlet conditions done
      10 0.1363E-01 0.1363E-01
      20 0.4104E-05 0.4104E-05
      30 0.2622E-07 0.2622E-07
      40 0.3633E-09 0.3633E-09
BiCGStabl:       42 0.1288E-11 0.1288E-11
ComputeChange: NS (ITER=1) (NRM,RELC): (  1.6450749     0.64343250E-01 ) :: navier-stokes
FlowSolve: iter:    1 Assembly: (s)    0.06    0.06
FlowSolve: iter:    1 Solve:    (s)    0.15    0.15
FlowSolve:  Result Norm     :    1.6450749149331234
FlowSolve:  Relative Change :    6.4343250304402536E-002
FlowSolve: 
FlowSolve: 
FlowSolve: -------------------------------------
FlowSolve:  NAVIER-STOKES ITERATION           2
FlowSolve: -------------------------------------
FlowSolve: 
FlowSolve: Starting Assembly...
FlowSolve: Assembly:
FlowSolve: Assembly done
FlowSolve: Dirichlet conditions done
      10 0.4064E-02 0.4064E-02
      20 0.1672E-05 0.1672E-05
      30 0.1135E-07 0.1135E-07
BiCGStabl:       37 0.7784E-11 0.7784E-11
ComputeChange: NS (ITER=2) (NRM,RELC): (  1.6758580     0.18538792E-01 ) :: navier-stokes
FlowSolve: iter:    2 Assembly: (s)    0.06    0.11
FlowSolve: iter:    2 Solve:    (s)    0.14    0.29
FlowSolve:  Result Norm     :    1.6758579575397652
FlowSolve:  Relative Change :    1.8538792434982035E-002
FlowSolve: 
FlowSolve: 
FlowSolve: -------------------------------------
FlowSolve:  NAVIER-STOKES ITERATION           3
FlowSolve: -------------------------------------
FlowSolve: 
FlowSolve: Starting Assembly...
FlowSolve: Assembly:
FlowSolve: Assembly done
FlowSolve: Dirichlet conditions done
      10 0.1217E-02 0.1217E-02
      20 0.5951E-06 0.5951E-06
      30 0.2981E-08 0.2981E-08
BiCGStabl:       36 0.7282E-11 0.7282E-11
ComputeChange: NS (ITER=3) (NRM,RELC): (  1.6850943     0.54962721E-02 ) :: navier-stokes
FlowSolve: iter:    3 Assembly: (s)    0.06    0.17
FlowSolve: iter:    3 Solve:    (s)    0.13    0.42
FlowSolve:  Result Norm     :    1.6850943115934531
FlowSolve:  Relative Change :    5.4962720765266799E-003
FlowSolve: 
FlowSolve: 
FlowSolve: -------------------------------------
FlowSolve:  NAVIER-STOKES ITERATION           4
FlowSolve: -------------------------------------
FlowSolve: 
FlowSolve: Starting Assembly...
FlowSolve: Assembly:
FlowSolve: Assembly done
FlowSolve: Dirichlet conditions done
      10 0.3649E-03 0.3649E-03
      20 0.1879E-06 0.1879E-06
      30 0.1429E-08 0.1429E-08
BiCGStabl:       35 0.6904E-11 0.6904E-11
ComputeChange: NS (ITER=4) (NRM,RELC): (  1.6878653     0.16430868E-02 ) :: navier-stokes
FlowSolve: iter:    4 Assembly: (s)    0.06    0.23
FlowSolve: iter:    4 Solve:    (s)    0.13    0.55
FlowSolve:  Result Norm     :    1.6878653443774065
FlowSolve:  Relative Change :    1.6430868237917334E-003
FlowSolve: 
FlowSolve: 
FlowSolve: -------------------------------------
FlowSolve:  NAVIER-STOKES ITERATION           5
FlowSolve: -------------------------------------
FlowSolve: 
FlowSolve: Starting Assembly...
FlowSolve: Assembly:
FlowSolve: Assembly done
FlowSolve: Dirichlet conditions done
      10 0.1095E-03 0.1095E-03
      20 0.5644E-07 0.5644E-07
      30 0.1996E-09 0.1996E-09
BiCGStabl:       35 0.8579E-11 0.8579E-11
ComputeChange: NS (ITER=5) (NRM,RELC): (  1.6886967     0.49240709E-03 ) :: navier-stokes
FlowSolve: iter:    5 Assembly: (s)    0.06    0.29
FlowSolve: iter:    5 Solve:    (s)    0.13    0.68
FlowSolve:  Result Norm     :    1.6886966659145601
FlowSolve:  Relative Change :    4.9240709018207084E-004
FlowSolve: 
FlowSolve: 
FlowSolve: -------------------------------------
FlowSolve:  NAVIER-STOKES ITERATION           6
FlowSolve: -------------------------------------
FlowSolve: 
FlowSolve: Starting Assembly...
FlowSolve: Assembly:
FlowSolve: Assembly done
FlowSolve: Dirichlet conditions done
      10 0.3286E-04 0.3286E-04
      20 0.1674E-07 0.1674E-07
      30 0.9369E-10 0.9369E-10
BiCGStabl:       35 0.9777E-11 0.9777E-11
ComputeChange: NS (ITER=6) (NRM,RELC): (  1.6889461     0.14767556E-03 ) :: navier-stokes
FlowSolve: iter:    6 Assembly: (s)    0.06    0.34
FlowSolve: iter:    6 Solve:    (s)    0.13    0.81
FlowSolve:  Result Norm     :    1.6889460635543643
FlowSolve:  Relative Change :    1.4767555942386606E-004
FlowSolve: 
FlowSolve: 
FlowSolve: -------------------------------------
FlowSolve:  NAVIER-STOKES ITERATION           7
FlowSolve: -------------------------------------
FlowSolve: 
FlowSolve: Starting Assembly...
FlowSolve: Assembly:
FlowSolve: Assembly done
FlowSolve: Dirichlet conditions done
      10 0.9861E-05 0.9861E-05
      20 0.5017E-08 0.5017E-08
      30 0.7013E-10 0.7013E-10
BiCGStabl:       34 0.4025E-11 0.4025E-11
ComputeChange: NS (ITER=7) (NRM,RELC): (  1.6890209     0.44298503E-04 ) :: navier-stokes
FlowSolve: iter:    7 Assembly: (s)    0.06    0.40
FlowSolve: iter:    7 Solve:    (s)    0.13    0.93
FlowSolve:  Result Norm     :    1.6890208829944160
FlowSolve:  Relative Change :    4.4298503351646444E-005
FlowSolve: 
FlowSolve: 
FlowSolve: -------------------------------------
FlowSolve:  NAVIER-STOKES ITERATION           8
FlowSolve: -------------------------------------
FlowSolve: 
FlowSolve: Starting Assembly...
FlowSolve: Assembly:
FlowSolve: Assembly done
FlowSolve: Dirichlet conditions done
      10 0.2959E-05 0.2959E-05
      20 0.1488E-08 0.1488E-08
BiCGStabl:       29 0.5202E-11 0.5202E-11
ComputeChange: NS (ITER=8) (NRM,RELC): (  1.6890433     0.13289183E-04 ) :: navier-stokes
FlowSolve: iter:    8 Assembly: (s)    0.06    0.46
FlowSolve: iter:    8 Solve:    (s)    0.11    1.04
FlowSolve:  Result Norm     :    1.6890433288513009
FlowSolve:  Relative Change :    1.3289183080785732E-005
FlowSolve: 
FlowSolve: 
FlowSolve: -------------------------------------
FlowSolve:  NAVIER-STOKES ITERATION           9
FlowSolve: -------------------------------------
FlowSolve: 
FlowSolve: Starting Assembly...
FlowSolve: Assembly:
FlowSolve: Assembly done
FlowSolve: Dirichlet conditions done
      10 0.8881E-06 0.8881E-06
      20 0.4569E-09 0.4569E-09
BiCGStabl:       28 0.7242E-11 0.7242E-11
ComputeChange: NS (ITER=9) (NRM,RELC): (  1.6890501     0.39867246E-05 ) :: navier-stokes
FlowSolve: iter:    9 Assembly: (s)    0.06    0.52
FlowSolve: iter:    9 Solve:    (s)    0.10    1.14
FlowSolve:  Result Norm     :    1.6890500626153444
FlowSolve:  Relative Change :    3.9867246183816049E-006
FlowSolve: 
FlowSolve: 
FlowSolve: -------------------------------------
FlowSolve:  NAVIER-STOKES ITERATION          10
FlowSolve: -------------------------------------
FlowSolve: 
FlowSolve: Starting Assembly...
FlowSolve: Assembly:
FlowSolve: Assembly done
FlowSolve: Dirichlet conditions done
      10 0.2664E-06 0.2664E-06
      20 0.1358E-09 0.1358E-09
BiCGStabl:       27 0.7941E-11 0.7941E-11
ComputeChange: NS (ITER=10) (NRM,RELC): (  1.6890521     0.11960163E-05 ) :: navier-stokes
FlowSolve: iter:   10 Assembly: (s)    0.06    0.57
FlowSolve: iter:   10 Solve:    (s)    0.10    1.25
FlowSolve:  Result Norm     :    1.6890520827480429
FlowSolve:  Relative Change :    1.1960163497291130E-006
ComputeChange: SS (ITER=9) (NRM,RELC): (  1.5937894     0.32691086E-01 ) :: navier-stokes
ResultOutputSolver: -------------------------------------
ResultOutputSolver: Saving in unstructured VTK XML (.vtu) format
ResultOutputSolver: -------------------------------------
MAIN: 
MAIN: -------------------------------------
MAIN:  Steady state iteration:           10
MAIN: -------------------------------------
MAIN: 
HeatSolver: ------------------------------------------------
HeatSolver: Solving energy equation for temperature
HeatSolver: Heat solver iteration: 1
IterSolver: "Linear System GCR Restart" not given, setting it to 200
   gcr:    10  0.2786E-06  0.1241E-06
   gcr:    20  0.4265E-07  0.3538E-07
   gcr:    30  0.1172E-08  0.1086E-08
   gcr:    40  0.2814E-10  0.1908E-10
   gcr:    50  0.7258E-11  0.7114E-11
ComputeChange: NS (ITER=1) (NRM,RELC): (  300.00014     0.11948263E-07 ) :: heat equation
HeatSolver: Heat solver iteration: 2
IterSolver: "Linear System GCR Restart" not given, setting it to 200
   gcr:    10  0.8357E-07  0.3724E-07
   gcr:    20  0.1280E-07  0.1061E-07
   gcr:    30  0.3515E-09  0.3258E-09
   gcr:    40  0.8802E-11  0.5760E-11
ComputeChange: NS (ITER=2) (NRM,RELC): (  300.00014     0.33001187E-08 ) :: heat equation
HeatSolver: Heat solver iteration: 3
IterSolver: "Linear System GCR Restart" not given, setting it to 200
   gcr:    10  0.2507E-07  0.1117E-07
   gcr:    20  0.3839E-08  0.3184E-08
   gcr:    30  0.1055E-09  0.9774E-10
ComputeChange: NS (ITER=3) (NRM,RELC): (  300.00014     0.14613879E-08 ) :: heat equation
HeatSolver: Heat solver iteration: 4
IterSolver: "Linear System GCR Restart" not given, setting it to 200
   gcr:    10  0.7522E-08  0.3352E-08
   gcr:    20  0.1152E-08  0.9552E-09
   gcr:    30  0.3168E-10  0.2933E-10
ComputeChange: NS (ITER=4) (NRM,RELC): (  300.00014     0.65294697E-09 ) :: heat equation
HeatSolver: Heat solver iteration: 5
IterSolver: "Linear System GCR Restart" not given, setting it to 200
   gcr:    10  0.2256E-08  0.1005E-08
   gcr:    20  0.3454E-09  0.2865E-09
   gcr:    30  0.9532E-11  0.8814E-11
ComputeChange: NS (ITER=5) (NRM,RELC): (  300.00014     0.28577125E-09 ) :: heat equation
HeatSolver: Heat solver iteration: 6
IterSolver: "Linear System GCR Restart" not given, setting it to 200
   gcr:    10  0.6767E-09  0.3016E-09
   gcr:    20  0.1036E-09  0.8594E-10
ComputeChange: NS (ITER=6) (NRM,RELC): (  300.00014     0.13116783E-09 ) :: heat equation
HeatSolver: Heat solver iteration: 7
IterSolver: "Linear System GCR Restart" not given, setting it to 200
   gcr:    10  0.2028E-09  0.9041E-10
   gcr:    20  0.3111E-10  0.2579E-10
ComputeChange: NS (ITER=7) (NRM,RELC): (  300.00014     0.62108038E-10 ) :: heat equation
ComputeChange: SS (ITER=10) (NRM,RELC): (  300.00014     0.60498745E-08 ) :: heat equation
FlowSolve: 
FlowSolve: 
FlowSolve: -------------------------------------
FlowSolve:  NAVIER-STOKES ITERATION           1
FlowSolve: -------------------------------------
FlowSolve: 
FlowSolve: Starting Assembly...
FlowSolve: Assembly:
FlowSolve: Assembly done
FlowSolve: Dirichlet conditions done
      10 0.7967E-02 0.7967E-02
      20 0.2331E-05 0.2331E-05
      30 0.3360E-08 0.3360E-08
BiCGStabl:       38 0.2752E-11 0.2752E-11
ComputeChange: NS (ITER=1) (NRM,RELC): (  1.6626456     0.42289329E-01 ) :: navier-stokes
FlowSolve: iter:    1 Assembly: (s)    0.06    0.06
FlowSolve: iter:    1 Solve:    (s)    0.14    0.14
FlowSolve:  Result Norm     :    1.6626456404246428
FlowSolve:  Relative Change :    4.2289329167608802E-002
FlowSolve: 
FlowSolve: 
FlowSolve: -------------------------------------
FlowSolve:  NAVIER-STOKES ITERATION           2
FlowSolve: -------------------------------------
FlowSolve: 
FlowSolve: Starting Assembly...
FlowSolve: Assembly:
FlowSolve: Assembly done
FlowSolve: Dirichlet conditions done
      10 0.2343E-02 0.2343E-02
      20 0.7188E-06 0.7188E-06
      30 0.7905E-09 0.7905E-09
BiCGStabl:       35 0.5360E-11 0.5360E-11
ComputeChange: NS (ITER=2) (NRM,RELC): (  1.6833188     0.12357100E-01 ) :: navier-stokes
FlowSolve: iter:    2 Assembly: (s)    0.06    0.11
FlowSolve: iter:    2 Solve:    (s)    0.13    0.27
FlowSolve:  Result Norm     :    1.6833188498467859
FlowSolve:  Relative Change :    1.2357100311286381E-002
FlowSolve: 
FlowSolve: 
FlowSolve: -------------------------------------
FlowSolve:  NAVIER-STOKES ITERATION           3
FlowSolve: -------------------------------------
FlowSolve: 
FlowSolve: Starting Assembly...
FlowSolve: Assembly:
FlowSolve: Assembly done
FlowSolve: Dirichlet conditions done
      10 0.6984E-03 0.6984E-03
      20 0.2178E-06 0.2178E-06
      30 0.2406E-09 0.2406E-09
BiCGStabl:       36 0.4088E-11 0.4088E-11
ComputeChange: NS (ITER=3) (NRM,RELC): (  1.6895222     0.36784114E-02 ) :: navier-stokes
FlowSolve: iter:    3 Assembly: (s)    0.06    0.17
FlowSolve: iter:    3 Solve:    (s)    0.13    0.40
FlowSolve:  Result Norm     :    1.6895221982755544
FlowSolve:  Relative Change :    3.6784113690871176E-003
FlowSolve: 
FlowSolve: 
FlowSolve: -------------------------------------
FlowSolve:  NAVIER-STOKES ITERATION           4
FlowSolve: -------------------------------------
FlowSolve: 
FlowSolve: Starting Assembly...
FlowSolve: Assembly:
FlowSolve: Assembly done
FlowSolve: Dirichlet conditions done
      10 0.2091E-03 0.2091E-03
      20 0.6554E-07 0.6554E-07
      30 0.8215E-10 0.8215E-10
BiCGStabl:       36 0.7156E-12 0.7156E-12
ComputeChange: NS (ITER=4) (NRM,RELC): (  1.6913833     0.11009644E-02 ) :: navier-stokes
FlowSolve: iter:    4 Assembly: (s)    0.06    0.23
FlowSolve: iter:    4 Solve:    (s)    0.14    0.53
FlowSolve:  Result Norm     :    1.6913833265561544
FlowSolve:  Relative Change :    1.1009643818383089E-003
FlowSolve: 
FlowSolve: 
FlowSolve: -------------------------------------
FlowSolve:  NAVIER-STOKES ITERATION           5
FlowSolve: -------------------------------------
FlowSolve: 
FlowSolve: Starting Assembly...
FlowSolve: Assembly:
FlowSolve: Assembly done
FlowSolve: Dirichlet conditions done
      10 0.6271E-04 0.6271E-04
      20 0.1969E-07 0.1969E-07
      30 0.1798E-10 0.1798E-10
BiCGStabl:       34 0.9407E-11 0.9407E-11
ComputeChange: NS (ITER=5) (NRM,RELC): (  1.6919417     0.33005991E-03 ) :: navier-stokes
FlowSolve: iter:    5 Assembly: (s)    0.06    0.29
FlowSolve: iter:    5 Solve:    (s)    0.13    0.66
FlowSolve:  Result Norm     :    1.6919416765295436
FlowSolve:  Relative Change :    3.3005991022439966E-004
FlowSolve: 
FlowSolve: 
FlowSolve: -------------------------------------
FlowSolve:  NAVIER-STOKES ITERATION           6
FlowSolve: -------------------------------------
FlowSolve: 
FlowSolve: Starting Assembly...
FlowSolve: Assembly:
FlowSolve: Assembly done
FlowSolve: Dirichlet conditions done
      10 0.1881E-04 0.1881E-04
      20 0.5910E-08 0.5910E-08
      30 0.1417E-10 0.1417E-10
BiCGStabl:       32 0.9883E-11 0.9883E-11
ComputeChange: NS (ITER=6) (NRM,RELC): (  1.6921092     0.98997419E-04 ) :: navier-stokes
FlowSolve: iter:    6 Assembly: (s)    0.06    0.35
FlowSolve: iter:    6 Solve:    (s)    0.12    0.78
FlowSolve:  Result Norm     :    1.6921091826796668
FlowSolve:  Relative Change :    9.8997418828580285E-005
FlowSolve: 
FlowSolve: 
FlowSolve: -------------------------------------
FlowSolve:  NAVIER-STOKES ITERATION           7
FlowSolve: -------------------------------------
FlowSolve: 
FlowSolve: Starting Assembly...
FlowSolve: Assembly:
FlowSolve: Assembly done
FlowSolve: Dirichlet conditions done
      10 0.5645E-05 0.5645E-05
      20 0.1774E-08 0.1774E-08
BiCGStabl:       29 0.1503E-11 0.1503E-11
ComputeChange: NS (ITER=7) (NRM,RELC): (  1.6921594     0.29697396E-04 ) :: navier-stokes
FlowSolve: iter:    7 Assembly: (s)    0.06    0.41
FlowSolve: iter:    7 Solve:    (s)    0.11    0.89
FlowSolve:  Result Norm     :    1.6921594346626820
FlowSolve:  Relative Change :    2.9697396215959117E-005
FlowSolve: 
FlowSolve: 
FlowSolve: -------------------------------------
FlowSolve:  NAVIER-STOKES ITERATION           8
FlowSolve: -------------------------------------
FlowSolve: 
FlowSolve: Starting Assembly...
FlowSolve: Assembly:
FlowSolve: Assembly done
FlowSolve: Dirichlet conditions done
      10 0.1694E-05 0.1694E-05
      20 0.5325E-09 0.5325E-09
BiCGStabl:       28 0.9882E-11 0.9882E-11
ComputeChange: NS (ITER=8) (NRM,RELC): (  1.6921745     0.89090621E-05 ) :: navier-stokes
FlowSolve: iter:    8 Assembly: (s)    0.06    0.46
FlowSolve: iter:    8 Solve:    (s)    0.11    1.00
FlowSolve:  Result Norm     :    1.6921745102833652
FlowSolve:  Relative Change :    8.9090621247114461E-006
FlowSolve: 
FlowSolve: 
FlowSolve: -------------------------------------
FlowSolve:  NAVIER-STOKES ITERATION           9
FlowSolve: -------------------------------------
FlowSolve: 
FlowSolve: Starting Assembly...
FlowSolve: Assembly:
FlowSolve: Assembly done
FlowSolve: Dirichlet conditions done
      10 0.5082E-06 0.5082E-06
      20 0.1599E-09 0.1599E-09
BiCGStabl:       28 0.5651E-11 0.5651E-11
ComputeChange: NS (ITER=9) (NRM,RELC): (  1.6921790     0.26727058E-05 ) :: navier-stokes
FlowSolve: iter:    9 Assembly: (s)    0.06    0.52
FlowSolve: iter:    9 Solve:    (s)    0.11    1.10
FlowSolve:  Result Norm     :    1.6921790329740611
FlowSolve:  Relative Change :    2.6727058140613819E-006
FlowSolve: 
FlowSolve: 
FlowSolve: -------------------------------------
FlowSolve:  NAVIER-STOKES ITERATION          10
FlowSolve: -------------------------------------
FlowSolve: 
FlowSolve: Starting Assembly...
FlowSolve: Assembly:
FlowSolve: Assembly done
FlowSolve: Dirichlet conditions done
      10 0.1525E-06 0.1525E-06
      20 0.4796E-10 0.4796E-10
BiCGStabl:       25 0.7488E-11 0.7488E-11
ComputeChange: NS (ITER=10) (NRM,RELC): (  1.6921804     0.80181165E-06 ) :: navier-stokes
FlowSolve: iter:   10 Assembly: (s)    0.06    0.58
FlowSolve: iter:   10 Solve:    (s)    0.10    1.20
FlowSolve:  Result Norm     :    1.6921803897834748
FlowSolve:  Relative Change :    8.0181165427466528E-007
ComputeChange: SS (ITER=10) (NRM,RELC): (  1.6282100     0.21365968E-01 ) :: navier-stokes
ResultOutputSolver: -------------------------------------
ResultOutputSolver: Saving in unstructured VTK XML (.vtu) format
ResultOutputSolver: -------------------------------------
MAIN: 
MAIN: -------------------------------------
MAIN:  Steady state iteration:           11
MAIN: -------------------------------------
MAIN: 
HeatSolver: ------------------------------------------------
HeatSolver: Solving energy equation for temperature
HeatSolver: Heat solver iteration: 1
IterSolver: "Linear System GCR Restart" not given, setting it to 200
   gcr:    10  0.2063E-06  0.9500E-07
   gcr:    20  0.2958E-07  0.2400E-07
   gcr:    30  0.8191E-09  0.7564E-09
   gcr:    40  0.2041E-10  0.1250E-10
ComputeChange: NS (ITER=1) (NRM,RELC): (  300.00014     0.75987711E-08 ) :: heat equation
HeatSolver: Heat solver iteration: 2
IterSolver: "Linear System GCR Restart" not given, setting it to 200
   gcr:    10  0.6189E-07  0.2850E-07
   gcr:    20  0.8875E-08  0.7201E-08
   gcr:    30  0.2457E-09  0.2269E-09
ComputeChange: NS (ITER=2) (NRM,RELC): (  300.00014     0.21353141E-08 ) :: heat equation
HeatSolver: Heat solver iteration: 3
IterSolver: "Linear System GCR Restart" not given, setting it to 200
   gcr:    10  0.1857E-07  0.8550E-08
   gcr:    20  0.2663E-08  0.2160E-08
   gcr:    30  0.7376E-10  0.6808E-10
ComputeChange: NS (ITER=3) (NRM,RELC): (  300.00014     0.10350274E-08 ) :: heat equation
HeatSolver: Heat solver iteration: 4
IterSolver: "Linear System GCR Restart" not given, setting it to 200
   gcr:    10  0.5570E-08  0.2565E-08
   gcr:    20  0.7987E-09  0.6481E-09
   gcr:    30  0.2216E-10  0.2044E-10
ComputeChange: NS (ITER=4) (NRM,RELC): (  300.00014     0.48453535E-09 ) :: heat equation
HeatSolver: Heat solver iteration: 5
IterSolver: "Linear System GCR Restart" not given, setting it to 200
   gcr:    10  0.1671E-08  0.7696E-09
   gcr:    20  0.2395E-09  0.1944E-09
ComputeChange: NS (ITER=5) (NRM,RELC): (  300.00014     0.21925008E-09 ) :: heat equation
HeatSolver: Heat solver iteration: 6
IterSolver: "Linear System GCR Restart" not given, setting it to 200
   gcr:    10  0.5010E-09  0.2308E-09
   gcr:    20  0.7183E-10  0.5830E-10
ComputeChange: NS (ITER=6) (NRM,RELC): (  300.00014     0.10304400E-09 ) :: heat equation
HeatSolver: Heat solver iteration: 7
IterSolver: "Linear System GCR Restart" not given, setting it to 200
   gcr:    10  0.1502E-09  0.6917E-10
   gcr:    20  0.2167E-10  0.1753E-10
ComputeChange: NS (ITER=7) (NRM,RELC): (  300.00014     0.50280065E-10 ) :: heat equation
ComputeChange: SS (ITER=11) (NRM,RELC): (  300.00014     0.39595753E-08 ) :: heat equation
FlowSolve: 
FlowSolve: 
FlowSolve: -------------------------------------
FlowSolve:  NAVIER-STOKES ITERATION           1
FlowSolve: -------------------------------------
FlowSolve: 
FlowSolve: Starting Assembly...
FlowSolve: Assembly:
FlowSolve: Assembly done
FlowSolve: Dirichlet conditions done
      10 0.5451E-02 0.5451E-02
      20 0.2988E-05 0.2988E-05
      30 0.1122E-07 0.1122E-07
BiCGStabl:       39 0.9678E-11 0.9678E-11
ComputeChange: NS (ITER=1) (NRM,RELC): (  1.6734013     0.27375318E-01 ) :: navier-stokes
FlowSolve: iter:    1 Assembly: (s)    0.06    0.06
FlowSolve: iter:    1 Solve:    (s)    0.14    0.14
FlowSolve:  Result Norm     :    1.6734013114321376
FlowSolve:  Relative Change :    2.7375318200210590E-002
FlowSolve: 
FlowSolve: 
FlowSolve: -------------------------------------
FlowSolve:  NAVIER-STOKES ITERATION           2
FlowSolve: -------------------------------------
FlowSolve: 
FlowSolve: Starting Assembly...
FlowSolve: Assembly:
FlowSolve: Assembly done
FlowSolve: Dirichlet conditions done
      10 0.1622E-02 0.1622E-02
      20 0.7868E-06 0.7868E-06
      30 0.1998E-08 0.1998E-08
BiCGStabl:       37 0.5693E-11 0.5693E-11
ComputeChange: NS (ITER=2) (NRM,RELC): (  1.6869719     0.80768078E-02 ) :: navier-stokes
FlowSolve: iter:    2 Assembly: (s)    0.06    0.11
FlowSolve: iter:    2 Solve:    (s)    0.13    0.28
FlowSolve:  Result Norm     :    1.6869718554959019
FlowSolve:  Relative Change :    8.0768077767804352E-003
FlowSolve: 
FlowSolve: 
FlowSolve: -------------------------------------
FlowSolve:  NAVIER-STOKES ITERATION           3
FlowSolve: -------------------------------------
FlowSolve: 
FlowSolve: Starting Assembly...
FlowSolve: Assembly:
FlowSolve: Assembly done
FlowSolve: Dirichlet conditions done
      10 0.4854E-03 0.4854E-03
      20 0.2227E-06 0.2227E-06
      30 0.4375E-09 0.4375E-09
BiCGStabl:       35 0.9555E-11 0.9555E-11
ComputeChange: NS (ITER=3) (NRM,RELC): (  1.6910442     0.24110650E-02 ) :: navier-stokes
FlowSolve: iter:    3 Assembly: (s)    0.06    0.17
FlowSolve: iter:    3 Solve:    (s)    0.13    0.41
FlowSolve:  Result Norm     :    1.6910441635154780
FlowSolve:  Relative Change :    2.4110649544924045E-003
FlowSolve: 
FlowSolve: 
FlowSolve: -------------------------------------
FlowSolve:  NAVIER-STOKES ITERATION           4
FlowSolve: -------------------------------------
FlowSolve: 
FlowSolve: Starting Assembly...
FlowSolve: Assembly:
FlowSolve: Assembly done
FlowSolve: Dirichlet conditions done
      10 0.1455E-03 0.1455E-03
      20 0.6555E-07 0.6555E-07
      30 0.1680E-09 0.1680E-09
BiCGStabl:       36 0.3570E-11 0.3570E-11
ComputeChange: NS (ITER=4) (NRM,RELC): (  1.6922660     0.72224865E-03 ) :: navier-stokes
FlowSolve: iter:    4 Assembly: (s)    0.06    0.23
FlowSolve: iter:    4 Solve:    (s)    0.13    0.54
FlowSolve:  Result Norm     :    1.6922659591075861
FlowSolve:  Relative Change :    7.2224865461689215E-004
FlowSolve: 
FlowSolve: 
FlowSolve: -------------------------------------
FlowSolve:  NAVIER-STOKES ITERATION           5
FlowSolve: -------------------------------------
FlowSolve: 
FlowSolve: Starting Assembly...
FlowSolve: Assembly:
FlowSolve: Assembly done
FlowSolve: Dirichlet conditions done
      10 0.4365E-04 0.4365E-04
      20 0.1952E-07 0.1952E-07
      30 0.4841E-10 0.4841E-10
BiCGStabl:       35 0.4601E-11 0.4601E-11
ComputeChange: NS (ITER=5) (NRM,RELC): (  1.6926325     0.21657862E-03 ) :: navier-stokes
FlowSolve: iter:    5 Assembly: (s)    0.06    0.29
FlowSolve: iter:    5 Solve:    (s)    0.13    0.67
FlowSolve:  Result Norm     :    1.6926325074258002
FlowSolve:  Relative Change :    2.1657861932232784E-004
FlowSolve: 
FlowSolve: 
FlowSolve: -------------------------------------
FlowSolve:  NAVIER-STOKES ITERATION           6
FlowSolve: -------------------------------------
FlowSolve: 
FlowSolve: Starting Assembly...
FlowSolve: Assembly:
FlowSolve: Assembly done
FlowSolve: Dirichlet conditions done
      10 0.1309E-04 0.1309E-04
      20 0.5840E-08 0.5840E-08
      30 0.1448E-10 0.1448E-10
BiCGStabl:       33 0.9914E-11 0.9914E-11
ComputeChange: NS (ITER=6) (NRM,RELC): (  1.6927425     0.64965021E-04 ) :: navier-stokes
FlowSolve: iter:    6 Assembly: (s)    0.06    0.35
FlowSolve: iter:    6 Solve:    (s)    0.12    0.80
FlowSolve:  Result Norm     :    1.6927424729035425
FlowSolve:  Relative Change :    6.4965020643968643E-005
FlowSolve: 
FlowSolve: 
FlowSolve: -------------------------------------
FlowSolve:  NAVIER-STOKES ITERATION           7
FlowSolve: -------------------------------------
FlowSolve: 
FlowSolve: Starting Assembly...
FlowSolve: Assembly:
FlowSolve: Assembly done
FlowSolve: Dirichlet conditions done
      10 0.3929E-05 0.3929E-05
      20 0.1748E-08 0.1748E-08
BiCGStabl:       30 0.5232E-11 0.5232E-11
ComputeChange: NS (ITER=7) (NRM,RELC): (  1.6927755     0.19488755E-04 ) :: navier-stokes
FlowSolve: iter:    7 Assembly: (s)    0.06    0.40
FlowSolve: iter:    7 Solve:    (s)    0.11    0.91
FlowSolve:  Result Norm     :    1.6927754626675879
FlowSolve:  Relative Change :    1.9488754555870342E-005
FlowSolve: 
FlowSolve: 
FlowSolve: -------------------------------------
FlowSolve:  NAVIER-STOKES ITERATION           8
FlowSolve: -------------------------------------
FlowSolve: 
FlowSolve: Starting Assembly...
FlowSolve: Assembly:
FlowSolve: Assembly done
FlowSolve: Dirichlet conditions done
      10 0.1179E-05 0.1179E-05
      20 0.5225E-09 0.5225E-09
BiCGStabl:       30 0.1308E-11 0.1308E-11
ComputeChange: NS (ITER=8) (NRM,RELC): (  1.6927854     0.58465656E-05 ) :: navier-stokes
FlowSolve: iter:    8 Assembly: (s)    0.06    0.46
FlowSolve: iter:    8 Solve:    (s)    0.11    1.02
FlowSolve:  Result Norm     :    1.6927853596193516
FlowSolve:  Relative Change :    5.8465656257161776E-006
FlowSolve: 
FlowSolve: 
FlowSolve: -------------------------------------
FlowSolve:  NAVIER-STOKES ITERATION           9
FlowSolve: -------------------------------------
FlowSolve: 
FlowSolve: Starting Assembly...
FlowSolve: Assembly:
FlowSolve: Assembly done
FlowSolve: Dirichlet conditions done
      10 0.3537E-06 0.3537E-06
      20 0.1563E-09 0.1563E-09
BiCGStabl:       27 0.5858E-11 0.5858E-11
ComputeChange: NS (ITER=9) (NRM,RELC): (  1.6927883     0.17539666E-05 ) :: navier-stokes
FlowSolve: iter:    9 Assembly: (s)    0.06    0.52
FlowSolve: iter:    9 Solve:    (s)    0.10    1.12
FlowSolve:  Result Norm     :    1.6927883287109757
FlowSolve:  Relative Change :    1.7539666227621178E-006
FlowSolve: 
FlowSolve: 
FlowSolve: -------------------------------------
FlowSolve:  NAVIER-STOKES ITERATION          10
FlowSolve: -------------------------------------
FlowSolve: 
FlowSolve: Starting Assembly...
FlowSolve: Assembly:
FlowSolve: Assembly done
FlowSolve: Dirichlet conditions done
      10 0.1062E-06 0.1062E-06
      20 0.4691E-10 0.4691E-10
BiCGStabl:       24 0.6370E-11 0.6370E-11
ComputeChange: NS (ITER=10) (NRM,RELC): (  1.6927892     0.52619040E-06 ) :: navier-stokes
FlowSolve: iter:   10 Assembly: (s)    0.06    0.58
FlowSolve: iter:   10 Solve:    (s)    0.09    1.21
FlowSolve:  Result Norm     :    1.6927892194401697
FlowSolve:  Relative Change :    5.2619039516317129E-007
ComputeChange: SS (ITER=11) (NRM,RELC): (  1.6508003     0.13778742E-01 ) :: navier-stokes
ResultOutputSolver: -------------------------------------
ResultOutputSolver: Saving in unstructured VTK XML (.vtu) format
ResultOutputSolver: -------------------------------------
MAIN: 
MAIN: -------------------------------------
MAIN:  Steady state iteration:           12
MAIN: -------------------------------------
MAIN: 
HeatSolver: ------------------------------------------------
HeatSolver: Solving energy equation for temperature
HeatSolver: Heat solver iteration: 1
IterSolver: "Linear System GCR Restart" not given, setting it to 200
   gcr:    10  0.1502E-06  0.7249E-07
   gcr:    20  0.2033E-07  0.1609E-07
   gcr:    30  0.5575E-09  0.5115E-09
   gcr:    40  0.1471E-10  0.8122E-11
ComputeChange: NS (ITER=1) (NRM,RELC): (  300.00014     0.43040562E-08 ) :: heat equation
HeatSolver: Heat solver iteration: 2
IterSolver: "Linear System GCR Restart" not given, setting it to 200
   gcr:    10  0.4505E-07  0.2175E-07
   gcr:    20  0.6099E-08  0.4827E-08
   gcr:    30  0.1673E-09  0.1534E-09
ComputeChange: NS (ITER=2) (NRM,RELC): (  300.00014     0.16830000E-08 ) :: heat equation
HeatSolver: Heat solver iteration: 3
IterSolver: "Linear System GCR Restart" not given, setting it to 200
   gcr:    10  0.1351E-07  0.6524E-08
   gcr:    20  0.1830E-08  0.1448E-08
   gcr:    30  0.5024E-10  0.4604E-10
ComputeChange: NS (ITER=3) (NRM,RELC): (  300.00014     0.85178137E-09 ) :: heat equation
HeatSolver: Heat solver iteration: 4
IterSolver: "Linear System GCR Restart" not given, setting it to 200
   gcr:    10  0.4054E-08  0.1957E-08
   gcr:    20  0.5489E-09  0.4344E-09
   gcr:    30  0.1510E-10  0.1382E-10
ComputeChange: NS (ITER=4) (NRM,RELC): (  300.00014     0.40163267E-09 ) :: heat equation
HeatSolver: Heat solver iteration: 5
IterSolver: "Linear System GCR Restart" not given, setting it to 200
   gcr:    10  0.1216E-08  0.5872E-09
   gcr:    20  0.1646E-09  0.1303E-09
ComputeChange: NS (ITER=5) (NRM,RELC): (  300.00014     0.18657498E-09 ) :: heat equation
HeatSolver: Heat solver iteration: 6
IterSolver: "Linear System GCR Restart" not given, setting it to 200
   gcr:    10  0.3646E-09  0.1761E-09
   gcr:    20  0.4936E-10  0.3908E-10
ComputeChange: NS (ITER=6) (NRM,RELC): (  300.00014     0.90457164E-10 ) :: heat equation
ComputeChange: SS (ITER=12) (NRM,RELC): (  300.00014     0.25710079E-08 ) :: heat equation
FlowSolve: 
FlowSolve: 
FlowSolve: -------------------------------------
FlowSolve:  NAVIER-STOKES ITERATION           1
FlowSolve: -------------------------------------
FlowSolve: 
FlowSolve: Starting Assembly...
FlowSolve: Assembly:
FlowSolve: Assembly done
FlowSolve: Dirichlet conditions done
      10 0.2891E-02 0.2891E-02
      20 0.7925E-06 0.7925E-06
      30 0.8312E-07 0.8312E-07
BiCGStabl:       37 0.7646E-11 0.7646E-11
ComputeChange: NS (ITER=1) (NRM,RELC): (  1.6798154     0.17423266E-01 ) :: navier-stokes
FlowSolve: iter:    1 Assembly: (s)    0.06    0.06
FlowSolve: iter:    1 Solve:    (s)    0.13    0.13
FlowSolve:  Result Norm     :    1.6798154007514050
FlowSolve:  Relative Change :    1.7423265677488409E-002
FlowSolve: 
FlowSolve: 
FlowSolve: -------------------------------------
FlowSolve:  NAVIER-STOKES ITERATION           2
FlowSolve: -------------------------------------
FlowSolve: 
FlowSolve: Starting Assembly...
FlowSolve: Assembly:
FlowSolve: Assembly done
FlowSolve: Dirichlet conditions done
      10 0.8775E-03 0.8775E-03
      20 0.2164E-06 0.2164E-06
      30 0.4521E-07 0.4521E-07
BiCGStabl:       37 0.7008E-11 0.7008E-11
ComputeChange: NS (ITER=2) (NRM,RELC): (  1.6885296     0.51741849E-02 ) :: navier-stokes
FlowSolve: iter:    2 Assembly: (s)    0.06    0.11
FlowSolve: iter:    2 Solve:    (s)    0.13    0.27
FlowSolve:  Result Norm     :    1.6885296206616498
FlowSolve:  Relative Change :    5.1741848622081400E-003
FlowSolve: 
FlowSolve: 
FlowSolve: -------------------------------------
FlowSolve:  NAVIER-STOKES ITERATION           3
FlowSolve: -------------------------------------
FlowSolve: 
FlowSolve: Starting Assembly...
FlowSolve: Assembly:
FlowSolve: Assembly done
FlowSolve: Dirichlet conditions done
      10 0.2643E-03 0.2643E-03
      20 0.6234E-07 0.6234E-07
      30 0.1929E-07 0.1929E-07
BiCGStabl:       35 0.8879E-11 0.8879E-11
ComputeChange: NS (ITER=3) (NRM,RELC): (  1.6911447     0.15475591E-02 ) :: navier-stokes
FlowSolve: iter:    3 Assembly: (s)    0.06    0.17
FlowSolve: iter:    3 Solve:    (s)    0.13    0.40
FlowSolve:  Result Norm     :    1.6911447435015885
FlowSolve:  Relative Change :    1.5475590593392382E-003
FlowSolve: 
FlowSolve: 
FlowSolve: -------------------------------------
FlowSolve:  NAVIER-STOKES ITERATION           4
FlowSolve: -------------------------------------
FlowSolve: 
FlowSolve: Starting Assembly...
FlowSolve: Assembly:
FlowSolve: Assembly done
FlowSolve: Dirichlet conditions done
      10 0.7937E-04 0.7937E-04
      20 0.1843E-07 0.1843E-07
      30 0.1253E-07 0.1253E-07
BiCGStabl:       33 0.7705E-11 0.7705E-11
ComputeChange: NS (ITER=4) (NRM,RELC): (  1.6919294     0.46384713E-03 ) :: navier-stokes
FlowSolve: iter:    4 Assembly: (s)    0.06    0.23
FlowSolve: iter:    4 Solve:    (s)    0.12    0.52
FlowSolve:  Result Norm     :    1.6919293581061534
FlowSolve:  Relative Change :    4.6384712897186718E-004
FlowSolve: 
FlowSolve: 
FlowSolve: -------------------------------------
FlowSolve:  NAVIER-STOKES ITERATION           5
FlowSolve: -------------------------------------
FlowSolve: 
FlowSolve: Starting Assembly...
FlowSolve: Assembly:
FlowSolve: Assembly done
FlowSolve: Dirichlet conditions done
      10 0.2381E-04 0.2381E-04
      20 0.5511E-08 0.5511E-08
      30 0.9090E-08 0.9090E-08
BiCGStabl:       32 0.9805E-11 0.9805E-11
ComputeChange: NS (ITER=5) (NRM,RELC): (  1.6921647     0.13911653E-03 ) :: navier-stokes
FlowSolve: iter:    5 Assembly: (s)    0.06    0.29
FlowSolve: iter:    5 Solve:    (s)    0.12    0.64
FlowSolve:  Result Norm     :    1.6921647498144197
FlowSolve:  Relative Change :    1.3911652617184099E-004
FlowSolve: 
FlowSolve: 
FlowSolve: -------------------------------------
FlowSolve:  NAVIER-STOKES ITERATION           6
FlowSolve: -------------------------------------
FlowSolve: 
FlowSolve: Starting Assembly...
FlowSolve: Assembly:
FlowSolve: Assembly done
FlowSolve: Dirichlet conditions done
      10 0.7139E-05 0.7139E-05
      20 0.1650E-08 0.1650E-08
      30 0.2331E-08 0.2331E-08
BiCGStabl:       32 0.6733E-11 0.6733E-11
ComputeChange: NS (ITER=6) (NRM,RELC): (  1.6922354     0.41731635E-04 ) :: navier-stokes
FlowSolve: iter:    6 Assembly: (s)    0.06    0.35
FlowSolve: iter:    6 Solve:    (s)    0.12    0.76
FlowSolve:  Result Norm     :    1.6922353680888651
FlowSolve:  Relative Change :    4.1731634549866872E-005
FlowSolve: 
FlowSolve: 
FlowSolve: -------------------------------------
FlowSolve:  NAVIER-STOKES ITERATION           7
FlowSolve: -------------------------------------
FlowSolve: 
FlowSolve: Starting Assembly...
FlowSolve: Assembly:
FlowSolve: Assembly done
FlowSolve: Dirichlet conditions done
      10 0.2140E-05 0.2140E-05
      20 0.4951E-09 0.4951E-09
BiCGStabl:       30 0.5470E-11 0.5470E-11
ComputeChange: NS (ITER=7) (NRM,RELC): (  1.6922566     0.12519210E-04 ) :: navier-stokes
FlowSolve: iter:    7 Assembly: (s)    0.06    0.40
FlowSolve: iter:    7 Solve:    (s)    0.11    0.87
FlowSolve:  Result Norm     :    1.6922565536709318
FlowSolve:  Relative Change :    1.2519209710883956E-005
FlowSolve: 
FlowSolve: 
FlowSolve: -------------------------------------
FlowSolve:  NAVIER-STOKES ITERATION           8
FlowSolve: -------------------------------------
FlowSolve: 
FlowSolve: Starting Assembly...
FlowSolve: Assembly:
FlowSolve: Assembly done
FlowSolve: Dirichlet conditions done
      10 0.6417E-06 0.6417E-06
      20 0.1485E-09 0.1485E-09
BiCGStabl:       26 0.9813E-11 0.9813E-11
ComputeChange: NS (ITER=8) (NRM,RELC): (  1.6922629     0.37557435E-05 ) :: navier-stokes
FlowSolve: iter:    8 Assembly: (s)    0.06    0.46
FlowSolve: iter:    8 Solve:    (s)    0.10    0.97
FlowSolve:  Result Norm     :    1.6922629093644743
FlowSolve:  Relative Change :    3.7557435328618542E-006
FlowSolve: 
FlowSolve: 
FlowSolve: -------------------------------------
FlowSolve:  NAVIER-STOKES ITERATION           9
FlowSolve: -------------------------------------
FlowSolve: 
FlowSolve: Starting Assembly...
FlowSolve: Assembly:
FlowSolve: Assembly done
FlowSolve: Dirichlet conditions done
      10 0.1924E-06 0.1924E-06
      20 0.4451E-10 0.4451E-10
BiCGStabl:       23 0.8742E-11 0.8742E-11
ComputeChange: NS (ITER=9) (NRM,RELC): (  1.6922648     0.11267227E-05 ) :: navier-stokes
FlowSolve: iter:    9 Assembly: (s)    0.06    0.52
FlowSolve: iter:    9 Solve:    (s)    0.09    1.05
FlowSolve:  Result Norm     :    1.6922648160766596
FlowSolve:  Relative Change :    1.1267227453441306E-006
FlowSolve: 
FlowSolve: 
FlowSolve: -------------------------------------
FlowSolve:  NAVIER-STOKES ITERATION          10
FlowSolve: -------------------------------------
FlowSolve: 
FlowSolve: Starting Assembly...
FlowSolve: Assembly:
FlowSolve: Assembly done
FlowSolve: Dirichlet conditions done
      10 0.5760E-07 0.5760E-07
      20 0.1328E-10 0.1328E-10
BiCGStabl:       21 0.9117E-11 0.9117E-11
ComputeChange: NS (ITER=10) (NRM,RELC): (  1.6922654     0.33801702E-06 ) :: navier-stokes
FlowSolve: iter:   10 Assembly: (s)    0.06    0.58
FlowSolve: iter:   10 Solve:    (s)    0.08    1.13
FlowSolve:  Result Norm     :    1.6922653880910650
FlowSolve:  Relative Change :    3.3801701913807690E-007
ComputeChange: SS (ITER=12) (NRM,RELC): (  1.6653042     0.87475457E-02 ) :: navier-stokes
ResultOutputSolver: -------------------------------------
ResultOutputSolver: Saving in unstructured VTK XML (.vtu) format
ResultOutputSolver: -------------------------------------
MAIN: 
MAIN: -------------------------------------
MAIN:  Steady state iteration:           13
MAIN: -------------------------------------
MAIN: 
HeatSolver: ------------------------------------------------
HeatSolver: Solving energy equation for temperature
HeatSolver: Heat solver iteration: 1
IterSolver: "Linear System GCR Restart" not given, setting it to 200
   gcr:    10  0.1075E-06  0.5459E-07
   gcr:    20  0.1388E-07  0.1070E-07
   gcr:    30  0.3705E-09  0.3368E-09
   gcr:    40  0.1058E-10  0.5304E-11
ComputeChange: NS (ITER=1) (NRM,RELC): (  300.00014     0.23420942E-08 ) :: heat equation
HeatSolver: Heat solver iteration: 2
IterSolver: "Linear System GCR Restart" not given, setting it to 200
   gcr:    10  0.3224E-07  0.1638E-07
   gcr:    20  0.4163E-08  0.3210E-08
   gcr:    30  0.1112E-09  0.1011E-09
ComputeChange: NS (ITER=2) (NRM,RELC): (  300.00014     0.13142693E-08 ) :: heat equation
HeatSolver: Heat solver iteration: 3
IterSolver: "Linear System GCR Restart" not given, setting it to 200
   gcr:    10  0.9671E-08  0.4913E-08
   gcr:    20  0.1249E-08  0.9630E-09
   gcr:    30  0.3341E-10  0.3033E-10
ComputeChange: NS (ITER=3) (NRM,RELC): (  300.00014     0.67907049E-09 ) :: heat equation
HeatSolver: Heat solver iteration: 4
IterSolver: "Linear System GCR Restart" not given, setting it to 200
   gcr:    10  0.2901E-08  0.1474E-08
   gcr:    20  0.3746E-09  0.2889E-09
   gcr:    30  0.1006E-10  0.9111E-11
ComputeChange: NS (ITER=4) (NRM,RELC): (  300.00014     0.32635629E-09 ) :: heat equation
HeatSolver: Heat solver iteration: 5
IterSolver: "Linear System GCR Restart" not given, setting it to 200
   gcr:    10  0.8702E-09  0.4422E-09
   gcr:    20  0.1123E-09  0.8664E-10
ComputeChange: NS (ITER=5) (NRM,RELC): (  300.00014     0.15480350E-09 ) :: heat equation
HeatSolver: Heat solver iteration: 6
IterSolver: "Linear System GCR Restart" not given, setting it to 200
   gcr:    10  0.2609E-09  0.1326E-09
   gcr:    20  0.3367E-10  0.2599E-10
ComputeChange: NS (ITER=6) (NRM,RELC): (  300.00014     0.76160672E-10 ) :: heat equation
ComputeChange: SS (ITER=13) (NRM,RELC): (  300.00014     0.16803058E-08 ) :: heat equation
FlowSolve: 
FlowSolve: 
FlowSolve: -------------------------------------
FlowSolve:  NAVIER-STOKES ITERATION           1
FlowSolve: -------------------------------------
FlowSolve: 
FlowSolve: Starting Assembly...
FlowSolve: Assembly:
FlowSolve: Assembly done
FlowSolve: Dirichlet conditions done
      10 0.2825E-02 0.2825E-02
      20 0.5888E-06 0.5888E-06
      30 0.5007E-08 0.5007E-08
BiCGStabl:       37 0.4684E-11 0.4684E-11
ComputeChange: NS (ITER=1) (NRM,RELC): (  1.6835301     0.10884934E-01 ) :: navier-stokes
FlowSolve: iter:    1 Assembly: (s)    0.06    0.06
FlowSolve: iter:    1 Solve:    (s)    0.14    0.14
FlowSolve:  Result Norm     :    1.6835301080073368
FlowSolve:  Relative Change :    1.0884934244910299E-002
FlowSolve: 
FlowSolve: 
FlowSolve: -------------------------------------
FlowSolve:  NAVIER-STOKES ITERATION           2
FlowSolve: -------------------------------------
FlowSolve: 
FlowSolve: Starting Assembly...
FlowSolve: Assembly:
FlowSolve: Assembly done
FlowSolve: Dirichlet conditions done
      10 0.8451E-03 0.8451E-03
      20 0.1693E-06 0.1693E-06
      30 0.4703E-08 0.4703E-08
BiCGStabl:       37 0.3053E-11 0.3053E-11
ComputeChange: NS (ITER=2) (NRM,RELC): (  1.6890046     0.32464923E-02 ) :: navier-stokes
FlowSolve: iter:    2 Assembly: (s)    0.06    0.13
FlowSolve: iter:    2 Solve:    (s)    0.14    0.28
FlowSolve:  Result Norm     :    1.6890045619102620
FlowSolve:  Relative Change :    3.2464922906538913E-003
FlowSolve: 
FlowSolve: 
FlowSolve: -------------------------------------
FlowSolve:  NAVIER-STOKES ITERATION           3
FlowSolve: -------------------------------------
FlowSolve: 
FlowSolve: Starting Assembly...
FlowSolve: Assembly:
FlowSolve: Assembly done
FlowSolve: Dirichlet conditions done
      10 0.2533E-03 0.2533E-03
      20 0.4996E-07 0.4996E-07
      30 0.9562E-09 0.9562E-09
BiCGStabl:       37 0.5805E-12 0.5805E-12
ComputeChange: NS (ITER=3) (NRM,RELC): (  1.6906475     0.97224948E-03 ) :: navier-stokes
FlowSolve: iter:    3 Assembly: (s)    0.06    0.19
FlowSolve: iter:    3 Solve:    (s)    0.14    0.41
FlowSolve:  Result Norm     :    1.6906474943819079
FlowSolve:  Relative Change :    9.7224947673950032E-004
FlowSolve: 
FlowSolve: 
FlowSolve: -------------------------------------
FlowSolve:  NAVIER-STOKES ITERATION           4
FlowSolve: -------------------------------------
FlowSolve: 
FlowSolve: Starting Assembly...
FlowSolve: Assembly:
FlowSolve: Assembly done
FlowSolve: Dirichlet conditions done
      10 0.7596E-04 0.7596E-04
      20 0.1493E-07 0.1493E-07
      30 0.4303E-09 0.4303E-09
BiCGStabl:       35 0.9421E-11 0.9421E-11
ComputeChange: NS (ITER=4) (NRM,RELC): (  1.6911404     0.29152282E-03 ) :: navier-stokes
FlowSolve: iter:    4 Assembly: (s)    0.06    0.24
FlowSolve: iter:    4 Solve:    (s)    0.13    0.54
FlowSolve:  Result Norm     :    1.6911404285618163
FlowSolve:  Relative Change :    2.9152282232967230E-004
FlowSolve: 
FlowSolve: 
FlowSolve: -------------------------------------
FlowSolve:  NAVIER-STOKES ITERATION           5
FlowSolve: -------------------------------------
FlowSolve: 
FlowSolve: Starting Assembly...
FlowSolve: Assembly:
FlowSolve: Assembly done
FlowSolve: Dirichlet conditions done
      10 0.2279E-04 0.2279E-04
      20 0.4474E-08 0.4474E-08
      30 0.6634E-10 0.6634E-10
BiCGStabl:       33 0.6611E-11 0.6611E-11
ComputeChange: NS (ITER=5) (NRM,RELC): (  1.6912883     0.87443347E-04 ) :: navier-stokes
FlowSolve: iter:    5 Assembly: (s)    0.06    0.30
FlowSolve: iter:    5 Solve:    (s)    0.12    0.67
FlowSolve:  Result Norm     :    1.6912883140065889
FlowSolve:  Relative Change :    8.7443346794774398E-005
FlowSolve: 
FlowSolve: 
FlowSolve: -------------------------------------
FlowSolve:  NAVIER-STOKES ITERATION           6
FlowSolve: -------------------------------------
FlowSolve: 
FlowSolve: Starting Assembly...
FlowSolve: Assembly:
FlowSolve: Assembly done
FlowSolve: Dirichlet conditions done
      10 0.6836E-05 0.6836E-05
      20 0.1337E-08 0.1337E-08
      30 0.4116E-10 0.4116E-10
BiCGStabl:       32 0.8670E-11 0.8670E-11
ComputeChange: NS (ITER=6) (NRM,RELC): (  1.6913327     0.26231842E-04 ) :: navier-stokes
FlowSolve: iter:    6 Assembly: (s)    0.06    0.36
FlowSolve: iter:    6 Solve:    (s)    0.12    0.79
FlowSolve:  Result Norm     :    1.6913326801965762
FlowSolve:  Relative Change :    2.6231842150455457E-005
FlowSolve: 
FlowSolve: 
FlowSolve: -------------------------------------
FlowSolve:  NAVIER-STOKES ITERATION           7
FlowSolve: -------------------------------------
FlowSolve: 
FlowSolve: Starting Assembly...
FlowSolve: Assembly:
FlowSolve: Assembly done
FlowSolve: Dirichlet conditions done
      10 0.2051E-05 0.2051E-05
      20 0.4009E-09 0.4009E-09
      30 0.1269E-10 0.1269E-10
BiCGStabl:       32 0.5156E-11 0.5156E-11
ComputeChange: NS (ITER=7) (NRM,RELC): (  1.6913460     0.78694629E-05 ) :: navier-stokes
FlowSolve: iter:    7 Assembly: (s)    0.06    0.42
FlowSolve: iter:    7 Solve:    (s)    0.12    0.91
FlowSolve:  Result Norm     :    1.6913459901286614
FlowSolve:  Relative Change :    7.8694628620273117E-006
FlowSolve: 
FlowSolve: 
FlowSolve: -------------------------------------
FlowSolve:  NAVIER-STOKES ITERATION           8
FlowSolve: -------------------------------------
FlowSolve: 
FlowSolve: Starting Assembly...
FlowSolve: Assembly:
FlowSolve: Assembly done
FlowSolve: Dirichlet conditions done
      10 0.6152E-06 0.6152E-06
      20 0.1200E-09 0.1200E-09
BiCGStabl:       24 0.8722E-11 0.8722E-11
ComputeChange: NS (ITER=8) (NRM,RELC): (  1.6913500     0.23608353E-05 ) :: navier-stokes
FlowSolve: iter:    8 Assembly: (s)    0.06    0.48
FlowSolve: iter:    8 Solve:    (s)    0.09    1.00
FlowSolve:  Result Norm     :    1.6913499831226515
FlowSolve:  Relative Change :    2.3608352755880366E-006
FlowSolve: 
FlowSolve: 
FlowSolve: -------------------------------------
FlowSolve:  NAVIER-STOKES ITERATION           9
FlowSolve: -------------------------------------
FlowSolve: 
FlowSolve: Starting Assembly...
FlowSolve: Assembly:
FlowSolve: Assembly done
FlowSolve: Dirichlet conditions done
      10 0.1846E-06 0.1846E-06
      20 0.3606E-10 0.3606E-10
BiCGStabl:       23 0.8302E-11 0.8302E-11
ComputeChange: NS (ITER=9) (NRM,RELC): (  1.6913512     0.70825142E-06 ) :: navier-stokes
FlowSolve: iter:    9 Assembly: (s)    0.06    0.53
FlowSolve: iter:    9 Solve:    (s)    0.09    1.08
FlowSolve:  Result Norm     :    1.6913511810240978
FlowSolve:  Relative Change :    7.0825141691844747E-007
FlowSolve: 
FlowSolve: 
FlowSolve: -------------------------------------
FlowSolve:  NAVIER-STOKES ITERATION          10
FlowSolve: -------------------------------------
FlowSolve: 
FlowSolve: Starting Assembly...
FlowSolve: Assembly:
FlowSolve: Assembly done
FlowSolve: Dirichlet conditions done
      10 0.5537E-07 0.5537E-07
      20 0.1073E-10 0.1073E-10
BiCGStabl:       21 0.7999E-11 0.7999E-11
ComputeChange: NS (ITER=10) (NRM,RELC): (  1.6913515     0.21247614E-06 ) :: navier-stokes
FlowSolve: iter:   10 Assembly: (s)    0.06    0.59
FlowSolve: iter:   10 Solve:    (s)    0.08    1.16
FlowSolve:  Result Norm     :    1.6913515403959003
FlowSolve:  Relative Change :    2.1247613647094298E-007
ComputeChange: SS (ITER=13) (NRM,RELC): (  1.6744147     0.54558740E-02 ) :: navier-stokes
ResultOutputSolver: -------------------------------------
ResultOutputSolver: Saving in unstructured VTK XML (.vtu) format
ResultOutputSolver: -------------------------------------
MAIN: 
MAIN: -------------------------------------
MAIN:  Steady state iteration:           14
MAIN: -------------------------------------
MAIN: 
HeatSolver: ------------------------------------------------
HeatSolver: Solving energy equation for temperature
HeatSolver: Heat solver iteration: 1
IterSolver: "Linear System GCR Restart" not given, setting it to 200
   gcr:    10  0.7573E-07  0.4034E-07
   gcr:    20  0.9419E-08  0.7075E-08
   gcr:    30  0.2406E-09  0.2169E-09
ComputeChange: NS (ITER=1) (NRM,RELC): (  300.00014     0.13932026E-08 ) :: heat equation
HeatSolver: Heat solver iteration: 2
IterSolver: "Linear System GCR Restart" not given, setting it to 200
   gcr:    10  0.2272E-07  0.1210E-07
   gcr:    20  0.2826E-08  0.2123E-08
   gcr:    30  0.7224E-10  0.6507E-10
ComputeChange: NS (ITER=2) (NRM,RELC): (  300.00014     0.90325287E-09 ) :: heat equation
HeatSolver: Heat solver iteration: 3
IterSolver: "Linear System GCR Restart" not given, setting it to 200
   gcr:    10  0.6815E-08  0.3631E-08
   gcr:    20  0.8477E-09  0.6368E-09
   gcr:    30  0.2172E-10  0.1953E-10
ComputeChange: NS (ITER=3) (NRM,RELC): (  300.00014     0.48380946E-09 ) :: heat equation
HeatSolver: Heat solver iteration: 4
IterSolver: "Linear System GCR Restart" not given, setting it to 200
   gcr:    10  0.2045E-08  0.1089E-08
   gcr:    20  0.2543E-09  0.1910E-09
ComputeChange: NS (ITER=4) (NRM,RELC): (  300.00014     0.23549156E-09 ) :: heat equation
HeatSolver: Heat solver iteration: 5
IterSolver: "Linear System GCR Restart" not given, setting it to 200
   gcr:    10  0.6132E-09  0.3267E-09
   gcr:    20  0.7623E-10  0.5730E-10
ComputeChange: NS (ITER=5) (NRM,RELC): (  300.00014     0.11624436E-09 ) :: heat equation
HeatSolver: Heat solver iteration: 6
IterSolver: "Linear System GCR Restart" not given, setting it to 200
   gcr:    10  0.1838E-09  0.9794E-10
   gcr:    20  0.2287E-10  0.1717E-10
ComputeChange: NS (ITER=6) (NRM,RELC): (  300.00014     0.58548883E-10 ) :: heat equation
ComputeChange: SS (ITER=14) (NRM,RELC): (  300.00014     0.10999376E-08 ) :: heat equation
FlowSolve: 
FlowSolve: 
FlowSolve: -------------------------------------
FlowSolve:  NAVIER-STOKES ITERATION           1
FlowSolve: -------------------------------------
FlowSolve: 
FlowSolve: Starting Assembly...
FlowSolve: Assembly:
FlowSolve: Assembly done
FlowSolve: Dirichlet conditions done
      10 0.1783E-02 0.1783E-02
      20 0.4747E-06 0.4747E-06
      30 0.2007E-08 0.2007E-08
BiCGStabl:       37 0.9142E-11 0.9142E-11
ComputeChange: NS (ITER=1) (NRM,RELC): (  1.6856087     0.66630413E-02 ) :: navier-stokes
FlowSolve: iter:    1 Assembly: (s)    0.06    0.06
FlowSolve: iter:    1 Solve:    (s)    0.14    0.14
FlowSolve:  Result Norm     :    1.6856087177956756
FlowSolve:  Relative Change :    6.6630413075372229E-003
FlowSolve: 
FlowSolve: 
FlowSolve: -------------------------------------
FlowSolve:  NAVIER-STOKES ITERATION           2
FlowSolve: -------------------------------------
FlowSolve: 
FlowSolve: Starting Assembly...
FlowSolve: Assembly:
FlowSolve: Assembly done
FlowSolve: Dirichlet conditions done
      10 0.5325E-03 0.5325E-03
      20 0.1387E-06 0.1387E-06
      30 0.5959E-09 0.5959E-09
BiCGStabl:       36 0.8399E-11 0.8399E-11
ComputeChange: NS (ITER=2) (NRM,RELC): (  1.6889713     0.19928716E-02 ) :: navier-stokes
FlowSolve: iter:    2 Assembly: (s)    0.06    0.12
FlowSolve: iter:    2 Solve:    (s)    0.13    0.27
FlowSolve:  Result Norm     :    1.6889712701880804
FlowSolve:  Relative Change :    1.9928716488441288E-003
FlowSolve: 
FlowSolve: 
FlowSolve: -------------------------------------
FlowSolve:  NAVIER-STOKES ITERATION           3
FlowSolve: -------------------------------------
FlowSolve: 
FlowSolve: Starting Assembly...
FlowSolve: Assembly:
FlowSolve: Assembly done
FlowSolve: Dirichlet conditions done
      10 0.1595E-03 0.1595E-03
      20 0.4130E-07 0.4130E-07
      30 0.2476E-09 0.2476E-09
BiCGStabl:       36 0.5132E-11 0.5132E-11
ComputeChange: NS (ITER=3) (NRM,RELC): (  1.6899804     0.59731979E-03 ) :: navier-stokes
FlowSolve: iter:    3 Assembly: (s)    0.06    0.17
FlowSolve: iter:    3 Solve:    (s)    0.13    0.40
FlowSolve:  Result Norm     :    1.6899804275550241
FlowSolve:  Relative Change :    5.9731979454916747E-004
FlowSolve: 
FlowSolve: 
FlowSolve: -------------------------------------
FlowSolve:  NAVIER-STOKES ITERATION           4
FlowSolve: -------------------------------------
FlowSolve: 
FlowSolve: Starting Assembly...
FlowSolve: Assembly:
FlowSolve: Assembly done
FlowSolve: Dirichlet conditions done
      10 0.4782E-04 0.4782E-04
      20 0.1235E-07 0.1235E-07
      30 0.3098E-10 0.3098E-10
BiCGStabl:       34 0.8164E-11 0.8164E-11
ComputeChange: NS (ITER=4) (NRM,RELC): (  1.6902832     0.17914768E-03 ) :: navier-stokes
FlowSolve: iter:    4 Assembly: (s)    0.06    0.23
FlowSolve: iter:    4 Solve:    (s)    0.13    0.53
FlowSolve:  Result Norm     :    1.6902832107533863
FlowSolve:  Relative Change :    1.7914768240604503E-004
FlowSolve: 
FlowSolve: 
FlowSolve: -------------------------------------
FlowSolve:  NAVIER-STOKES ITERATION           5
FlowSolve: -------------------------------------
FlowSolve: 
FlowSolve: Starting Assembly...
FlowSolve: Assembly:
FlowSolve: Assembly done
FlowSolve: Dirichlet conditions done
      10 0.1434E-04 0.1434E-04
      20 0.3699E-08 0.3699E-08
      30 0.9231E-11 0.9231E-11
BiCGStabl:       30 0.9231E-11 0.9231E-11
ComputeChange: NS (ITER=5) (NRM,RELC): (  1.6903740     0.53740108E-04 ) :: navier-stokes
FlowSolve: iter:    5 Assembly: (s)    0.06    0.29
FlowSolve: iter:    5 Solve:    (s)    0.11    0.64
FlowSolve:  Result Norm     :    1.6903740491960835
FlowSolve:  Relative Change :    5.3740107743753925E-005
FlowSolve: 
FlowSolve: 
FlowSolve: -------------------------------------
FlowSolve:  NAVIER-STOKES ITERATION           6
FlowSolve: -------------------------------------
FlowSolve: 
FlowSolve: Starting Assembly...
FlowSolve: Assembly:
FlowSolve: Assembly done
FlowSolve: Dirichlet conditions done
      10 0.4301E-05 0.4301E-05
      20 0.1108E-08 0.1108E-08
BiCGStabl:       29 0.4380E-11 0.4380E-11
ComputeChange: NS (ITER=6) (NRM,RELC): (  1.6904013     0.16121700E-04 ) :: navier-stokes
FlowSolve: iter:    6 Assembly: (s)    0.06    0.35
FlowSolve: iter:    6 Solve:    (s)    0.11    0.75
FlowSolve:  Result Norm     :    1.6904013011194023
FlowSolve:  Relative Change :    1.6121700198937284E-005
FlowSolve: 
FlowSolve: 
FlowSolve: -------------------------------------
FlowSolve:  NAVIER-STOKES ITERATION           7
FlowSolve: -------------------------------------
FlowSolve: 
FlowSolve: Starting Assembly...
FlowSolve: Assembly:
FlowSolve: Assembly done
FlowSolve: Dirichlet conditions done
      10 0.1290E-05 0.1290E-05
      20 0.3322E-09 0.3322E-09
BiCGStabl:       29 0.2797E-11 0.2797E-11
ComputeChange: NS (ITER=7) (NRM,RELC): (  1.6904095     0.48364929E-05 ) :: navier-stokes
FlowSolve: iter:    7 Assembly: (s)    0.06    0.40
FlowSolve: iter:    7 Solve:    (s)    0.11    0.86
FlowSolve:  Result Norm     :    1.6904094767530422
FlowSolve:  Relative Change :    4.8364928870742123E-006
FlowSolve: 
FlowSolve: 
FlowSolve: -------------------------------------
FlowSolve:  NAVIER-STOKES ITERATION           8
FlowSolve: -------------------------------------
FlowSolve: 
FlowSolve: Starting Assembly...
FlowSolve: Assembly:
FlowSolve: Assembly done
FlowSolve: Dirichlet conditions done
      10 0.3869E-06 0.3869E-06
      20 0.9956E-10 0.9956E-10
BiCGStabl:       25 0.7532E-11 0.7532E-11
ComputeChange: NS (ITER=8) (NRM,RELC): (  1.6904119     0.14509502E-05 ) :: navier-stokes
FlowSolve: iter:    8 Assembly: (s)    0.06    0.46
FlowSolve: iter:    8 Solve:    (s)    0.10    0.96
FlowSolve:  Result Norm     :    1.6904119294547304
FlowSolve:  Relative Change :    1.4509501647677018E-006
FlowSolve: 
FlowSolve: 
FlowSolve: -------------------------------------
FlowSolve:  NAVIER-STOKES ITERATION           9
FlowSolve: -------------------------------------
FlowSolve: 
FlowSolve: Starting Assembly...
FlowSolve: Assembly:
FlowSolve: Assembly done
FlowSolve: Dirichlet conditions done
      10 0.1160E-06 0.1160E-06
      20 0.2982E-10 0.2982E-10
BiCGStabl:       25 0.7107E-11 0.7107E-11
ComputeChange: NS (ITER=9) (NRM,RELC): (  1.6904127     0.43528619E-06 ) :: navier-stokes
FlowSolve: iter:    9 Assembly: (s)    0.06    0.52
FlowSolve: iter:    9 Solve:    (s)    0.09    1.05
FlowSolve:  Result Norm     :    1.6904126652678615
FlowSolve:  Relative Change :    4.3528619156435161E-007
FlowSolve: 
FlowSolve: 
FlowSolve: -------------------------------------
FlowSolve:  NAVIER-STOKES ITERATION          10
FlowSolve: -------------------------------------
FlowSolve: 
FlowSolve: Starting Assembly...
FlowSolve: Assembly:
FlowSolve: Assembly done
FlowSolve: Dirichlet conditions done
      10 0.3480E-07 0.3480E-07
      20 0.8933E-11 0.8933E-11
BiCGStabl:       20 0.8933E-11 0.8933E-11
ComputeChange: NS (ITER=10) (NRM,RELC): (  1.6904129     0.13058589E-06 ) :: navier-stokes
FlowSolve: iter:   10 Assembly: (s)    0.06    0.58
FlowSolve: iter:   10 Solve:    (s)    0.08    1.13
FlowSolve:  Result Norm     :    1.6904128860119219
FlowSolve:  Relative Change :    1.3058589212361859E-007
ComputeChange: SS (ITER=14) (NRM,RELC): (  1.6800102     0.33361653E-02 ) :: navier-stokes
ResultOutputSolver: -------------------------------------
ResultOutputSolver: Saving in unstructured VTK XML (.vtu) format
ResultOutputSolver: -------------------------------------
MAIN: 
MAIN: -------------------------------------
MAIN:  Steady state iteration:           15
MAIN: -------------------------------------
MAIN: 
HeatSolver: ------------------------------------------------
HeatSolver: Solving energy equation for temperature
HeatSolver: Heat solver iteration: 1
IterSolver: "Linear System GCR Restart" not given, setting it to 200
   gcr:    10  0.5269E-07  0.2921E-07
   gcr:    20  0.6371E-08  0.4661E-08
   gcr:    30  0.1530E-09  0.1374E-09
ComputeChange: NS (ITER=1) (NRM,RELC): (  300.00014     0.85304613E-09 ) :: heat equation
HeatSolver: Heat solver iteration: 2
IterSolver: "Linear System GCR Restart" not given, setting it to 200
   gcr:    10  0.1581E-07  0.8762E-08
   gcr:    20  0.1911E-08  0.1398E-08
   gcr:    30  0.4596E-10  0.4124E-10
ComputeChange: NS (ITER=2) (NRM,RELC): (  300.00014     0.60912981E-09 ) :: heat equation
HeatSolver: Heat solver iteration: 3
IterSolver: "Linear System GCR Restart" not given, setting it to 200
   gcr:    10  0.4742E-08  0.2629E-08
   gcr:    20  0.5734E-09  0.4195E-09
   gcr:    30  0.1382E-10  0.1238E-10
ComputeChange: NS (ITER=3) (NRM,RELC): (  300.00014     0.33012103E-09 ) :: heat equation
HeatSolver: Heat solver iteration: 4
IterSolver: "Linear System GCR Restart" not given, setting it to 200
   gcr:    10  0.1422E-08  0.7886E-09
   gcr:    20  0.1720E-09  0.1258E-09
ComputeChange: NS (ITER=4) (NRM,RELC): (  300.00014     0.16675956E-09 ) :: heat equation
HeatSolver: Heat solver iteration: 5
IterSolver: "Linear System GCR Restart" not given, setting it to 200
   gcr:    10  0.4265E-09  0.2365E-09
   gcr:    20  0.5155E-10  0.3776E-10
ComputeChange: NS (ITER=5) (NRM,RELC): (  300.00014     0.85032599E-10 ) :: heat equation
ComputeChange: SS (ITER=15) (NRM,RELC): (  300.00014     0.70695009E-09 ) :: heat equation
FlowSolve: 
FlowSolve: 
FlowSolve: -------------------------------------
FlowSolve:  NAVIER-STOKES ITERATION           1
FlowSolve: -------------------------------------
FlowSolve: 
FlowSolve: Starting Assembly...
FlowSolve: Assembly:
FlowSolve: Assembly done
FlowSolve: Dirichlet conditions done
      10 0.1384E-02 0.1384E-02
      20 0.4067E-06 0.4067E-06
      30 0.3930E-09 0.3930E-09
BiCGStabl:       34 0.8364E-11 0.8364E-11
ComputeChange: NS (ITER=1) (NRM,RELC): (  1.6867240     0.39883026E-02 ) :: navier-stokes
FlowSolve: iter:    1 Assembly: (s)    0.06    0.06
FlowSolve: iter:    1 Solve:    (s)    0.13    0.13
FlowSolve:  Result Norm     :    1.6867239655866162
FlowSolve:  Relative Change :    3.9883026433088480E-003
FlowSolve: 
FlowSolve: 
FlowSolve: -------------------------------------
FlowSolve:  NAVIER-STOKES ITERATION           2
FlowSolve: -------------------------------------
FlowSolve: 
FlowSolve: Starting Assembly...
FlowSolve: Assembly:
FlowSolve: Assembly done
FlowSolve: Dirichlet conditions done
      10 0.4119E-03 0.4119E-03
      20 0.1211E-06 0.1211E-06
      30 0.1735E-09 0.1735E-09
BiCGStabl:       34 0.7218E-11 0.7218E-11
ComputeChange: NS (ITER=2) (NRM,RELC): (  1.6887408     0.11950027E-02 ) :: navier-stokes
FlowSolve: iter:    2 Assembly: (s)    0.06    0.12
FlowSolve: iter:    2 Solve:    (s)    0.13    0.25
FlowSolve:  Result Norm     :    1.6887408103396340
FlowSolve:  Relative Change :    1.1950026955706216E-003
FlowSolve: 
FlowSolve: 
FlowSolve: -------------------------------------
FlowSolve:  NAVIER-STOKES ITERATION           3
FlowSolve: -------------------------------------
FlowSolve: 
FlowSolve: Starting Assembly...
FlowSolve: Assembly:
FlowSolve: Assembly done
FlowSolve: Dirichlet conditions done
      10 0.1232E-03 0.1232E-03
      20 0.3625E-07 0.3625E-07
      30 0.2963E-10 0.2963E-10
BiCGStabl:       32 0.5897E-11 0.5897E-11
ComputeChange: NS (ITER=3) (NRM,RELC): (  1.6893461     0.35836765E-03 ) :: navier-stokes
FlowSolve: iter:    3 Assembly: (s)    0.06    0.17
FlowSolve: iter:    3 Solve:    (s)    0.12    0.37
FlowSolve:  Result Norm     :    1.6893461088723436
FlowSolve:  Relative Change :    3.5836764842677962E-004
FlowSolve: 
FlowSolve: 
FlowSolve: -------------------------------------
FlowSolve:  NAVIER-STOKES ITERATION           4
FlowSolve: -------------------------------------
FlowSolve: 
FlowSolve: Starting Assembly...
FlowSolve: Assembly:
FlowSolve: Assembly done
FlowSolve: Dirichlet conditions done
      10 0.3691E-04 0.3691E-04
      20 0.1087E-07 0.1087E-07
      30 0.8619E-11 0.8619E-11
BiCGStabl:       30 0.8619E-11 0.8619E-11
ComputeChange: NS (ITER=4) (NRM,RELC): (  1.6895277     0.10749869E-03 ) :: navier-stokes
FlowSolve: iter:    4 Assembly: (s)    0.06    0.23
FlowSolve: iter:    4 Solve:    (s)    0.11    0.49
FlowSolve:  Result Norm     :    1.6895277211312008
FlowSolve:  Relative Change :    1.0749869216452221E-004
FlowSolve: 
FlowSolve: 
FlowSolve: -------------------------------------
FlowSolve:  NAVIER-STOKES ITERATION           5
FlowSolve: -------------------------------------
FlowSolve: 
FlowSolve: Starting Assembly...
FlowSolve: Assembly:
FlowSolve: Assembly done
FlowSolve: Dirichlet conditions done
      10 0.1106E-04 0.1106E-04
      20 0.3259E-08 0.3259E-08
BiCGStabl:       29 0.7082E-11 0.7082E-11
ComputeChange: NS (ITER=5) (NRM,RELC): (  1.6895822     0.32248683E-04 ) :: navier-stokes
FlowSolve: iter:    5 Assembly: (s)    0.06    0.29
FlowSolve: iter:    5 Solve:    (s)    0.11    0.60
FlowSolve:  Result Norm     :    1.6895822070538964
FlowSolve:  Relative Change :    3.2248683146510850E-005
FlowSolve: 
FlowSolve: 
FlowSolve: -------------------------------------
FlowSolve:  NAVIER-STOKES ITERATION           6
FlowSolve: -------------------------------------
FlowSolve: 
FlowSolve: Starting Assembly...
FlowSolve: Assembly:
FlowSolve: Assembly done
FlowSolve: Dirichlet conditions done
      10 0.3316E-05 0.3316E-05
      20 0.9777E-09 0.9777E-09
BiCGStabl:       29 0.9303E-11 0.9303E-11
ComputeChange: NS (ITER=6) (NRM,RELC): (  1.6895986     0.96745575E-05 ) :: navier-stokes
FlowSolve: iter:    6 Assembly: (s)    0.06    0.35
FlowSolve: iter:    6 Solve:    (s)    0.11    0.70
FlowSolve:  Result Norm     :    1.6895985530931346
FlowSolve:  Relative Change :    9.6745574731891262E-006
FlowSolve: 
FlowSolve: 
FlowSolve: -------------------------------------
FlowSolve:  NAVIER-STOKES ITERATION           7
FlowSolve: -------------------------------------
FlowSolve: 
FlowSolve: Starting Assembly...
FlowSolve: Assembly:
FlowSolve: Assembly done
FlowSolve: Dirichlet conditions done
      10 0.9941E-06 0.9941E-06
      20 0.2930E-09 0.2930E-09
BiCGStabl:       29 0.1927E-11 0.1927E-11
ComputeChange: NS (ITER=7) (NRM,RELC): (  1.6896035     0.29023736E-05 ) :: navier-stokes
FlowSolve: iter:    7 Assembly: (s)    0.06    0.40
FlowSolve: iter:    7 Solve:    (s)    0.11    0.81
FlowSolve:  Result Norm     :    1.6896034569464224
FlowSolve:  Relative Change :    2.9023735623476003E-006
FlowSolve: 
FlowSolve: 
FlowSolve: -------------------------------------
FlowSolve:  NAVIER-STOKES ITERATION           8
FlowSolve: -------------------------------------
FlowSolve: 
FlowSolve: Starting Assembly...
FlowSolve: Assembly:
FlowSolve: Assembly done
FlowSolve: Dirichlet conditions done
      10 0.2980E-06 0.2980E-06
      20 0.8792E-10 0.8792E-10
BiCGStabl:       27 0.4589E-11 0.4589E-11
ComputeChange: NS (ITER=8) (NRM,RELC): (  1.6896049     0.87071573E-06 ) :: navier-stokes
FlowSolve: iter:    8 Assembly: (s)    0.06    0.46
FlowSolve: iter:    8 Solve:    (s)    0.10    0.91
FlowSolve:  Result Norm     :    1.6896049281113714
FlowSolve:  Relative Change :    8.7071573063042944E-007
FlowSolve: 
FlowSolve: 
FlowSolve: -------------------------------------
FlowSolve:  NAVIER-STOKES ITERATION           9
FlowSolve: -------------------------------------
FlowSolve: 
FlowSolve: Starting Assembly...
FlowSolve: Assembly:
FlowSolve: Assembly done
FlowSolve: Dirichlet conditions done
      10 0.8933E-07 0.8933E-07
      20 0.2633E-10 0.2633E-10
BiCGStabl:       25 0.5330E-11 0.5330E-11
ComputeChange: NS (ITER=9) (NRM,RELC): (  1.6896054     0.26121602E-06 ) :: navier-stokes
FlowSolve: iter:    9 Assembly: (s)    0.06    0.52
FlowSolve: iter:    9 Solve:    (s)    0.09    1.01
FlowSolve:  Result Norm     :    1.6896053694633044
FlowSolve:  Relative Change :    2.6121602039222016E-007
FlowSolve: 
FlowSolve: 
FlowSolve: -------------------------------------
FlowSolve:  NAVIER-STOKES ITERATION          10
FlowSolve: -------------------------------------
FlowSolve: 
FlowSolve: Starting Assembly...
FlowSolve: Assembly:
FlowSolve: Assembly done
FlowSolve: Dirichlet conditions done
      10 0.2677E-07 0.2677E-07
BiCGStabl:       20 0.9176E-11 0.9176E-11
ComputeChange: NS (ITER=10) (NRM,RELC): (  1.6896055     0.78364951E-07 ) :: navier-stokes
FlowSolve: iter:   10 Assembly: (s)    0.06    0.58
FlowSolve: iter:   10 Solve:    (s)    0.08    1.08
FlowSolve:  Result Norm     :    1.6896055018691518
FlowSolve:  Relative Change :    7.8364951131360816E-008
ComputeChange: SS (ITER=15) (NRM,RELC): (  1.6833661     0.19955836E-02 ) :: navier-stokes
ResultOutputSolver: -------------------------------------
ResultOutputSolver: Saving in unstructured VTK XML (.vtu) format
ResultOutputSolver: -------------------------------------
MAIN: 
MAIN: -------------------------------------
MAIN:  Steady state iteration:           16
MAIN: -------------------------------------
MAIN: 
HeatSolver: ------------------------------------------------
HeatSolver: Solving energy equation for temperature
HeatSolver: Heat solver iteration: 1
IterSolver: "Linear System GCR Restart" not given, setting it to 200
   gcr:    10  0.3632E-07  0.2073E-07
   gcr:    20  0.4305E-08  0.3068E-08
   gcr:    30  0.9609E-10  0.8675E-10
ComputeChange: NS (ITER=1) (NRM,RELC): (  300.00014     0.53056429E-09 ) :: heat equation
HeatSolver: Heat solver iteration: 2
IterSolver: "Linear System GCR Restart" not given, setting it to 200
   gcr:    10  0.1089E-07  0.6220E-08
   gcr:    20  0.1292E-08  0.9204E-09
   gcr:    30  0.2887E-10  0.2603E-10
ComputeChange: NS (ITER=2) (NRM,RELC): (  300.00014     0.40892909E-09 ) :: heat equation
HeatSolver: Heat solver iteration: 3
IterSolver: "Linear System GCR Restart" not given, setting it to 200
   gcr:    10  0.3268E-08  0.1866E-08
   gcr:    20  0.3874E-09  0.2761E-09
   gcr:    30  0.8697E-11  0.7818E-11
ComputeChange: NS (ITER=3) (NRM,RELC): (  300.00014     0.22647525E-09 ) :: heat equation
HeatSolver: Heat solver iteration: 4
IterSolver: "Linear System GCR Restart" not given, setting it to 200
   gcr:    10  0.9803E-09  0.5598E-09
   gcr:    20  0.1162E-09  0.8284E-10
ComputeChange: NS (ITER=4) (NRM,RELC): (  300.00014     0.12129906E-09 ) :: heat equation
HeatSolver: Heat solver iteration: 5
IterSolver: "Linear System GCR Restart" not given, setting it to 200
   gcr:    10  0.2940E-09  0.1679E-09
   gcr:    20  0.3481E-10  0.2485E-10
ComputeChange: NS (ITER=5) (NRM,RELC): (  300.00014     0.62697504E-10 ) :: heat equation
ComputeChange: SS (ITER=16) (NRM,RELC): (  300.00014     0.46827359E-09 ) :: heat equation
FlowSolve: 
FlowSolve: 
FlowSolve: -------------------------------------
FlowSolve:  NAVIER-STOKES ITERATION           1
FlowSolve: -------------------------------------
FlowSolve: 
FlowSolve: Starting Assembly...
FlowSolve: Assembly:
FlowSolve: Assembly done
FlowSolve: Dirichlet conditions done
      10 0.6896E-03 0.6896E-03
      20 0.3285E-06 0.3285E-06
      30 0.1138E-07 0.1138E-07
BiCGStabl:       36 0.7595E-11 0.7595E-11
ComputeChange: NS (ITER=1) (NRM,RELC): (  1.6872884     0.23273271E-02 ) :: navier-stokes
FlowSolve: iter:    1 Assembly: (s)    0.06    0.06
FlowSolve: iter:    1 Solve:    (s)    0.13    0.13
FlowSolve:  Result Norm     :    1.6872884453224939
FlowSolve:  Relative Change :    2.3273270579917582E-003
FlowSolve: 
FlowSolve: 
FlowSolve: -------------------------------------
FlowSolve:  NAVIER-STOKES ITERATION           2
FlowSolve: -------------------------------------
FlowSolve: 
FlowSolve: Starting Assembly...
FlowSolve: Assembly:
FlowSolve: Assembly done
FlowSolve: Dirichlet conditions done
      10 0.2045E-03 0.2045E-03
      20 0.9857E-07 0.9857E-07
      30 0.3755E-08 0.3755E-08
BiCGStabl:       36 0.1010E-11 0.1010E-11
ComputeChange: NS (ITER=2) (NRM,RELC): (  1.6884668     0.69810457E-03 ) :: navier-stokes
FlowSolve: iter:    2 Assembly: (s)    0.06    0.11
FlowSolve: iter:    2 Solve:    (s)    0.13    0.26
FlowSolve:  Result Norm     :    1.6884667603977557
FlowSolve:  Relative Change :    6.9810457420912270E-004
FlowSolve: 
FlowSolve: 
FlowSolve: -------------------------------------
FlowSolve:  NAVIER-STOKES ITERATION           3
FlowSolve: -------------------------------------
FlowSolve: 
FlowSolve: Starting Assembly...
FlowSolve: Assembly:
FlowSolve: Assembly done
FlowSolve: Dirichlet conditions done
      10 0.6107E-04 0.6107E-04
      20 0.2954E-07 0.2954E-07
      30 0.9635E-09 0.9635E-09
BiCGStabl:       33 0.7273E-11 0.7273E-11
ComputeChange: NS (ITER=3) (NRM,RELC): (  1.6888204     0.20942367E-03 ) :: navier-stokes
FlowSolve: iter:    3 Assembly: (s)    0.06    0.17
FlowSolve: iter:    3 Solve:    (s)    0.12    0.39
FlowSolve:  Result Norm     :    1.6888204023374169
FlowSolve:  Relative Change :    2.0942367209002646E-004
FlowSolve: 
FlowSolve: 
FlowSolve: -------------------------------------
FlowSolve:  NAVIER-STOKES ITERATION           4
FlowSolve: -------------------------------------
FlowSolve: 
FlowSolve: Starting Assembly...
FlowSolve: Assembly:
FlowSolve: Assembly done
FlowSolve: Dirichlet conditions done
      10 0.1828E-04 0.1828E-04
      20 0.8865E-08 0.8865E-08
      30 0.3314E-09 0.3314E-09
BiCGStabl:       32 0.3959E-11 0.3959E-11
ComputeChange: NS (ITER=4) (NRM,RELC): (  1.6889265     0.62826715E-04 ) :: navier-stokes
FlowSolve: iter:    4 Assembly: (s)    0.06    0.23
FlowSolve: iter:    4 Solve:    (s)    0.12    0.51
FlowSolve:  Result Norm     :    1.6889265087093186
FlowSolve:  Relative Change :    6.2826715379210783E-005
FlowSolve: 
FlowSolve: 
FlowSolve: -------------------------------------
FlowSolve:  NAVIER-STOKES ITERATION           5
FlowSolve: -------------------------------------
FlowSolve: 
FlowSolve: Starting Assembly...
FlowSolve: Assembly:
FlowSolve: Assembly done
FlowSolve: Dirichlet conditions done
      10 0.5474E-05 0.5474E-05
      20 0.2656E-08 0.2656E-08
      30 0.1511E-09 0.1511E-09
BiCGStabl:       32 0.5324E-11 0.5324E-11
ComputeChange: NS (ITER=5) (NRM,RELC): (  1.6889583     0.18848074E-04 ) :: navier-stokes
FlowSolve: iter:    5 Assembly: (s)    0.06    0.29
FlowSolve: iter:    5 Solve:    (s)    0.12    0.63
FlowSolve:  Result Norm     :    1.6889583420219707
FlowSolve:  Relative Change :    1.8848074495621626E-005
FlowSolve: 
FlowSolve: 
FlowSolve: -------------------------------------
FlowSolve:  NAVIER-STOKES ITERATION           6
FlowSolve: -------------------------------------
FlowSolve: 
FlowSolve: Starting Assembly...
FlowSolve: Assembly:
FlowSolve: Assembly done
FlowSolve: Dirichlet conditions done
      10 0.1640E-05 0.1640E-05
      20 0.7975E-09 0.7975E-09
      30 0.1064E-10 0.1064E-10
BiCGStabl:       31 0.4933E-11 0.4933E-11
ComputeChange: NS (ITER=6) (NRM,RELC): (  1.6889679     0.56544567E-05 ) :: navier-stokes
FlowSolve: iter:    6 Assembly: (s)    0.06    0.35
FlowSolve: iter:    6 Solve:    (s)    0.12    0.74
FlowSolve:  Result Norm     :    1.6889678921907210
FlowSolve:  Relative Change :    5.6544566625130728E-006
FlowSolve: 
FlowSolve: 
FlowSolve: -------------------------------------
FlowSolve:  NAVIER-STOKES ITERATION           7
FlowSolve: -------------------------------------
FlowSolve: 
FlowSolve: Starting Assembly...
FlowSolve: Assembly:
FlowSolve: Assembly done
FlowSolve: Dirichlet conditions done
      10 0.4911E-06 0.4911E-06
      20 0.2395E-09 0.2395E-09
BiCGStabl:       30 0.8682E-11 0.8682E-11
ComputeChange: NS (ITER=7) (NRM,RELC): (  1.6889708     0.16963487E-05 ) :: navier-stokes
FlowSolve: iter:    7 Assembly: (s)    0.06    0.40
FlowSolve: iter:    7 Solve:    (s)    0.11    0.86
FlowSolve:  Result Norm     :    1.6889707572716826
FlowSolve:  Relative Change :    1.6963487256024048E-006
FlowSolve: 
FlowSolve: 
FlowSolve: -------------------------------------
FlowSolve:  NAVIER-STOKES ITERATION           8
FlowSolve: -------------------------------------
FlowSolve: 
FlowSolve: Starting Assembly...
FlowSolve: Assembly:
FlowSolve: Assembly done
FlowSolve: Dirichlet conditions done
      10 0.1471E-06 0.1471E-06
      20 0.7185E-10 0.7185E-10
BiCGStabl:       26 0.9199E-11 0.9199E-11
ComputeChange: NS (ITER=8) (NRM,RELC): (  1.6889716     0.50890742E-06 ) :: navier-stokes
FlowSolve: iter:    8 Assembly: (s)    0.06    0.46
FlowSolve: iter:    8 Solve:    (s)    0.10    0.95
FlowSolve:  Result Norm     :    1.6889716168016435
FlowSolve:  Relative Change :    5.0890741510621689E-007
FlowSolve: 
FlowSolve: 
FlowSolve: -------------------------------------
FlowSolve:  NAVIER-STOKES ITERATION           9
FlowSolve: -------------------------------------
FlowSolve: 
FlowSolve: Starting Assembly...
FlowSolve: Assembly:
FlowSolve: Assembly done
FlowSolve: Dirichlet conditions done
      10 0.4408E-07 0.4408E-07
      20 0.2153E-10 0.2153E-10
BiCGStabl:       22 0.9767E-11 0.9767E-11
ComputeChange: NS (ITER=9) (NRM,RELC): (  1.6889719     0.15267338E-06 ) :: navier-stokes
FlowSolve: iter:    9 Assembly: (s)    0.06    0.52
FlowSolve: iter:    9 Solve:    (s)    0.08    1.04
FlowSolve:  Result Norm     :    1.6889718746626718
FlowSolve:  Relative Change :    1.5267338187231451E-007
FlowSolve: 
FlowSolve: 
FlowSolve: -------------------------------------
FlowSolve:  NAVIER-STOKES ITERATION          10
FlowSolve: -------------------------------------
FlowSolve: 
FlowSolve: Starting Assembly...
FlowSolve: Assembly:
FlowSolve: Assembly done
FlowSolve: Dirichlet conditions done
      10 0.1325E-07 0.1325E-07
BiCGStabl:       19 0.8952E-11 0.8952E-11
ComputeChange: NS (ITER=10) (NRM,RELC): (  1.6889720     0.45802582E-07 ) :: navier-stokes
FlowSolve: iter:   10 Assembly: (s)    0.06    0.58
FlowSolve: iter:   10 Solve:    (s)    0.07    1.11
FlowSolve:  Result Norm     :    1.6889719520219457
FlowSolve:  Relative Change :    4.5802581596846730E-008
ComputeChange: SS (ITER=16) (NRM,RELC): (  1.6853267     0.11640119E-02 ) :: navier-stokes
ResultOutputSolver: -------------------------------------
ResultOutputSolver: Saving in unstructured VTK XML (.vtu) format
ResultOutputSolver: -------------------------------------
MAIN: 
MAIN: -------------------------------------
MAIN:  Steady state iteration:           17
MAIN: -------------------------------------
MAIN: 
HeatSolver: ------------------------------------------------
HeatSolver: Solving energy equation for temperature
HeatSolver: Heat solver iteration: 1
IterSolver: "Linear System GCR Restart" not given, setting it to 200
   gcr:    10  0.2485E-07  0.1444E-07
   gcr:    20  0.2906E-08  0.2019E-08
   gcr:    30  0.6037E-10  0.5527E-10
ComputeChange: NS (ITER=1) (NRM,RELC): (  300.00014     0.33095739E-09 ) :: heat equation
HeatSolver: Heat solver iteration: 2
IterSolver: "Linear System GCR Restart" not given, setting it to 200
   gcr:    10  0.7453E-08  0.4331E-08
   gcr:    20  0.8717E-09  0.6056E-09
   gcr:    30  0.1815E-10  0.1659E-10
ComputeChange: NS (ITER=2) (NRM,RELC): (  300.00014     0.27536095E-09 ) :: heat equation
HeatSolver: Heat solver iteration: 3
IterSolver: "Linear System GCR Restart" not given, setting it to 200
   gcr:    10  0.2236E-08  0.1299E-08
   gcr:    20  0.2615E-09  0.1817E-09
ComputeChange: NS (ITER=3) (NRM,RELC): (  300.00014     0.15827683E-09 ) :: heat equation
HeatSolver: Heat solver iteration: 4
IterSolver: "Linear System GCR Restart" not given, setting it to 200
   gcr:    10  0.6707E-09  0.3898E-09
   gcr:    20  0.7840E-10  0.5451E-10
ComputeChange: NS (ITER=4) (NRM,RELC): (  300.00014     0.85474272E-10 ) :: heat equation
ComputeChange: SS (ITER=17) (NRM,RELC): (  300.00014     0.29550056E-09 ) :: heat equation
FlowSolve: 
FlowSolve: 
FlowSolve: -------------------------------------
FlowSolve:  NAVIER-STOKES ITERATION           1
FlowSolve: -------------------------------------
FlowSolve: 
FlowSolve: Starting Assembly...
FlowSolve: Assembly:
FlowSolve: Assembly done
FlowSolve: Dirichlet conditions done
      10 0.4128E-03 0.4128E-03
      20 0.6318E-06 0.6318E-06
      30 0.2021E-07 0.2021E-07
BiCGStabl:       36 0.6648E-11 0.6648E-11
ComputeChange: NS (ITER=1) (NRM,RELC): (  1.6875524     0.13197309E-02 ) :: navier-stokes
FlowSolve: iter:    1 Assembly: (s)    0.06    0.06
FlowSolve: iter:    1 Solve:    (s)    0.13    0.13
FlowSolve:  Result Norm     :    1.6875523831787658
FlowSolve:  Relative Change :    1.3197309197824883E-003
FlowSolve: 
FlowSolve: 
FlowSolve: -------------------------------------
FlowSolve:  NAVIER-STOKES ITERATION           2
FlowSolve: -------------------------------------
FlowSolve: 
FlowSolve: Starting Assembly...
FlowSolve: Assembly:
FlowSolve: Assembly done
FlowSolve: Dirichlet conditions done
      10 0.1240E-03 0.1240E-03
      20 0.5532E-07 0.5532E-07
      30 0.3312E-08 0.3312E-08
BiCGStabl:       35 0.7425E-11 0.7425E-11
ComputeChange: NS (ITER=2) (NRM,RELC): (  1.6882210     0.39613484E-03 ) :: navier-stokes
FlowSolve: iter:    2 Assembly: (s)    0.06    0.12
FlowSolve: iter:    2 Solve:    (s)    0.13    0.27
FlowSolve:  Result Norm     :    1.6882210139119662
FlowSolve:  Relative Change :    3.9613484351566929E-004
FlowSolve: 
FlowSolve: 
FlowSolve: -------------------------------------
FlowSolve:  NAVIER-STOKES ITERATION           3
FlowSolve: -------------------------------------
FlowSolve: 
FlowSolve: Starting Assembly...
FlowSolve: Assembly:
FlowSolve: Assembly done
FlowSolve: Dirichlet conditions done
      10 0.3722E-04 0.3722E-04
      20 0.1654E-07 0.1654E-07
      30 0.2399E-08 0.2399E-08
BiCGStabl:       33 0.3421E-11 0.3421E-11
ComputeChange: NS (ITER=3) (NRM,RELC): (  1.6884217     0.11886054E-03 ) :: navier-stokes
FlowSolve: iter:    3 Assembly: (s)    0.06    0.17
FlowSolve: iter:    3 Solve:    (s)    0.12    0.39
FlowSolve:  Result Norm     :    1.6884216886975145
FlowSolve:  Relative Change :    1.1886053883830985E-004
FlowSolve: 
FlowSolve: 
FlowSolve: -------------------------------------
FlowSolve:  NAVIER-STOKES ITERATION           4
FlowSolve: -------------------------------------
FlowSolve: 
FlowSolve: Starting Assembly...
FlowSolve: Assembly:
FlowSolve: Assembly done
FlowSolve: Dirichlet conditions done
      10 0.1117E-04 0.1117E-04
      20 0.4989E-08 0.4989E-08
      30 0.2102E-10 0.2102E-10
BiCGStabl:       31 0.7171E-11 0.7171E-11
ComputeChange: NS (ITER=4) (NRM,RELC): (  1.6884819     0.35660213E-04 ) :: navier-stokes
FlowSolve: iter:    4 Assembly: (s)    0.06    0.23
FlowSolve: iter:    4 Solve:    (s)    0.12    0.50
FlowSolve:  Result Norm     :    1.6884818992481605
FlowSolve:  Relative Change :    3.5660213019351901E-005
FlowSolve: 
FlowSolve: 
FlowSolve: -------------------------------------
FlowSolve:  NAVIER-STOKES ITERATION           5
FlowSolve: -------------------------------------
FlowSolve: 
FlowSolve: Starting Assembly...
FlowSolve: Assembly:
FlowSolve: Assembly done
FlowSolve: Dirichlet conditions done
      10 0.3353E-05 0.3353E-05
      20 0.1513E-08 0.1513E-08
      30 0.7125E-10 0.7125E-10
BiCGStabl:       31 0.6248E-11 0.6248E-11
ComputeChange: NS (ITER=5) (NRM,RELC): (  1.6885000     0.10698322E-04 ) :: navier-stokes
FlowSolve: iter:    5 Assembly: (s)    0.06    0.29
FlowSolve: iter:    5 Solve:    (s)    0.12    0.62
FlowSolve:  Result Norm     :    1.6884999632680426
FlowSolve:  Relative Change :    1.0698322121680700E-005
FlowSolve: 
FlowSolve: 
FlowSolve: -------------------------------------
FlowSolve:  NAVIER-STOKES ITERATION           6
FlowSolve: -------------------------------------
FlowSolve: 
FlowSolve: Starting Assembly...
FlowSolve: Assembly:
FlowSolve: Assembly done
FlowSolve: Dirichlet conditions done
      10 0.1006E-05 0.1006E-05
      20 0.4559E-09 0.4559E-09
BiCGStabl:       30 0.8183E-11 0.8183E-11
ComputeChange: NS (ITER=6) (NRM,RELC): (  1.6885054     0.32095422E-05 ) :: navier-stokes
FlowSolve: iter:    6 Assembly: (s)    0.06    0.35
FlowSolve: iter:    6 Solve:    (s)    0.11    0.73
FlowSolve:  Result Norm     :    1.6885053825886844
FlowSolve:  Relative Change :    3.2095422344808564E-006
FlowSolve: 
FlowSolve: 
FlowSolve: -------------------------------------
FlowSolve:  NAVIER-STOKES ITERATION           7
FlowSolve: -------------------------------------
FlowSolve: 
FlowSolve: Starting Assembly...
FlowSolve: Assembly:
FlowSolve: Assembly done
FlowSolve: Dirichlet conditions done
      10 0.3020E-06 0.3020E-06
      20 0.1382E-09 0.1382E-09
BiCGStabl:       30 0.7060E-11 0.7060E-11
ComputeChange: NS (ITER=7) (NRM,RELC): (  1.6885070     0.96287329E-06 ) :: navier-stokes
FlowSolve: iter:    7 Assembly: (s)    0.06    0.40
FlowSolve: iter:    7 Solve:    (s)    0.11    0.84
FlowSolve:  Result Norm     :    1.6885070084061993
FlowSolve:  Relative Change :    9.6287328952306731E-007
FlowSolve: 
FlowSolve: 
FlowSolve: -------------------------------------
FlowSolve:  NAVIER-STOKES ITERATION           8
FlowSolve: -------------------------------------
FlowSolve: 
FlowSolve: Starting Assembly...
FlowSolve: Assembly:
FlowSolve: Assembly done
FlowSolve: Dirichlet conditions done
      10 0.9070E-07 0.9070E-07
      20 0.4228E-10 0.4228E-10
BiCGStabl:       24 0.6424E-11 0.6424E-11
ComputeChange: NS (ITER=8) (NRM,RELC): (  1.6885075     0.28886436E-06 ) :: navier-stokes
FlowSolve: iter:    8 Assembly: (s)    0.06    0.46
FlowSolve: iter:    8 Solve:    (s)    0.09    0.93
FlowSolve:  Result Norm     :    1.6885074961557638
FlowSolve:  Relative Change :    2.8886435865533498E-007
FlowSolve: 
FlowSolve: 
FlowSolve: -------------------------------------
FlowSolve:  NAVIER-STOKES ITERATION           9
FlowSolve: -------------------------------------
FlowSolve: 
FlowSolve: Starting Assembly...
FlowSolve: Assembly:
FlowSolve: Assembly done
FlowSolve: Dirichlet conditions done
      10 0.2725E-07 0.2725E-07
      20 0.1270E-10 0.1270E-10
BiCGStabl:       22 0.9351E-11 0.9351E-11
ComputeChange: NS (ITER=9) (NRM,RELC): (  1.6885076     0.86660504E-07 ) :: navier-stokes
FlowSolve: iter:    9 Assembly: (s)    0.06    0.52
FlowSolve: iter:    9 Solve:    (s)    0.08    1.01
FlowSolve:  Result Norm     :    1.6885076424826810
FlowSolve:  Relative Change :    8.6660504168596401E-008
FlowSolve: 
FlowSolve: 
FlowSolve: -------------------------------------
FlowSolve:  NAVIER-STOKES ITERATION          10
FlowSolve: -------------------------------------
FlowSolve: 
FlowSolve: Starting Assembly...
FlowSolve: Assembly:
FlowSolve: Assembly done
FlowSolve: Dirichlet conditions done
      10 0.8156E-08 0.8156E-08
BiCGStabl:       18 0.9333E-11 0.9333E-11
ComputeChange: NS (ITER=10) (NRM,RELC): (  1.6885077     0.25998560E-07 ) :: navier-stokes
FlowSolve: iter:   10 Assembly: (s)    0.06    0.58
FlowSolve: iter:   10 Solve:    (s)    0.07    1.08
FlowSolve:  Result Norm     :    1.6885076863814488
FlowSolve:  Relative Change :    2.5998559945415925E-008
ComputeChange: SS (ITER=17) (NRM,RELC): (  1.6864392     0.65989573E-03 ) :: navier-stokes
ResultOutputSolver: -------------------------------------
ResultOutputSolver: Saving in unstructured VTK XML (.vtu) format
ResultOutputSolver: -------------------------------------
MAIN: 
MAIN: -------------------------------------
MAIN:  Steady state iteration:           18
MAIN: -------------------------------------
MAIN: 
HeatSolver: ------------------------------------------------
HeatSolver: Solving energy equation for temperature
HeatSolver: Heat solver iteration: 1
IterSolver: "Linear System GCR Restart" not given, setting it to 200
   gcr:    10  0.1696E-07  0.9903E-08
   gcr:    20  0.1966E-08  0.1334E-08
   gcr:    30  0.3892E-10  0.3612E-10
ComputeChange: NS (ITER=1) (NRM,RELC): (  300.00014     0.21466471E-09 ) :: heat equation
HeatSolver: Heat solver iteration: 2
IterSolver: "Linear System GCR Restart" not given, setting it to 200
   gcr:    10  0.5088E-08  0.2971E-08
   gcr:    20  0.5898E-09  0.4003E-09
   gcr:    30  0.1171E-10  0.1084E-10
ComputeChange: NS (ITER=2) (NRM,RELC): (  300.00014     0.18592431E-09 ) :: heat equation
HeatSolver: Heat solver iteration: 3
IterSolver: "Linear System GCR Restart" not given, setting it to 200
   gcr:    10  0.1526E-08  0.8914E-09
   gcr:    20  0.1769E-09  0.1201E-09
ComputeChange: NS (ITER=3) (NRM,RELC): (  300.00014     0.11521663E-09 ) :: heat equation
HeatSolver: Heat solver iteration: 4
IterSolver: "Linear System GCR Restart" not given, setting it to 200
   gcr:    10  0.4578E-09  0.2674E-09
   gcr:    20  0.5302E-10  0.3602E-10
ComputeChange: NS (ITER=4) (NRM,RELC): (  300.00014     0.63477963E-10 ) :: heat equation
ComputeChange: SS (ITER=18) (NRM,RELC): (  300.00014     0.20177888E-09 ) :: heat equation
FlowSolve: 
FlowSolve: 
FlowSolve: -------------------------------------
FlowSolve:  NAVIER-STOKES ITERATION           1
FlowSolve: -------------------------------------
FlowSolve: 
FlowSolve: Starting Assembly...
FlowSolve: Assembly:
FlowSolve: Assembly done
FlowSolve: Dirichlet conditions done
      10 0.1525E-03 0.1525E-03
      20 0.3697E-06 0.3697E-06
      30 0.7316E-09 0.7316E-09
BiCGStabl:       34 0.4548E-11 0.4548E-11
ComputeChange: NS (ITER=1) (NRM,RELC): (  1.6876575     0.72214938E-03 ) :: navier-stokes
FlowSolve: iter:    1 Assembly: (s)    0.06    0.06
FlowSolve: iter:    1 Solve:    (s)    0.12    0.12
FlowSolve:  Result Norm     :    1.6876575446882185
FlowSolve:  Relative Change :    7.2214937944428074E-004
FlowSolve: 
FlowSolve: 
FlowSolve: -------------------------------------
FlowSolve:  NAVIER-STOKES ITERATION           2
FlowSolve: -------------------------------------
FlowSolve: 
FlowSolve: Starting Assembly...
FlowSolve: Assembly:
FlowSolve: Assembly done
FlowSolve: Dirichlet conditions done
      10 0.4573E-04 0.4573E-04
      20 0.1277E-06 0.1277E-06
      30 0.1350E-08 0.1350E-08
BiCGStabl:       33 0.2624E-11 0.2624E-11
ComputeChange: NS (ITER=2) (NRM,RELC): (  1.6880236     0.21685439E-03 ) :: navier-stokes
FlowSolve: iter:    2 Assembly: (s)    0.06    0.11
FlowSolve: iter:    2 Solve:    (s)    0.12    0.25
FlowSolve:  Result Norm     :    1.6880235603245470
FlowSolve:  Relative Change :    2.1685439171669540E-004
FlowSolve: 
FlowSolve: 
FlowSolve: -------------------------------------
FlowSolve:  NAVIER-STOKES ITERATION           3
FlowSolve: -------------------------------------
FlowSolve: 
FlowSolve: Starting Assembly...
FlowSolve: Assembly:
FlowSolve: Assembly done
FlowSolve: Dirichlet conditions done
      10 0.1371E-04 0.1371E-04
      20 0.4093E-07 0.4093E-07
      30 0.3096E-10 0.3096E-10
BiCGStabl:       33 0.1779E-11 0.1779E-11
ComputeChange: NS (ITER=3) (NRM,RELC): (  1.6881334     0.65075763E-04 ) :: navier-stokes
FlowSolve: iter:    3 Assembly: (s)    0.06    0.17
FlowSolve: iter:    3 Solve:    (s)    0.12    0.37
FlowSolve:  Result Norm     :    1.6881334133202892
FlowSolve:  Relative Change :    6.5075763123408049E-005
FlowSolve: 
FlowSolve: 
FlowSolve: -------------------------------------
FlowSolve:  NAVIER-STOKES ITERATION           4
FlowSolve: -------------------------------------
FlowSolve: 
FlowSolve: Starting Assembly...
FlowSolve: Assembly:
FlowSolve: Assembly done
FlowSolve: Dirichlet conditions done
      10 0.4113E-05 0.4113E-05
      20 0.1294E-07 0.1294E-07
      30 0.1227E-10 0.1227E-10
BiCGStabl:       31 0.9998E-11 0.9998E-11
ComputeChange: NS (ITER=4) (NRM,RELC): (  1.6881664     0.19524667E-04 ) :: navier-stokes
FlowSolve: iter:    4 Assembly: (s)    0.06    0.23
FlowSolve: iter:    4 Solve:    (s)    0.11    0.49
FlowSolve:  Result Norm     :    1.6881663738845065
FlowSolve:  Relative Change :    1.9524666821483896E-005
FlowSolve: 
FlowSolve: 
FlowSolve: -------------------------------------
FlowSolve:  NAVIER-STOKES ITERATION           5
FlowSolve: -------------------------------------
FlowSolve: 
FlowSolve: Starting Assembly...
FlowSolve: Assembly:
FlowSolve: Assembly done
FlowSolve: Dirichlet conditions done
      10 0.1233E-05 0.1233E-05
      20 0.4015E-08 0.4015E-08
BiCGStabl:       30 0.2012E-11 0.2012E-11
ComputeChange: NS (ITER=5) (NRM,RELC): (  1.6881763     0.58576316E-05 ) :: navier-stokes
FlowSolve: iter:    5 Assembly: (s)    0.06    0.29
FlowSolve: iter:    5 Solve:    (s)    0.11    0.60
FlowSolve:  Result Norm     :    1.6881762625701053
FlowSolve:  Relative Change :    5.8576315638374808E-006
FlowSolve: 
FlowSolve: 
FlowSolve: -------------------------------------
FlowSolve:  NAVIER-STOKES ITERATION           6
FlowSolve: -------------------------------------
FlowSolve: 
FlowSolve: Starting Assembly...
FlowSolve: Assembly:
FlowSolve: Assembly done
FlowSolve: Dirichlet conditions done
      10 0.3699E-06 0.3699E-06
      20 0.1257E-08 0.1257E-08
BiCGStabl:       29 0.9107E-11 0.9107E-11
ComputeChange: NS (ITER=6) (NRM,RELC): (  1.6881792     0.17573273E-05 ) :: navier-stokes
FlowSolve: iter:    6 Assembly: (s)    0.06    0.34
FlowSolve: iter:    6 Solve:    (s)    0.11    0.71
FlowSolve:  Result Norm     :    1.6881792292509568
FlowSolve:  Relative Change :    1.7573273066834733E-006
FlowSolve: 
FlowSolve: 
FlowSolve: -------------------------------------
FlowSolve:  NAVIER-STOKES ITERATION           7
FlowSolve: -------------------------------------
FlowSolve: 
FlowSolve: Starting Assembly...
FlowSolve: Assembly:
FlowSolve: Assembly done
FlowSolve: Dirichlet conditions done
      10 0.1109E-06 0.1109E-06
      20 0.3928E-09 0.3928E-09
BiCGStabl:       27 0.9038E-11 0.9038E-11
ComputeChange: NS (ITER=7) (NRM,RELC): (  1.6881801     0.52720638E-06 ) :: navier-stokes
FlowSolve: iter:    7 Assembly: (s)    0.06    0.40
FlowSolve: iter:    7 Solve:    (s)    0.10    0.81
FlowSolve:  Result Norm     :    1.6881801192700590
FlowSolve:  Relative Change :    5.2720638434727248E-007
FlowSolve: 
FlowSolve: 
FlowSolve: -------------------------------------
FlowSolve:  NAVIER-STOKES ITERATION           8
FlowSolve: -------------------------------------
FlowSolve: 
FlowSolve: Starting Assembly...
FlowSolve: Assembly:
FlowSolve: Assembly done
FlowSolve: Dirichlet conditions done
      10 0.3327E-07 0.3327E-07
      20 0.1220E-09 0.1220E-09
BiCGStabl:       23 0.8037E-11 0.8037E-11
ComputeChange: NS (ITER=8) (NRM,RELC): (  1.6881804     0.15816453E-06 ) :: navier-stokes
FlowSolve: iter:    8 Assembly: (s)    0.06    0.46
FlowSolve: iter:    8 Solve:    (s)    0.09    0.89
FlowSolve:  Result Norm     :    1.6881803862802915
FlowSolve:  Relative Change :    1.5816452784106297E-007
FlowSolve: 
FlowSolve: 
FlowSolve: -------------------------------------
FlowSolve:  NAVIER-STOKES ITERATION           9
FlowSolve: -------------------------------------
FlowSolve: 
FlowSolve: Starting Assembly...
FlowSolve: Assembly:
FlowSolve: Assembly done
FlowSolve: Dirichlet conditions done
      10 0.9978E-08 0.9978E-08
      20 0.3878E-10 0.3878E-10
BiCGStabl:       23 0.5725E-11 0.5725E-11
ComputeChange: NS (ITER=9) (NRM,RELC): (  1.6881805     0.47450338E-07 ) :: navier-stokes
FlowSolve: iter:    9 Assembly: (s)    0.06    0.52
FlowSolve: iter:    9 Solve:    (s)    0.09    0.98
FlowSolve:  Result Norm     :    1.6881804663850242
FlowSolve:  Relative Change :    4.7450338468200089E-008
FlowSolve: 
FlowSolve: 
FlowSolve: -------------------------------------
FlowSolve:  NAVIER-STOKES ITERATION          10
FlowSolve: -------------------------------------
FlowSolve: 
FlowSolve: Starting Assembly...
FlowSolve: Assembly:
FlowSolve: Assembly done
FlowSolve: Dirichlet conditions done
      10 0.2993E-08 0.2993E-08
BiCGStabl:       18 0.9700E-11 0.9700E-11
ComputeChange: NS (ITER=10) (NRM,RELC): (  1.6881805     0.14235653E-07 ) :: navier-stokes
FlowSolve: iter:   10 Assembly: (s)    0.06    0.57
FlowSolve: iter:   10 Solve:    (s)    0.07    1.05
FlowSolve:  Result Norm     :    1.6881804904173761
FlowSolve:  Relative Change :    1.4235653233631156E-008
ComputeChange: SS (ITER=18) (NRM,RELC): (  1.6870482     0.36103625E-03 ) :: navier-stokes
ResultOutputSolver: -------------------------------------
ResultOutputSolver: Saving in unstructured VTK XML (.vtu) format
ResultOutputSolver: -------------------------------------
MAIN: 
MAIN: -------------------------------------
MAIN:  Steady state iteration:           19
MAIN: -------------------------------------
MAIN: 
HeatSolver: ------------------------------------------------
HeatSolver: Solving energy equation for temperature
HeatSolver: Heat solver iteration: 1
IterSolver: "Linear System GCR Restart" not given, setting it to 200
   gcr:    10  0.1154E-07  0.6684E-08
   gcr:    20  0.1330E-08  0.8846E-09
   gcr:    30  0.2624E-10  0.2437E-10
ComputeChange: NS (ITER=1) (NRM,RELC): (  300.00014     0.14199252E-09 ) :: heat equation
HeatSolver: Heat solver iteration: 2
IterSolver: "Linear System GCR Restart" not given, setting it to 200
   gcr:    10  0.3462E-08  0.2005E-08
   gcr:    20  0.3991E-09  0.2654E-09
   gcr:    30  0.7894E-11  0.7311E-11
ComputeChange: NS (ITER=2) (NRM,RELC): (  300.00014     0.12921299E-09 ) :: heat equation
HeatSolver: Heat solver iteration: 3
IterSolver: "Linear System GCR Restart" not given, setting it to 200
   gcr:    10  0.1039E-08  0.6016E-09
   gcr:    20  0.1197E-09  0.7960E-10
ComputeChange: NS (ITER=3) (NRM,RELC): (  300.00014     0.81480455E-10 ) :: heat equation
ComputeChange: SS (ITER=19) (NRM,RELC): (  300.00014     0.12299963E-09 ) :: heat equation
FlowSolve: 
FlowSolve: 
FlowSolve: -------------------------------------
FlowSolve:  NAVIER-STOKES ITERATION           1
FlowSolve: -------------------------------------
FlowSolve: 
FlowSolve: Starting Assembly...
FlowSolve: Assembly:
FlowSolve: Assembly done
FlowSolve: Dirichlet conditions done
      10 0.5498E-04 0.5498E-04
      20 0.6500E-06 0.6500E-06
      30 0.4791E-09 0.4791E-09
BiCGStabl:       35 0.7554E-11 0.7554E-11
ComputeChange: NS (ITER=1) (NRM,RELC): (  1.6876884     0.37942046E-03 ) :: navier-stokes
FlowSolve: iter:    1 Assembly: (s)    0.06    0.06
FlowSolve: iter:    1 Solve:    (s)    0.13    0.13
FlowSolve:  Result Norm     :    1.6876884414331446
FlowSolve:  Relative Change :    3.7942045588260429E-004
FlowSolve: 
FlowSolve: 
FlowSolve: -------------------------------------
FlowSolve:  NAVIER-STOKES ITERATION           2
FlowSolve: -------------------------------------
FlowSolve: 
FlowSolve: Starting Assembly...
FlowSolve: Assembly:
FlowSolve: Assembly done
FlowSolve: Dirichlet conditions done
      10 0.1651E-04 0.1651E-04
      20 0.1606E-06 0.1606E-06
      30 0.4091E-09 0.4091E-09
BiCGStabl:       34 0.9745E-11 0.9745E-11
ComputeChange: NS (ITER=2) (NRM,RELC): (  1.6878808     0.11396741E-03 ) :: navier-stokes
FlowSolve: iter:    2 Assembly: (s)    0.06    0.12
FlowSolve: iter:    2 Solve:    (s)    0.13    0.26
FlowSolve:  Result Norm     :    1.6878807938815659
FlowSolve:  Relative Change :    1.1396741409356604E-004
FlowSolve: 
FlowSolve: 
FlowSolve: -------------------------------------
FlowSolve:  NAVIER-STOKES ITERATION           3
FlowSolve: -------------------------------------
FlowSolve: 
FlowSolve: Starting Assembly...
FlowSolve: Assembly:
FlowSolve: Assembly done
FlowSolve: Dirichlet conditions done
      10 0.4951E-05 0.4951E-05
      20 0.4531E-07 0.4531E-07
      30 0.1108E-09 0.1108E-09
BiCGStabl:       32 0.4206E-11 0.4206E-11
ComputeChange: NS (ITER=3) (NRM,RELC): (  1.6879385     0.34203402E-04 ) :: navier-stokes
FlowSolve: iter:    3 Assembly: (s)    0.06    0.18
FlowSolve: iter:    3 Solve:    (s)    0.12    0.38
FlowSolve:  Result Norm     :    1.6879385261339503
FlowSolve:  Relative Change :    3.4203401848066830E-005
FlowSolve: 
FlowSolve: 
FlowSolve: -------------------------------------
FlowSolve:  NAVIER-STOKES ITERATION           4
FlowSolve: -------------------------------------
FlowSolve: 
FlowSolve: Starting Assembly...
FlowSolve: Assembly:
FlowSolve: Assembly done
FlowSolve: Dirichlet conditions done
      10 0.1483E-05 0.1483E-05
      20 0.1319E-07 0.1319E-07
      30 0.3287E-10 0.3287E-10
BiCGStabl:       32 0.1612E-11 0.1612E-11
ComputeChange: NS (ITER=4) (NRM,RELC): (  1.6879558     0.10262349E-04 ) :: navier-stokes
FlowSolve: iter:    4 Assembly: (s)    0.06    0.23
FlowSolve: iter:    4 Solve:    (s)    0.12    0.50
FlowSolve:  Result Norm     :    1.6879558484376074
FlowSolve:  Relative Change :    1.0262349312530645E-005
FlowSolve: 
FlowSolve: 
FlowSolve: -------------------------------------
FlowSolve:  NAVIER-STOKES ITERATION           5
FlowSolve: -------------------------------------
FlowSolve: 
FlowSolve: Starting Assembly...
FlowSolve: Assembly:
FlowSolve: Assembly done
FlowSolve: Dirichlet conditions done
      10 0.4444E-06 0.4444E-06
      20 0.3757E-08 0.3757E-08
BiCGStabl:       30 0.6375E-11 0.6375E-11
ComputeChange: NS (ITER=5) (NRM,RELC): (  1.6879610     0.30788671E-05 ) :: navier-stokes
FlowSolve: iter:    5 Assembly: (s)    0.06    0.29
FlowSolve: iter:    5 Solve:    (s)    0.12    0.62
FlowSolve:  Result Norm     :    1.6879610454374114
FlowSolve:  Relative Change :    3.0788671447967032E-006
FlowSolve: 
FlowSolve: 
FlowSolve: -------------------------------------
FlowSolve:  NAVIER-STOKES ITERATION           6
FlowSolve: -------------------------------------
FlowSolve: 
FlowSolve: Starting Assembly...
FlowSolve: Assembly:
FlowSolve: Assembly done
FlowSolve: Dirichlet conditions done
      10 0.1331E-06 0.1331E-06
      20 0.1072E-08 0.1072E-08
BiCGStabl:       29 0.6205E-11 0.6205E-11
ComputeChange: NS (ITER=6) (NRM,RELC): (  1.6879626     0.92368779E-06 ) :: navier-stokes
FlowSolve: iter:    6 Assembly: (s)    0.06    0.35
FlowSolve: iter:    6 Solve:    (s)    0.11    0.73
FlowSolve:  Result Norm     :    1.6879626045871376
FlowSolve:  Relative Change :    9.2368778909108220E-007
FlowSolve: 
FlowSolve: 
FlowSolve: -------------------------------------
FlowSolve:  NAVIER-STOKES ITERATION           7
FlowSolve: -------------------------------------
FlowSolve: 
FlowSolve: Starting Assembly...
FlowSolve: Assembly:
FlowSolve: Assembly done
FlowSolve: Dirichlet conditions done
      10 0.3985E-07 0.3985E-07
      20 0.3083E-09 0.3083E-09
BiCGStabl:       29 0.2454E-11 0.2454E-11
ComputeChange: NS (ITER=7) (NRM,RELC): (  1.6879631     0.27711268E-06 ) :: navier-stokes
FlowSolve: iter:    7 Assembly: (s)    0.06    0.41
FlowSolve: iter:    7 Solve:    (s)    0.11    0.84
FlowSolve:  Result Norm     :    1.6879630723430386
FlowSolve:  Relative Change :    2.7711267703426851E-007
FlowSolve: 
FlowSolve: 
FlowSolve: -------------------------------------
FlowSolve:  NAVIER-STOKES ITERATION           8
FlowSolve: -------------------------------------
FlowSolve: 
FlowSolve: Starting Assembly...
FlowSolve: Assembly:
FlowSolve: Assembly done
FlowSolve: Dirichlet conditions done
      10 0.1192E-07 0.1192E-07
      20 0.8638E-10 0.8638E-10
BiCGStabl:       24 0.6710E-11 0.6710E-11
ComputeChange: NS (ITER=8) (NRM,RELC): (  1.6879632     0.83135481E-07 ) :: navier-stokes
FlowSolve: iter:    8 Assembly: (s)    0.06    0.47
FlowSolve: iter:    8 Solve:    (s)    0.09    0.93
FlowSolve:  Result Norm     :    1.6879632126726667
FlowSolve:  Relative Change :    8.3135481223501138E-008
FlowSolve: 
FlowSolve: 
FlowSolve: -------------------------------------
FlowSolve:  NAVIER-STOKES ITERATION           9
FlowSolve: -------------------------------------
FlowSolve: 
FlowSolve: Starting Assembly...
FlowSolve: Assembly:
FlowSolve: Assembly done
FlowSolve: Dirichlet conditions done
      10 0.3563E-08 0.3563E-08
      20 0.2597E-10 0.2597E-10
BiCGStabl:       23 0.5756E-11 0.5756E-11
ComputeChange: NS (ITER=9) (NRM,RELC): (  1.6879633     0.24941706E-07 ) :: navier-stokes
FlowSolve: iter:    9 Assembly: (s)    0.06    0.53
FlowSolve: iter:    9 Solve:    (s)    0.09    1.01
FlowSolve:  Result Norm     :    1.6879632547733499
FlowSolve:  Relative Change :    2.4941706265157869E-008
FlowSolve: 
FlowSolve: 
FlowSolve: -------------------------------------
FlowSolve:  NAVIER-STOKES ITERATION          10
FlowSolve: -------------------------------------
FlowSolve: 
FlowSolve: Starting Assembly...
FlowSolve: Assembly:
FlowSolve: Assembly done
FlowSolve: Dirichlet conditions done
      10 0.1066E-08 0.1066E-08
BiCGStabl:       18 0.9139E-11 0.9139E-11
ComputeChange: NS (ITER=10) (NRM,RELC): (  1.6879633     0.74830412E-08 ) :: navier-stokes
FlowSolve: iter:   10 Assembly: (s)    0.06    0.59
FlowSolve: iter:   10 Solve:    (s)    0.07    1.08
FlowSolve:  Result Norm     :    1.6879632674044485
FlowSolve:  Relative Change :    7.4830411909230492E-009
ComputeChange: SS (ITER=19) (NRM,RELC): (  1.6873682     0.18967285E-03 ) :: navier-stokes
ResultOutputSolver: -------------------------------------
ResultOutputSolver: Saving in unstructured VTK XML (.vtu) format
ResultOutputSolver: -------------------------------------
MAIN: 
MAIN: -------------------------------------
MAIN:  Steady state iteration:           20
MAIN: -------------------------------------
MAIN: 
HeatSolver: ------------------------------------------------
HeatSolver: Solving energy equation for temperature
HeatSolver: Heat solver iteration: 1
IterSolver: "Linear System GCR Restart" not given, setting it to 200
   gcr:    10  0.7913E-08  0.4493E-08
   gcr:    20  0.9091E-09  0.5950E-09
   gcr:    30  0.1884E-10  0.1719E-10
ComputeChange: NS (ITER=1) (NRM,RELC): (  300.00014     0.10767237E-09 ) :: heat equation
HeatSolver: Heat solver iteration: 2
IterSolver: "Linear System GCR Restart" not given, setting it to 200
   gcr:    10  0.2374E-08  0.1348E-08
   gcr:    20  0.2727E-09  0.1785E-09
ComputeChange: NS (ITER=2) (NRM,RELC): (  300.00014     0.92020357E-10 ) :: heat equation
ComputeChange: SS (ITER=20) (NRM,RELC): (  300.00014     0.69711978E-10 ) :: heat equation
FlowSolve: 
FlowSolve: 
FlowSolve: -------------------------------------
FlowSolve:  NAVIER-STOKES ITERATION           1
FlowSolve: -------------------------------------
FlowSolve: 
FlowSolve: Starting Assembly...
FlowSolve: Assembly:
FlowSolve: Assembly done
FlowSolve: Dirichlet conditions done
      10 0.4897E-04 0.4897E-04
      20 0.1863E-06 0.1863E-06
      30 0.1411E-08 0.1411E-08
BiCGStabl:       35 0.7057E-11 0.7057E-11
ComputeChange: NS (ITER=1) (NRM,RELC): (  1.6876909     0.19118499E-03 ) :: navier-stokes
FlowSolve: iter:    1 Assembly: (s)    0.06    0.06
FlowSolve: iter:    1 Solve:    (s)    0.13    0.13
FlowSolve:  Result Norm     :    1.6876908672982600
FlowSolve:  Relative Change :    1.9118499494493092E-004
FlowSolve: 
FlowSolve: 
FlowSolve: -------------------------------------
FlowSolve:  NAVIER-STOKES ITERATION           2
FlowSolve: -------------------------------------
FlowSolve: 
FlowSolve: Starting Assembly...
FlowSolve: Assembly:
FlowSolve: Assembly done
FlowSolve: Dirichlet conditions done
      10 0.1466E-04 0.1466E-04
      20 0.5457E-07 0.5457E-07
      30 0.4080E-09 0.4080E-09
BiCGStabl:       33 0.6942E-11 0.6942E-11
ComputeChange: NS (ITER=2) (NRM,RELC): (  1.6877878     0.57437478E-04 ) :: navier-stokes
FlowSolve: iter:    2 Assembly: (s)    0.06    0.12
FlowSolve: iter:    2 Solve:    (s)    0.12    0.25
FlowSolve:  Result Norm     :    1.6877878067894403
FlowSolve:  Relative Change :    5.7437478082412308E-005
FlowSolve: 
FlowSolve: 
FlowSolve: -------------------------------------
FlowSolve:  NAVIER-STOKES ITERATION           3
FlowSolve: -------------------------------------
FlowSolve: 
FlowSolve: Starting Assembly...
FlowSolve: Assembly:
FlowSolve: Assembly done
FlowSolve: Dirichlet conditions done
      10 0.4394E-05 0.4394E-05
      20 0.1611E-07 0.1611E-07
      30 0.9118E-10 0.9118E-10
BiCGStabl:       32 0.4993E-11 0.4993E-11
ComputeChange: NS (ITER=3) (NRM,RELC): (  1.6878169     0.17238971E-04 ) :: navier-stokes
FlowSolve: iter:    3 Assembly: (s)    0.06    0.18
FlowSolve: iter:    3 Solve:    (s)    0.12    0.37
FlowSolve:  Result Norm     :    1.6878169027661065
FlowSolve:  Relative Change :    1.7238971484938966E-005
FlowSolve: 
FlowSolve: 
FlowSolve: -------------------------------------
FlowSolve:  NAVIER-STOKES ITERATION           4
FlowSolve: -------------------------------------
FlowSolve: 
FlowSolve: Starting Assembly...
FlowSolve: Assembly:
FlowSolve: Assembly done
FlowSolve: Dirichlet conditions done
      10 0.1318E-05 0.1318E-05
      20 0.4804E-08 0.4804E-08
      30 0.3242E-10 0.3242E-10
BiCGStabl:       31 0.8561E-11 0.8561E-11
ComputeChange: NS (ITER=4) (NRM,RELC): (  1.6878256     0.51724933E-05 ) :: navier-stokes
FlowSolve: iter:    4 Assembly: (s)    0.06    0.23
FlowSolve: iter:    4 Solve:    (s)    0.12    0.49
FlowSolve:  Result Norm     :    1.6878256330102717
FlowSolve:  Relative Change :    5.1724932794976707E-006
FlowSolve: 
FlowSolve: 
FlowSolve: -------------------------------------
FlowSolve:  NAVIER-STOKES ITERATION           5
FlowSolve: -------------------------------------
FlowSolve: 
FlowSolve: Starting Assembly...
FlowSolve: Assembly:
FlowSolve: Assembly done
FlowSolve: Dirichlet conditions done
      10 0.3953E-06 0.3953E-06
      20 0.1423E-08 0.1423E-08
BiCGStabl:       29 0.9789E-11 0.9789E-11
ComputeChange: NS (ITER=5) (NRM,RELC): (  1.6878283     0.15518515E-05 ) :: navier-stokes
FlowSolve: iter:    5 Assembly: (s)    0.06    0.29
FlowSolve: iter:    5 Solve:    (s)    0.11    0.60
FlowSolve:  Result Norm     :    1.6878282522670136
FlowSolve:  Relative Change :    1.5518514817921679E-006
FlowSolve: 
FlowSolve: 
FlowSolve: -------------------------------------
FlowSolve:  NAVIER-STOKES ITERATION           6
FlowSolve: -------------------------------------
FlowSolve: 
FlowSolve: Starting Assembly...
FlowSolve: Assembly:
FlowSolve: Assembly done
FlowSolve: Dirichlet conditions done
      10 0.1186E-06 0.1186E-06
      20 0.4238E-09 0.4238E-09
BiCGStabl:       29 0.8731E-11 0.8731E-11
ComputeChange: NS (ITER=6) (NRM,RELC): (  1.6878290     0.46557444E-06 ) :: navier-stokes
FlowSolve: iter:    6 Assembly: (s)    0.06    0.35
FlowSolve: iter:    6 Solve:    (s)    0.11    0.71
FlowSolve:  Result Norm     :    1.6878290380768832
FlowSolve:  Relative Change :    4.6557443604644107E-007
FlowSolve: 
FlowSolve: 
FlowSolve: -------------------------------------
FlowSolve:  NAVIER-STOKES ITERATION           7
FlowSolve: -------------------------------------
FlowSolve: 
FlowSolve: Starting Assembly...
FlowSolve: Assembly:
FlowSolve: Assembly done
FlowSolve: Dirichlet conditions done
      10 0.3556E-07 0.3556E-07
      20 0.1258E-09 0.1258E-09
BiCGStabl:       27 0.9990E-11 0.9990E-11
ComputeChange: NS (ITER=7) (NRM,RELC): (  1.6878293     0.13967684E-06 ) :: navier-stokes
FlowSolve: iter:    7 Assembly: (s)    0.06    0.41
FlowSolve: iter:    7 Solve:    (s)    0.10    0.81
FlowSolve:  Result Norm     :    1.6878292738275189
FlowSolve:  Relative Change :    1.3967683568472349E-007
FlowSolve: 
FlowSolve: 
FlowSolve: -------------------------------------
FlowSolve:  NAVIER-STOKES ITERATION           8
FlowSolve: -------------------------------------
FlowSolve: 
FlowSolve: Starting Assembly...
FlowSolve: Assembly:
FlowSolve: Assembly done
FlowSolve: Dirichlet conditions done
      10 0.1067E-07 0.1067E-07
      20 0.3749E-10 0.3749E-10
BiCGStabl:       23 0.6447E-11 0.6447E-11
ComputeChange: NS (ITER=8) (NRM,RELC): (  1.6878293     0.41904170E-07 ) :: navier-stokes
FlowSolve: iter:    8 Assembly: (s)    0.06    0.46
FlowSolve: iter:    8 Solve:    (s)    0.09    0.90
FlowSolve:  Result Norm     :    1.6878293445546044
FlowSolve:  Relative Change :    4.1904169536835665E-008
FlowSolve: 
FlowSolve: 
FlowSolve: -------------------------------------
FlowSolve:  NAVIER-STOKES ITERATION           9
FlowSolve: -------------------------------------
FlowSolve: 
FlowSolve: Starting Assembly...
FlowSolve: Assembly:
FlowSolve: Assembly done
FlowSolve: Dirichlet conditions done
      10 0.3205E-08 0.3205E-08
BiCGStabl:       20 0.6549E-11 0.6549E-11
ComputeChange: NS (ITER=9) (NRM,RELC): (  1.6878294     0.12572513E-07 ) :: navier-stokes
FlowSolve: iter:    9 Assembly: (s)    0.06    0.52
FlowSolve: iter:    9 Solve:    (s)    0.08    0.97
FlowSolve:  Result Norm     :    1.6878293657748613
FlowSolve:  Relative Change :    1.2572513222422668E-008
FlowSolve: 
FlowSolve: 
FlowSolve: -------------------------------------
FlowSolve:  NAVIER-STOKES ITERATION          10
FlowSolve: -------------------------------------
FlowSolve: 
FlowSolve: Starting Assembly...
FlowSolve: Assembly:
FlowSolve: Assembly done
FlowSolve: Dirichlet conditions done
      10 0.9625E-09 0.9625E-09
BiCGStabl:       17 0.9217E-11 0.9217E-11
ComputeChange: NS (ITER=10) (NRM,RELC): (  1.6878294     0.37727446E-08 ) :: navier-stokes
FlowSolve: iter:   10 Assembly: (s)    0.06    0.58
FlowSolve: iter:   10 Solve:    (s)    0.07    1.04
FlowSolve:  Result Norm     :    1.6878293721426105
FlowSolve:  Relative Change :    3.7727446470108834E-009
ComputeChange: SS (ITER=20) (NRM,RELC): (  1.6875295     0.95568629E-04 ) :: navier-stokes
ResultOutputSolver: -------------------------------------
ResultOutputSolver: Saving in unstructured VTK XML (.vtu) format
ResultOutputSolver: -------------------------------------
MAIN: 
MAIN: -------------------------------------
MAIN:  Steady state iteration:           21
MAIN: -------------------------------------
MAIN: 
HeatSolver: ------------------------------------------------
HeatSolver: Solving energy equation for temperature
HeatSolver: Heat solver iteration: 1
IterSolver: "Linear System GCR Restart" not given, setting it to 200
   gcr:    10  0.5590E-08  0.3085E-08
   gcr:    20  0.6412E-09  0.4153E-09
   gcr:    30  0.1450E-10  0.1292E-10
ComputeChange: NS (ITER=1) (NRM,RELC): (  300.00014     0.88184186E-10 ) :: heat equation
ComputeChange: SS (ITER=21) (NRM,RELC): (  300.00014     0.30810824E-10 ) :: heat equation
FlowSolve: 
FlowSolve: 
FlowSolve: -------------------------------------
FlowSolve:  NAVIER-STOKES ITERATION           1
FlowSolve: -------------------------------------
FlowSolve: 
FlowSolve: Starting Assembly...
FlowSolve: Assembly:
FlowSolve: Assembly done
FlowSolve: Dirichlet conditions done
      10 0.9209E-04 0.9209E-04
      20 0.1064E-06 0.1064E-06
      30 0.1192E-08 0.1192E-08
BiCGStabl:       35 0.8401E-11 0.8401E-11
ComputeChange: NS (ITER=1) (NRM,RELC): (  1.6876918     0.96171726E-04 ) :: navier-stokes
FlowSolve: iter:    1 Assembly: (s)    0.06    0.06
FlowSolve: iter:    1 Solve:    (s)    0.13    0.13
FlowSolve:  Result Norm     :    1.6876918045737073
FlowSolve:  Relative Change :    9.6171725635038179E-005
FlowSolve: 
FlowSolve: 
FlowSolve: -------------------------------------
FlowSolve:  NAVIER-STOKES ITERATION           2
FlowSolve: -------------------------------------
FlowSolve: 
FlowSolve: Starting Assembly...
FlowSolve: Assembly:
FlowSolve: Assembly done
FlowSolve: Dirichlet conditions done
      10 0.2761E-04 0.2761E-04
      20 0.3169E-07 0.3169E-07
      30 0.3569E-09 0.3569E-09
BiCGStabl:       35 0.1819E-11 0.1819E-11
ComputeChange: NS (ITER=2) (NRM,RELC): (  1.6877406     0.28894177E-04 ) :: navier-stokes
FlowSolve: iter:    2 Assembly: (s)    0.06    0.12
FlowSolve: iter:    2 Solve:    (s)    0.13    0.26
FlowSolve:  Result Norm     :    1.6877405697431647
FlowSolve:  Relative Change :    2.8894176537764555E-005
FlowSolve: 
FlowSolve: 
FlowSolve: -------------------------------------
FlowSolve:  NAVIER-STOKES ITERATION           3
FlowSolve: -------------------------------------
FlowSolve: 
FlowSolve: Starting Assembly...
FlowSolve: Assembly:
FlowSolve: Assembly done
FlowSolve: Dirichlet conditions done
      10 0.8283E-05 0.8283E-05
      20 0.9477E-08 0.9477E-08
      30 0.8521E-10 0.8521E-10
BiCGStabl:       31 0.5406E-11 0.5406E-11
ComputeChange: NS (ITER=3) (NRM,RELC): (  1.6877552     0.86723456E-05 ) :: navier-stokes
FlowSolve: iter:    3 Assembly: (s)    0.06    0.17
FlowSolve: iter:    3 Solve:    (s)    0.12    0.38
FlowSolve:  Result Norm     :    1.6877552064760815
FlowSolve:  Relative Change :    8.6723455676719163E-006
FlowSolve: 
FlowSolve: 
FlowSolve: -------------------------------------
FlowSolve:  NAVIER-STOKES ITERATION           4
FlowSolve: -------------------------------------
FlowSolve: 
FlowSolve: Starting Assembly...
FlowSolve: Assembly:
FlowSolve: Assembly done
FlowSolve: Dirichlet conditions done
      10 0.2486E-05 0.2486E-05
      20 0.2828E-08 0.2828E-08
      30 0.3341E-10 0.3341E-10
BiCGStabl:       31 0.6024E-11 0.6024E-11
ComputeChange: NS (ITER=4) (NRM,RELC): (  1.6877596     0.26021481E-05 ) :: navier-stokes
FlowSolve: iter:    4 Assembly: (s)    0.06    0.23
FlowSolve: iter:    4 Solve:    (s)    0.11    0.49
FlowSolve:  Result Norm     :    1.6877595982708586
FlowSolve:  Relative Change :    2.6021481351554850E-006
FlowSolve: 
FlowSolve: 
FlowSolve: -------------------------------------
FlowSolve:  NAVIER-STOKES ITERATION           5
FlowSolve: -------------------------------------
FlowSolve: 
FlowSolve: Starting Assembly...
FlowSolve: Assembly:
FlowSolve: Assembly done
FlowSolve: Dirichlet conditions done
      10 0.7459E-06 0.7459E-06
      20 0.8459E-09 0.8459E-09
BiCGStabl:       30 0.8862E-11 0.8862E-11
ComputeChange: NS (ITER=5) (NRM,RELC): (  1.6877609     0.78070694E-06 ) :: navier-stokes
FlowSolve: iter:    5 Assembly: (s)    0.06    0.29
FlowSolve: iter:    5 Solve:    (s)    0.11    0.60
FlowSolve:  Result Norm     :    1.6877609159170071
FlowSolve:  Relative Change :    7.8070694156646321E-007
FlowSolve: 
FlowSolve: 
FlowSolve: -------------------------------------
FlowSolve:  NAVIER-STOKES ITERATION           6
FlowSolve: -------------------------------------
FlowSolve: 
FlowSolve: Starting Assembly...
FlowSolve: Assembly:
FlowSolve: Assembly done
FlowSolve: Dirichlet conditions done
      10 0.2239E-06 0.2239E-06
      20 0.2531E-09 0.2531E-09
BiCGStabl:       29 0.6318E-11 0.6318E-11
ComputeChange: NS (ITER=6) (NRM,RELC): (  1.6877613     0.23422490E-06 ) :: navier-stokes
FlowSolve: iter:    6 Assembly: (s)    0.06    0.35
FlowSolve: iter:    6 Solve:    (s)    0.11    0.70
FlowSolve:  Result Norm     :    1.6877613112326844
FlowSolve:  Relative Change :    2.3422489955742611E-007
FlowSolve: 
FlowSolve: 
FlowSolve: -------------------------------------
FlowSolve:  NAVIER-STOKES ITERATION           7
FlowSolve: -------------------------------------
FlowSolve: 
FlowSolve: Starting Assembly...
FlowSolve: Assembly:
FlowSolve: Assembly done
FlowSolve: Dirichlet conditions done
      10 0.6718E-07 0.6718E-07
      20 0.7577E-10 0.7577E-10
BiCGStabl:       24 0.9998E-11 0.9998E-11
ComputeChange: NS (ITER=7) (NRM,RELC): (  1.6877614     0.70270532E-07 ) :: navier-stokes
FlowSolve: iter:    7 Assembly: (s)    0.06    0.40
FlowSolve: iter:    7 Solve:    (s)    0.09    0.80
FlowSolve:  Result Norm     :    1.6877614298325732
FlowSolve:  Relative Change :    7.0270531645874931E-008
FlowSolve: 
FlowSolve: 
FlowSolve: -------------------------------------
FlowSolve:  NAVIER-STOKES ITERATION           8
FlowSolve: -------------------------------------
FlowSolve: 
FlowSolve: Starting Assembly...
FlowSolve: Assembly:
FlowSolve: Assembly done
FlowSolve: Dirichlet conditions done
      10 0.2016E-07 0.2016E-07
      20 0.2264E-10 0.2264E-10
BiCGStabl:       23 0.6058E-11 0.6058E-11
ComputeChange: NS (ITER=8) (NRM,RELC): (  1.6877615     0.21082296E-07 ) :: navier-stokes
FlowSolve: iter:    8 Assembly: (s)    0.06    0.46
FlowSolve: iter:    8 Solve:    (s)    0.09    0.88
FlowSolve:  Result Norm     :    1.6877614654144590
FlowSolve:  Relative Change :    2.1082295683583661E-008
FlowSolve: 
FlowSolve: 
FlowSolve: -------------------------------------
FlowSolve:  NAVIER-STOKES ITERATION           9
FlowSolve: -------------------------------------
FlowSolve: 
FlowSolve: Starting Assembly...
FlowSolve: Assembly:
FlowSolve: Assembly done
FlowSolve: Dirichlet conditions done
      10 0.6049E-08 0.6049E-08
BiCGStabl:       20 0.4849E-11 0.4849E-11
ComputeChange: NS (ITER=9) (NRM,RELC): (  1.6877615     0.63247974E-08 ) :: navier-stokes
FlowSolve: iter:    9 Assembly: (s)    0.06    0.52
FlowSolve: iter:    9 Solve:    (s)    0.07    0.96
FlowSolve:  Result Norm     :    1.6877614760892083
FlowSolve:  Relative Change :    6.3247973672256453E-009
FlowSolve: 
FlowSolve: 
FlowSolve: -------------------------------------
FlowSolve:  NAVIER-STOKES ITERATION          10
FlowSolve: -------------------------------------
FlowSolve: 
FlowSolve: Starting Assembly...
FlowSolve: Assembly:
FlowSolve: Assembly done
FlowSolve: Dirichlet conditions done
      10 0.1809E-08 0.1809E-08
BiCGStabl:       17 0.8195E-11 0.8195E-11
ComputeChange: NS (ITER=10) (NRM,RELC): (  1.6877615     0.18987681E-08 ) :: navier-stokes
FlowSolve: iter:   10 Assembly: (s)    0.06    0.57
FlowSolve: iter:   10 Solve:    (s)    0.07    1.02
FlowSolve:  Result Norm     :    1.6877614792938760
FlowSolve:  Relative Change :    1.8987680929582167E-009
ComputeChange: SS (ITER=21) (NRM,RELC): (  1.6876106     0.48073285E-04 ) :: navier-stokes
ResultOutputSolver: -------------------------------------
ResultOutputSolver: Saving in unstructured VTK XML (.vtu) format
ResultOutputSolver: -------------------------------------
MAIN: 
MAIN: -------------------------------------
MAIN:  Steady state iteration:           22
MAIN: -------------------------------------
MAIN: 
HeatSolver: ------------------------------------------------
HeatSolver: Solving energy equation for temperature
HeatSolver: Heat solver iteration: 1
IterSolver: "Linear System GCR Restart" not given, setting it to 200
   gcr:    10  0.4348E-08  0.2330E-08
   gcr:    20  0.4987E-09  0.3213E-09
   gcr:    30  0.1235E-10  0.1084E-10
ComputeChange: NS (ITER=1) (NRM,RELC): (  300.00014     0.81954908E-10 ) :: heat equation
ComputeChange: SS (ITER=22) (NRM,RELC): (  300.00014     0.28653238E-10 ) :: heat equation
FlowSolve: 
FlowSolve: 
FlowSolve: -------------------------------------
FlowSolve:  NAVIER-STOKES ITERATION           1
FlowSolve: -------------------------------------
FlowSolve: 
FlowSolve: Starting Assembly...
FlowSolve: Assembly:
FlowSolve: Assembly done
FlowSolve: Dirichlet conditions done
      10 0.2159E-03 0.2159E-03
      20 0.8177E-07 0.8177E-07
      30 0.6401E-09 0.6401E-09
BiCGStabl:       34 0.7803E-11 0.7803E-11
ComputeChange: NS (ITER=1) (NRM,RELC): (  1.6876822     0.42392531E-04 ) :: navier-stokes
FlowSolve: iter:    1 Assembly: (s)    0.06    0.06
FlowSolve: iter:    1 Solve:    (s)    0.12    0.12
FlowSolve:  Result Norm     :    1.6876821747839350
FlowSolve:  Relative Change :    4.2392530520644596E-005
FlowSolve: 
FlowSolve: 
FlowSolve: -------------------------------------
FlowSolve:  NAVIER-STOKES ITERATION           2
FlowSolve: -------------------------------------
FlowSolve: 
FlowSolve: Starting Assembly...
FlowSolve: Assembly:
FlowSolve: Assembly done
FlowSolve: Dirichlet conditions done
      10 0.6479E-04 0.6479E-04
      20 0.2438E-07 0.2438E-07
      30 0.3236E-09 0.3236E-09
BiCGStabl:       31 0.8891E-11 0.8891E-11
ComputeChange: NS (ITER=2) (NRM,RELC): (  1.6877037     0.12739913E-04 ) :: navier-stokes
FlowSolve: iter:    2 Assembly: (s)    0.06    0.12
FlowSolve: iter:    2 Solve:    (s)    0.11    0.24
FlowSolve:  Result Norm     :    1.6877036758443185
FlowSolve:  Relative Change :    1.2739912611444639E-005
FlowSolve: 
FlowSolve: 
FlowSolve: -------------------------------------
FlowSolve:  NAVIER-STOKES ITERATION           3
FlowSolve: -------------------------------------
FlowSolve: 
FlowSolve: Starting Assembly...
FlowSolve: Assembly:
FlowSolve: Assembly done
FlowSolve: Dirichlet conditions done
      10 0.1946E-04 0.1946E-04
      20 0.7334E-08 0.7334E-08
      30 0.7336E-10 0.7336E-10
BiCGStabl:       31 0.5105E-11 0.5105E-11
ComputeChange: NS (ITER=3) (NRM,RELC): (  1.6877101     0.38241520E-05 ) :: navier-stokes
FlowSolve: iter:    3 Assembly: (s)    0.06    0.17
FlowSolve: iter:    3 Solve:    (s)    0.11    0.35
FlowSolve:  Result Norm     :    1.6877101298920469
FlowSolve:  Relative Change :    3.8241520002724059E-006
FlowSolve: 
FlowSolve: 
FlowSolve: -------------------------------------
FlowSolve:  NAVIER-STOKES ITERATION           4
FlowSolve: -------------------------------------
FlowSolve: 
FlowSolve: Starting Assembly...
FlowSolve: Assembly:
FlowSolve: Assembly done
FlowSolve: Dirichlet conditions done
      10 0.5845E-05 0.5845E-05
      20 0.2211E-08 0.2211E-08
      30 0.2649E-10 0.2649E-10
BiCGStabl:       31 0.1509E-11 0.1509E-11
ComputeChange: NS (ITER=4) (NRM,RELC): (  1.6877121     0.11474969E-05 ) :: navier-stokes
FlowSolve: iter:    4 Assembly: (s)    0.06    0.23
FlowSolve: iter:    4 Solve:    (s)    0.12    0.47
FlowSolve:  Result Norm     :    1.6877120665352301
FlowSolve:  Relative Change :    1.1474968584394615E-006
FlowSolve: 
FlowSolve: 
FlowSolve: -------------------------------------
FlowSolve:  NAVIER-STOKES ITERATION           5
FlowSolve: -------------------------------------
FlowSolve: 
FlowSolve: Starting Assembly...
FlowSolve: Assembly:
FlowSolve: Assembly done
FlowSolve: Dirichlet conditions done
      10 0.1756E-05 0.1756E-05
      20 0.6597E-09 0.6597E-09
BiCGStabl:       29 0.8507E-11 0.8507E-11
ComputeChange: NS (ITER=5) (NRM,RELC): (  1.6877126     0.34428798E-06 ) :: navier-stokes
FlowSolve: iter:    5 Assembly: (s)    0.06    0.29
FlowSolve: iter:    5 Solve:    (s)    0.11    0.58
FlowSolve:  Result Norm     :    1.6877126475943107
FlowSolve:  Relative Change :    3.4428798141843348E-007
FlowSolve: 
FlowSolve: 
FlowSolve: -------------------------------------
FlowSolve:  NAVIER-STOKES ITERATION           6
FlowSolve: -------------------------------------
FlowSolve: 
FlowSolve: Starting Assembly...
FlowSolve: Assembly:
FlowSolve: Assembly done
FlowSolve: Dirichlet conditions done
      10 0.5274E-06 0.5274E-06
      20 0.1980E-09 0.1980E-09
BiCGStabl:       29 0.2925E-11 0.2925E-11
ComputeChange: NS (ITER=6) (NRM,RELC): (  1.6877128     0.10329511E-06 ) :: navier-stokes
FlowSolve: iter:    6 Assembly: (s)    0.06    0.35
FlowSolve: iter:    6 Solve:    (s)    0.11    0.69
FlowSolve:  Result Norm     :    1.6877128219267754
FlowSolve:  Relative Change :    1.0329510531961410E-007
FlowSolve: 
FlowSolve: 
FlowSolve: -------------------------------------
FlowSolve:  NAVIER-STOKES ITERATION           7
FlowSolve: -------------------------------------
FlowSolve: 
FlowSolve: Starting Assembly...
FlowSolve: Assembly:
FlowSolve: Assembly done
FlowSolve: Dirichlet conditions done
      10 0.1584E-06 0.1584E-06
      20 0.5954E-10 0.5954E-10
BiCGStabl:       24 0.9914E-11 0.9914E-11
ComputeChange: NS (ITER=7) (NRM,RELC): (  1.6877129     0.30990715E-07 ) :: navier-stokes
FlowSolve: iter:    7 Assembly: (s)    0.06    0.41
FlowSolve: iter:    7 Solve:    (s)    0.10    0.78
FlowSolve:  Result Norm     :    1.6877128742302037
FlowSolve:  Relative Change :    3.0990715224262430E-008
FlowSolve: 
FlowSolve: 
FlowSolve: -------------------------------------
FlowSolve:  NAVIER-STOKES ITERATION           8
FlowSolve: -------------------------------------
FlowSolve: 
FlowSolve: Starting Assembly...
FlowSolve: Assembly:
FlowSolve: Assembly done
FlowSolve: Dirichlet conditions done
      10 0.4752E-07 0.4752E-07
      20 0.1771E-10 0.1771E-10
BiCGStabl:       23 0.4940E-11 0.4940E-11
ComputeChange: NS (ITER=8) (NRM,RELC): (  1.6877129     0.92982428E-08 ) :: navier-stokes
FlowSolve: iter:    8 Assembly: (s)    0.06    0.47
FlowSolve: iter:    8 Solve:    (s)    0.09    0.88
FlowSolve:  Result Norm     :    1.6877128899229679
FlowSolve:  Relative Change :    9.2982428266512395E-009
FlowSolve: 
FlowSolve: 
FlowSolve: -------------------------------------
FlowSolve:  NAVIER-STOKES ITERATION           9
FlowSolve: -------------------------------------
FlowSolve: 
FlowSolve: Starting Assembly...
FlowSolve: Assembly:
FlowSolve: Assembly done
FlowSolve: Dirichlet conditions done
      10 0.1426E-07 0.1426E-07
BiCGStabl:       19 0.9880E-11 0.9880E-11
ComputeChange: NS (ITER=9) (NRM,RELC): (  1.6877129     0.27908661E-08 ) :: navier-stokes
FlowSolve: iter:    9 Assembly: (s)    0.06    0.53
FlowSolve: iter:    9 Solve:    (s)    0.08    0.95
FlowSolve:  Result Norm     :    1.6877128946331486
FlowSolve:  Relative Change :    2.7908660954580914E-009
FlowSolve: 
FlowSolve: 
FlowSolve: -------------------------------------
FlowSolve:  NAVIER-STOKES ITERATION          10
FlowSolve: -------------------------------------
FlowSolve: 
FlowSolve: Starting Assembly...
FlowSolve: Assembly:
FlowSolve: Assembly done
FlowSolve: Dirichlet conditions done
      10 0.4532E-08 0.4532E-08
BiCGStabl:       18 0.6938E-11 0.6938E-11
ComputeChange: NS (ITER=10) (NRM,RELC): (  1.6877129     0.83689179E-09 ) :: navier-stokes
FlowSolve: iter:   10 Assembly: (s)    0.06    0.59
FlowSolve: iter:   10 Solve:    (s)    0.07    1.02
FlowSolve:  Result Norm     :    1.6877128960455816
FlowSolve:  Relative Change :    8.3689178609734729E-010
ComputeChange: SS (ITER=22) (NRM,RELC): (  1.6876464     0.21189879E-04 ) :: navier-stokes
ResultOutputSolver: -------------------------------------
ResultOutputSolver: Saving in unstructured VTK XML (.vtu) format
ResultOutputSolver: -------------------------------------
MAIN: 
MAIN: -------------------------------------
MAIN:  Steady state iteration:           23
MAIN: -------------------------------------
MAIN: 
HeatSolver: ------------------------------------------------
HeatSolver: Solving energy equation for temperature
HeatSolver: Heat solver iteration: 1
IterSolver: "Linear System GCR Restart" not given, setting it to 200
   gcr:    10  0.3364E-08  0.1752E-08
   gcr:    20  0.3864E-09  0.2486E-09
   gcr:    30  0.1038E-10  0.9064E-11
ComputeChange: NS (ITER=1) (NRM,RELC): (  300.00014     0.77361394E-10 ) :: heat equation
ComputeChange: SS (ITER=23) (NRM,RELC): (  300.00014     0.27059539E-10 ) :: heat equation
FlowSolve: 
FlowSolve: 
FlowSolve: -------------------------------------
FlowSolve:  NAVIER-STOKES ITERATION           1
FlowSolve: -------------------------------------
FlowSolve: 
FlowSolve: Starting Assembly...
FlowSolve: Assembly:
FlowSolve: Assembly done
FlowSolve: Dirichlet conditions done
      10 0.2712E-02 0.2712E-02
      20 0.3544E-07 0.3544E-07
      30 0.6803E-09 0.6803E-09
BiCGStabl:       31 0.8259E-11 0.8259E-11
ComputeChange: NS (ITER=1) (NRM,RELC): (  1.6876690     0.13422110E-04 ) :: navier-stokes
FlowSolve: iter:    1 Assembly: (s)    0.06    0.06
FlowSolve: iter:    1 Solve:    (s)    0.12    0.12
FlowSolve:  Result Norm     :    1.6876690437533066
FlowSolve:  Relative Change :    1.3422109973465614E-005
FlowSolve: 
FlowSolve: 
FlowSolve: -------------------------------------
FlowSolve:  NAVIER-STOKES ITERATION           2
FlowSolve: -------------------------------------
FlowSolve: 
FlowSolve: Starting Assembly...
FlowSolve: Assembly:
FlowSolve: Assembly done
FlowSolve: Dirichlet conditions done
      10 0.8243E-03 0.8243E-03
      20 0.1056E-07 0.1056E-07
      30 0.2467E-09 0.2467E-09
BiCGStabl:       31 0.7391E-11 0.7391E-11
ComputeChange: NS (ITER=2) (NRM,RELC): (  1.6876759     0.40381544E-05 ) :: navier-stokes
FlowSolve: iter:    2 Assembly: (s)    0.06    0.12
FlowSolve: iter:    2 Solve:    (s)    0.12    0.24
FlowSolve:  Result Norm     :    1.6876758588351595
FlowSolve:  Relative Change :    4.0381543513522817E-006
FlowSolve: 
FlowSolve: 
FlowSolve: -------------------------------------
FlowSolve:  NAVIER-STOKES ITERATION           3
FlowSolve: -------------------------------------
FlowSolve: 
FlowSolve: Starting Assembly...
FlowSolve: Assembly:
FlowSolve: Assembly done
FlowSolve: Dirichlet conditions done
      10 0.2517E-03 0.2517E-03
      20 0.3223E-08 0.3223E-08
      30 0.1324E-09 0.1324E-09
BiCGStabl:       31 0.2285E-11 0.2285E-11
ComputeChange: NS (ITER=3) (NRM,RELC): (  1.6876779     0.12126182E-05 ) :: navier-stokes
FlowSolve: iter:    3 Assembly: (s)    0.06    0.18
FlowSolve: iter:    3 Solve:    (s)    0.12    0.35
FlowSolve:  Result Norm     :    1.6876779053427802
FlowSolve:  Relative Change :    1.2126181512706975E-006
FlowSolve: 
FlowSolve: 
FlowSolve: -------------------------------------
FlowSolve:  NAVIER-STOKES ITERATION           4
FlowSolve: -------------------------------------
FlowSolve: 
FlowSolve: Starting Assembly...
FlowSolve: Assembly:
FlowSolve: Assembly done
FlowSolve: Dirichlet conditions done
      10 0.7702E-04 0.7702E-04
      20 0.9798E-09 0.9798E-09
      30 0.3695E-10 0.3695E-10
BiCGStabl:       31 0.4499E-12 0.4499E-12
ComputeChange: NS (ITER=4) (NRM,RELC): (  1.6876785     0.36393137E-06 ) :: navier-stokes
FlowSolve: iter:    4 Assembly: (s)    0.06    0.24
FlowSolve: iter:    4 Solve:    (s)    0.12    0.47
FlowSolve:  Result Norm     :    1.6876785195418271
FlowSolve:  Relative Change :    3.6393137176704202E-007
FlowSolve: 
FlowSolve: 
FlowSolve: -------------------------------------
FlowSolve:  NAVIER-STOKES ITERATION           5
FlowSolve: -------------------------------------
FlowSolve: 
FlowSolve: Starting Assembly...
FlowSolve: Assembly:
FlowSolve: Assembly done
FlowSolve: Dirichlet conditions done
      10 0.2358E-04 0.2358E-04
      20 0.2943E-09 0.2943E-09
BiCGStabl:       29 0.7047E-11 0.7047E-11
ComputeChange: NS (ITER=5) (NRM,RELC): (  1.6876787     0.10920451E-06 ) :: navier-stokes
FlowSolve: iter:    5 Assembly: (s)    0.06    0.29
FlowSolve: iter:    5 Solve:    (s)    0.11    0.58
FlowSolve:  Result Norm     :    1.6876787038439420
FlowSolve:  Relative Change :    1.0920450945216631E-007
FlowSolve: 
FlowSolve: 
FlowSolve: -------------------------------------
FlowSolve:  NAVIER-STOKES ITERATION           6
FlowSolve: -------------------------------------
FlowSolve: 
FlowSolve: Starting Assembly...
FlowSolve: Assembly:
FlowSolve: Assembly done
FlowSolve: Dirichlet conditions done
      10 0.7153E-05 0.7153E-05
      20 0.8882E-10 0.8882E-10
BiCGStabl:       29 0.1931E-11 0.1931E-11
ComputeChange: NS (ITER=6) (NRM,RELC): (  1.6876788     0.32767386E-07 ) :: navier-stokes
FlowSolve: iter:    6 Assembly: (s)    0.06    0.35
FlowSolve: iter:    6 Solve:    (s)    0.11    0.69
FlowSolve:  Result Norm     :    1.6876787591447633
FlowSolve:  Relative Change :    3.2767386483939035E-008
FlowSolve: 
FlowSolve: 
FlowSolve: -------------------------------------
FlowSolve:  NAVIER-STOKES ITERATION           7
FlowSolve: -------------------------------------
FlowSolve: 
FlowSolve: Starting Assembly...
FlowSolve: Assembly:
FlowSolve: Assembly done
FlowSolve: Dirichlet conditions done
      10 0.2180E-05 0.2180E-05
      20 0.2674E-10 0.2674E-10
BiCGStabl:       23 0.8619E-11 0.8619E-11
ComputeChange: NS (ITER=7) (NRM,RELC): (  1.6876788     0.98320617E-08 ) :: navier-stokes
FlowSolve: iter:    7 Assembly: (s)    0.06    0.41
FlowSolve: iter:    7 Solve:    (s)    0.09    0.78
FlowSolve:  Result Norm     :    1.6876787757381251
FlowSolve:  Relative Change :    9.8320617144870342E-009
FlowSolve: 
FlowSolve: 
FlowSolve: -------------------------------------
FlowSolve:  NAVIER-STOKES ITERATION           8
FlowSolve: -------------------------------------
FlowSolve: 
FlowSolve: Starting Assembly...
FlowSolve: Assembly:
FlowSolve: Assembly done
FlowSolve: Dirichlet conditions done
      10 0.6670E-06 0.6670E-06
      20 0.8062E-11 0.8062E-11
BiCGStabl:       20 0.8062E-11 0.8062E-11
ComputeChange: NS (ITER=8) (NRM,RELC): (  1.6876788     0.29485355E-08 ) :: navier-stokes
FlowSolve: iter:    8 Assembly: (s)    0.06    0.47
FlowSolve: iter:    8 Solve:    (s)    0.08    0.86
FlowSolve:  Result Norm     :    1.6876787807143059
FlowSolve:  Relative Change :    2.9485355062550435E-009
FlowSolve: 
FlowSolve: 
FlowSolve: -------------------------------------
FlowSolve:  NAVIER-STOKES ITERATION           9
FlowSolve: -------------------------------------
FlowSolve: 
FlowSolve: Starting Assembly...
FlowSolve: Assembly:
FlowSolve: Assembly done
FlowSolve: Dirichlet conditions done
      10 0.2824E-06 0.2824E-06
BiCGStabl:       19 0.9783E-11 0.9783E-11
ComputeChange: NS (ITER=9) (NRM,RELC): (  1.6876788     0.88697837E-09 ) :: navier-stokes
FlowSolve: iter:    9 Assembly: (s)    0.06    0.53
FlowSolve: iter:    9 Solve:    (s)    0.07    0.93
FlowSolve:  Result Norm     :    1.6876787822112405
FlowSolve:  Relative Change :    8.8697837096554203E-010
FlowSolve: 
FlowSolve: 
FlowSolve: -------------------------------------
FlowSolve:  NAVIER-STOKES ITERATION          10
FlowSolve: -------------------------------------
FlowSolve: 
FlowSolve: Starting Assembly...
FlowSolve: Assembly:
FlowSolve: Assembly done
FlowSolve: Dirichlet conditions done
      10 0.1033E-06 0.1033E-06
BiCGStabl:       17 0.9965E-11 0.9965E-11
ComputeChange: NS (ITER=10) (NRM,RELC): (  1.6876788     0.26673251E-09 ) :: navier-stokes
FlowSolve: iter:   10 Assembly: (s)    0.06    0.59
FlowSolve: iter:   10 Solve:    (s)    0.07    1.00
FlowSolve:  Result Norm     :    1.6876787826613993
FlowSolve:  Relative Change :    2.6673251083706974E-010
ComputeChange: SS (ITER=23) (NRM,RELC): (  1.6876577     0.67079330E-05 ) :: navier-stokes
ResultOutputSolver: -------------------------------------
ResultOutputSolver: Saving in unstructured VTK XML (.vtu) format
ResultOutputSolver: -------------------------------------
MAIN: 
MAIN: -------------------------------------
MAIN:  Steady state iteration:           24
MAIN: -------------------------------------
MAIN: 
HeatSolver: ------------------------------------------------
HeatSolver: Solving energy equation for temperature
HeatSolver: Heat solver iteration: 1
IterSolver: "Linear System GCR Restart" not given, setting it to 200
   gcr:    10  0.2589E-08  0.1312E-08
   gcr:    20  0.2986E-09  0.1924E-09
   gcr:    30  0.8589E-11  0.7527E-11
ComputeChange: NS (ITER=1) (NRM,RELC): (  300.00014     0.69329991E-10 ) :: heat equation
ComputeChange: SS (ITER=24) (NRM,RELC): (  300.00014     0.24252233E-10 ) :: heat equation
FlowSolve: 
FlowSolve: 
FlowSolve: -------------------------------------
FlowSolve:  NAVIER-STOKES ITERATION           1
FlowSolve: -------------------------------------
FlowSolve: 
FlowSolve: Starting Assembly...
FlowSolve: Assembly:
FlowSolve: Assembly done
FlowSolve: Dirichlet conditions done
      10 0.2428E-03 0.2428E-03
      20 0.2532E-07 0.2532E-07
      30 0.5328E-09 0.5328E-09
BiCGStabl:       32 0.9954E-11 0.9954E-11
ComputeChange: NS (ITER=1) (NRM,RELC): (  1.6876560     0.99688314E-06 ) :: navier-stokes
FlowSolve: iter:    1 Assembly: (s)    0.06    0.06
FlowSolve: iter:    1 Solve:    (s)    0.12    0.12
FlowSolve:  Result Norm     :    1.6876560300859840
FlowSolve:  Relative Change :    9.9688314183677906E-007
FlowSolve: 
FlowSolve: 
FlowSolve: -------------------------------------
FlowSolve:  NAVIER-STOKES ITERATION           2
FlowSolve: -------------------------------------
FlowSolve: 
FlowSolve: Starting Assembly...
FlowSolve: Assembly:
FlowSolve: Assembly done
FlowSolve: Dirichlet conditions done
      10 0.7280E-04 0.7280E-04
      20 0.7508E-08 0.7508E-08
      30 0.1377E-09 0.1377E-09
BiCGStabl:       31 0.2827E-11 0.2827E-11
ComputeChange: NS (ITER=2) (NRM,RELC): (  1.6876555     0.29303855E-06 ) :: navier-stokes
FlowSolve: iter:    2 Assembly: (s)    0.06    0.12
FlowSolve: iter:    2 Solve:    (s)    0.11    0.23
FlowSolve:  Result Norm     :    1.6876555355377723
FlowSolve:  Relative Change :    2.9303855487154283E-007
FlowSolve: 
FlowSolve: 
FlowSolve: -------------------------------------
FlowSolve:  NAVIER-STOKES ITERATION           3
FlowSolve: -------------------------------------
FlowSolve: 
FlowSolve: Starting Assembly...
FlowSolve: Assembly:
FlowSolve: Assembly done
FlowSolve: Dirichlet conditions done
      10 0.2182E-04 0.2182E-04
      20 0.2238E-08 0.2238E-08
      30 0.8450E-10 0.8450E-10
BiCGStabl:       31 0.1721E-11 0.1721E-11
ComputeChange: NS (ITER=3) (NRM,RELC): (  1.6876554     0.87269859E-07 ) :: navier-stokes
FlowSolve: iter:    3 Assembly: (s)    0.06    0.17
FlowSolve: iter:    3 Solve:    (s)    0.12    0.35
FlowSolve:  Result Norm     :    1.6876553882563179
FlowSolve:  Relative Change :    8.7269859097991473E-008
FlowSolve: 
FlowSolve: 
FlowSolve: -------------------------------------
FlowSolve:  NAVIER-STOKES ITERATION           4
FlowSolve: -------------------------------------
FlowSolve: 
FlowSolve: Starting Assembly...
FlowSolve: Assembly:
FlowSolve: Assembly done
FlowSolve: Dirichlet conditions done
      10 0.6540E-05 0.6540E-05
      20 0.6670E-09 0.6670E-09
      30 0.2474E-10 0.2474E-10
BiCGStabl:       31 0.3024E-11 0.3024E-11
ComputeChange: NS (ITER=4) (NRM,RELC): (  1.6876553     0.26093439E-07 ) :: navier-stokes
FlowSolve: iter:    4 Assembly: (s)    0.06    0.23
FlowSolve: iter:    4 Solve:    (s)    0.12    0.47
FlowSolve:  Result Norm     :    1.6876553442195847
FlowSolve:  Relative Change :    2.6093439472221621E-008
FlowSolve: 
FlowSolve: 
FlowSolve: -------------------------------------
FlowSolve:  NAVIER-STOKES ITERATION           5
FlowSolve: -------------------------------------
FlowSolve: 
FlowSolve: Starting Assembly...
FlowSolve: Assembly:
FlowSolve: Assembly done
FlowSolve: Dirichlet conditions done
      10 0.1960E-05 0.1960E-05
      20 0.1981E-09 0.1981E-09
BiCGStabl:       29 0.6648E-11 0.6648E-11
ComputeChange: NS (ITER=5) (NRM,RELC): (  1.6876553     0.78113862E-08 ) :: navier-stokes
FlowSolve: iter:    5 Assembly: (s)    0.06    0.29
FlowSolve: iter:    5 Solve:    (s)    0.11    0.57
FlowSolve:  Result Norm     :    1.6876553310366571
FlowSolve:  Relative Change :    7.8113862140469184E-009
FlowSolve: 
FlowSolve: 
FlowSolve: -------------------------------------
FlowSolve:  NAVIER-STOKES ITERATION           6
FlowSolve: -------------------------------------
FlowSolve: 
FlowSolve: Starting Assembly...
FlowSolve: Assembly:
FlowSolve: Assembly done
FlowSolve: Dirichlet conditions done
      10 0.5876E-06 0.5876E-06
      20 0.5918E-10 0.5918E-10
BiCGStabl:       25 0.8971E-11 0.8971E-11
ComputeChange: NS (ITER=6) (NRM,RELC): (  1.6876553     0.23392593E-08 ) :: navier-stokes
FlowSolve: iter:    6 Assembly: (s)    0.06    0.35
FlowSolve: iter:    6 Solve:    (s)    0.09    0.67
FlowSolve:  Result Norm     :    1.6876553270887937
FlowSolve:  Relative Change :    2.3392592679093989E-009
FlowSolve: 
FlowSolve: 
FlowSolve: -------------------------------------
FlowSolve:  NAVIER-STOKES ITERATION           7
FlowSolve: -------------------------------------
FlowSolve: 
FlowSolve: Starting Assembly...
FlowSolve: Assembly:
FlowSolve: Assembly done
FlowSolve: Dirichlet conditions done
      10 0.1761E-06 0.1761E-06
      20 0.1769E-10 0.1769E-10
BiCGStabl:       22 0.7659E-11 0.7659E-11
ComputeChange: NS (ITER=7) (NRM,RELC): (  1.6876553     0.70091984E-09 ) :: navier-stokes
FlowSolve: iter:    7 Assembly: (s)    0.06    0.41
FlowSolve: iter:    7 Solve:    (s)    0.08    0.75
FlowSolve:  Result Norm     :    1.6876553259058826
FlowSolve:  Relative Change :    7.0091984058100898E-010
FlowSolve: 
FlowSolve: 
FlowSolve: -------------------------------------
FlowSolve:  NAVIER-STOKES ITERATION           8
FlowSolve: -------------------------------------
FlowSolve: 
FlowSolve: Starting Assembly...
FlowSolve: Assembly:
FlowSolve: Assembly done
FlowSolve: Dirichlet conditions done
      10 0.5255E-07 0.5255E-07
      20 0.5114E-11 0.5114E-11
BiCGStabl:       20 0.5114E-11 0.5114E-11
ComputeChange: NS (ITER=8) (NRM,RELC): (  1.6876553     0.21050694E-09 ) :: navier-stokes
FlowSolve: iter:    8 Assembly: (s)    0.06    0.46
FlowSolve: iter:    8 Solve:    (s)    0.08    0.83
FlowSolve:  Result Norm     :    1.6876553255506195
FlowSolve:  Relative Change :    2.1050693634754241E-010
FlowSolve: 
FlowSolve: 
FlowSolve: -------------------------------------
FlowSolve:  NAVIER-STOKES ITERATION           9
FlowSolve: -------------------------------------
FlowSolve: 
FlowSolve: Starting Assembly...
FlowSolve: Assembly:
FlowSolve: Assembly done
FlowSolve: Dirichlet conditions done
      10 0.1565E-07 0.1565E-07
BiCGStabl:       19 0.5042E-11 0.5042E-11
ComputeChange: NS (ITER=9) (NRM,RELC): (  1.6876553     0.61469184E-10 ) :: navier-stokes
FlowSolve: iter:    9 Assembly: (s)    0.06    0.52
FlowSolve: iter:    9 Solve:    (s)    0.07    0.90
FlowSolve:  Result Norm     :    1.6876553254468807
FlowSolve:  Relative Change :    6.1469183763045340E-011
ComputeChange: SS (ITER=24) (NRM,RELC): (  1.6876569     0.49989217E-06 ) :: navier-stokes
ResultOutputSolver: -------------------------------------
ResultOutputSolver: Saving in unstructured VTK XML (.vtu) format
ResultOutputSolver: -------------------------------------
MAIN: 
MAIN: -------------------------------------
MAIN:  Steady state iteration:           25
MAIN: -------------------------------------
MAIN: 
HeatSolver: ------------------------------------------------
HeatSolver: Solving energy equation for temperature
HeatSolver: Heat solver iteration: 1
IterSolver: "Linear System GCR Restart" not given, setting it to 200
   gcr:    10  0.1985E-08  0.9805E-09
   gcr:    20  0.2302E-09  0.1487E-09
ComputeChange: NS (ITER=1) (NRM,RELC): (  300.00014     0.61847505E-10 ) :: heat equation
ComputeChange: SS (ITER=25) (NRM,RELC): (  300.00014     0.21640658E-10 ) :: heat equation
FlowSolve: 
FlowSolve: 
FlowSolve: -------------------------------------
FlowSolve:  NAVIER-STOKES ITERATION           1
FlowSolve: -------------------------------------
FlowSolve: 
FlowSolve: Starting Assembly...
FlowSolve: Assembly:
FlowSolve: Assembly done
FlowSolve: Dirichlet conditions done
      10 0.8601E-04 0.8601E-04
      20 0.1756E-07 0.1756E-07
      30 0.1428E-10 0.1428E-10
BiCGStabl:       31 0.8715E-11 0.8715E-11
ComputeChange: NS (ITER=1) (NRM,RELC): (  1.6876447     0.71906470E-05 ) :: navier-stokes
FlowSolve: iter:    1 Assembly: (s)    0.06    0.06
FlowSolve: iter:    1 Solve:    (s)    0.11    0.11
FlowSolve:  Result Norm     :    1.6876447335348030
FlowSolve:  Relative Change :    7.1906470217216725E-006
FlowSolve: 
FlowSolve: 
FlowSolve: -------------------------------------
FlowSolve:  NAVIER-STOKES ITERATION           2
FlowSolve: -------------------------------------
FlowSolve: 
FlowSolve: Starting Assembly...
FlowSolve: Assembly:
FlowSolve: Assembly done
FlowSolve: Dirichlet conditions done
      10 0.2580E-04 0.2580E-04
      20 0.5281E-08 0.5281E-08
      30 0.2643E-10 0.2643E-10
BiCGStabl:       31 0.4872E-11 0.4872E-11
ComputeChange: NS (ITER=2) (NRM,RELC): (  1.6876411     0.21540076E-05 ) :: navier-stokes
FlowSolve: iter:    2 Assembly: (s)    0.06    0.11
FlowSolve: iter:    2 Solve:    (s)    0.11    0.23
FlowSolve:  Result Norm     :    1.6876410983392194
FlowSolve:  Relative Change :    2.1540075506102429E-006
FlowSolve: 
FlowSolve: 
FlowSolve: -------------------------------------
FlowSolve:  NAVIER-STOKES ITERATION           3
FlowSolve: -------------------------------------
FlowSolve: 
FlowSolve: Starting Assembly...
FlowSolve: Assembly:
FlowSolve: Assembly done
FlowSolve: Dirichlet conditions done
      10 0.7736E-05 0.7736E-05
      20 0.1588E-08 0.1588E-08
      30 0.4596E-11 0.4596E-11
BiCGStabl:       30 0.4596E-11 0.4596E-11
ComputeChange: NS (ITER=3) (NRM,RELC): (  1.6876400     0.64584173E-06 ) :: navier-stokes
FlowSolve: iter:    3 Assembly: (s)    0.06    0.17
FlowSolve: iter:    3 Solve:    (s)    0.11    0.34
FlowSolve:  Result Norm     :    1.6876400083905267
FlowSolve:  Relative Change :    6.4584172883316213E-007
FlowSolve: 
FlowSolve: 
FlowSolve: -------------------------------------
FlowSolve:  NAVIER-STOKES ITERATION           4
FlowSolve: -------------------------------------
FlowSolve: 
FlowSolve: Starting Assembly...
FlowSolve: Assembly:
FlowSolve: Assembly done
FlowSolve: Dirichlet conditions done
      10 0.2320E-05 0.2320E-05
      20 0.4774E-09 0.4774E-09
BiCGStabl:       30 0.2967E-11 0.2967E-11
ComputeChange: NS (ITER=4) (NRM,RELC): (  1.6876397     0.19369807E-06 ) :: navier-stokes
FlowSolve: iter:    4 Assembly: (s)    0.06    0.23
FlowSolve: iter:    4 Solve:    (s)    0.11    0.45
FlowSolve:  Result Norm     :    1.6876396814979469
FlowSolve:  Relative Change :    1.9369806945072688E-007
FlowSolve: 
FlowSolve: 
FlowSolve: -------------------------------------
FlowSolve:  NAVIER-STOKES ITERATION           5
FlowSolve: -------------------------------------
FlowSolve: 
FlowSolve: Starting Assembly...
FlowSolve: Assembly:
FlowSolve: Assembly done
FlowSolve: Dirichlet conditions done
      10 0.6956E-06 0.6956E-06
      20 0.1435E-09 0.1435E-09
BiCGStabl:       26 0.8072E-11 0.8072E-11
ComputeChange: NS (ITER=5) (NRM,RELC): (  1.6876396     0.58098352E-07 ) :: navier-stokes
FlowSolve: iter:    5 Assembly: (s)    0.06    0.29
FlowSolve: iter:    5 Solve:    (s)    0.10    0.55
FlowSolve:  Result Norm     :    1.6876395834488658
FlowSolve:  Relative Change :    5.8098351798462435E-008
FlowSolve: 
FlowSolve: 
FlowSolve: -------------------------------------
FlowSolve:  NAVIER-STOKES ITERATION           6
FlowSolve: -------------------------------------
FlowSolve: 
FlowSolve: Starting Assembly...
FlowSolve: Assembly:
FlowSolve: Assembly done
FlowSolve: Dirichlet conditions done
      10 0.2086E-06 0.2086E-06
      20 0.4318E-10 0.4318E-10
BiCGStabl:       24 0.7711E-11 0.7711E-11
ComputeChange: NS (ITER=6) (NRM,RELC): (  1.6876396     0.17426348E-07 ) :: navier-stokes
FlowSolve: iter:    6 Assembly: (s)    0.06    0.35
FlowSolve: iter:    6 Solve:    (s)    0.09    0.64
FlowSolve:  Result Norm     :    1.6876395540394720
FlowSolve:  Relative Change :    1.7426347635956865E-008
FlowSolve: 
FlowSolve: 
FlowSolve: -------------------------------------
FlowSolve:  NAVIER-STOKES ITERATION           7
FlowSolve: -------------------------------------
FlowSolve: 
FlowSolve: Starting Assembly...
FlowSolve: Assembly:
FlowSolve: Assembly done
FlowSolve: Dirichlet conditions done
      10 0.6257E-07 0.6257E-07
      20 0.1300E-10 0.1300E-10
BiCGStabl:       22 0.5415E-11 0.5415E-11
ComputeChange: NS (ITER=7) (NRM,RELC): (  1.6876395     0.52268957E-08 ) :: navier-stokes
FlowSolve: iter:    7 Assembly: (s)    0.06    0.40
FlowSolve: iter:    7 Solve:    (s)    0.08    0.73
FlowSolve:  Result Norm     :    1.6876395452183561
FlowSolve:  Relative Change :    5.2268956601044538E-009
FlowSolve: 
FlowSolve: 
FlowSolve: -------------------------------------
FlowSolve:  NAVIER-STOKES ITERATION           8
FlowSolve: -------------------------------------
FlowSolve: 
FlowSolve: Starting Assembly...
FlowSolve: Assembly:
FlowSolve: Assembly done
FlowSolve: Dirichlet conditions done
      10 0.1881E-07 0.1881E-07
BiCGStabl:       19 0.9990E-11 0.9990E-11
ComputeChange: NS (ITER=8) (NRM,RELC): (  1.6876395     0.15676758E-08 ) :: navier-stokes
FlowSolve: iter:    8 Assembly: (s)    0.06    0.46
FlowSolve: iter:    8 Solve:    (s)    0.07    0.80
FlowSolve:  Result Norm     :    1.6876395425726844
FlowSolve:  Relative Change :    1.5676758057153968E-009
FlowSolve: 
FlowSolve: 
FlowSolve: -------------------------------------
FlowSolve:  NAVIER-STOKES ITERATION           9
FlowSolve: -------------------------------------
FlowSolve: 
FlowSolve: Starting Assembly...
FlowSolve: Assembly:
FlowSolve: Assembly done
FlowSolve: Dirichlet conditions done
      10 0.5659E-08 0.5659E-08
BiCGStabl:       17 0.8815E-11 0.8815E-11
ComputeChange: NS (ITER=9) (NRM,RELC): (  1.6876395     0.46768963E-09 ) :: navier-stokes
FlowSolve: iter:    9 Assembly: (s)    0.06    0.52
FlowSolve: iter:    9 Solve:    (s)    0.07    0.87
FlowSolve:  Result Norm     :    1.6876395417833929
FlowSolve:  Relative Change :    4.6768963472610457E-010
FlowSolve: 
FlowSolve: 
FlowSolve: -------------------------------------
FlowSolve:  NAVIER-STOKES ITERATION          10
FlowSolve: -------------------------------------
FlowSolve: 
FlowSolve: Starting Assembly...
FlowSolve: Assembly:
FlowSolve: Assembly done
FlowSolve: Dirichlet conditions done
      10 0.1711E-08 0.1711E-08
BiCGStabl:       16 0.4352E-11 0.4352E-11
ComputeChange: NS (ITER=10) (NRM,RELC): (  1.6876395     0.14188523E-09 ) :: navier-stokes
FlowSolve: iter:   10 Assembly: (s)    0.06    0.58
FlowSolve: iter:   10 Solve:    (s)    0.06    0.93
FlowSolve:  Result Norm     :    1.6876395415439418
FlowSolve:  Relative Change :    1.4188523063299675E-010
ComputeChange: SS (ITER=25) (NRM,RELC): (  1.6876508     0.35959576E-05 ) :: navier-stokes
ResultOutputSolver: -------------------------------------
ResultOutputSolver: Saving in unstructured VTK XML (.vtu) format
ResultOutputSolver: -------------------------------------
MAIN: 
MAIN: -------------------------------------
MAIN:  Steady state iteration:           26
MAIN: -------------------------------------
MAIN: 
HeatSolver: ------------------------------------------------
HeatSolver: Solving energy equation for temperature
HeatSolver: Heat solver iteration: 1
IterSolver: "Linear System GCR Restart" not given, setting it to 200
   gcr:    10  0.1515E-08  0.7314E-09
   gcr:    20  0.1772E-09  0.1149E-09
ComputeChange: NS (ITER=1) (NRM,RELC): (  300.00014     0.55487677E-10 ) :: heat equation
ComputeChange: SS (ITER=26) (NRM,RELC): (  300.00014     0.19418461E-10 ) :: heat equation
FlowSolve: 
FlowSolve: 
FlowSolve: -------------------------------------
FlowSolve:  NAVIER-STOKES ITERATION           1
FlowSolve: -------------------------------------
FlowSolve: 
FlowSolve: Starting Assembly...
FlowSolve: Assembly:
FlowSolve: Assembly done
FlowSolve: Dirichlet conditions done
      10 0.4830E-04 0.4830E-04
      20 0.1758E-07 0.1758E-07
      30 0.1845E-10 0.1845E-10
BiCGStabl:       31 0.9381E-11 0.9381E-11
ComputeChange: NS (ITER=1) (NRM,RELC): (  1.6876356     0.89776794E-05 ) :: navier-stokes
FlowSolve: iter:    1 Assembly: (s)    0.06    0.06
FlowSolve: iter:    1 Solve:    (s)    0.11    0.11
FlowSolve:  Result Norm     :    1.6876356489846474
FlowSolve:  Relative Change :    8.9776793846705242E-006
FlowSolve: 
FlowSolve: 
FlowSolve: -------------------------------------
FlowSolve:  NAVIER-STOKES ITERATION           2
FlowSolve: -------------------------------------
FlowSolve: 
FlowSolve: Starting Assembly...
FlowSolve: Assembly:
FlowSolve: Assembly done
FlowSolve: Dirichlet conditions done
      10 0.1449E-04 0.1449E-04
      20 0.5248E-08 0.5248E-08
      30 0.1353E-10 0.1353E-10
BiCGStabl:       31 0.8179E-11 0.8179E-11
ComputeChange: NS (ITER=2) (NRM,RELC): (  1.6876311     0.26915921E-05 ) :: navier-stokes
FlowSolve: iter:    2 Assembly: (s)    0.06    0.12
FlowSolve: iter:    2 Solve:    (s)    0.12    0.23
FlowSolve:  Result Norm     :    1.6876311065640224
FlowSolve:  Relative Change :    2.6915920749127073E-006
FlowSolve: 
FlowSolve: 
FlowSolve: -------------------------------------
FlowSolve:  NAVIER-STOKES ITERATION           3
FlowSolve: -------------------------------------
FlowSolve: 
FlowSolve: Starting Assembly...
FlowSolve: Assembly:
FlowSolve: Assembly done
FlowSolve: Dirichlet conditions done
      10 0.4346E-05 0.4346E-05
      20 0.1567E-08 0.1567E-08
BiCGStabl:       29 0.7661E-11 0.7661E-11
ComputeChange: NS (ITER=3) (NRM,RELC): (  1.6876297     0.80726776E-06 ) :: navier-stokes
FlowSolve: iter:    3 Assembly: (s)    0.06    0.17
FlowSolve: iter:    3 Solve:    (s)    0.11    0.34
FlowSolve:  Result Norm     :    1.6876297441943851
FlowSolve:  Relative Change :    8.0726776244234933E-007
FlowSolve: 
FlowSolve: 
FlowSolve: -------------------------------------
FlowSolve:  NAVIER-STOKES ITERATION           4
FlowSolve: -------------------------------------
FlowSolve: 
FlowSolve: Starting Assembly...
FlowSolve: Assembly:
FlowSolve: Assembly done
FlowSolve: Dirichlet conditions done
      10 0.1304E-05 0.1304E-05
      20 0.4686E-09 0.4686E-09
BiCGStabl:       27 0.9670E-11 0.9670E-11
ComputeChange: NS (ITER=4) (NRM,RELC): (  1.6876293     0.24214608E-06 ) :: navier-stokes
FlowSolve: iter:    4 Assembly: (s)    0.06    0.23
FlowSolve: iter:    4 Solve:    (s)    0.10    0.44
FlowSolve:  Result Norm     :    1.6876293355415068
FlowSolve:  Relative Change :    2.4214608037449857E-007
FlowSolve: 
FlowSolve: 
FlowSolve: -------------------------------------
FlowSolve:  NAVIER-STOKES ITERATION           5
FlowSolve: -------------------------------------
FlowSolve: 
FlowSolve: Starting Assembly...
FlowSolve: Assembly:
FlowSolve: Assembly done
FlowSolve: Dirichlet conditions done
      10 0.3910E-06 0.3910E-06
      20 0.1404E-09 0.1404E-09
BiCGStabl:       26 0.2996E-11 0.2996E-11
ComputeChange: NS (ITER=5) (NRM,RELC): (  1.6876292     0.72635375E-07 ) :: navier-stokes
FlowSolve: iter:    5 Assembly: (s)    0.06    0.29
FlowSolve: iter:    5 Solve:    (s)    0.10    0.54
FlowSolve:  Result Norm     :    1.6876292129599209
FlowSolve:  Relative Change :    7.2635375472080802E-008
FlowSolve: 
FlowSolve: 
FlowSolve: -------------------------------------
FlowSolve:  NAVIER-STOKES ITERATION           6
FlowSolve: -------------------------------------
FlowSolve: 
FlowSolve: Starting Assembly...
FlowSolve: Assembly:
FlowSolve: Assembly done
FlowSolve: Dirichlet conditions done
      10 0.1172E-06 0.1172E-06
      20 0.4194E-10 0.4194E-10
BiCGStabl:       23 0.9464E-11 0.9464E-11
ComputeChange: NS (ITER=6) (NRM,RELC): (  1.6876292     0.21788520E-07 ) :: navier-stokes
FlowSolve: iter:    6 Assembly: (s)    0.06    0.35
FlowSolve: iter:    6 Solve:    (s)    0.08    0.62
FlowSolve:  Result Norm     :    1.6876291761889788
FlowSolve:  Relative Change :    2.1788519769160417E-008
FlowSolve: 
FlowSolve: 
FlowSolve: -------------------------------------
FlowSolve:  NAVIER-STOKES ITERATION           7
FlowSolve: -------------------------------------
FlowSolve: 
FlowSolve: Starting Assembly...
FlowSolve: Assembly:
FlowSolve: Assembly done
FlowSolve: Dirichlet conditions done
      10 0.3519E-07 0.3519E-07
      20 0.1254E-10 0.1254E-10
BiCGStabl:       22 0.7045E-11 0.7045E-11
ComputeChange: NS (ITER=7) (NRM,RELC): (  1.6876292     0.65349549E-08 ) :: navier-stokes
FlowSolve: iter:    7 Assembly: (s)    0.06    0.40
FlowSolve: iter:    7 Solve:    (s)    0.08    0.71
FlowSolve:  Result Norm     :    1.6876291651603983
FlowSolve:  Relative Change :    6.5349548851893385E-009
FlowSolve: 
FlowSolve: 
FlowSolve: -------------------------------------
FlowSolve:  NAVIER-STOKES ITERATION           8
FlowSolve: -------------------------------------
FlowSolve: 
FlowSolve: Starting Assembly...
FlowSolve: Assembly:
FlowSolve: Assembly done
FlowSolve: Dirichlet conditions done
      10 0.1064E-07 0.1064E-07
BiCGStabl:       19 0.7200E-11 0.7200E-11
ComputeChange: NS (ITER=8) (NRM,RELC): (  1.6876292     0.19616428E-08 ) :: navier-stokes
FlowSolve: iter:    8 Assembly: (s)    0.06    0.46
FlowSolve: iter:    8 Solve:    (s)    0.07    0.78
FlowSolve:  Result Norm     :    1.6876291618498727
FlowSolve:  Relative Change :    1.9616428199961044E-009
FlowSolve: 
FlowSolve: 
FlowSolve: -------------------------------------
FlowSolve:  NAVIER-STOKES ITERATION           9
FlowSolve: -------------------------------------
FlowSolve: 
FlowSolve: Starting Assembly...
FlowSolve: Assembly:
FlowSolve: Assembly done
FlowSolve: Dirichlet conditions done
      10 0.3217E-08 0.3217E-08
BiCGStabl:       17 0.9814E-11 0.9814E-11
ComputeChange: NS (ITER=9) (NRM,RELC): (  1.6876292     0.58539491E-09 ) :: navier-stokes
FlowSolve: iter:    9 Assembly: (s)    0.06    0.52
FlowSolve: iter:    9 Solve:    (s)    0.07    0.85
FlowSolve:  Result Norm     :    1.6876291608619431
FlowSolve:  Relative Change :    5.8539490700569535E-010
FlowSolve: 
FlowSolve: 
FlowSolve: -------------------------------------
FlowSolve:  NAVIER-STOKES ITERATION          10
FlowSolve: -------------------------------------
FlowSolve: 
FlowSolve: Starting Assembly...
FlowSolve: Assembly:
FlowSolve: Assembly done
FlowSolve: Dirichlet conditions done
      10 0.8418E-09 0.8418E-09
BiCGStabl:       15 0.7014E-11 0.7014E-11
ComputeChange: NS (ITER=10) (NRM,RELC): (  1.6876292     0.17604217E-09 ) :: navier-stokes
FlowSolve: iter:   10 Assembly: (s)    0.06    0.58
FlowSolve: iter:   10 Solve:    (s)    0.06    0.90
FlowSolve:  Result Norm     :    1.6876291605648492
FlowSolve:  Relative Change :    1.7604217321491688E-010
ComputeChange: SS (ITER=26) (NRM,RELC): (  1.6876432     0.44890819E-05 ) :: navier-stokes
ResultOutputSolver: -------------------------------------
ResultOutputSolver: Saving in unstructured VTK XML (.vtu) format
ResultOutputSolver: -------------------------------------
MAIN: 
MAIN: -------------------------------------
MAIN:  Steady state iteration:           27
MAIN: -------------------------------------
MAIN: 
HeatSolver: ------------------------------------------------
HeatSolver: Solving energy equation for temperature
HeatSolver: Heat solver iteration: 1
IterSolver: "Linear System GCR Restart" not given, setting it to 200
   gcr:    10  0.1154E-08  0.5450E-09
   gcr:    20  0.1361E-09  0.8872E-10
ComputeChange: NS (ITER=1) (NRM,RELC): (  300.00014     0.48007087E-10 ) :: heat equation
ComputeChange: SS (ITER=27) (NRM,RELC): (  300.00014     0.16799307E-10 ) :: heat equation
FlowSolve: 
FlowSolve: 
FlowSolve: -------------------------------------
FlowSolve:  NAVIER-STOKES ITERATION           1
FlowSolve: -------------------------------------
FlowSolve: 
FlowSolve: Starting Assembly...
FlowSolve: Assembly:
FlowSolve: Assembly done
FlowSolve: Dirichlet conditions done
      10 0.3433E-04 0.3433E-04
      20 0.3007E-07 0.3007E-07
      30 0.5600E-11 0.5600E-11
BiCGStabl:       30 0.5600E-11 0.5600E-11
ComputeChange: NS (ITER=1) (NRM,RELC): (  1.6876288     0.85753648E-05 ) :: navier-stokes
FlowSolve: iter:    1 Assembly: (s)    0.06    0.06
FlowSolve: iter:    1 Solve:    (s)    0.11    0.11
FlowSolve:  Result Norm     :    1.6876287520245679
FlowSolve:  Relative Change :    8.5753647584873696E-006
FlowSolve: 
FlowSolve: 
FlowSolve: -------------------------------------
FlowSolve:  NAVIER-STOKES ITERATION           2
FlowSolve: -------------------------------------
FlowSolve: 
FlowSolve: Starting Assembly...
FlowSolve: Assembly:
FlowSolve: Assembly done
FlowSolve: Dirichlet conditions done
      10 0.1030E-04 0.1030E-04
      20 0.8945E-08 0.8945E-08
BiCGStabl:       29 0.2860E-11 0.2860E-11
ComputeChange: NS (ITER=2) (NRM,RELC): (  1.6876244     0.25716676E-05 ) :: navier-stokes
FlowSolve: iter:    2 Assembly: (s)    0.06    0.12
FlowSolve: iter:    2 Solve:    (s)    0.11    0.22
FlowSolve:  Result Norm     :    1.6876244120099411
FlowSolve:  Relative Change :    2.5716676147656055E-006
FlowSolve: 
FlowSolve: 
FlowSolve: -------------------------------------
FlowSolve:  NAVIER-STOKES ITERATION           3
FlowSolve: -------------------------------------
FlowSolve: 
FlowSolve: Starting Assembly...
FlowSolve: Assembly:
FlowSolve: Assembly done
FlowSolve: Dirichlet conditions done
      10 0.3090E-05 0.3090E-05
      20 0.2661E-08 0.2661E-08
BiCGStabl:       26 0.8462E-11 0.8462E-11
ComputeChange: NS (ITER=3) (NRM,RELC): (  1.6876231     0.77137619E-06 ) :: navier-stokes
FlowSolve: iter:    3 Assembly: (s)    0.06    0.17
FlowSolve: iter:    3 Solve:    (s)    0.10    0.32
FlowSolve:  Result Norm     :    1.6876231102171595
FlowSolve:  Relative Change :    7.7137618678274235E-007
FlowSolve: 
FlowSolve: 
FlowSolve: -------------------------------------
FlowSolve:  NAVIER-STOKES ITERATION           4
FlowSolve: -------------------------------------
FlowSolve: 
FlowSolve: Starting Assembly...
FlowSolve: Assembly:
FlowSolve: Assembly done
FlowSolve: Dirichlet conditions done
      10 0.9271E-06 0.9271E-06
      20 0.7914E-09 0.7914E-09
BiCGStabl:       29 0.3904E-11 0.3904E-11
ComputeChange: NS (ITER=4) (NRM,RELC): (  1.6876227     0.23138799E-06 ) :: navier-stokes
FlowSolve: iter:    4 Assembly: (s)    0.06    0.23
FlowSolve: iter:    4 Solve:    (s)    0.11    0.43
FlowSolve:  Result Norm     :    1.6876227197214917
FlowSolve:  Relative Change :    2.3138798622467044E-007
FlowSolve: 
FlowSolve: 
FlowSolve: -------------------------------------
FlowSolve:  NAVIER-STOKES ITERATION           5
FlowSolve: -------------------------------------
FlowSolve: 
FlowSolve: Starting Assembly...
FlowSolve: Assembly:
FlowSolve: Assembly done
FlowSolve: Dirichlet conditions done
      10 0.2781E-06 0.2781E-06
      20 0.2359E-09 0.2359E-09
BiCGStabl:       23 0.7157E-11 0.7157E-11
ComputeChange: NS (ITER=5) (NRM,RELC): (  1.6876226     0.69411183E-07 ) :: navier-stokes
FlowSolve: iter:    5 Assembly: (s)    0.06    0.29
FlowSolve: iter:    5 Solve:    (s)    0.09    0.52
FlowSolve:  Result Norm     :    1.6876226025816068
FlowSolve:  Relative Change :    6.9411182724465609E-008
FlowSolve: 
FlowSolve: 
FlowSolve: -------------------------------------
FlowSolve:  NAVIER-STOKES ITERATION           6
FlowSolve: -------------------------------------
FlowSolve: 
FlowSolve: Starting Assembly...
FlowSolve: Assembly:
FlowSolve: Assembly done
FlowSolve: Dirichlet conditions done
      10 0.8346E-07 0.8346E-07
      20 0.6963E-10 0.6963E-10
BiCGStabl:       23 0.6783E-11 0.6783E-11
ComputeChange: NS (ITER=6) (NRM,RELC): (  1.6876226     0.20821537E-07 ) :: navier-stokes
FlowSolve: iter:    6 Assembly: (s)    0.06    0.35
FlowSolve: iter:    6 Solve:    (s)    0.09    0.60
FlowSolve:  Result Norm     :    1.6876225674427101
FlowSolve:  Relative Change :    2.0821537346883600E-008
FlowSolve: 
FlowSolve: 
FlowSolve: -------------------------------------
FlowSolve:  NAVIER-STOKES ITERATION           7
FlowSolve: -------------------------------------
FlowSolve: 
FlowSolve: Starting Assembly...
FlowSolve: Assembly:
FlowSolve: Assembly done
FlowSolve: Dirichlet conditions done
      10 0.2506E-07 0.2506E-07
      20 0.1891E-10 0.1891E-10
BiCGStabl:       22 0.4364E-11 0.4364E-11
ComputeChange: NS (ITER=7) (NRM,RELC): (  1.6876226     0.62454440E-08 ) :: navier-stokes
FlowSolve: iter:    7 Assembly: (s)    0.06    0.40
FlowSolve: iter:    7 Solve:    (s)    0.08    0.69
FlowSolve:  Result Norm     :    1.6876225569027579
FlowSolve:  Relative Change :    6.2454440231856963E-009
FlowSolve: 
FlowSolve: 
FlowSolve: -------------------------------------
FlowSolve:  NAVIER-STOKES ITERATION           8
FlowSolve: -------------------------------------
FlowSolve: 
FlowSolve: Starting Assembly...
FlowSolve: Assembly:
FlowSolve: Assembly done
FlowSolve: Dirichlet conditions done
      10 0.7496E-08 0.7496E-08
BiCGStabl:       18 0.9761E-11 0.9761E-11
ComputeChange: NS (ITER=8) (NRM,RELC): (  1.6876226     0.18712746E-08 ) :: navier-stokes
FlowSolve: iter:    8 Assembly: (s)    0.06    0.46
FlowSolve: iter:    8 Solve:    (s)    0.07    0.76
FlowSolve:  Result Norm     :    1.6876225537447527
FlowSolve:  Relative Change :    1.8712745813464706E-009
FlowSolve: 
FlowSolve: 
FlowSolve: -------------------------------------
FlowSolve:  NAVIER-STOKES ITERATION           9
FlowSolve: -------------------------------------
FlowSolve: 
FlowSolve: Starting Assembly...
FlowSolve: Assembly:
FlowSolve: Assembly done
FlowSolve: Dirichlet conditions done
      10 0.2275E-08 0.2275E-08
BiCGStabl:       17 0.9996E-11 0.9996E-11
ComputeChange: NS (ITER=9) (NRM,RELC): (  1.6876226     0.56164259E-09 ) :: navier-stokes
FlowSolve: iter:    9 Assembly: (s)    0.06    0.52
FlowSolve: iter:    9 Solve:    (s)    0.07    0.83
FlowSolve:  Result Norm     :    1.6876225527969120
FlowSolve:  Relative Change :    5.6164258588712130E-010
FlowSolve: 
FlowSolve: 
FlowSolve: -------------------------------------
FlowSolve:  NAVIER-STOKES ITERATION          10
FlowSolve: -------------------------------------
FlowSolve: 
FlowSolve: Starting Assembly...
FlowSolve: Assembly:
FlowSolve: Assembly done
FlowSolve: Dirichlet conditions done
      10 0.8129E-09 0.8129E-09
BiCGStabl:       15 0.5373E-11 0.5373E-11
ComputeChange: NS (ITER=10) (NRM,RELC): (  1.6876226     0.16919268E-09 ) :: navier-stokes
FlowSolve: iter:   10 Assembly: (s)    0.06    0.58
FlowSolve: iter:   10 Solve:    (s)    0.06    0.88
FlowSolve:  Result Norm     :    1.6876225525113786
FlowSolve:  Relative Change :    1.6919267538406245E-010
ComputeChange: SS (ITER=27) (NRM,RELC): (  1.6876360     0.42877466E-05 ) :: navier-stokes
ResultOutputSolver: -------------------------------------
ResultOutputSolver: Saving in unstructured VTK XML (.vtu) format
ResultOutputSolver: -------------------------------------
MAIN: 
MAIN: -------------------------------------
MAIN:  Steady state iteration:           28
MAIN: -------------------------------------
MAIN: 
HeatSolver: ------------------------------------------------
HeatSolver: Solving energy equation for temperature
HeatSolver: Heat solver iteration: 1
IterSolver: "Linear System GCR Restart" not given, setting it to 200
   gcr:    10  0.8762E-09  0.4060E-09
   gcr:    20  0.1043E-09  0.6839E-10
ComputeChange: NS (ITER=1) (NRM,RELC): (  300.00014     0.41346368E-10 ) :: heat equation
ComputeChange: SS (ITER=28) (NRM,RELC): (  300.00014     0.14469485E-10 ) :: heat equation
FlowSolve: 
FlowSolve: 
FlowSolve: -------------------------------------
FlowSolve:  NAVIER-STOKES ITERATION           1
FlowSolve: -------------------------------------
FlowSolve: 
FlowSolve: Starting Assembly...
FlowSolve: Assembly:
FlowSolve: Assembly done
FlowSolve: Dirichlet conditions done
      10 0.2460E-04 0.2460E-04
      20 0.1729E-07 0.1729E-07
BiCGStabl:       29 0.5320E-11 0.5320E-11
ComputeChange: NS (ITER=1) (NRM,RELC): (  1.6876238     0.72504413E-05 ) :: navier-stokes
FlowSolve: iter:    1 Assembly: (s)    0.06    0.06
FlowSolve: iter:    1 Solve:    (s)    0.11    0.11
FlowSolve:  Result Norm     :    1.6876237518863249
FlowSolve:  Relative Change :    7.2504413419699815E-006
FlowSolve: 
FlowSolve: 
FlowSolve: -------------------------------------
FlowSolve:  NAVIER-STOKES ITERATION           2
FlowSolve: -------------------------------------
FlowSolve: 
FlowSolve: Starting Assembly...
FlowSolve: Assembly:
FlowSolve: Assembly done
FlowSolve: Dirichlet conditions done
      10 0.7381E-05 0.7381E-05
      20 0.5238E-08 0.5238E-08
BiCGStabl:       29 0.7491E-11 0.7491E-11
ComputeChange: NS (ITER=2) (NRM,RELC): (  1.6876201     0.21746000E-05 ) :: navier-stokes
FlowSolve: iter:    2 Assembly: (s)    0.06    0.11
FlowSolve: iter:    2 Solve:    (s)    0.11    0.22
FlowSolve:  Result Norm     :    1.6876200819837692
FlowSolve:  Relative Change :    2.1745999615188200E-006
FlowSolve: 
FlowSolve: 
FlowSolve: -------------------------------------
FlowSolve:  NAVIER-STOKES ITERATION           3
FlowSolve: -------------------------------------
FlowSolve: 
FlowSolve: Starting Assembly...
FlowSolve: Assembly:
FlowSolve: Assembly done
FlowSolve: Dirichlet conditions done
      10 0.2214E-05 0.2214E-05
      20 0.1538E-08 0.1538E-08
BiCGStabl:       29 0.7094E-12 0.7094E-12
ComputeChange: NS (ITER=3) (NRM,RELC): (  1.6876190     0.65230172E-06 ) :: navier-stokes
FlowSolve: iter:    3 Assembly: (s)    0.06    0.17
FlowSolve: iter:    3 Solve:    (s)    0.11    0.33
FlowSolve:  Result Norm     :    1.6876189811466384
FlowSolve:  Relative Change :    6.5230172452688551E-007
FlowSolve: 
FlowSolve: 
FlowSolve: -------------------------------------
FlowSolve:  NAVIER-STOKES ITERATION           4
FlowSolve: -------------------------------------
FlowSolve: 
FlowSolve: Starting Assembly...
FlowSolve: Assembly:
FlowSolve: Assembly done
FlowSolve: Dirichlet conditions done
      10 0.6642E-06 0.6642E-06
      20 0.4600E-09 0.4600E-09
BiCGStabl:       29 0.6381E-11 0.6381E-11
ComputeChange: NS (ITER=4) (NRM,RELC): (  1.6876187     0.19567403E-06 ) :: navier-stokes
FlowSolve: iter:    4 Assembly: (s)    0.06    0.23
FlowSolve: iter:    4 Solve:    (s)    0.11    0.44
FlowSolve:  Result Norm     :    1.6876186509234679
FlowSolve:  Relative Change :    1.9567402748079673E-007
FlowSolve: 
FlowSolve: 
FlowSolve: -------------------------------------
FlowSolve:  NAVIER-STOKES ITERATION           5
FlowSolve: -------------------------------------
FlowSolve: 
FlowSolve: Starting Assembly...
FlowSolve: Assembly:
FlowSolve: Assembly done
FlowSolve: Dirichlet conditions done
      10 0.1993E-06 0.1993E-06
      20 0.1363E-09 0.1363E-09
BiCGStabl:       26 0.9412E-11 0.9412E-11
ComputeChange: NS (ITER=5) (NRM,RELC): (  1.6876186     0.58698508E-07 ) :: navier-stokes
FlowSolve: iter:    5 Assembly: (s)    0.06    0.29
FlowSolve: iter:    5 Solve:    (s)    0.10    0.53
FlowSolve:  Result Norm     :    1.6876185518627733
FlowSolve:  Relative Change :    5.8698508332605999E-008
FlowSolve: 
FlowSolve: 
FlowSolve: -------------------------------------
FlowSolve:  NAVIER-STOKES ITERATION           6
FlowSolve: -------------------------------------
FlowSolve: 
FlowSolve: Starting Assembly...
FlowSolve: Assembly:
FlowSolve: Assembly done
FlowSolve: Dirichlet conditions done
      10 0.5971E-07 0.5971E-07
      20 0.4070E-10 0.4070E-10
BiCGStabl:       22 0.9297E-11 0.9297E-11
ComputeChange: NS (ITER=6) (NRM,RELC): (  1.6876185     0.17608566E-07 ) :: navier-stokes
FlowSolve: iter:    6 Assembly: (s)    0.06    0.35
FlowSolve: iter:    6 Solve:    (s)    0.08    0.62
FlowSolve:  Result Norm     :    1.6876185221462316
FlowSolve:  Relative Change :    1.7608565573460624E-008
FlowSolve: 
FlowSolve: 
FlowSolve: -------------------------------------
FlowSolve:  NAVIER-STOKES ITERATION           7
FlowSolve: -------------------------------------
FlowSolve: 
FlowSolve: Starting Assembly...
FlowSolve: Assembly:
FlowSolve: Assembly done
FlowSolve: Dirichlet conditions done
      10 0.1780E-07 0.1780E-07
      20 0.1106E-10 0.1106E-10
BiCGStabl:       21 0.3434E-11 0.3434E-11
ComputeChange: NS (ITER=7) (NRM,RELC): (  1.6876185     0.52814052E-08 ) :: navier-stokes
FlowSolve: iter:    7 Assembly: (s)    0.06    0.40
FlowSolve: iter:    7 Solve:    (s)    0.08    0.70
FlowSolve:  Result Norm     :    1.6876185132332344
FlowSolve:  Relative Change :    5.2814052084244875E-009
FlowSolve: 
FlowSolve: 
FlowSolve: -------------------------------------
FlowSolve:  NAVIER-STOKES ITERATION           8
FlowSolve: -------------------------------------
FlowSolve: 
FlowSolve: Starting Assembly...
FlowSolve: Assembly:
FlowSolve: Assembly done
FlowSolve: Dirichlet conditions done
      10 0.5355E-08 0.5355E-08
BiCGStabl:       18 0.6582E-11 0.6582E-11
ComputeChange: NS (ITER=8) (NRM,RELC): (  1.6876185     0.15834905E-08 ) :: navier-stokes
FlowSolve: iter:    8 Assembly: (s)    0.06    0.46
FlowSolve: iter:    8 Solve:    (s)    0.07    0.77
FlowSolve:  Result Norm     :    1.6876185105609065
FlowSolve:  Relative Change :    1.5834905197302123E-009
FlowSolve: 
FlowSolve: 
FlowSolve: -------------------------------------
FlowSolve:  NAVIER-STOKES ITERATION           9
FlowSolve: -------------------------------------
FlowSolve: 
FlowSolve: Starting Assembly...
FlowSolve: Assembly:
FlowSolve: Assembly done
FlowSolve: Dirichlet conditions done
      10 0.1637E-08 0.1637E-08
BiCGStabl:       16 0.9854E-11 0.9854E-11
ComputeChange: NS (ITER=9) (NRM,RELC): (  1.6876185     0.47384202E-09 ) :: navier-stokes
FlowSolve: iter:    9 Assembly: (s)    0.06    0.52
FlowSolve: iter:    9 Solve:    (s)    0.06    0.83
FlowSolve:  Result Norm     :    1.6876185097612419
FlowSolve:  Relative Change :    4.7384201582259924E-010
FlowSolve: 
FlowSolve: 
FlowSolve: -------------------------------------
FlowSolve:  NAVIER-STOKES ITERATION          10
FlowSolve: -------------------------------------
FlowSolve: 
FlowSolve: Starting Assembly...
FlowSolve: Assembly:
FlowSolve: Assembly done
FlowSolve: Dirichlet conditions done
      10 0.4713E-09 0.4713E-09
BiCGStabl:       14 0.9012E-11 0.9012E-11
ComputeChange: NS (ITER=10) (NRM,RELC): (  1.6876185     0.14245355E-09 ) :: navier-stokes
FlowSolve: iter:   10 Assembly: (s)    0.06    0.58
FlowSolve: iter:   10 Solve:    (s)    0.06    0.89
FlowSolve:  Result Norm     :    1.6876185095208347
FlowSolve:  Relative Change :    1.4245355113713282E-010
ComputeChange: SS (ITER=28) (NRM,RELC): (  1.6876299     0.36252104E-05 ) :: navier-stokes
ResultOutputSolver: -------------------------------------
ResultOutputSolver: Saving in unstructured VTK XML (.vtu) format
ResultOutputSolver: -------------------------------------
MAIN: 
MAIN: -------------------------------------
MAIN:  Steady state iteration:           29
MAIN: -------------------------------------
MAIN: 
HeatSolver: ------------------------------------------------
HeatSolver: Solving energy equation for temperature
HeatSolver: Heat solver iteration: 1
IterSolver: "Linear System GCR Restart" not given, setting it to 200
   gcr:    10  0.6641E-09  0.3024E-09
   gcr:    20  0.7987E-10  0.5262E-10
ComputeChange: NS (ITER=1) (NRM,RELC): (  300.00014     0.36036247E-10 ) :: heat equation
ComputeChange: SS (ITER=29) (NRM,RELC): (  300.00014     0.12612791E-10 ) :: heat equation
FlowSolve: 
FlowSolve: 
FlowSolve: -------------------------------------
FlowSolve:  NAVIER-STOKES ITERATION           1
FlowSolve: -------------------------------------
FlowSolve: 
FlowSolve: Starting Assembly...
FlowSolve: Assembly:
FlowSolve: Assembly done
FlowSolve: Dirichlet conditions done
      10 0.1760E-04 0.1760E-04
      20 0.2868E-07 0.2868E-07
      30 0.7869E-10 0.7869E-10
BiCGStabl:       31 0.9764E-11 0.9764E-11
ComputeChange: NS (ITER=1) (NRM,RELC): (  1.6876203     0.56944346E-05 ) :: navier-stokes
FlowSolve: iter:    1 Assembly: (s)    0.06    0.06
FlowSolve: iter:    1 Solve:    (s)    0.11    0.11
FlowSolve:  Result Norm     :    1.6876202598527885
FlowSolve:  Relative Change :    5.6944345752656285E-006
FlowSolve: 
FlowSolve: 
FlowSolve: -------------------------------------
FlowSolve:  NAVIER-STOKES ITERATION           2
FlowSolve: -------------------------------------
FlowSolve: 
FlowSolve: Starting Assembly...
FlowSolve: Assembly:
FlowSolve: Assembly done
FlowSolve: Dirichlet conditions done
      10 0.5278E-05 0.5278E-05
      20 0.8515E-08 0.8515E-08
BiCGStabl:       29 0.3151E-11 0.3151E-11
ComputeChange: NS (ITER=2) (NRM,RELC): (  1.6876174     0.17080191E-05 ) :: navier-stokes
FlowSolve: iter:    2 Assembly: (s)    0.06    0.12
FlowSolve: iter:    2 Solve:    (s)    0.11    0.22
FlowSolve:  Result Norm     :    1.6876173773676475
FlowSolve:  Relative Change :    1.7080190794471413E-006
FlowSolve: 
FlowSolve: 
FlowSolve: -------------------------------------
FlowSolve:  NAVIER-STOKES ITERATION           3
FlowSolve: -------------------------------------
FlowSolve: 
FlowSolve: Starting Assembly...
FlowSolve: Assembly:
FlowSolve: Assembly done
FlowSolve: Dirichlet conditions done
      10 0.1583E-05 0.1583E-05
      20 0.2501E-08 0.2501E-08
BiCGStabl:       29 0.1352E-11 0.1352E-11
ComputeChange: NS (ITER=3) (NRM,RELC): (  1.6876165     0.51235458E-06 ) :: navier-stokes
FlowSolve: iter:    3 Assembly: (s)    0.06    0.17
FlowSolve: iter:    3 Solve:    (s)    0.11    0.33
FlowSolve:  Result Norm     :    1.6876165127093776
FlowSolve:  Relative Change :    5.1235457928673065E-007
FlowSolve: 
FlowSolve: 
FlowSolve: -------------------------------------
FlowSolve:  NAVIER-STOKES ITERATION           4
FlowSolve: -------------------------------------
FlowSolve: 
FlowSolve: Starting Assembly...
FlowSolve: Assembly:
FlowSolve: Assembly done
FlowSolve: Dirichlet conditions done
      10 0.4748E-06 0.4748E-06
      20 0.7486E-09 0.7486E-09
BiCGStabl:       29 0.4462E-11 0.4462E-11
ComputeChange: NS (ITER=4) (NRM,RELC): (  1.6876163     0.15369475E-06 ) :: navier-stokes
FlowSolve: iter:    4 Assembly: (s)    0.06    0.23
FlowSolve: iter:    4 Solve:    (s)    0.11    0.44
FlowSolve:  Result Norm     :    1.6876162533315913
FlowSolve:  Relative Change :    1.5369475490393832E-007
FlowSolve: 
FlowSolve: 
FlowSolve: -------------------------------------
FlowSolve:  NAVIER-STOKES ITERATION           5
FlowSolve: -------------------------------------
FlowSolve: 
FlowSolve: Starting Assembly...
FlowSolve: Assembly:
FlowSolve: Assembly done
FlowSolve: Dirichlet conditions done
      10 0.1426E-06 0.1426E-06
      20 0.2249E-09 0.2249E-09
BiCGStabl:       25 0.7794E-11 0.7794E-11
ComputeChange: NS (ITER=5) (NRM,RELC): (  1.6876162     0.46105693E-07 ) :: navier-stokes
FlowSolve: iter:    5 Assembly: (s)    0.06    0.29
FlowSolve: iter:    5 Solve:    (s)    0.09    0.53
FlowSolve:  Result Norm     :    1.6876161755228767
FlowSolve:  Relative Change :    4.6105692702724232E-008
FlowSolve: 
FlowSolve: 
FlowSolve: -------------------------------------
FlowSolve:  NAVIER-STOKES ITERATION           6
FlowSolve: -------------------------------------
FlowSolve: 
FlowSolve: Starting Assembly...
FlowSolve: Assembly:
FlowSolve: Assembly done
FlowSolve: Dirichlet conditions done
      10 0.4277E-07 0.4277E-07
      20 0.6670E-10 0.6670E-10
BiCGStabl:       21 0.8606E-11 0.8606E-11
ComputeChange: NS (ITER=6) (NRM,RELC): (  1.6876162     0.13830432E-07 ) :: navier-stokes
FlowSolve: iter:    6 Assembly: (s)    0.06    0.35
FlowSolve: iter:    6 Solve:    (s)    0.08    0.61
FlowSolve:  Result Norm     :    1.6876161521824165
FlowSolve:  Relative Change :    1.3830431783694853E-008
FlowSolve: 
FlowSolve: 
FlowSolve: -------------------------------------
FlowSolve:  NAVIER-STOKES ITERATION           7
FlowSolve: -------------------------------------
FlowSolve: 
FlowSolve: Starting Assembly...
FlowSolve: Assembly:
FlowSolve: Assembly done
FlowSolve: Dirichlet conditions done
      10 0.1287E-07 0.1287E-07
      20 0.1885E-10 0.1885E-10
BiCGStabl:       21 0.2481E-11 0.2481E-11
ComputeChange: NS (ITER=7) (NRM,RELC): (  1.6876161     0.41490012E-08 ) :: navier-stokes
FlowSolve: iter:    7 Assembly: (s)    0.06    0.40
FlowSolve: iter:    7 Solve:    (s)    0.08    0.69
FlowSolve:  Result Norm     :    1.6876161451804950
FlowSolve:  Relative Change :    4.1490012361699935E-009
FlowSolve: 
FlowSolve: 
FlowSolve: -------------------------------------
FlowSolve:  NAVIER-STOKES ITERATION           8
FlowSolve: -------------------------------------
FlowSolve: 
FlowSolve: Starting Assembly...
FlowSolve: Assembly:
FlowSolve: Assembly done
FlowSolve: Dirichlet conditions done
      10 0.3861E-08 0.3861E-08
BiCGStabl:       18 0.8672E-11 0.8672E-11
ComputeChange: NS (ITER=8) (NRM,RELC): (  1.6876161     0.12447814E-08 ) :: navier-stokes
FlowSolve: iter:    8 Assembly: (s)    0.06    0.46
FlowSolve: iter:    8 Solve:    (s)    0.07    0.76
FlowSolve:  Result Norm     :    1.6876161430797818
FlowSolve:  Relative Change :    1.2447813836623263E-009
FlowSolve: 
FlowSolve: 
FlowSolve: -------------------------------------
FlowSolve:  NAVIER-STOKES ITERATION           9
FlowSolve: -------------------------------------
FlowSolve: 
FlowSolve: Starting Assembly...
FlowSolve: Assembly:
FlowSolve: Assembly done
FlowSolve: Dirichlet conditions done
      10 0.1115E-08 0.1115E-08
BiCGStabl:       16 0.9907E-11 0.9907E-11
ComputeChange: NS (ITER=9) (NRM,RELC): (  1.6876161     0.37115382E-09 ) :: navier-stokes
FlowSolve: iter:    9 Assembly: (s)    0.06    0.52
FlowSolve: iter:    9 Solve:    (s)    0.06    0.82
FlowSolve:  Result Norm     :    1.6876161424534166
FlowSolve:  Relative Change :    3.7115382228862607E-010
FlowSolve: 
FlowSolve: 
FlowSolve: -------------------------------------
FlowSolve:  NAVIER-STOKES ITERATION          10
FlowSolve: -------------------------------------
FlowSolve: 
FlowSolve: Starting Assembly...
FlowSolve: Assembly:
FlowSolve: Assembly done
FlowSolve: Dirichlet conditions done
      10 0.3199E-09 0.3199E-09
BiCGStabl:       14 0.5558E-11 0.5558E-11
ComputeChange: NS (ITER=10) (NRM,RELC): (  1.6876161     0.11222461E-09 ) :: navier-stokes
FlowSolve: iter:   10 Assembly: (s)    0.06    0.58
FlowSolve: iter:   10 Solve:    (s)    0.06    0.88
FlowSolve:  Result Norm     :    1.6876161422640246
FlowSolve:  Relative Change :    1.1222460655518456E-010
ComputeChange: SS (ITER=29) (NRM,RELC): (  1.6876251     0.28471807E-05 ) :: navier-stokes
ResultOutputSolver: -------------------------------------
ResultOutputSolver: Saving in unstructured VTK XML (.vtu) format
ResultOutputSolver: -------------------------------------
MAIN: 
MAIN: -------------------------------------
MAIN:  Steady state iteration:           30
MAIN: -------------------------------------
MAIN: 
HeatSolver: ------------------------------------------------
HeatSolver: Solving energy equation for temperature
HeatSolver: Heat solver iteration: 1
IterSolver: "Linear System GCR Restart" not given, setting it to 200
   gcr:    10  0.5026E-09  0.2254E-09
   gcr:    20  0.6105E-10  0.4044E-10
ComputeChange: NS (ITER=1) (NRM,RELC): (  300.00014     0.30397383E-10 ) :: heat equation
ComputeChange: SS (ITER=30) (NRM,RELC): (  300.00014     0.10637672E-10 ) :: heat equation
FlowSolve: 
FlowSolve: 
FlowSolve: -------------------------------------
FlowSolve:  NAVIER-STOKES ITERATION           1
FlowSolve: -------------------------------------
FlowSolve: 
FlowSolve: Starting Assembly...
FlowSolve: Assembly:
FlowSolve: Assembly done
FlowSolve: Dirichlet conditions done
      10 0.1312E-04 0.1312E-04
      20 0.1355E-06 0.1355E-06
      30 0.1167E-10 0.1167E-10
BiCGStabl:       31 0.8315E-11 0.8315E-11
ComputeChange: NS (ITER=1) (NRM,RELC): (  1.6876179     0.42184984E-05 ) :: navier-stokes
FlowSolve: iter:    1 Assembly: (s)    0.06    0.06
FlowSolve: iter:    1 Solve:    (s)    0.12    0.12
FlowSolve:  Result Norm     :    1.6876179457144014
FlowSolve:  Relative Change :    4.2184983592976127E-006
FlowSolve: 
FlowSolve: 
FlowSolve: -------------------------------------
FlowSolve:  NAVIER-STOKES ITERATION           2
FlowSolve: -------------------------------------
FlowSolve: 
FlowSolve: Starting Assembly...
FlowSolve: Assembly:
FlowSolve: Assembly done
FlowSolve: Dirichlet conditions done
      10 0.3935E-05 0.3935E-05
      20 0.4288E-07 0.4288E-07
BiCGStabl:       29 0.6792E-11 0.6792E-11
ComputeChange: NS (ITER=2) (NRM,RELC): (  1.6876158     0.12653609E-05 ) :: navier-stokes
FlowSolve: iter:    2 Assembly: (s)    0.06    0.12
FlowSolve: iter:    2 Solve:    (s)    0.11    0.23
FlowSolve:  Result Norm     :    1.6876158102700520
FlowSolve:  Relative Change :    1.2653608631183350E-006
FlowSolve: 
FlowSolve: 
FlowSolve: -------------------------------------
FlowSolve:  NAVIER-STOKES ITERATION           3
FlowSolve: -------------------------------------
FlowSolve: 
FlowSolve: Starting Assembly...
FlowSolve: Assembly:
FlowSolve: Assembly done
FlowSolve: Dirichlet conditions done
      10 0.1180E-05 0.1180E-05
      20 0.1360E-07 0.1360E-07
BiCGStabl:       29 0.4141E-11 0.4141E-11
ComputeChange: NS (ITER=3) (NRM,RELC): (  1.6876152     0.37957372E-06 ) :: navier-stokes
FlowSolve: iter:    3 Assembly: (s)    0.06    0.18
FlowSolve: iter:    3 Solve:    (s)    0.11    0.35
FlowSolve:  Result Norm     :    1.6876151696955635
FlowSolve:  Relative Change :    3.7957371946766923E-007
FlowSolve: 
FlowSolve: 
FlowSolve: -------------------------------------
FlowSolve:  NAVIER-STOKES ITERATION           4
FlowSolve: -------------------------------------
FlowSolve: 
FlowSolve: Starting Assembly...
FlowSolve: Assembly:
FlowSolve: Assembly done
FlowSolve: Dirichlet conditions done
      10 0.3542E-06 0.3542E-06
      20 0.4344E-08 0.4344E-08
BiCGStabl:       29 0.2498E-11 0.2498E-11
ComputeChange: NS (ITER=4) (NRM,RELC): (  1.6876150     0.11386390E-06 ) :: navier-stokes
FlowSolve: iter:    4 Assembly: (s)    0.06    0.24
FlowSolve: iter:    4 Solve:    (s)    0.11    0.45
FlowSolve:  Result Norm     :    1.6876149775371339
FlowSolve:  Relative Change :    1.1386389741172468E-007
FlowSolve: 
FlowSolve: 
FlowSolve: -------------------------------------
FlowSolve:  NAVIER-STOKES ITERATION           5
FlowSolve: -------------------------------------
FlowSolve: 
FlowSolve: Starting Assembly...
FlowSolve: Assembly:
FlowSolve: Assembly done
FlowSolve: Dirichlet conditions done
      10 0.1060E-06 0.1060E-06
      20 0.1377E-08 0.1377E-08
BiCGStabl:       24 0.6898E-11 0.6898E-11
ComputeChange: NS (ITER=5) (NRM,RELC): (  1.6876149     0.34156612E-07 ) :: navier-stokes
FlowSolve: iter:    5 Assembly: (s)    0.06    0.30
FlowSolve: iter:    5 Solve:    (s)    0.09    0.55
FlowSolve:  Result Norm     :    1.6876149198939243
FlowSolve:  Relative Change :    3.4156612314207714E-008
FlowSolve: 
FlowSolve: 
FlowSolve: -------------------------------------
FlowSolve:  NAVIER-STOKES ITERATION           6
FlowSolve: -------------------------------------
FlowSolve: 
FlowSolve: Starting Assembly...
FlowSolve: Assembly:
FlowSolve: Assembly done
FlowSolve: Dirichlet conditions done
      10 0.3185E-07 0.3185E-07
      20 0.5072E-09 0.5072E-09
BiCGStabl:       21 0.7766E-11 0.7766E-11
ComputeChange: NS (ITER=6) (NRM,RELC): (  1.6876149     0.10247145E-07 ) :: navier-stokes
FlowSolve: iter:    6 Assembly: (s)    0.06    0.36
FlowSolve: iter:    6 Solve:    (s)    0.08    0.63
FlowSolve:  Result Norm     :    1.6876149026006897
FlowSolve:  Relative Change :    1.0247144953994270E-008
FlowSolve: 
FlowSolve: 
FlowSolve: -------------------------------------
FlowSolve:  NAVIER-STOKES ITERATION           7
FlowSolve: -------------------------------------
FlowSolve: 
FlowSolve: Starting Assembly...
FlowSolve: Assembly:
FlowSolve: Assembly done
FlowSolve: Dirichlet conditions done
      10 0.9622E-08 0.9622E-08
      20 0.1460E-09 0.1460E-09
BiCGStabl:       21 0.2154E-11 0.2154E-11
ComputeChange: NS (ITER=7) (NRM,RELC): (  1.6876149     0.30735472E-08 ) :: navier-stokes
FlowSolve: iter:    7 Assembly: (s)    0.06    0.42
FlowSolve: iter:    7 Solve:    (s)    0.08    0.71
FlowSolve:  Result Norm     :    1.6876148974137257
FlowSolve:  Relative Change :    3.0735471519171953E-009
FlowSolve: 
FlowSolve: 
FlowSolve: -------------------------------------
FlowSolve:  NAVIER-STOKES ITERATION           8
FlowSolve: -------------------------------------
FlowSolve: 
FlowSolve: Starting Assembly...
FlowSolve: Assembly:
FlowSolve: Assembly done
FlowSolve: Dirichlet conditions done
      10 0.2910E-08 0.2910E-08
BiCGStabl:       18 0.7189E-11 0.7189E-11
ComputeChange: NS (ITER=8) (NRM,RELC): (  1.6876149     0.92102621E-09 ) :: navier-stokes
FlowSolve: iter:    8 Assembly: (s)    0.06    0.48
FlowSolve: iter:    8 Solve:    (s)    0.07    0.78
FlowSolve:  Result Norm     :    1.6876148958593882
FlowSolve:  Relative Change :    9.2102620725735462E-010
FlowSolve: 
FlowSolve: 
FlowSolve: -------------------------------------
FlowSolve:  NAVIER-STOKES ITERATION           9
FlowSolve: -------------------------------------
FlowSolve: 
FlowSolve: Starting Assembly...
FlowSolve: Assembly:
FlowSolve: Assembly done
FlowSolve: Dirichlet conditions done
      10 0.8821E-09 0.8821E-09
BiCGStabl:       14 0.9501E-11 0.9501E-11
ComputeChange: NS (ITER=9) (NRM,RELC): (  1.6876149     0.27415241E-09 ) :: navier-stokes
FlowSolve: iter:    9 Assembly: (s)    0.06    0.54
FlowSolve: iter:    9 Solve:    (s)    0.06    0.84
FlowSolve:  Result Norm     :    1.6876148953967245
FlowSolve:  Relative Change :    2.7415240665381078E-010
FlowSolve: 
FlowSolve: 
FlowSolve: -------------------------------------
FlowSolve:  NAVIER-STOKES ITERATION          10
FlowSolve: -------------------------------------
FlowSolve: 
FlowSolve: Starting Assembly...
FlowSolve: Assembly:
FlowSolve: Assembly done
FlowSolve: Dirichlet conditions done
      10 0.1252E-07 0.1252E-07
BiCGStabl:       14 0.9760E-11 0.9760E-11
ComputeChange: NS (ITER=10) (NRM,RELC): (  1.6876149     0.84695007E-10 ) :: navier-stokes
FlowSolve: iter:   10 Assembly: (s)    0.06    0.60
FlowSolve: iter:   10 Solve:    (s)    0.06    0.89
FlowSolve:  Result Norm     :    1.6876148952537919
FlowSolve:  Relative Change :    8.4695006589965584E-011
ComputeChange: SS (ITER=30) (NRM,RELC): (  1.6876215     0.21092077E-05 ) :: navier-stokes
ResultOutputSolver: -------------------------------------
ResultOutputSolver: Saving in unstructured VTK XML (.vtu) format
ResultOutputSolver: -------------------------------------
MAIN: 
MAIN: -------------------------------------
MAIN:  Steady state iteration:           31
MAIN: -------------------------------------
MAIN: 
HeatSolver: ------------------------------------------------
HeatSolver: Solving energy equation for temperature
HeatSolver: Heat solver iteration: 1
IterSolver: "Linear System GCR Restart" not given, setting it to 200
   gcr:    10  0.3801E-09  0.1681E-09
   gcr:    20  0.4657E-10  0.3100E-10
ComputeChange: NS (ITER=1) (NRM,RELC): (  300.00014     0.25751762E-10 ) :: heat equation
ComputeChange: SS (ITER=31) (NRM,RELC): (  300.00014     0.90144146E-11 ) :: heat equation
FlowSolve: 
FlowSolve: 
FlowSolve: -------------------------------------
FlowSolve:  NAVIER-STOKES ITERATION           1
FlowSolve: -------------------------------------
FlowSolve: 
FlowSolve: Starting Assembly...
FlowSolve: Assembly:
FlowSolve: Assembly done
FlowSolve: Dirichlet conditions done
      10 0.1059E-04 0.1059E-04
      20 0.7766E-08 0.7766E-08
      30 0.1590E-10 0.1590E-10
BiCGStabl:       31 0.1408E-11 0.1408E-11
ComputeChange: NS (ITER=1) (NRM,RELC): (  1.6876165     0.29710423E-05 ) :: navier-stokes
FlowSolve: iter:    1 Assembly: (s)    0.06    0.06
FlowSolve: iter:    1 Solve:    (s)    0.12    0.12
FlowSolve:  Result Norm     :    1.6876164914075598
FlowSolve:  Relative Change :    2.9710423050270615E-006
FlowSolve: 
FlowSolve: 
FlowSolve: -------------------------------------
FlowSolve:  NAVIER-STOKES ITERATION           2
FlowSolve: -------------------------------------
FlowSolve: 
FlowSolve: Starting Assembly...
FlowSolve: Assembly:
FlowSolve: Assembly done
FlowSolve: Dirichlet conditions done
      10 0.3179E-05 0.3179E-05
      20 0.2364E-08 0.2364E-08
BiCGStabl:       29 0.2946E-11 0.2946E-11
ComputeChange: NS (ITER=2) (NRM,RELC): (  1.6876150     0.89119430E-06 ) :: navier-stokes
FlowSolve: iter:    2 Assembly: (s)    0.06    0.12
FlowSolve: iter:    2 Solve:    (s)    0.11    0.23
FlowSolve:  Result Norm     :    1.6876149874140354
FlowSolve:  Relative Change :    8.9119429812427265E-007
FlowSolve: 
FlowSolve: 
FlowSolve: -------------------------------------
FlowSolve:  NAVIER-STOKES ITERATION           3
FlowSolve: -------------------------------------
FlowSolve: 
FlowSolve: Starting Assembly...
FlowSolve: Assembly:
FlowSolve: Assembly done
FlowSolve: Dirichlet conditions done
      10 0.9540E-06 0.9540E-06
      20 0.7142E-09 0.7142E-09
BiCGStabl:       29 0.4225E-11 0.4225E-11
ComputeChange: NS (ITER=3) (NRM,RELC): (  1.6876145     0.26733443E-06 ) :: navier-stokes
FlowSolve: iter:    3 Assembly: (s)    0.06    0.17
FlowSolve: iter:    3 Solve:    (s)    0.11    0.33
FlowSolve:  Result Norm     :    1.6876145362565060
FlowSolve:  Relative Change :    2.6733442936034886E-007
FlowSolve: 
FlowSolve: 
FlowSolve: -------------------------------------
FlowSolve:  NAVIER-STOKES ITERATION           4
FlowSolve: -------------------------------------
FlowSolve: 
FlowSolve: Starting Assembly...
FlowSolve: Assembly:
FlowSolve: Assembly done
FlowSolve: Dirichlet conditions done
      10 0.2867E-06 0.2867E-06
      20 0.2189E-09 0.2189E-09
BiCGStabl:       26 0.9883E-11 0.9883E-11
ComputeChange: NS (ITER=4) (NRM,RELC): (  1.6876144     0.80194757E-07 ) :: navier-stokes
FlowSolve: iter:    4 Assembly: (s)    0.06    0.23
FlowSolve: iter:    4 Solve:    (s)    0.10    0.43
FlowSolve:  Result Norm     :    1.6876144009186738
FlowSolve:  Relative Change :    8.0194757033365306E-008
FlowSolve: 
FlowSolve: 
FlowSolve: -------------------------------------
FlowSolve:  NAVIER-STOKES ITERATION           5
FlowSolve: -------------------------------------
FlowSolve: 
FlowSolve: Starting Assembly...
FlowSolve: Assembly:
FlowSolve: Assembly done
FlowSolve: Dirichlet conditions done
      10 0.8601E-07 0.8601E-07
      20 0.6608E-10 0.6608E-10
BiCGStabl:       22 0.9288E-11 0.9288E-11
ComputeChange: NS (ITER=5) (NRM,RELC): (  1.6876144     0.24057249E-07 ) :: navier-stokes
FlowSolve: iter:    5 Assembly: (s)    0.06    0.29
FlowSolve: iter:    5 Solve:    (s)    0.08    0.51
FlowSolve:  Result Norm     :    1.6876143603193148
FlowSolve:  Relative Change :    2.4057248772035394E-008
FlowSolve: 
FlowSolve: 
FlowSolve: -------------------------------------
FlowSolve:  NAVIER-STOKES ITERATION           6
FlowSolve: -------------------------------------
FlowSolve: 
FlowSolve: Starting Assembly...
FlowSolve: Assembly:
FlowSolve: Assembly done
FlowSolve: Dirichlet conditions done
      10 0.2573E-07 0.2573E-07
      20 0.1918E-10 0.1918E-10
BiCGStabl:       21 0.4284E-11 0.4284E-11
ComputeChange: NS (ITER=6) (NRM,RELC): (  1.6876143     0.72161034E-08 ) :: navier-stokes
FlowSolve: iter:    6 Assembly: (s)    0.06    0.35
FlowSolve: iter:    6 Solve:    (s)    0.08    0.59
FlowSolve:  Result Norm     :    1.6876143481413151
FlowSolve:  Relative Change :    7.2161034238818489E-009
FlowSolve: 
FlowSolve: 
FlowSolve: -------------------------------------
FlowSolve:  NAVIER-STOKES ITERATION           7
FlowSolve: -------------------------------------
FlowSolve: 
FlowSolve: Starting Assembly...
FlowSolve: Assembly:
FlowSolve: Assembly done
FlowSolve: Dirichlet conditions done
      10 0.7725E-08 0.7725E-08
BiCGStabl:       20 0.7311E-11 0.7311E-11
ComputeChange: NS (ITER=7) (NRM,RELC): (  1.6876143     0.21627715E-08 ) :: navier-stokes
FlowSolve: iter:    7 Assembly: (s)    0.06    0.41
FlowSolve: iter:    7 Solve:    (s)    0.08    0.67
FlowSolve:  Result Norm     :    1.6876143444913909
FlowSolve:  Relative Change :    2.1627714582242987E-009
FlowSolve: 
FlowSolve: 
FlowSolve: -------------------------------------
FlowSolve:  NAVIER-STOKES ITERATION           8
FlowSolve: -------------------------------------
FlowSolve: 
FlowSolve: Starting Assembly...
FlowSolve: Assembly:
FlowSolve: Assembly done
FlowSolve: Dirichlet conditions done
      10 0.2334E-08 0.2334E-08
BiCGStabl:       17 0.8159E-11 0.8159E-11
ComputeChange: NS (ITER=8) (NRM,RELC): (  1.6876143     0.64817961E-09 ) :: navier-stokes
FlowSolve: iter:    8 Assembly: (s)    0.06    0.47
FlowSolve: iter:    8 Solve:    (s)    0.07    0.74
FlowSolve:  Result Norm     :    1.6876143433975137
FlowSolve:  Relative Change :    6.4817961221927445E-010
FlowSolve: 
FlowSolve: 
FlowSolve: -------------------------------------
FlowSolve:  NAVIER-STOKES ITERATION           9
FlowSolve: -------------------------------------
FlowSolve: 
FlowSolve: Starting Assembly...
FlowSolve: Assembly:
FlowSolve: Assembly done
FlowSolve: Dirichlet conditions done
      10 0.5601E-09 0.5601E-09
BiCGStabl:       14 0.9704E-11 0.9704E-11
ComputeChange: NS (ITER=9) (NRM,RELC): (  1.6876143     0.19465828E-09 ) :: navier-stokes
FlowSolve: iter:    9 Assembly: (s)    0.06    0.52
FlowSolve: iter:    9 Solve:    (s)    0.06    0.80
FlowSolve:  Result Norm     :    1.6876143430690056
FlowSolve:  Relative Change :    1.9465828251640147E-010
FlowSolve: 
FlowSolve: 
FlowSolve: -------------------------------------
FlowSolve:  NAVIER-STOKES ITERATION          10
FlowSolve: -------------------------------------
FlowSolve: 
FlowSolve: Starting Assembly...
FlowSolve: Assembly:
FlowSolve: Assembly done
FlowSolve: Dirichlet conditions done
      10 0.1813E-09 0.1813E-09
BiCGStabl:       14 0.7684E-11 0.7684E-11
ComputeChange: NS (ITER=10) (NRM,RELC): (  1.6876143     0.59162359E-10 ) :: navier-stokes
FlowSolve: iter:   10 Assembly: (s)    0.06    0.58
FlowSolve: iter:   10 Solve:    (s)    0.05    0.85
FlowSolve:  Result Norm     :    1.6876143429691624
FlowSolve:  Relative Change :    5.9162358506827982E-011
ComputeChange: SS (ITER=31) (NRM,RELC): (  1.6876190     0.14854831E-05 ) :: navier-stokes
ResultOutputSolver: -------------------------------------
ResultOutputSolver: Saving in unstructured VTK XML (.vtu) format
ResultOutputSolver: -------------------------------------
MAIN: 
MAIN: -------------------------------------
MAIN:  Steady state iteration:           32
MAIN: -------------------------------------
MAIN: 
HeatSolver: ------------------------------------------------
HeatSolver: Solving energy equation for temperature
HeatSolver: Heat solver iteration: 1
IterSolver: "Linear System GCR Restart" not given, setting it to 200
   gcr:    10  0.2872E-09  0.1255E-09
   gcr:    20  0.3546E-10  0.2370E-10
ComputeChange: NS (ITER=1) (NRM,RELC): (  300.00014     0.21792051E-10 ) :: heat equation
ComputeChange: SS (ITER=32) (NRM,RELC): (  300.00014     0.76257305E-11 ) :: heat equation
FlowSolve: 
FlowSolve: 
FlowSolve: -------------------------------------
FlowSolve:  NAVIER-STOKES ITERATION           1
FlowSolve: -------------------------------------
FlowSolve: 
FlowSolve: Starting Assembly...
FlowSolve: Assembly:
FlowSolve: Assembly done
FlowSolve: Dirichlet conditions done
      10 0.9704E-05 0.9704E-05
      20 0.3501E-08 0.3501E-08
BiCGStabl:       29 0.8515E-11 0.8515E-11
ComputeChange: NS (ITER=1) (NRM,RELC): (  1.6876156     0.19857524E-05 ) :: navier-stokes
FlowSolve: iter:    1 Assembly: (s)    0.06    0.06
FlowSolve: iter:    1 Solve:    (s)    0.11    0.11
FlowSolve:  Result Norm     :    1.6876156472734225
FlowSolve:  Relative Change :    1.9857524193360175E-006
FlowSolve: 
FlowSolve: 
FlowSolve: -------------------------------------
FlowSolve:  NAVIER-STOKES ITERATION           2
FlowSolve: -------------------------------------
FlowSolve: 
FlowSolve: Starting Assembly...
FlowSolve: Assembly:
FlowSolve: Assembly done
FlowSolve: Dirichlet conditions done
      10 0.2914E-05 0.2914E-05
      20 0.1055E-08 0.1055E-08
BiCGStabl:       29 0.4714E-11 0.4714E-11
ComputeChange: NS (ITER=2) (NRM,RELC): (  1.6876146     0.59564882E-06 ) :: navier-stokes
FlowSolve: iter:    2 Assembly: (s)    0.06    0.12
FlowSolve: iter:    2 Solve:    (s)    0.11    0.22
FlowSolve:  Result Norm     :    1.6876146420474556
FlowSolve:  Relative Change :    5.9564881844697835E-007
FlowSolve: 
FlowSolve: 
FlowSolve: -------------------------------------
FlowSolve:  NAVIER-STOKES ITERATION           3
FlowSolve: -------------------------------------
FlowSolve: 
FlowSolve: Starting Assembly...
FlowSolve: Assembly:
FlowSolve: Assembly done
FlowSolve: Dirichlet conditions done
      10 0.8747E-06 0.8747E-06
      20 0.3174E-09 0.3174E-09
BiCGStabl:       29 0.6621E-12 0.6621E-12
ComputeChange: NS (ITER=3) (NRM,RELC): (  1.6876143     0.17867762E-06 ) :: navier-stokes
FlowSolve: iter:    3 Assembly: (s)    0.06    0.17
FlowSolve: iter:    3 Solve:    (s)    0.11    0.33
FlowSolve:  Result Norm     :    1.6876143405085129
FlowSolve:  Relative Change :    1.7867762114070250E-007
FlowSolve: 
FlowSolve: 
FlowSolve: -------------------------------------
FlowSolve:  NAVIER-STOKES ITERATION           4
FlowSolve: -------------------------------------
FlowSolve: 
FlowSolve: Starting Assembly...
FlowSolve: Assembly:
FlowSolve: Assembly done
FlowSolve: Dirichlet conditions done
      10 0.2625E-06 0.2625E-06
      20 0.9557E-10 0.9557E-10
BiCGStabl:       25 0.8338E-11 0.8338E-11
ComputeChange: NS (ITER=4) (NRM,RELC): (  1.6876143     0.53599128E-07 ) :: navier-stokes
FlowSolve: iter:    4 Assembly: (s)    0.06    0.23
FlowSolve: iter:    4 Solve:    (s)    0.09    0.42
FlowSolve:  Result Norm     :    1.6876142500538585
FlowSolve:  Relative Change :    5.3599127885016598E-008
FlowSolve: 
FlowSolve: 
FlowSolve: -------------------------------------
FlowSolve:  NAVIER-STOKES ITERATION           5
FlowSolve: -------------------------------------
FlowSolve: 
FlowSolve: Starting Assembly...
FlowSolve: Assembly:
FlowSolve: Assembly done
FlowSolve: Dirichlet conditions done
      10 0.7893E-07 0.7893E-07
      20 0.2881E-10 0.2881E-10
BiCGStabl:       21 0.8642E-11 0.8642E-11
ComputeChange: NS (ITER=5) (NRM,RELC): (  1.6876142     0.16078886E-07 ) :: navier-stokes
FlowSolve: iter:    5 Assembly: (s)    0.06    0.29
FlowSolve: iter:    5 Solve:    (s)    0.08    0.50
FlowSolve:  Result Norm     :    1.6876142229189017
FlowSolve:  Relative Change :    1.6078885884792635E-008
FlowSolve: 
FlowSolve: 
FlowSolve: -------------------------------------
FlowSolve:  NAVIER-STOKES ITERATION           6
FlowSolve: -------------------------------------
FlowSolve: 
FlowSolve: Starting Assembly...
FlowSolve: Assembly:
FlowSolve: Assembly done
FlowSolve: Dirichlet conditions done
      10 0.2381E-07 0.2381E-07
BiCGStabl:       20 0.9775E-11 0.9775E-11
ComputeChange: NS (ITER=6) (NRM,RELC): (  1.6876142     0.48208780E-08 ) :: navier-stokes
FlowSolve: iter:    6 Assembly: (s)    0.06    0.35
FlowSolve: iter:    6 Solve:    (s)    0.08    0.58
FlowSolve:  Result Norm     :    1.6876142147831195
FlowSolve:  Relative Change :    4.8208780058995900E-009
FlowSolve: 
FlowSolve: 
FlowSolve: -------------------------------------
FlowSolve:  NAVIER-STOKES ITERATION           7
FlowSolve: -------------------------------------
FlowSolve: 
FlowSolve: Starting Assembly...
FlowSolve: Assembly:
FlowSolve: Assembly done
FlowSolve: Dirichlet conditions done
      10 0.8011E-08 0.8011E-08
BiCGStabl:       20 0.3353E-11 0.3353E-11
ComputeChange: NS (ITER=7) (NRM,RELC): (  1.6876142     0.14472419E-08 ) :: navier-stokes
FlowSolve: iter:    7 Assembly: (s)    0.06    0.41
FlowSolve: iter:    7 Solve:    (s)    0.08    0.65
FlowSolve:  Result Norm     :    1.6876142123407334
FlowSolve:  Relative Change :    1.4472419416351415E-009
FlowSolve: 
FlowSolve: 
FlowSolve: -------------------------------------
FlowSolve:  NAVIER-STOKES ITERATION           8
FlowSolve: -------------------------------------
FlowSolve: 
FlowSolve: Starting Assembly...
FlowSolve: Assembly:
FlowSolve: Assembly done
FlowSolve: Dirichlet conditions done
      10 0.2865E-08 0.2865E-08
BiCGStabl:       17 0.6833E-11 0.6833E-11
ComputeChange: NS (ITER=8) (NRM,RELC): (  1.6876142     0.43348831E-09 ) :: navier-stokes
FlowSolve: iter:    8 Assembly: (s)    0.06    0.46
FlowSolve: iter:    8 Solve:    (s)    0.07    0.72
FlowSolve:  Result Norm     :    1.6876142116091724
FlowSolve:  Relative Change :    4.3348831076563097E-010
FlowSolve: 
FlowSolve: 
FlowSolve: -------------------------------------
FlowSolve:  NAVIER-STOKES ITERATION           9
FlowSolve: -------------------------------------
FlowSolve: 
FlowSolve: Starting Assembly...
FlowSolve: Assembly:
FlowSolve: Assembly done
FlowSolve: Dirichlet conditions done
      10 0.2412E-08 0.2412E-08
BiCGStabl:       14 0.8275E-11 0.8275E-11
ComputeChange: NS (ITER=9) (NRM,RELC): (  1.6876142     0.12974080E-09 ) :: navier-stokes
FlowSolve: iter:    9 Assembly: (s)    0.06    0.52
FlowSolve: iter:    9 Solve:    (s)    0.06    0.78
FlowSolve:  Result Norm     :    1.6876142113902199
FlowSolve:  Relative Change :    1.2974079636499004E-010
FlowSolve: 
FlowSolve: 
FlowSolve: -------------------------------------
FlowSolve:  NAVIER-STOKES ITERATION          10
FlowSolve: -------------------------------------
FlowSolve: 
FlowSolve: Starting Assembly...
FlowSolve: Assembly:
FlowSolve: Assembly done
FlowSolve: Dirichlet conditions done
      10 0.3456E-10 0.3456E-10
BiCGStabl:       13 0.9260E-11 0.9260E-11
ComputeChange: NS (ITER=10) (NRM,RELC): (  1.6876142     0.40913703E-10 ) :: navier-stokes
FlowSolve: iter:   10 Assembly: (s)    0.06    0.58
FlowSolve: iter:   10 Solve:    (s)    0.05    0.83
FlowSolve:  Result Norm     :    1.6876142113211734
FlowSolve:  Relative Change :    4.0913702784483736E-011
ComputeChange: SS (ITER=32) (NRM,RELC): (  1.6876173     0.99284503E-06 ) :: navier-stokes
ResultOutputSolver: -------------------------------------
ResultOutputSolver: Saving in unstructured VTK XML (.vtu) format
ResultOutputSolver: -------------------------------------
MAIN: 
MAIN: -------------------------------------
MAIN:  Steady state iteration:           33
MAIN: -------------------------------------
MAIN: 
HeatSolver: ------------------------------------------------
HeatSolver: Solving energy equation for temperature
HeatSolver: Heat solver iteration: 1
IterSolver: "Linear System GCR Restart" not given, setting it to 200
   gcr:    10  0.2169E-09  0.9385E-10
   gcr:    20  0.2694E-10  0.1807E-10
ComputeChange: NS (ITER=1) (NRM,RELC): (  300.00014     0.18610716E-10 ) :: heat equation
ComputeChange: SS (ITER=33) (NRM,RELC): (  300.00014     0.65150107E-11 ) :: heat equation
FlowSolve: 
FlowSolve: 
FlowSolve: -------------------------------------
FlowSolve:  NAVIER-STOKES ITERATION           1
FlowSolve: -------------------------------------
FlowSolve: 
FlowSolve: Starting Assembly...
FlowSolve: Assembly:
FlowSolve: Assembly done
FlowSolve: Dirichlet conditions done
      10 0.1104E-04 0.1104E-04
      20 0.1755E-08 0.1755E-08
BiCGStabl:       29 0.8745E-11 0.8745E-11
ComputeChange: NS (ITER=1) (NRM,RELC): (  1.6876152     0.12616973E-05 ) :: navier-stokes
FlowSolve: iter:    1 Assembly: (s)    0.06    0.06
FlowSolve: iter:    1 Solve:    (s)    0.11    0.11
FlowSolve:  Result Norm     :    1.6876151936594990
FlowSolve:  Relative Change :    1.2616972552557119E-006
FlowSolve: 
FlowSolve: 
FlowSolve: -------------------------------------
FlowSolve:  NAVIER-STOKES ITERATION           2
FlowSolve: -------------------------------------
FlowSolve: 
FlowSolve: Starting Assembly...
FlowSolve: Assembly:
FlowSolve: Assembly done
FlowSolve: Dirichlet conditions done
      10 0.3318E-05 0.3318E-05
      20 0.5272E-09 0.5272E-09
BiCGStabl:       29 0.3625E-11 0.3625E-11
ComputeChange: NS (ITER=2) (NRM,RELC): (  1.6876146     0.37845722E-06 ) :: navier-stokes
FlowSolve: iter:    2 Assembly: (s)    0.06    0.12
FlowSolve: iter:    2 Solve:    (s)    0.11    0.22
FlowSolve:  Result Norm     :    1.6876145549694708
FlowSolve:  Relative Change :    3.7845721670232052E-007
FlowSolve: 
FlowSolve: 
FlowSolve: -------------------------------------
FlowSolve:  NAVIER-STOKES ITERATION           3
FlowSolve: -------------------------------------
FlowSolve: 
FlowSolve: Starting Assembly...
FlowSolve: Assembly:
FlowSolve: Assembly done
FlowSolve: Dirichlet conditions done
      10 0.9971E-06 0.9971E-06
      20 0.1584E-09 0.1584E-09
BiCGStabl:       29 0.1285E-11 0.1285E-11
ComputeChange: NS (ITER=3) (NRM,RELC): (  1.6876144     0.11352489E-06 ) :: navier-stokes
FlowSolve: iter:    3 Assembly: (s)    0.06    0.18
FlowSolve: iter:    3 Solve:    (s)    0.11    0.33
FlowSolve:  Result Norm     :    1.6876143633832166
FlowSolve:  Relative Change :    1.1352489495028453E-007
FlowSolve: 
FlowSolve: 
FlowSolve: -------------------------------------
FlowSolve:  NAVIER-STOKES ITERATION           4
FlowSolve: -------------------------------------
FlowSolve: 
FlowSolve: Starting Assembly...
FlowSolve: Assembly:
FlowSolve: Assembly done
FlowSolve: Dirichlet conditions done
      10 0.2995E-06 0.2995E-06
      20 0.4755E-10 0.4755E-10
BiCGStabl:       24 0.8404E-11 0.8404E-11
ComputeChange: NS (ITER=4) (NRM,RELC): (  1.6876143     0.34054436E-07 ) :: navier-stokes
FlowSolve: iter:    4 Assembly: (s)    0.06    0.24
FlowSolve: iter:    4 Solve:    (s)    0.09    0.42
FlowSolve:  Result Norm     :    1.6876143059124615
FlowSolve:  Relative Change :    3.4054436409964365E-008
FlowSolve: 
FlowSolve: 
FlowSolve: -------------------------------------
FlowSolve:  NAVIER-STOKES ITERATION           5
FlowSolve: -------------------------------------
FlowSolve: 
FlowSolve: Starting Assembly...
FlowSolve: Assembly:
FlowSolve: Assembly done
FlowSolve: Dirichlet conditions done
      10 0.9209E-07 0.9209E-07
      20 0.1424E-10 0.1424E-10
BiCGStabl:       21 0.7604E-11 0.7604E-11
ComputeChange: NS (ITER=5) (NRM,RELC): (  1.6876143     0.10216032E-07 ) :: navier-stokes
FlowSolve: iter:    5 Assembly: (s)    0.06    0.30
FlowSolve: iter:    5 Solve:    (s)    0.08    0.50
FlowSolve:  Result Norm     :    1.6876142886717396
FlowSolve:  Relative Change :    1.0216032175628616E-008
FlowSolve: 
FlowSolve: 
FlowSolve: -------------------------------------
FlowSolve:  NAVIER-STOKES ITERATION           6
FlowSolve: -------------------------------------
FlowSolve: 
FlowSolve: Starting Assembly...
FlowSolve: Assembly:
FlowSolve: Assembly done
FlowSolve: Dirichlet conditions done
      10 0.2797E-07 0.2797E-07
BiCGStabl:       20 0.4863E-11 0.4863E-11
ComputeChange: NS (ITER=6) (NRM,RELC): (  1.6876143     0.30629245E-08 ) :: navier-stokes
FlowSolve: iter:    6 Assembly: (s)    0.06    0.36
FlowSolve: iter:    6 Solve:    (s)    0.08    0.58
FlowSolve:  Result Norm     :    1.6876142835027044
FlowSolve:  Relative Change :    3.0629245334576143E-009
FlowSolve: 
FlowSolve: 
FlowSolve: -------------------------------------
FlowSolve:  NAVIER-STOKES ITERATION           7
FlowSolve: -------------------------------------
FlowSolve: 
FlowSolve: Starting Assembly...
FlowSolve: Assembly:
FlowSolve: Assembly done
FlowSolve: Dirichlet conditions done
      10 0.9041E-08 0.9041E-08
BiCGStabl:       17 0.8295E-11 0.8295E-11
ComputeChange: NS (ITER=7) (NRM,RELC): (  1.6876143     0.91790563E-09 ) :: navier-stokes
FlowSolve: iter:    7 Assembly: (s)    0.06    0.41
FlowSolve: iter:    7 Solve:    (s)    0.07    0.65
FlowSolve:  Result Norm     :    1.6876142819536337
FlowSolve:  Relative Change :    9.1790562890185855E-010
FlowSolve: 
FlowSolve: 
FlowSolve: -------------------------------------
FlowSolve:  NAVIER-STOKES ITERATION           8
FlowSolve: -------------------------------------
FlowSolve: 
FlowSolve: Starting Assembly...
FlowSolve: Assembly:
FlowSolve: Assembly done
FlowSolve: Dirichlet conditions done
      10 0.7227E-08 0.7227E-08
BiCGStabl:       17 0.6265E-11 0.6265E-11
ComputeChange: NS (ITER=8) (NRM,RELC): (  1.6876143     0.27625754E-09 ) :: navier-stokes
FlowSolve: iter:    8 Assembly: (s)    0.06    0.47
FlowSolve: iter:    8 Solve:    (s)    0.07    0.71
FlowSolve:  Result Norm     :    1.6876142814874175
FlowSolve:  Relative Change :    2.7625754405215081E-010
FlowSolve: 
FlowSolve: 
FlowSolve: -------------------------------------
FlowSolve:  NAVIER-STOKES ITERATION           9
FlowSolve: -------------------------------------
FlowSolve: 
FlowSolve: Starting Assembly...
FlowSolve: Assembly:
FlowSolve: Assembly done
FlowSolve: Dirichlet conditions done
      10 0.9125E-10 0.9125E-10
BiCGStabl:       14 0.7994E-11 0.7994E-11
ComputeChange: NS (ITER=9) (NRM,RELC): (  1.6876143     0.82143835E-10 ) :: navier-stokes
FlowSolve: iter:    9 Assembly: (s)    0.06    0.53
FlowSolve: iter:    9 Solve:    (s)    0.06    0.77
FlowSolve:  Result Norm     :    1.6876142813487904
FlowSolve:  Relative Change :    8.2143835423644309E-011
ComputeChange: SS (ITER=33) (NRM,RELC): (  1.6876163     0.63081446E-06 ) :: navier-stokes
ResultOutputSolver: -------------------------------------
ResultOutputSolver: Saving in unstructured VTK XML (.vtu) format
ResultOutputSolver: -------------------------------------
MAIN: 
MAIN: -------------------------------------
MAIN:  Steady state iteration:           34
MAIN: -------------------------------------
MAIN: 
HeatSolver: ------------------------------------------------
HeatSolver: Solving energy equation for temperature
HeatSolver: Heat solver iteration: 1
IterSolver: "Linear System GCR Restart" not given, setting it to 200
   gcr:    10  0.1639E-09  0.7027E-10
   gcr:    20  0.2045E-10  0.1375E-10
ComputeChange: NS (ITER=1) (NRM,RELC): (  300.00014     0.15514078E-10 ) :: heat equation
ComputeChange: SS (ITER=34) (NRM,RELC): (  300.00014     0.54287334E-11 ) :: heat equation
FlowSolve: 
FlowSolve: 
FlowSolve: -------------------------------------
FlowSolve:  NAVIER-STOKES ITERATION           1
FlowSolve: -------------------------------------
FlowSolve: 
FlowSolve: Starting Assembly...
FlowSolve: Assembly:
FlowSolve: Assembly done
FlowSolve: Dirichlet conditions done
      10 0.2876E-04 0.2876E-04
      20 0.1390E-08 0.1390E-08
      30 0.7437E-11 0.7437E-11
BiCGStabl:       30 0.7437E-11 0.7437E-11
ComputeChange: NS (ITER=1) (NRM,RELC): (  1.6876150     0.73120691E-06 ) :: navier-stokes
FlowSolve: iter:    1 Assembly: (s)    0.06    0.06
FlowSolve: iter:    1 Solve:    (s)    0.11    0.11
FlowSolve:  Result Norm     :    1.6876150243510168
FlowSolve:  Relative Change :    7.3120690759664995E-007
FlowSolve: 
FlowSolve: 
FlowSolve: -------------------------------------
FlowSolve:  NAVIER-STOKES ITERATION           2
FlowSolve: -------------------------------------
FlowSolve: 
FlowSolve: Starting Assembly...
FlowSolve: Assembly:
FlowSolve: Assembly done
FlowSolve: Dirichlet conditions done
      10 0.8735E-05 0.8735E-05
      20 0.4162E-09 0.4162E-09
BiCGStabl:       29 0.6226E-11 0.6226E-11
ComputeChange: NS (ITER=2) (NRM,RELC): (  1.6876147     0.21932685E-06 ) :: navier-stokes
FlowSolve: iter:    2 Assembly: (s)    0.06    0.12
FlowSolve: iter:    2 Solve:    (s)    0.11    0.22
FlowSolve:  Result Norm     :    1.6876146542117711
FlowSolve:  Relative Change :    2.1932684939855830E-007
FlowSolve: 
FlowSolve: 
FlowSolve: -------------------------------------
FlowSolve:  NAVIER-STOKES ITERATION           3
FlowSolve: -------------------------------------
FlowSolve: 
FlowSolve: Starting Assembly...
FlowSolve: Assembly:
FlowSolve: Assembly done
FlowSolve: Dirichlet conditions done
      10 0.2654E-05 0.2654E-05
      20 0.1245E-09 0.1245E-09
BiCGStabl:       28 0.4248E-11 0.4248E-11
ComputeChange: NS (ITER=3) (NRM,RELC): (  1.6876145     0.65788698E-07 ) :: navier-stokes
FlowSolve: iter:    3 Assembly: (s)    0.06    0.18
FlowSolve: iter:    3 Solve:    (s)    0.11    0.33
FlowSolve:  Result Norm     :    1.6876145431858047
FlowSolve:  Relative Change :    6.5788697553426347E-008
FlowSolve: 
FlowSolve: 
FlowSolve: -------------------------------------
FlowSolve:  NAVIER-STOKES ITERATION           4
FlowSolve: -------------------------------------
FlowSolve: 
FlowSolve: Starting Assembly...
FlowSolve: Assembly:
FlowSolve: Assembly done
FlowSolve: Dirichlet conditions done
      10 0.8049E-06 0.8049E-06
      20 0.3743E-10 0.3743E-10
BiCGStabl:       23 0.6695E-11 0.6695E-11
ComputeChange: NS (ITER=4) (NRM,RELC): (  1.6876145     0.19732760E-07 ) :: navier-stokes
FlowSolve: iter:    4 Assembly: (s)    0.06    0.23
FlowSolve: iter:    4 Solve:    (s)    0.09    0.41
FlowSolve:  Result Norm     :    1.6876145098845130
FlowSolve:  Relative Change :    1.9732759584949070E-008
FlowSolve: 
FlowSolve: 
FlowSolve: -------------------------------------
FlowSolve:  NAVIER-STOKES ITERATION           5
FlowSolve: -------------------------------------
FlowSolve: 
FlowSolve: Starting Assembly...
FlowSolve: Assembly:
FlowSolve: Assembly done
FlowSolve: Dirichlet conditions done
      10 0.2652E-06 0.2652E-06
      20 0.1081E-10 0.1081E-10
BiCGStabl:       21 0.9370E-11 0.9370E-11
ComputeChange: NS (ITER=5) (NRM,RELC): (  1.6876145     0.59217271E-08 ) :: navier-stokes
FlowSolve: iter:    5 Assembly: (s)    0.06    0.29
FlowSolve: iter:    5 Solve:    (s)    0.08    0.49
FlowSolve:  Result Norm     :    1.6876144998909204
FlowSolve:  Relative Change :    5.9217271427579278E-009
FlowSolve: 
FlowSolve: 
FlowSolve: -------------------------------------
FlowSolve:  NAVIER-STOKES ITERATION           6
FlowSolve: -------------------------------------
FlowSolve: 
FlowSolve: Starting Assembly...
FlowSolve: Assembly:
FlowSolve: Assembly done
FlowSolve: Dirichlet conditions done
      10 0.7947E-07 0.7947E-07
BiCGStabl:       19 0.8081E-11 0.8081E-11
ComputeChange: NS (ITER=6) (NRM,RELC): (  1.6876145     0.17737846E-08 ) :: navier-stokes
FlowSolve: iter:    6 Assembly: (s)    0.06    0.35
FlowSolve: iter:    6 Solve:    (s)    0.07    0.57
FlowSolve:  Result Norm     :    1.6876144968974558
FlowSolve:  Relative Change :    1.7737845877527801E-009
FlowSolve: 
FlowSolve: 
FlowSolve: -------------------------------------
FlowSolve:  NAVIER-STOKES ITERATION           7
FlowSolve: -------------------------------------
FlowSolve: 
FlowSolve: Starting Assembly...
FlowSolve: Assembly:
FlowSolve: Assembly done
FlowSolve: Dirichlet conditions done
      10 0.3138E-07 0.3138E-07
BiCGStabl:       19 0.3025E-11 0.3025E-11
ComputeChange: NS (ITER=7) (NRM,RELC): (  1.6876145     0.53292603E-09 ) :: navier-stokes
FlowSolve: iter:    7 Assembly: (s)    0.06    0.41
FlowSolve: iter:    7 Solve:    (s)    0.07    0.64
FlowSolve:  Result Norm     :    1.6876144959980821
FlowSolve:  Relative Change :    5.3292602577716453E-010
FlowSolve: 
FlowSolve: 
FlowSolve: -------------------------------------
FlowSolve:  NAVIER-STOKES ITERATION           8
FlowSolve: -------------------------------------
FlowSolve: 
FlowSolve: Starting Assembly...
FlowSolve: Assembly:
FlowSolve: Assembly done
FlowSolve: Dirichlet conditions done
      10 0.9449E-08 0.9449E-08
BiCGStabl:       17 0.8963E-11 0.8963E-11
ComputeChange: NS (ITER=8) (NRM,RELC): (  1.6876145     0.16106477E-09 ) :: navier-stokes
FlowSolve: iter:    8 Assembly: (s)    0.06    0.46
FlowSolve: iter:    8 Solve:    (s)    0.07    0.71
FlowSolve:  Result Norm     :    1.6876144957262669
FlowSolve:  Relative Change :    1.6106476784337906E-010
FlowSolve: 
FlowSolve: 
FlowSolve: -------------------------------------
FlowSolve:  NAVIER-STOKES ITERATION           9
FlowSolve: -------------------------------------
FlowSolve: 
FlowSolve: Starting Assembly...
FlowSolve: Assembly:
FlowSolve: Assembly done
FlowSolve: Dirichlet conditions done
      10 0.4053E-09 0.4053E-09
BiCGStabl:       14 0.6022E-11 0.6022E-11
ComputeChange: NS (ITER=9) (NRM,RELC): (  1.6876145     0.46486210E-10 ) :: navier-stokes
FlowSolve: iter:    9 Assembly: (s)    0.06    0.52
FlowSolve: iter:    9 Solve:    (s)    0.05    0.76
FlowSolve:  Result Norm     :    1.6876144956478161
FlowSolve:  Relative Change :    4.6486209742308342E-011
ComputeChange: SS (ITER=34) (NRM,RELC): (  1.6876156     0.36557907E-06 ) :: navier-stokes
ResultOutputSolver: -------------------------------------
ResultOutputSolver: Saving in unstructured VTK XML (.vtu) format
ResultOutputSolver: -------------------------------------
MAIN: 
MAIN: -------------------------------------
MAIN:  Steady state iteration:           35
MAIN: -------------------------------------
MAIN: 
HeatSolver: ------------------------------------------------
HeatSolver: Solving energy equation for temperature
HeatSolver: Heat solver iteration: 1
IterSolver: "Linear System GCR Restart" not given, setting it to 200
   gcr:    10  0.1238E-09  0.5270E-10
   gcr:    20  0.1546E-10  0.1041E-10
ComputeChange: NS (ITER=1) (NRM,RELC): (  300.00014     0.12839028E-10 ) :: heat equation
ComputeChange: SS (ITER=35) (NRM,RELC): (  300.00014     0.44936596E-11 ) :: heat equation
FlowSolve: 
FlowSolve: 
FlowSolve: -------------------------------------
FlowSolve:  NAVIER-STOKES ITERATION           1
FlowSolve: -------------------------------------
FlowSolve: 
FlowSolve: Starting Assembly...
FlowSolve: Assembly:
FlowSolve: Assembly done
FlowSolve: Dirichlet conditions done
      10 0.7733E-05 0.7733E-05
      20 0.8739E-09 0.8739E-09
BiCGStabl:       29 0.5770E-11 0.5770E-11
ComputeChange: NS (ITER=1) (NRM,RELC): (  1.6876150     0.35468429E-06 ) :: navier-stokes
FlowSolve: iter:    1 Assembly: (s)    0.06    0.06
FlowSolve: iter:    1 Solve:    (s)    0.11    0.11
FlowSolve:  Result Norm     :    1.6876150428195016
FlowSolve:  Relative Change :    3.5468429162797985E-007
FlowSolve: 
FlowSolve: 
FlowSolve: -------------------------------------
FlowSolve:  NAVIER-STOKES ITERATION           2
FlowSolve: -------------------------------------
FlowSolve: 
FlowSolve: Starting Assembly...
FlowSolve: Assembly:
FlowSolve: Assembly done
FlowSolve: Dirichlet conditions done
      10 0.2306E-05 0.2306E-05
      20 0.2623E-09 0.2623E-09
BiCGStabl:       26 0.6696E-11 0.6696E-11
ComputeChange: NS (ITER=2) (NRM,RELC): (  1.6876149     0.10638013E-06 ) :: navier-stokes
FlowSolve: iter:    2 Assembly: (s)    0.06    0.12
FlowSolve: iter:    2 Solve:    (s)    0.10    0.21
FlowSolve:  Result Norm     :    1.6876148632908021
FlowSolve:  Relative Change :    1.0638013080953791E-007
FlowSolve: 
FlowSolve: 
FlowSolve: -------------------------------------
FlowSolve:  NAVIER-STOKES ITERATION           3
FlowSolve: -------------------------------------
FlowSolve: 
FlowSolve: Starting Assembly...
FlowSolve: Assembly:
FlowSolve: Assembly done
FlowSolve: Dirichlet conditions done
      10 0.6853E-06 0.6853E-06
      20 0.7863E-10 0.7863E-10
BiCGStabl:       28 0.5467E-11 0.5467E-11
ComputeChange: NS (ITER=3) (NRM,RELC): (  1.6876148     0.31907056E-07 ) :: navier-stokes
FlowSolve: iter:    3 Assembly: (s)    0.06    0.18
FlowSolve: iter:    3 Solve:    (s)    0.11    0.31
FlowSolve:  Result Norm     :    1.6876148094439813
FlowSolve:  Relative Change :    3.1907055816082651E-008
FlowSolve: 
FlowSolve: 
FlowSolve: -------------------------------------
FlowSolve:  NAVIER-STOKES ITERATION           4
FlowSolve: -------------------------------------
FlowSolve: 
FlowSolve: Starting Assembly...
FlowSolve: Assembly:
FlowSolve: Assembly done
FlowSolve: Dirichlet conditions done
      10 0.2067E-06 0.2067E-06
      20 0.2363E-10 0.2363E-10
BiCGStabl:       23 0.6637E-11 0.6637E-11
ComputeChange: NS (ITER=4) (NRM,RELC): (  1.6876148     0.95695659E-08 ) :: navier-stokes
FlowSolve: iter:    4 Assembly: (s)    0.06    0.23
FlowSolve: iter:    4 Solve:    (s)    0.09    0.40
FlowSolve:  Result Norm     :    1.6876147932942402
FlowSolve:  Relative Change :    9.5695659263465955E-009
FlowSolve: 
FlowSolve: 
FlowSolve: -------------------------------------
FlowSolve:  NAVIER-STOKES ITERATION           5
FlowSolve: -------------------------------------
FlowSolve: 
FlowSolve: Starting Assembly...
FlowSolve: Assembly:
FlowSolve: Assembly done
FlowSolve: Dirichlet conditions done
      10 0.6489E-07 0.6489E-07
BiCGStabl:       19 0.9115E-11 0.9115E-11
ComputeChange: NS (ITER=5) (NRM,RELC): (  1.6876148     0.28693788E-08 ) :: navier-stokes
FlowSolve: iter:    5 Assembly: (s)    0.06    0.29
FlowSolve: iter:    5 Solve:    (s)    0.07    0.47
FlowSolve:  Result Norm     :    1.6876147884518342
FlowSolve:  Relative Change :    2.8693787574640058E-009
FlowSolve: 
FlowSolve: 
FlowSolve: -------------------------------------
FlowSolve:  NAVIER-STOKES ITERATION           6
FlowSolve: -------------------------------------
FlowSolve: 
FlowSolve: Starting Assembly...
FlowSolve: Assembly:
FlowSolve: Assembly done
FlowSolve: Dirichlet conditions done
      10 0.1642E-07 0.1642E-07
BiCGStabl:       19 0.5252E-11 0.5252E-11
ComputeChange: NS (ITER=6) (NRM,RELC): (  1.6876148     0.86156407E-09 ) :: navier-stokes
FlowSolve: iter:    6 Assembly: (s)    0.06    0.35
FlowSolve: iter:    6 Solve:    (s)    0.07    0.55
FlowSolve:  Result Norm     :    1.6876147869978460
FlowSolve:  Relative Change :    8.6156406882567826E-010
FlowSolve: 
FlowSolve: 
FlowSolve: -------------------------------------
FlowSolve:  NAVIER-STOKES ITERATION           7
FlowSolve: -------------------------------------
FlowSolve: 
FlowSolve: Starting Assembly...
FlowSolve: Assembly:
FlowSolve: Assembly done
FlowSolve: Dirichlet conditions done
      10 0.2862E-08 0.2862E-08
BiCGStabl:       18 0.7181E-11 0.7181E-11
ComputeChange: NS (ITER=7) (NRM,RELC): (  1.6876148     0.25920244E-09 ) :: navier-stokes
FlowSolve: iter:    7 Assembly: (s)    0.06    0.41
FlowSolve: iter:    7 Solve:    (s)    0.07    0.62
FlowSolve:  Result Norm     :    1.6876147865604121
FlowSolve:  Relative Change :    2.5920243786290962E-010
FlowSolve: 
FlowSolve: 
FlowSolve: -------------------------------------
FlowSolve:  NAVIER-STOKES ITERATION           8
FlowSolve: -------------------------------------
FlowSolve: 
FlowSolve: Starting Assembly...
FlowSolve: Assembly:
FlowSolve: Assembly done
FlowSolve: Dirichlet conditions done
      10 0.3099E-08 0.3099E-08
BiCGStabl:       14 0.9850E-11 0.9850E-11
ComputeChange: NS (ITER=8) (NRM,RELC): (  1.6876148     0.75567922E-10 ) :: navier-stokes
FlowSolve: iter:    8 Assembly: (s)    0.06    0.47
FlowSolve: iter:    8 Solve:    (s)    0.06    0.68
FlowSolve:  Result Norm     :    1.6876147864328825
FlowSolve:  Relative Change :    7.5567921958418852E-011
ComputeChange: SS (ITER=35) (NRM,RELC): (  1.6876153     0.17731623E-06 ) :: navier-stokes
ResultOutputSolver: -------------------------------------
ResultOutputSolver: Saving in unstructured VTK XML (.vtu) format
ResultOutputSolver: -------------------------------------
MAIN: 
MAIN: -------------------------------------
MAIN:  Steady state iteration:           36
MAIN: -------------------------------------
MAIN: 
HeatSolver: ------------------------------------------------
HeatSolver: Solving energy equation for temperature
HeatSolver: Heat solver iteration: 1
IterSolver: "Linear System GCR Restart" not given, setting it to 200
   gcr:    10  0.9352E-10  0.3959E-10
   gcr:    20  0.1162E-10  0.7802E-11
ComputeChange: NS (ITER=1) (NRM,RELC): (  300.00014     0.10608303E-10 ) :: heat equation
ComputeChange: SS (ITER=36) (NRM,RELC): (  300.00014     0.37131999E-11 ) :: heat equation
FlowSolve: 
FlowSolve: 
FlowSolve: -------------------------------------
FlowSolve:  NAVIER-STOKES ITERATION           1
FlowSolve: -------------------------------------
FlowSolve: 
FlowSolve: Starting Assembly...
FlowSolve: Assembly:
FlowSolve: Assembly done
FlowSolve: Dirichlet conditions done
      10 0.2511E-05 0.2511E-05
      20 0.6043E-09 0.6043E-09
BiCGStabl:       26 0.5716E-11 0.5716E-11
ComputeChange: NS (ITER=1) (NRM,RELC): (  1.6876152     0.10393348E-06 ) :: navier-stokes
FlowSolve: iter:    1 Assembly: (s)    0.06    0.06
FlowSolve: iter:    1 Solve:    (s)    0.10    0.10
FlowSolve:  Result Norm     :    1.6876151667488100
FlowSolve:  Relative Change :    1.0393347658077775E-007
FlowSolve: 
FlowSolve: 
FlowSolve: -------------------------------------
FlowSolve:  NAVIER-STOKES ITERATION           2
FlowSolve: -------------------------------------
FlowSolve: 
FlowSolve: Starting Assembly...
FlowSolve: Assembly:
FlowSolve: Assembly done
FlowSolve: Dirichlet conditions done
      10 0.7505E-06 0.7505E-06
      20 0.1814E-09 0.1814E-09
BiCGStabl:       29 0.2559E-11 0.2559E-11
ComputeChange: NS (ITER=2) (NRM,RELC): (  1.6876151     0.31160527E-07 ) :: navier-stokes
FlowSolve: iter:    2 Assembly: (s)    0.06    0.12
FlowSolve: iter:    2 Solve:    (s)    0.11    0.21
FlowSolve:  Result Norm     :    1.6876151141618334
FlowSolve:  Relative Change :    3.1160526645248806E-008
FlowSolve: 
FlowSolve: 
FlowSolve: -------------------------------------
FlowSolve:  NAVIER-STOKES ITERATION           3
FlowSolve: -------------------------------------
FlowSolve: 
FlowSolve: Starting Assembly...
FlowSolve: Assembly:
FlowSolve: Assembly done
FlowSolve: Dirichlet conditions done
      10 0.2242E-06 0.2242E-06
      20 0.5442E-10 0.5442E-10
BiCGStabl:       26 0.8515E-11 0.8515E-11
ComputeChange: NS (ITER=3) (NRM,RELC): (  1.6876151     0.93436965E-08 ) :: navier-stokes
FlowSolve: iter:    3 Assembly: (s)    0.06    0.17
FlowSolve: iter:    3 Solve:    (s)    0.10    0.31
FlowSolve:  Result Norm     :    1.6876150983932701
FlowSolve:  Relative Change :    9.3436964893823345E-009
FlowSolve: 
FlowSolve: 
FlowSolve: -------------------------------------
FlowSolve:  NAVIER-STOKES ITERATION           4
FlowSolve: -------------------------------------
FlowSolve: 
FlowSolve: Starting Assembly...
FlowSolve: Assembly:
FlowSolve: Assembly done
FlowSolve: Dirichlet conditions done
      10 0.6740E-07 0.6740E-07
      20 0.1633E-10 0.1633E-10
BiCGStabl:       23 0.5572E-11 0.5572E-11
ComputeChange: NS (ITER=4) (NRM,RELC): (  1.6876151     0.28013878E-08 ) :: navier-stokes
FlowSolve: iter:    4 Assembly: (s)    0.06    0.23
FlowSolve: iter:    4 Solve:    (s)    0.09    0.39
FlowSolve:  Result Norm     :    1.6876150936656058
FlowSolve:  Relative Change :    2.8013877519800711E-009
FlowSolve: 
FlowSolve: 
FlowSolve: -------------------------------------
FlowSolve:  NAVIER-STOKES ITERATION           5
FlowSolve: -------------------------------------
FlowSolve: 
FlowSolve: Starting Assembly...
FlowSolve: Assembly:
FlowSolve: Assembly done
FlowSolve: Dirichlet conditions done
      10 0.2024E-07 0.2024E-07
BiCGStabl:       19 0.8527E-11 0.8527E-11
ComputeChange: NS (ITER=5) (NRM,RELC): (  1.6876151     0.83998068E-09 ) :: navier-stokes
FlowSolve: iter:    5 Assembly: (s)    0.06    0.29
FlowSolve: iter:    5 Solve:    (s)    0.07    0.47
FlowSolve:  Result Norm     :    1.6876150922480417
FlowSolve:  Relative Change :    8.3998067571617860E-010
FlowSolve: 
FlowSolve: 
FlowSolve: -------------------------------------
FlowSolve:  NAVIER-STOKES ITERATION           6
FlowSolve: -------------------------------------
FlowSolve: 
FlowSolve: Starting Assembly...
FlowSolve: Assembly:
FlowSolve: Assembly done
FlowSolve: Dirichlet conditions done
      10 0.5762E-08 0.5762E-08
BiCGStabl:       19 0.1962E-11 0.1962E-11
ComputeChange: NS (ITER=6) (NRM,RELC): (  1.6876151     0.25175852E-09 ) :: navier-stokes
FlowSolve: iter:    6 Assembly: (s)    0.06    0.35
FlowSolve: iter:    6 Solve:    (s)    0.07    0.54
FlowSolve:  Result Norm     :    1.6876150918231703
FlowSolve:  Relative Change :    2.5175851611158854E-010
FlowSolve: 
FlowSolve: 
FlowSolve: -------------------------------------
FlowSolve:  NAVIER-STOKES ITERATION           7
FlowSolve: -------------------------------------
FlowSolve: 
FlowSolve: Starting Assembly...
FlowSolve: Assembly:
FlowSolve: Assembly done
FlowSolve: Dirichlet conditions done
      10 0.1537E-08 0.1537E-08
BiCGStabl:       18 0.9530E-11 0.9530E-11
ComputeChange: NS (ITER=7) (NRM,RELC): (  1.6876151     0.73138544E-10 ) :: navier-stokes
FlowSolve: iter:    7 Assembly: (s)    0.06    0.41
FlowSolve: iter:    7 Solve:    (s)    0.07    0.61
FlowSolve:  Result Norm     :    1.6876150916997406
FlowSolve:  Relative Change :    7.3138544149712639E-011
ComputeChange: SS (ITER=36) (NRM,RELC): (  1.6876153     0.51943486E-07 ) :: navier-stokes
ResultOutputSolver: -------------------------------------
ResultOutputSolver: Saving in unstructured VTK XML (.vtu) format
ResultOutputSolver: -------------------------------------
MAIN: 
MAIN: -------------------------------------
MAIN:  Steady state iteration:           37
MAIN: -------------------------------------
MAIN: 
HeatSolver: ------------------------------------------------
HeatSolver: Solving energy equation for temperature
HeatSolver: Heat solver iteration: 1
IterSolver: "Linear System GCR Restart" not given, setting it to 200
   gcr:    10  0.7067E-10  0.2979E-10
   gcr:    20  0.8658E-11  0.5783E-11
ComputeChange: NS (ITER=1) (NRM,RELC): (  300.00014     0.87997361E-11 ) :: heat equation
ComputeChange: SS (ITER=37) (NRM,RELC): (  300.00014     0.30814803E-11 ) :: heat equation
FlowSolve: 
FlowSolve: 
FlowSolve: -------------------------------------
FlowSolve:  NAVIER-STOKES ITERATION           1
FlowSolve: -------------------------------------
FlowSolve: 
FlowSolve: Starting Assembly...
FlowSolve: Assembly:
FlowSolve: Assembly done
FlowSolve: Dirichlet conditions done
      10 0.9201E-06 0.9201E-06
      20 0.3963E-09 0.3963E-09
BiCGStabl:       26 0.9531E-11 0.9531E-11
ComputeChange: NS (ITER=1) (NRM,RELC): (  1.6876153     0.45833035E-07 ) :: navier-stokes
FlowSolve: iter:    1 Assembly: (s)    0.06    0.06
FlowSolve: iter:    1 Solve:    (s)    0.10    0.10
FlowSolve:  Result Norm     :    1.6876153318364384
FlowSolve:  Relative Change :    4.5833034673739034E-008
FlowSolve: 
FlowSolve: 
FlowSolve: -------------------------------------
FlowSolve:  NAVIER-STOKES ITERATION           2
FlowSolve: -------------------------------------
FlowSolve: 
FlowSolve: Starting Assembly...
FlowSolve: Assembly:
FlowSolve: Assembly done
FlowSolve: Dirichlet conditions done
      10 0.2754E-06 0.2754E-06
      20 0.1190E-09 0.1190E-09
BiCGStabl:       24 0.7466E-11 0.7466E-11
ComputeChange: NS (ITER=2) (NRM,RELC): (  1.6876154     0.13763213E-07 ) :: navier-stokes
FlowSolve: iter:    2 Assembly: (s)    0.06    0.12
FlowSolve: iter:    2 Solve:    (s)    0.09    0.19
FlowSolve:  Result Norm     :    1.6876153550634481
FlowSolve:  Relative Change :    1.3763213127394626E-008
FlowSolve: 
FlowSolve: 
FlowSolve: -------------------------------------
FlowSolve:  NAVIER-STOKES ITERATION           3
FlowSolve: -------------------------------------
FlowSolve: 
FlowSolve: Starting Assembly...
FlowSolve: Assembly:
FlowSolve: Assembly done
FlowSolve: Dirichlet conditions done
      10 0.8273E-07 0.8273E-07
      20 0.3573E-10 0.3573E-10
BiCGStabl:       24 0.8457E-11 0.8457E-11
ComputeChange: NS (ITER=3) (NRM,RELC): (  1.6876154     0.41329357E-08 ) :: navier-stokes
FlowSolve: iter:    3 Assembly: (s)    0.06    0.18
FlowSolve: iter:    3 Solve:    (s)    0.09    0.28
FlowSolve:  Result Norm     :    1.6876153620382539
FlowSolve:  Relative Change :    4.1329357478618877E-009
FlowSolve: 
FlowSolve: 
FlowSolve: -------------------------------------
FlowSolve:  NAVIER-STOKES ITERATION           4
FlowSolve: -------------------------------------
FlowSolve: 
FlowSolve: Starting Assembly...
FlowSolve: Assembly:
FlowSolve: Assembly done
FlowSolve: Dirichlet conditions done
      10 0.2490E-07 0.2490E-07
      20 0.1072E-10 0.1072E-10
BiCGStabl:       21 0.8930E-11 0.8930E-11
ComputeChange: NS (ITER=4) (NRM,RELC): (  1.6876154     0.12395113E-08 ) :: navier-stokes
FlowSolve: iter:    4 Assembly: (s)    0.06    0.24
FlowSolve: iter:    4 Solve:    (s)    0.08    0.36
FlowSolve:  Result Norm     :    1.6876153641300722
FlowSolve:  Relative Change :    1.2395112772199743E-009
FlowSolve: 
FlowSolve: 
FlowSolve: -------------------------------------
FlowSolve:  NAVIER-STOKES ITERATION           5
FlowSolve: -------------------------------------
FlowSolve: 
FlowSolve: Starting Assembly...
FlowSolve: Assembly:
FlowSolve: Assembly done
FlowSolve: Dirichlet conditions done
      10 0.7314E-08 0.7314E-08
BiCGStabl:       19 0.7435E-11 0.7435E-11
ComputeChange: NS (ITER=5) (NRM,RELC): (  1.6876154     0.37335771E-09 ) :: navier-stokes
FlowSolve: iter:    5 Assembly: (s)    0.06    0.30
FlowSolve: iter:    5 Solve:    (s)    0.08    0.44
FlowSolve:  Result Norm     :    1.6876153647601564
FlowSolve:  Relative Change :    3.7335770952694024E-010
FlowSolve: 
FlowSolve: 
FlowSolve: -------------------------------------
FlowSolve:  NAVIER-STOKES ITERATION           6
FlowSolve: -------------------------------------
FlowSolve: 
FlowSolve: Starting Assembly...
FlowSolve: Assembly:
FlowSolve: Assembly done
FlowSolve: Dirichlet conditions done
      10 0.2506E-08 0.2506E-08
BiCGStabl:       19 0.1677E-11 0.1677E-11
ComputeChange: NS (ITER=6) (NRM,RELC): (  1.6876154     0.11267095E-09 ) :: navier-stokes
FlowSolve: iter:    6 Assembly: (s)    0.06    0.36
FlowSolve: iter:    6 Solve:    (s)    0.08    0.51
FlowSolve:  Result Norm     :    1.6876153649503016
FlowSolve:  Relative Change :    1.1267095385126631E-010
FlowSolve: 
FlowSolve: 
FlowSolve: -------------------------------------
FlowSolve:  NAVIER-STOKES ITERATION           7
FlowSolve: -------------------------------------
FlowSolve: 
FlowSolve: Starting Assembly...
FlowSolve: Assembly:
FlowSolve: Assembly done
FlowSolve: Dirichlet conditions done
      10 0.7570E-09 0.7570E-09
BiCGStabl:       16 0.9081E-11 0.9081E-11
ComputeChange: NS (ITER=7) (NRM,RELC): (  1.6876154     0.36480718E-10 ) :: navier-stokes
FlowSolve: iter:    7 Assembly: (s)    0.06    0.42
FlowSolve: iter:    7 Solve:    (s)    0.06    0.58
FlowSolve:  Result Norm     :    1.6876153650118670
FlowSolve:  Relative Change :    3.6480717529988706E-011
ComputeChange: SS (ITER=37) (NRM,RELC): (  1.6876153     0.22920783E-07 ) :: navier-stokes
ResultOutputSolver: -------------------------------------
ResultOutputSolver: Saving in unstructured VTK XML (.vtu) format
ResultOutputSolver: -------------------------------------
MAIN: 
MAIN: -------------------------------------
MAIN:  Steady state iteration:           38
MAIN: -------------------------------------
MAIN: 
HeatSolver: ------------------------------------------------
HeatSolver: Solving energy equation for temperature
HeatSolver: Heat solver iteration: 1
IterSolver: "Linear System GCR Restart" not given, setting it to 200
   gcr:    10  0.5343E-10  0.2247E-10
ComputeChange: NS (ITER=1) (NRM,RELC): (  300.00014     0.72014894E-11 ) :: heat equation
ComputeChange: SS (ITER=38) (NRM,RELC): (  300.00014     0.25204360E-11 ) :: heat equation
FlowSolve: 
FlowSolve: 
FlowSolve: -------------------------------------
FlowSolve:  NAVIER-STOKES ITERATION           1
FlowSolve: -------------------------------------
FlowSolve: 
FlowSolve: Starting Assembly...
FlowSolve: Assembly:
FlowSolve: Assembly done
FlowSolve: Dirichlet conditions done
      10 0.3644E-06 0.3644E-06
      20 0.2355E-09 0.2355E-09
BiCGStabl:       29 0.1943E-11 0.1943E-11
ComputeChange: NS (ITER=1) (NRM,RELC): (  1.6876155     0.13205095E-06 ) :: navier-stokes
FlowSolve: iter:    1 Assembly: (s)    0.06    0.06
FlowSolve: iter:    1 Solve:    (s)    0.11    0.11
FlowSolve:  Result Norm     :    1.6876155160205906
FlowSolve:  Relative Change :    1.3205095135611629E-007
FlowSolve: 
FlowSolve: 
FlowSolve: -------------------------------------
FlowSolve:  NAVIER-STOKES ITERATION           2
FlowSolve: -------------------------------------
FlowSolve: 
FlowSolve: Starting Assembly...
FlowSolve: Assembly:
FlowSolve: Assembly done
FlowSolve: Dirichlet conditions done
      10 0.1092E-06 0.1092E-06
      20 0.7130E-10 0.7130E-10
BiCGStabl:       27 0.9938E-11 0.9938E-11
ComputeChange: NS (ITER=2) (NRM,RELC): (  1.6876156     0.39624726E-07 ) :: navier-stokes
FlowSolve: iter:    2 Assembly: (s)    0.06    0.12
FlowSolve: iter:    2 Solve:    (s)    0.10    0.21
FlowSolve:  Result Norm     :    1.6876155828918942
FlowSolve:  Relative Change :    3.9624725920044554E-008
FlowSolve: 
FlowSolve: 
FlowSolve: -------------------------------------
FlowSolve:  NAVIER-STOKES ITERATION           3
FlowSolve: -------------------------------------
FlowSolve: 
FlowSolve: Starting Assembly...
FlowSolve: Assembly:
FlowSolve: Assembly done
FlowSolve: Dirichlet conditions done
      10 0.3269E-07 0.3269E-07
      20 0.2174E-10 0.2174E-10
BiCGStabl:       23 0.9048E-11 0.9048E-11
ComputeChange: NS (ITER=3) (NRM,RELC): (  1.6876156     0.11890013E-07 ) :: navier-stokes
FlowSolve: iter:    3 Assembly: (s)    0.06    0.18
FlowSolve: iter:    3 Solve:    (s)    0.09    0.30
FlowSolve:  Result Norm     :    1.6876156029576654
FlowSolve:  Relative Change :    1.1890012957281667E-008
FlowSolve: 
FlowSolve: 
FlowSolve: -------------------------------------
FlowSolve:  NAVIER-STOKES ITERATION           4
FlowSolve: -------------------------------------
FlowSolve: 
FlowSolve: Starting Assembly...
FlowSolve: Assembly:
FlowSolve: Assembly done
FlowSolve: Dirichlet conditions done
      10 0.9838E-08 0.9838E-08
      20 0.6402E-11 0.6402E-11
BiCGStabl:       20 0.6402E-11 0.6402E-11
ComputeChange: NS (ITER=4) (NRM,RELC): (  1.6876156     0.35667993E-08 ) :: navier-stokes
FlowSolve: iter:    4 Assembly: (s)    0.06    0.24
FlowSolve: iter:    4 Solve:    (s)    0.08    0.38
FlowSolve:  Result Norm     :    1.6876156089770515
FlowSolve:  Relative Change :    3.5667992636420495E-009
FlowSolve: 
FlowSolve: 
FlowSolve: -------------------------------------
FlowSolve:  NAVIER-STOKES ITERATION           5
FlowSolve: -------------------------------------
FlowSolve: 
FlowSolve: Starting Assembly...
FlowSolve: Assembly:
FlowSolve: Assembly done
FlowSolve: Dirichlet conditions done
      10 0.2904E-08 0.2904E-08
BiCGStabl:       19 0.5085E-11 0.5085E-11
ComputeChange: NS (ITER=5) (NRM,RELC): (  1.6876156     0.10708977E-08 ) :: navier-stokes
FlowSolve: iter:    5 Assembly: (s)    0.06    0.30
FlowSolve: iter:    5 Solve:    (s)    0.08    0.46
FlowSolve:  Result Norm     :    1.6876156107843152
FlowSolve:  Relative Change :    1.0708976981889563E-009
FlowSolve: 
FlowSolve: 
FlowSolve: -------------------------------------
FlowSolve:  NAVIER-STOKES ITERATION           6
FlowSolve: -------------------------------------
FlowSolve: 
FlowSolve: Starting Assembly...
FlowSolve: Assembly:
FlowSolve: Assembly done
FlowSolve: Dirichlet conditions done
      10 0.9505E-09 0.9505E-09
BiCGStabl:       19 0.5503E-11 0.5503E-11
ComputeChange: NS (ITER=6) (NRM,RELC): (  1.6876156     0.32410792E-09 ) :: navier-stokes
FlowSolve: iter:    6 Assembly: (s)    0.06    0.36
FlowSolve: iter:    6 Solve:    (s)    0.07    0.53
FlowSolve:  Result Norm     :    1.6876156113312848
FlowSolve:  Relative Change :    3.2410791720298551E-010
FlowSolve: 
FlowSolve: 
FlowSolve: -------------------------------------
FlowSolve:  NAVIER-STOKES ITERATION           7
FlowSolve: -------------------------------------
FlowSolve: 
FlowSolve: Starting Assembly...
FlowSolve: Assembly:
FlowSolve: Assembly done
FlowSolve: Dirichlet conditions done
      10 0.3909E-09 0.3909E-09
BiCGStabl:       15 0.9517E-11 0.9517E-11
ComputeChange: NS (ITER=7) (NRM,RELC): (  1.6876156     0.97454786E-10 ) :: navier-stokes
FlowSolve: iter:    7 Assembly: (s)    0.06    0.42
FlowSolve: iter:    7 Solve:    (s)    0.06    0.59
FlowSolve:  Result Norm     :    1.6876156114957510
FlowSolve:  Relative Change :    9.7454786095612948E-011
ComputeChange: SS (ITER=38) (NRM,RELC): (  1.6876154     0.66018115E-07 ) :: navier-stokes
ResultOutputSolver: -------------------------------------
ResultOutputSolver: Saving in unstructured VTK XML (.vtu) format
ResultOutputSolver: -------------------------------------
MAIN: 
MAIN: -------------------------------------
MAIN:  Steady state iteration:           39
MAIN: -------------------------------------
MAIN: 
HeatSolver: ------------------------------------------------
HeatSolver: Solving energy equation for temperature
HeatSolver: Heat solver iteration: 1
IterSolver: "Linear System GCR Restart" not given, setting it to 200
   gcr:    10  0.4043E-10  0.1701E-10
ComputeChange: NS (ITER=1) (NRM,RELC): (  300.00014     0.60261575E-11 ) :: heat equation
ComputeChange: SS (ITER=39) (NRM,RELC): (  300.00014     0.21081319E-11 ) :: heat equation
FlowSolve: 
FlowSolve: 
FlowSolve: -------------------------------------
FlowSolve:  NAVIER-STOKES ITERATION           1
FlowSolve: -------------------------------------
FlowSolve: 
FlowSolve: Starting Assembly...
FlowSolve: Assembly:
FlowSolve: Assembly done
FlowSolve: Dirichlet conditions done
      10 0.1441E-06 0.1441E-06
      20 0.2583E-09 0.2583E-09
BiCGStabl:       29 0.2794E-11 0.2794E-11
ComputeChange: NS (ITER=1) (NRM,RELC): (  1.6876157     0.15720410E-06 ) :: navier-stokes
FlowSolve: iter:    1 Assembly: (s)    0.06    0.06
FlowSolve: iter:    1 Solve:    (s)    0.11    0.11
FlowSolve:  Result Norm     :    1.6876156698826299
FlowSolve:  Relative Change :    1.5720409631853594E-007
FlowSolve: 
FlowSolve: 
FlowSolve: -------------------------------------
FlowSolve:  NAVIER-STOKES ITERATION           2
FlowSolve: -------------------------------------
FlowSolve: 
FlowSolve: Starting Assembly...
FlowSolve: Assembly:
FlowSolve: Assembly done
FlowSolve: Dirichlet conditions done
      10 0.4318E-07 0.4318E-07
      20 0.7680E-10 0.7680E-10
BiCGStabl:       27 0.8106E-11 0.8106E-11
ComputeChange: NS (ITER=2) (NRM,RELC): (  1.6876157     0.47168214E-07 ) :: navier-stokes
FlowSolve: iter:    2 Assembly: (s)    0.06    0.12
FlowSolve: iter:    2 Solve:    (s)    0.10    0.21
FlowSolve:  Result Norm     :    1.6876157494844481
FlowSolve:  Relative Change :    4.7168213587554245E-008
FlowSolve: 
FlowSolve: 
FlowSolve: -------------------------------------
FlowSolve:  NAVIER-STOKES ITERATION           3
FlowSolve: -------------------------------------
FlowSolve: 
FlowSolve: Starting Assembly...
FlowSolve: Assembly:
FlowSolve: Assembly done
FlowSolve: Dirichlet conditions done
      10 0.1298E-07 0.1298E-07
      20 0.2305E-10 0.2305E-10
BiCGStabl:       22 0.9900E-11 0.9900E-11
ComputeChange: NS (ITER=3) (NRM,RELC): (  1.6876158     0.14152725E-07 ) :: navier-stokes
FlowSolve: iter:    3 Assembly: (s)    0.06    0.18
FlowSolve: iter:    3 Solve:    (s)    0.09    0.30
FlowSolve:  Result Norm     :    1.6876157733688104
FlowSolve:  Relative Change :    1.4152725289526970E-008
FlowSolve: 
FlowSolve: 
FlowSolve: -------------------------------------
FlowSolve:  NAVIER-STOKES ITERATION           4
FlowSolve: -------------------------------------
FlowSolve: 
FlowSolve: Starting Assembly...
FlowSolve: Assembly:
FlowSolve: Assembly done
FlowSolve: Dirichlet conditions done
      10 0.3854E-08 0.3854E-08
      20 0.6795E-11 0.6795E-11
BiCGStabl:       20 0.6795E-11 0.6795E-11
ComputeChange: NS (ITER=4) (NRM,RELC): (  1.6876158     0.42449284E-08 ) :: navier-stokes
FlowSolve: iter:    4 Assembly: (s)    0.06    0.24
FlowSolve: iter:    4 Solve:    (s)    0.08    0.38
FlowSolve:  Result Norm     :    1.6876157805326186
FlowSolve:  Relative Change :    4.2449284435171073E-009
FlowSolve: 
FlowSolve: 
FlowSolve: -------------------------------------
FlowSolve:  NAVIER-STOKES ITERATION           5
FlowSolve: -------------------------------------
FlowSolve: 
FlowSolve: Starting Assembly...
FlowSolve: Assembly:
FlowSolve: Assembly done
FlowSolve: Dirichlet conditions done
      10 0.1269E-08 0.1269E-08
BiCGStabl:       19 0.8800E-11 0.8800E-11
ComputeChange: NS (ITER=5) (NRM,RELC): (  1.6876158     0.12740777E-08 ) :: navier-stokes
FlowSolve: iter:    5 Assembly: (s)    0.06    0.29
FlowSolve: iter:    5 Solve:    (s)    0.07    0.45
FlowSolve:  Result Norm     :    1.6876157826827722
FlowSolve:  Relative Change :    1.2740776864894400E-009
FlowSolve: 
FlowSolve: 
FlowSolve: -------------------------------------
FlowSolve:  NAVIER-STOKES ITERATION           6
FlowSolve: -------------------------------------
FlowSolve: 
FlowSolve: Starting Assembly...
FlowSolve: Assembly:
FlowSolve: Assembly done
FlowSolve: Dirichlet conditions done
      10 0.4632E-09 0.4632E-09
BiCGStabl:       18 0.8287E-11 0.8287E-11
ComputeChange: NS (ITER=6) (NRM,RELC): (  1.6876158     0.38630729E-09 ) :: navier-stokes
FlowSolve: iter:    6 Assembly: (s)    0.06    0.35
FlowSolve: iter:    6 Solve:    (s)    0.07    0.52
FlowSolve:  Result Norm     :    1.6876157833347105
FlowSolve:  Relative Change :    3.8630729085463573E-010
FlowSolve: 
FlowSolve: 
FlowSolve: -------------------------------------
FlowSolve:  NAVIER-STOKES ITERATION           7
FlowSolve: -------------------------------------
FlowSolve: 
FlowSolve: Starting Assembly...
FlowSolve: Assembly:
FlowSolve: Assembly done
FlowSolve: Dirichlet conditions done
      10 0.2681E-08 0.2681E-08
BiCGStabl:       15 0.7968E-11 0.7968E-11
ComputeChange: NS (ITER=7) (NRM,RELC): (  1.6876158     0.11446821E-09 ) :: navier-stokes
FlowSolve: iter:    7 Assembly: (s)    0.06    0.41
FlowSolve: iter:    7 Solve:    (s)    0.06    0.58
FlowSolve:  Result Norm     :    1.6876157835278889
FlowSolve:  Relative Change :    1.1446821254704827E-010
FlowSolve: 
FlowSolve: 
FlowSolve: -------------------------------------
FlowSolve:  NAVIER-STOKES ITERATION           8
FlowSolve: -------------------------------------
FlowSolve: 
FlowSolve: Starting Assembly...
FlowSolve: Assembly:
FlowSolve: Assembly done
FlowSolve: Dirichlet conditions done
      10 0.1965E-09 0.1965E-09
BiCGStabl:       14 0.4806E-11 0.4806E-11
ComputeChange: NS (ITER=8) (NRM,RELC): (  1.6876158     0.34073055E-10 ) :: navier-stokes
FlowSolve: iter:    8 Assembly: (s)    0.06    0.47
FlowSolve: iter:    8 Solve:    (s)    0.06    0.64
FlowSolve:  Result Norm     :    1.6876157835853911
FlowSolve:  Relative Change :    3.4073054876528228E-011
ComputeChange: SS (ITER=39) (NRM,RELC): (  1.6876155     0.78602275E-07 ) :: navier-stokes
ResultOutputSolver: -------------------------------------
ResultOutputSolver: Saving in unstructured VTK XML (.vtu) format
ResultOutputSolver: -------------------------------------
MAIN: 
MAIN: -------------------------------------
MAIN:  Steady state iteration:           40
MAIN: -------------------------------------
MAIN: 
HeatSolver: ------------------------------------------------
HeatSolver: Solving energy equation for temperature
HeatSolver: Heat solver iteration: 1
IterSolver: "Linear System GCR Restart" not given, setting it to 200
   gcr:    10  0.3065E-10  0.1293E-10
ComputeChange: NS (ITER=1) (NRM,RELC): (  300.00014     0.48765946E-11 ) :: heat equation
ComputeChange: SS (ITER=40) (NRM,RELC): (  300.00014     0.17073860E-11 ) :: heat equation
FlowSolve: 
FlowSolve: 
FlowSolve: -------------------------------------
FlowSolve:  NAVIER-STOKES ITERATION           1
FlowSolve: -------------------------------------
FlowSolve: 
FlowSolve: Starting Assembly...
FlowSolve: Assembly:
FlowSolve: Assembly done
FlowSolve: Dirichlet conditions done
      10 0.1567E-05 0.1567E-05
      20 0.2111E-09 0.2111E-09
BiCGStabl:       28 0.7639E-11 0.7639E-11
ComputeChange: NS (ITER=1) (NRM,RELC): (  1.6876158     0.16003799E-06 ) :: navier-stokes
FlowSolve: iter:    1 Assembly: (s)    0.06    0.06
FlowSolve: iter:    1 Solve:    (s)    0.11    0.11
FlowSolve:  Result Norm     :    1.6876158073155876
FlowSolve:  Relative Change :    1.6003798892553813E-007
FlowSolve: 
FlowSolve: 
FlowSolve: -------------------------------------
FlowSolve:  NAVIER-STOKES ITERATION           2
FlowSolve: -------------------------------------
FlowSolve: 
FlowSolve: Starting Assembly...
FlowSolve: Assembly:
FlowSolve: Assembly done
FlowSolve: Dirichlet conditions done
      10 0.4852E-06 0.4852E-06
      20 0.6388E-10 0.6388E-10
BiCGStabl:       25 0.9036E-11 0.9036E-11
ComputeChange: NS (ITER=2) (NRM,RELC): (  1.6876159     0.48016125E-07 ) :: navier-stokes
FlowSolve: iter:    2 Assembly: (s)    0.06    0.12
FlowSolve: iter:    2 Solve:    (s)    0.10    0.20
FlowSolve:  Result Norm     :    1.6876158883483614
FlowSolve:  Relative Change :    4.8016125191298138E-008
FlowSolve: 
FlowSolve: 
FlowSolve: -------------------------------------
FlowSolve:  NAVIER-STOKES ITERATION           3
FlowSolve: -------------------------------------
FlowSolve: 
FlowSolve: Starting Assembly...
FlowSolve: Assembly:
FlowSolve: Assembly done
FlowSolve: Dirichlet conditions done
      10 0.1514E-06 0.1514E-06
      20 0.1917E-10 0.1917E-10
BiCGStabl:       22 0.7496E-11 0.7496E-11
ComputeChange: NS (ITER=3) (NRM,RELC): (  1.6876159     0.14406041E-07 ) :: navier-stokes
FlowSolve: iter:    3 Assembly: (s)    0.06    0.18
FlowSolve: iter:    3 Solve:    (s)    0.08    0.29
FlowSolve:  Result Norm     :    1.6876159126602257
FlowSolve:  Relative Change :    1.4406041263450441E-008
FlowSolve: 
FlowSolve: 
FlowSolve: -------------------------------------
FlowSolve:  NAVIER-STOKES ITERATION           4
FlowSolve: -------------------------------------
FlowSolve: 
FlowSolve: Starting Assembly...
FlowSolve: Assembly:
FlowSolve: Assembly done
FlowSolve: Dirichlet conditions done
      10 0.5065E-07 0.5065E-07
BiCGStabl:       20 0.7775E-11 0.7775E-11
ComputeChange: NS (ITER=4) (NRM,RELC): (  1.6876159     0.43215925E-08 ) :: navier-stokes
FlowSolve: iter:    4 Assembly: (s)    0.06    0.24
FlowSolve: iter:    4 Solve:    (s)    0.08    0.37
FlowSolve:  Result Norm     :    1.6876159199534140
FlowSolve:  Relative Change :    4.3215924933239714E-009
FlowSolve: 
FlowSolve: 
FlowSolve: -------------------------------------
FlowSolve:  NAVIER-STOKES ITERATION           5
FlowSolve: -------------------------------------
FlowSolve: 
FlowSolve: Starting Assembly...
FlowSolve: Assembly:
FlowSolve: Assembly done
FlowSolve: Dirichlet conditions done
      10 0.2376E-08 0.2376E-08
BiCGStabl:       19 0.5486E-11 0.5486E-11
ComputeChange: NS (ITER=5) (NRM,RELC): (  1.6876159     0.12996676E-08 ) :: navier-stokes
FlowSolve: iter:    5 Assembly: (s)    0.06    0.30
FlowSolve: iter:    5 Solve:    (s)    0.07    0.44
FlowSolve:  Result Norm     :    1.6876159221467537
FlowSolve:  Relative Change :    1.2996675989491288E-009
FlowSolve: 
FlowSolve: 
FlowSolve: -------------------------------------
FlowSolve:  NAVIER-STOKES ITERATION           6
FlowSolve: -------------------------------------
FlowSolve: 
FlowSolve: Starting Assembly...
FlowSolve: Assembly:
FlowSolve: Assembly done
FlowSolve: Dirichlet conditions done
      10 0.7818E-09 0.7818E-09
BiCGStabl:       15 0.8576E-11 0.8576E-11
ComputeChange: NS (ITER=6) (NRM,RELC): (  1.6876159     0.39062325E-09 ) :: navier-stokes
FlowSolve: iter:    6 Assembly: (s)    0.06    0.35
FlowSolve: iter:    6 Solve:    (s)    0.06    0.50
FlowSolve:  Result Norm     :    1.6876159228059757
FlowSolve:  Relative Change :    3.9062324639937145E-010
FlowSolve: 
FlowSolve: 
FlowSolve: -------------------------------------
FlowSolve:  NAVIER-STOKES ITERATION           7
FlowSolve: -------------------------------------
FlowSolve: 
FlowSolve: Starting Assembly...
FlowSolve: Assembly:
FlowSolve: Assembly done
FlowSolve: Dirichlet conditions done
      10 0.6083E-10 0.6083E-10
BiCGStabl:       14 0.8189E-11 0.8189E-11
ComputeChange: NS (ITER=7) (NRM,RELC): (  1.6876159     0.11575472E-09 ) :: navier-stokes
FlowSolve: iter:    7 Assembly: (s)    0.06    0.41
FlowSolve: iter:    7 Solve:    (s)    0.06    0.56
FlowSolve:  Result Norm     :    1.6876159230013252
FlowSolve:  Relative Change :    1.1575472338896464E-010
FlowSolve: 
FlowSolve: 
FlowSolve: -------------------------------------
FlowSolve:  NAVIER-STOKES ITERATION           8
FlowSolve: -------------------------------------
FlowSolve: 
FlowSolve: Starting Assembly...
FlowSolve: Assembly:
FlowSolve: Assembly done
FlowSolve: Dirichlet conditions done
      10 0.1822E-10 0.1822E-10
BiCGStabl:       14 0.3691E-11 0.3691E-11
ComputeChange: NS (ITER=8) (NRM,RELC): (  1.6876159     0.34585397E-10 ) :: navier-stokes
FlowSolve: iter:    8 Assembly: (s)    0.06    0.47
FlowSolve: iter:    8 Solve:    (s)    0.06    0.61
FlowSolve:  Result Norm     :    1.6876159230596921
FlowSolve:  Relative Change :    3.4585397126608826E-011
ComputeChange: SS (ITER=40) (NRM,RELC): (  1.6876157     0.80017653E-07 ) :: navier-stokes
ResultOutputSolver: -------------------------------------
ResultOutputSolver: Saving in unstructured VTK XML (.vtu) format
ResultOutputSolver: -------------------------------------
MAIN: 
MAIN: -------------------------------------
MAIN:  Steady state iteration:           41
MAIN: -------------------------------------
MAIN: 
HeatSolver: ------------------------------------------------
HeatSolver: Solving energy equation for temperature
HeatSolver: Heat solver iteration: 1
IterSolver: "Linear System GCR Restart" not given, setting it to 200
   gcr:    10  0.2343E-10  0.1000E-10
ComputeChange: NS (ITER=1) (NRM,RELC): (  300.00014     0.41916317E-11 ) :: heat equation
ComputeChange: SS (ITER=41) (NRM,RELC): (  300.00014     0.14669385E-11 ) :: heat equation
FlowSolve: 
FlowSolve: 
FlowSolve: -------------------------------------
FlowSolve:  NAVIER-STOKES ITERATION           1
FlowSolve: -------------------------------------
FlowSolve: 
FlowSolve: Starting Assembly...
FlowSolve: Assembly:
FlowSolve: Assembly done
FlowSolve: Dirichlet conditions done
      10 0.1642E-06 0.1642E-06
      20 0.2631E-09 0.2631E-09
BiCGStabl:       26 0.4853E-11 0.4853E-11
ComputeChange: NS (ITER=1) (NRM,RELC): (  1.6876159     0.13300982E-06 ) :: navier-stokes
FlowSolve: iter:    1 Assembly: (s)    0.06    0.06
FlowSolve: iter:    1 Solve:    (s)    0.10    0.10
FlowSolve:  Result Norm     :    1.6876158967414727
FlowSolve:  Relative Change :    1.3300981549716952E-007
FlowSolve: 
FlowSolve: 
FlowSolve: -------------------------------------
FlowSolve:  NAVIER-STOKES ITERATION           2
FlowSolve: -------------------------------------
FlowSolve: 
FlowSolve: Starting Assembly...
FlowSolve: Assembly:
FlowSolve: Assembly done
FlowSolve: Dirichlet conditions done
      10 0.4932E-07 0.4932E-07
      20 0.1437E-09 0.1437E-09
BiCGStabl:       25 0.8966E-11 0.8966E-11
ComputeChange: NS (ITER=2) (NRM,RELC): (  1.6876160     0.39907062E-07 ) :: navier-stokes
FlowSolve: iter:    2 Assembly: (s)    0.06    0.12
FlowSolve: iter:    2 Solve:    (s)    0.10    0.20
FlowSolve:  Result Norm     :    1.6876159640892670
FlowSolve:  Relative Change :    3.9907062392903195E-008
FlowSolve: 
FlowSolve: 
FlowSolve: -------------------------------------
FlowSolve:  NAVIER-STOKES ITERATION           3
FlowSolve: -------------------------------------
FlowSolve: 
FlowSolve: Starting Assembly...
FlowSolve: Assembly:
FlowSolve: Assembly done
FlowSolve: Dirichlet conditions done
      10 0.1485E-07 0.1485E-07
      20 0.1146E-09 0.1146E-09
BiCGStabl:       22 0.6274E-11 0.6274E-11
ComputeChange: NS (ITER=3) (NRM,RELC): (  1.6876160     0.11973202E-07 ) :: navier-stokes
FlowSolve: iter:    3 Assembly: (s)    0.06    0.18
FlowSolve: iter:    3 Solve:    (s)    0.08    0.28
FlowSolve:  Result Norm     :    1.6876159842954346
FlowSolve:  Relative Change :    1.1973202397340309E-008
FlowSolve: 
FlowSolve: 
FlowSolve: -------------------------------------
FlowSolve:  NAVIER-STOKES ITERATION           4
FlowSolve: -------------------------------------
FlowSolve: 
FlowSolve: Starting Assembly...
FlowSolve: Assembly:
FlowSolve: Assembly done
FlowSolve: Dirichlet conditions done
      10 0.4455E-08 0.4455E-08
BiCGStabl:       20 0.6347E-11 0.6347E-11
ComputeChange: NS (ITER=4) (NRM,RELC): (  1.6876160     0.35912133E-08 ) :: navier-stokes
FlowSolve: iter:    4 Assembly: (s)    0.06    0.24
FlowSolve: iter:    4 Solve:    (s)    0.08    0.36
FlowSolve:  Result Norm     :    1.6876159903560235
FlowSolve:  Relative Change :    3.5912132648219200E-009
FlowSolve: 
FlowSolve: 
FlowSolve: -------------------------------------
FlowSolve:  NAVIER-STOKES ITERATION           5
FlowSolve: -------------------------------------
FlowSolve: 
FlowSolve: Starting Assembly...
FlowSolve: Assembly:
FlowSolve: Assembly done
FlowSolve: Dirichlet conditions done
      10 0.1342E-08 0.1342E-08
BiCGStabl:       18 0.9784E-11 0.9784E-11
ComputeChange: NS (ITER=5) (NRM,RELC): (  1.6876160     0.10817880E-08 ) :: navier-stokes
FlowSolve: iter:    5 Assembly: (s)    0.06    0.30
FlowSolve: iter:    5 Solve:    (s)    0.07    0.43
FlowSolve:  Result Norm     :    1.6876159921816662
FlowSolve:  Relative Change :    1.0817880119251589E-009
FlowSolve: 
FlowSolve: 
FlowSolve: -------------------------------------
FlowSolve:  NAVIER-STOKES ITERATION           6
FlowSolve: -------------------------------------
FlowSolve: 
FlowSolve: Starting Assembly...
FlowSolve: Assembly:
FlowSolve: Assembly done
FlowSolve: Dirichlet conditions done
      10 0.4341E-09 0.4341E-09
BiCGStabl:       15 0.9828E-11 0.9828E-11
ComputeChange: NS (ITER=6) (NRM,RELC): (  1.6876160     0.32323999E-09 ) :: navier-stokes
FlowSolve: iter:    6 Assembly: (s)    0.06    0.36
FlowSolve: iter:    6 Solve:    (s)    0.06    0.49
FlowSolve:  Result Norm     :    1.6876159927271712
FlowSolve:  Relative Change :    3.2323998881507129E-010
FlowSolve: 
FlowSolve: 
FlowSolve: -------------------------------------
FlowSolve:  NAVIER-STOKES ITERATION           7
FlowSolve: -------------------------------------
FlowSolve: 
FlowSolve: Starting Assembly...
FlowSolve: Assembly:
FlowSolve: Assembly done
FlowSolve: Dirichlet conditions done
      10 0.5529E-10 0.5529E-10
BiCGStabl:       14 0.5342E-11 0.5342E-11
ComputeChange: NS (ITER=7) (NRM,RELC): (  1.6876160     0.96427574E-10 ) :: navier-stokes
FlowSolve: iter:    7 Assembly: (s)    0.06    0.42
FlowSolve: iter:    7 Solve:    (s)    0.06    0.54
FlowSolve:  Result Norm     :    1.6876159928899039
FlowSolve:  Relative Change :    9.6427574095485573E-011
ComputeChange: SS (ITER=41) (NRM,RELC): (  1.6876158     0.66493864E-07 ) :: navier-stokes
ResultOutputSolver: -------------------------------------
ResultOutputSolver: Saving in unstructured VTK XML (.vtu) format
ResultOutputSolver: -------------------------------------
MAIN: 
MAIN: -------------------------------------
MAIN:  Steady state iteration:           42
MAIN: -------------------------------------
MAIN: 
HeatSolver: ------------------------------------------------
HeatSolver: Solving energy equation for temperature
HeatSolver: Heat solver iteration: 1
IterSolver: "Linear System GCR Restart" not given, setting it to 200
   gcr:    10  0.1791E-10  0.7734E-11
ComputeChange: NS (ITER=1) (NRM,RELC): (  300.00014     0.32160096E-11 ) :: heat equation
ComputeChange: SS (ITER=42) (NRM,RELC): (  300.00014     0.11253097E-11 ) :: heat equation
FlowSolve: 
FlowSolve: 
FlowSolve: -------------------------------------
FlowSolve:  NAVIER-STOKES ITERATION           1
FlowSolve: -------------------------------------
FlowSolve: 
FlowSolve: Starting Assembly...
FlowSolve: Assembly:
FlowSolve: Assembly done
FlowSolve: Dirichlet conditions done
      10 0.2461E-07 0.2461E-07
      20 0.7559E-10 0.7559E-10
BiCGStabl:       25 0.7627E-11 0.7627E-11
ComputeChange: NS (ITER=1) (NRM,RELC): (  1.6876160     0.11760411E-06 ) :: navier-stokes
FlowSolve: iter:    1 Assembly: (s)    0.06    0.06
FlowSolve: iter:    1 Solve:    (s)    0.10    0.10
FlowSolve:  Result Norm     :    1.6876159829586672
FlowSolve:  Relative Change :    1.1760411273715244E-007
FlowSolve: 
FlowSolve: 
FlowSolve: -------------------------------------
FlowSolve:  NAVIER-STOKES ITERATION           2
FlowSolve: -------------------------------------
FlowSolve: 
FlowSolve: Starting Assembly...
FlowSolve: Assembly:
FlowSolve: Assembly done
FlowSolve: Dirichlet conditions done
      10 0.7368E-08 0.7368E-08
      20 0.2468E-10 0.2468E-10
BiCGStabl:       22 0.8130E-11 0.8130E-11
ComputeChange: NS (ITER=2) (NRM,RELC): (  1.6876160     0.35284051E-07 ) :: navier-stokes
FlowSolve: iter:    2 Assembly: (s)    0.06    0.12
FlowSolve: iter:    2 Solve:    (s)    0.09    0.18
FlowSolve:  Result Norm     :    1.6876160425045961
FlowSolve:  Relative Change :    3.5284050640165151E-008
FlowSolve: 
FlowSolve: 
FlowSolve: -------------------------------------
FlowSolve:  NAVIER-STOKES ITERATION           3
FlowSolve: -------------------------------------
FlowSolve: 
FlowSolve: Starting Assembly...
FlowSolve: Assembly:
FlowSolve: Assembly done
FlowSolve: Dirichlet conditions done
      10 0.2164E-08 0.2164E-08
      20 0.8218E-11 0.8218E-11
BiCGStabl:       20 0.8218E-11 0.8218E-11
ComputeChange: NS (ITER=3) (NRM,RELC): (  1.6876161     0.10584587E-07 ) :: navier-stokes
FlowSolve: iter:    3 Assembly: (s)    0.06    0.18
FlowSolve: iter:    3 Solve:    (s)    0.08    0.26
FlowSolve:  Result Norm     :    1.6876160603673156
FlowSolve:  Relative Change :    1.0584587359519906E-008
FlowSolve: 
FlowSolve: 
FlowSolve: -------------------------------------
FlowSolve:  NAVIER-STOKES ITERATION           4
FlowSolve: -------------------------------------
FlowSolve: 
FlowSolve: Starting Assembly...
FlowSolve: Assembly:
FlowSolve: Assembly done
FlowSolve: Dirichlet conditions done
      10 0.6532E-09 0.6532E-09
BiCGStabl:       19 0.9297E-11 0.9297E-11
ComputeChange: NS (ITER=4) (NRM,RELC): (  1.6876161     0.31759488E-08 ) :: navier-stokes
FlowSolve: iter:    4 Assembly: (s)    0.06    0.24
FlowSolve: iter:    4 Solve:    (s)    0.08    0.34
FlowSolve:  Result Norm     :    1.6876160657270978
FlowSolve:  Relative Change :    3.1759487782807509E-009
FlowSolve: 
FlowSolve: 
FlowSolve: -------------------------------------
FlowSolve:  NAVIER-STOKES ITERATION           5
FlowSolve: -------------------------------------
FlowSolve: 
FlowSolve: Starting Assembly...
FlowSolve: Assembly:
FlowSolve: Assembly done
FlowSolve: Dirichlet conditions done
      10 0.1947E-09 0.1947E-09
BiCGStabl:       17 0.9829E-11 0.9829E-11
ComputeChange: NS (ITER=5) (NRM,RELC): (  1.6876161     0.95325304E-09 ) :: navier-stokes
FlowSolve: iter:    5 Assembly: (s)    0.06    0.29
FlowSolve: iter:    5 Solve:    (s)    0.07    0.40
FlowSolve:  Result Norm     :    1.6876160673358229
FlowSolve:  Relative Change :    9.5325304433544166E-010
FlowSolve: 
FlowSolve: 
FlowSolve: -------------------------------------
FlowSolve:  NAVIER-STOKES ITERATION           6
FlowSolve: -------------------------------------
FlowSolve: 
FlowSolve: Starting Assembly...
FlowSolve: Assembly:
FlowSolve: Assembly done
FlowSolve: Dirichlet conditions done
      10 0.1957E-09 0.1957E-09
BiCGStabl:       14 0.5885E-11 0.5885E-11
ComputeChange: NS (ITER=6) (NRM,RELC): (  1.6876161     0.28643626E-09 ) :: navier-stokes
FlowSolve: iter:    6 Assembly: (s)    0.06    0.35
FlowSolve: iter:    6 Solve:    (s)    0.06    0.46
FlowSolve:  Result Norm     :    1.6876160678192174
FlowSolve:  Relative Change :    2.8643626052029302E-010
FlowSolve: 
FlowSolve: 
FlowSolve: -------------------------------------
FlowSolve:  NAVIER-STOKES ITERATION           7
FlowSolve: -------------------------------------
FlowSolve: 
FlowSolve: Starting Assembly...
FlowSolve: Assembly:
FlowSolve: Assembly done
FlowSolve: Dirichlet conditions done
      10 0.3136E-09 0.3136E-09
BiCGStabl:       13 0.9024E-11 0.9024E-11
ComputeChange: NS (ITER=7) (NRM,RELC): (  1.6876161     0.86911952E-10 ) :: navier-stokes
FlowSolve: iter:    7 Assembly: (s)    0.06    0.41
FlowSolve: iter:    7 Solve:    (s)    0.05    0.51
FlowSolve:  Result Norm     :    1.6876160679658914
FlowSolve:  Relative Change :    8.6911951755144059E-011
ComputeChange: SS (ITER=42) (NRM,RELC): (  1.6876159     0.58791304E-07 ) :: navier-stokes
ResultOutputSolver: -------------------------------------
ResultOutputSolver: Saving in unstructured VTK XML (.vtu) format
ResultOutputSolver: -------------------------------------
MAIN: 
MAIN: -------------------------------------
MAIN:  Steady state iteration:           43
MAIN: -------------------------------------
MAIN: 
HeatSolver: ------------------------------------------------
HeatSolver: Solving energy equation for temperature
HeatSolver: Heat solver iteration: 1
IterSolver: "Linear System GCR Restart" not given, setting it to 200
   gcr:    10  0.1398E-10  0.6209E-11
ComputeChange: NS (ITER=1) (NRM,RELC): (  300.00014     0.25043304E-11 ) :: heat equation
ComputeChange: SS (ITER=43) (NRM,RELC): (  300.00014     0.87633563E-12 ) :: heat equation
FlowSolve: 
FlowSolve: 
FlowSolve: -------------------------------------
FlowSolve:  NAVIER-STOKES ITERATION           1
FlowSolve: -------------------------------------
FlowSolve: 
FlowSolve: Starting Assembly...
FlowSolve: Assembly:
FlowSolve: Assembly done
FlowSolve: Dirichlet conditions done
      10 0.2052E-07 0.2052E-07
      20 0.6860E-10 0.6860E-10
BiCGStabl:       25 0.6945E-11 0.6945E-11
ComputeChange: NS (ITER=1) (NRM,RELC): (  1.6876161     0.10341991E-06 ) :: navier-stokes
FlowSolve: iter:    1 Assembly: (s)    0.06    0.06
FlowSolve: iter:    1 Solve:    (s)    0.10    0.10
FlowSolve:  Result Norm     :    1.6876160582383248
FlowSolve:  Relative Change :    1.0341990929733393E-007
FlowSolve: 
FlowSolve: 
FlowSolve: -------------------------------------
FlowSolve:  NAVIER-STOKES ITERATION           2
FlowSolve: -------------------------------------
FlowSolve: 
FlowSolve: Starting Assembly...
FlowSolve: Assembly:
FlowSolve: Assembly done
FlowSolve: Dirichlet conditions done
      10 0.6203E-08 0.6203E-08
      20 0.2054E-10 0.2054E-10
BiCGStabl:       22 0.8950E-11 0.8950E-11
ComputeChange: NS (ITER=2) (NRM,RELC): (  1.6876161     0.31027906E-07 ) :: navier-stokes
FlowSolve: iter:    2 Assembly: (s)    0.06    0.12
FlowSolve: iter:    2 Solve:    (s)    0.08    0.18
FlowSolve:  Result Norm     :    1.6876161106015173
FlowSolve:  Relative Change :    3.1027905536182402E-008
FlowSolve: 
FlowSolve: 
FlowSolve: -------------------------------------
FlowSolve:  NAVIER-STOKES ITERATION           3
FlowSolve: -------------------------------------
FlowSolve: 
FlowSolve: Starting Assembly...
FlowSolve: Assembly:
FlowSolve: Assembly done
FlowSolve: Dirichlet conditions done
      10 0.1866E-08 0.1866E-08
      20 0.6150E-11 0.6150E-11
BiCGStabl:       20 0.6150E-11 0.6150E-11
ComputeChange: NS (ITER=3) (NRM,RELC): (  1.6876161     0.93073669E-08 ) :: navier-stokes
FlowSolve: iter:    3 Assembly: (s)    0.06    0.17
FlowSolve: iter:    3 Solve:    (s)    0.08    0.26
FlowSolve:  Result Norm     :    1.6876161263087797
FlowSolve:  Relative Change :    9.3073668874577810E-009
FlowSolve: 
FlowSolve: 
FlowSolve: -------------------------------------
FlowSolve:  NAVIER-STOKES ITERATION           4
FlowSolve: -------------------------------------
FlowSolve: 
FlowSolve: Starting Assembly...
FlowSolve: Assembly:
FlowSolve: Assembly done
FlowSolve: Dirichlet conditions done
      10 0.5710E-09 0.5710E-09
BiCGStabl:       19 0.5346E-11 0.5346E-11
ComputeChange: NS (ITER=4) (NRM,RELC): (  1.6876161     0.27956892E-08 ) :: navier-stokes
FlowSolve: iter:    4 Assembly: (s)    0.06    0.23
FlowSolve: iter:    4 Solve:    (s)    0.07    0.33
FlowSolve:  Result Norm     :    1.6876161310268298
FlowSolve:  Relative Change :    2.7956891929528423E-009
FlowSolve: 
FlowSolve: 
FlowSolve: -------------------------------------
FlowSolve:  NAVIER-STOKES ITERATION           5
FlowSolve: -------------------------------------
FlowSolve: 
FlowSolve: Starting Assembly...
FlowSolve: Assembly:
FlowSolve: Assembly done
FlowSolve: Dirichlet conditions done
      10 0.1662E-09 0.1662E-09
BiCGStabl:       19 0.1614E-11 0.1614E-11
ComputeChange: NS (ITER=5) (NRM,RELC): (  1.6876161     0.83815432E-09 ) :: navier-stokes
FlowSolve: iter:    5 Assembly: (s)    0.06    0.29
FlowSolve: iter:    5 Solve:    (s)    0.07    0.40
FlowSolve:  Result Norm     :    1.6876161324413126
FlowSolve:  Relative Change :    8.3815432108647264E-010
FlowSolve: 
FlowSolve: 
FlowSolve: -------------------------------------
FlowSolve:  NAVIER-STOKES ITERATION           6
FlowSolve: -------------------------------------
FlowSolve: 
FlowSolve: Starting Assembly...
FlowSolve: Assembly:
FlowSolve: Assembly done
FlowSolve: Dirichlet conditions done
      10 0.4909E-10 0.4909E-10
BiCGStabl:       18 0.5222E-11 0.5222E-11
ComputeChange: NS (ITER=6) (NRM,RELC): (  1.6876161     0.25308251E-09 ) :: navier-stokes
FlowSolve: iter:    6 Assembly: (s)    0.06    0.35
FlowSolve: iter:    6 Solve:    (s)    0.07    0.47
FlowSolve:  Result Norm     :    1.6876161328684187
FlowSolve:  Relative Change :    2.5308251087317561E-010
FlowSolve: 
FlowSolve: 
FlowSolve: -------------------------------------
FlowSolve:  NAVIER-STOKES ITERATION           7
FlowSolve: -------------------------------------
FlowSolve: 
FlowSolve: Starting Assembly...
FlowSolve: Assembly:
FlowSolve: Assembly done
FlowSolve: Dirichlet conditions done
      10 0.1333E-10 0.1333E-10
BiCGStabl:       11 0.9989E-11 0.9989E-11
ComputeChange: NS (ITER=7) (NRM,RELC): (  1.6876161     0.71647383E-10 ) :: navier-stokes
FlowSolve: iter:    7 Assembly: (s)    0.06    0.41
FlowSolve: iter:    7 Solve:    (s)    0.04    0.52
FlowSolve:  Result Norm     :    1.6876161329893320
FlowSolve:  Relative Change :    7.1647382973908243E-011
ComputeChange: SS (ITER=43) (NRM,RELC): (  1.6876160     0.51699787E-07 ) :: navier-stokes
ResultOutputSolver: -------------------------------------
ResultOutputSolver: Saving in unstructured VTK XML (.vtu) format
ResultOutputSolver: -------------------------------------
MAIN: 
MAIN: -------------------------------------
MAIN:  Steady state iteration:           44
MAIN: -------------------------------------
MAIN: 
HeatSolver: ------------------------------------------------
HeatSolver: Solving energy equation for temperature
HeatSolver: Heat solver iteration: 1
IterSolver: "Linear System GCR Restart" not given, setting it to 200
   gcr:    10  0.1111E-10  0.5134E-11
ComputeChange: NS (ITER=1) (NRM,RELC): (  300.00014     0.16594481E-11 ) :: heat equation
ComputeChange: SS (ITER=44) (NRM,RELC): (  300.00014     0.57999208E-12 ) :: heat equation
FlowSolve: 
FlowSolve: 
FlowSolve: -------------------------------------
FlowSolve:  NAVIER-STOKES ITERATION           1
FlowSolve: -------------------------------------
FlowSolve: 
FlowSolve: Starting Assembly...
FlowSolve: Assembly:
FlowSolve: Assembly done
FlowSolve: Dirichlet conditions done
      10 0.2045E-07 0.2045E-07
      20 0.5006E-10 0.5006E-10
BiCGStabl:       25 0.7775E-11 0.7775E-11
ComputeChange: NS (ITER=1) (NRM,RELC): (  1.6876161     0.10196897E-06 ) :: navier-stokes
FlowSolve: iter:    1 Assembly: (s)    0.06    0.06
FlowSolve: iter:    1 Solve:    (s)    0.10    0.10
FlowSolve:  Result Norm     :    1.6876161430390879
FlowSolve:  Relative Change :    1.0196896883352688E-007
FlowSolve: 
FlowSolve: 
FlowSolve: -------------------------------------
FlowSolve:  NAVIER-STOKES ITERATION           2
FlowSolve: -------------------------------------
FlowSolve: 
FlowSolve: Starting Assembly...
FlowSolve: Assembly:
FlowSolve: Assembly done
FlowSolve: Dirichlet conditions done
      10 0.6153E-08 0.6153E-08
      20 0.1567E-10 0.1567E-10
BiCGStabl:       21 0.9730E-11 0.9730E-11
ComputeChange: NS (ITER=2) (NRM,RELC): (  1.6876162     0.30594146E-07 ) :: navier-stokes
FlowSolve: iter:    2 Assembly: (s)    0.06    0.12
FlowSolve: iter:    2 Solve:    (s)    0.08    0.18
FlowSolve:  Result Norm     :    1.6876161946702641
FlowSolve:  Relative Change :    3.0594146451174590E-008
FlowSolve: 
FlowSolve: 
FlowSolve: -------------------------------------
FlowSolve:  NAVIER-STOKES ITERATION           3
FlowSolve: -------------------------------------
FlowSolve: 
FlowSolve: Starting Assembly...
FlowSolve: Assembly:
FlowSolve: Assembly done
FlowSolve: Dirichlet conditions done
      10 0.1848E-08 0.1848E-08
BiCGStabl:       19 0.9597E-11 0.9597E-11
ComputeChange: NS (ITER=3) (NRM,RELC): (  1.6876162     0.91771970E-08 ) :: navier-stokes
FlowSolve: iter:    3 Assembly: (s)    0.06    0.18
FlowSolve: iter:    3 Solve:    (s)    0.07    0.25
FlowSolve:  Result Norm     :    1.6876162101578505
FlowSolve:  Relative Change :    9.1771969849370394E-009
FlowSolve: 
FlowSolve: 
FlowSolve: -------------------------------------
FlowSolve:  NAVIER-STOKES ITERATION           4
FlowSolve: -------------------------------------
FlowSolve: 
FlowSolve: Starting Assembly...
FlowSolve: Assembly:
FlowSolve: Assembly done
FlowSolve: Dirichlet conditions done
      10 0.5419E-09 0.5419E-09
BiCGStabl:       19 0.3184E-11 0.3184E-11
ComputeChange: NS (ITER=4) (NRM,RELC): (  1.6876162     0.27533163E-08 ) :: navier-stokes
FlowSolve: iter:    4 Assembly: (s)    0.06    0.24
FlowSolve: iter:    4 Solve:    (s)    0.07    0.33
FlowSolve:  Result Norm     :    1.6876162148043916
FlowSolve:  Relative Change :    2.7533162560765447E-009
FlowSolve: 
FlowSolve: 
FlowSolve: -------------------------------------
FlowSolve:  NAVIER-STOKES ITERATION           5
FlowSolve: -------------------------------------
FlowSolve: 
FlowSolve: Starting Assembly...
FlowSolve: Assembly:
FlowSolve: Assembly done
FlowSolve: Dirichlet conditions done
      10 0.1663E-09 0.1663E-09
BiCGStabl:       18 0.5685E-11 0.5685E-11
ComputeChange: NS (ITER=5) (NRM,RELC): (  1.6876162     0.82844051E-09 ) :: navier-stokes
FlowSolve: iter:    5 Assembly: (s)    0.06    0.30
FlowSolve: iter:    5 Solve:    (s)    0.07    0.40
FlowSolve:  Result Norm     :    1.6876162162024813
FlowSolve:  Relative Change :    8.2844051343668634E-010
FlowSolve: 
FlowSolve: 
FlowSolve: -------------------------------------
FlowSolve:  NAVIER-STOKES ITERATION           6
FlowSolve: -------------------------------------
FlowSolve: 
FlowSolve: Starting Assembly...
FlowSolve: Assembly:
FlowSolve: Assembly done
FlowSolve: Dirichlet conditions done
      10 0.4946E-10 0.4946E-10
BiCGStabl:       14 0.8234E-11 0.8234E-11
ComputeChange: NS (ITER=6) (NRM,RELC): (  1.6876162     0.24838640E-09 ) :: navier-stokes
FlowSolve: iter:    6 Assembly: (s)    0.06    0.36
FlowSolve: iter:    6 Solve:    (s)    0.06    0.46
FlowSolve:  Result Norm     :    1.6876162166216622
FlowSolve:  Relative Change :    2.4838639740887296E-010
FlowSolve: 
FlowSolve: 
FlowSolve: -------------------------------------
FlowSolve:  NAVIER-STOKES ITERATION           7
FlowSolve: -------------------------------------
FlowSolve: 
FlowSolve: Starting Assembly...
FlowSolve: Assembly:
FlowSolve: Assembly done
FlowSolve: Dirichlet conditions done
      10 0.9702E-10 0.9702E-10
BiCGStabl:       14 0.9743E-11 0.9743E-11
ComputeChange: NS (ITER=7) (NRM,RELC): (  1.6876162     0.74609481E-10 ) :: navier-stokes
FlowSolve: iter:    7 Assembly: (s)    0.06    0.42
FlowSolve: iter:    7 Solve:    (s)    0.06    0.52
FlowSolve:  Result Norm     :    1.6876162167475743
FlowSolve:  Relative Change :    7.4609480718867061E-011
ComputeChange: SS (ITER=44) (NRM,RELC): (  1.6876161     0.50975759E-07 ) :: navier-stokes
ResultOutputSolver: -------------------------------------
ResultOutputSolver: Saving in unstructured VTK XML (.vtu) format
ResultOutputSolver: -------------------------------------
MAIN: 
MAIN: -------------------------------------
MAIN:  Steady state iteration:           45
MAIN: -------------------------------------
MAIN: 
HeatSolver: ------------------------------------------------
HeatSolver: Solving energy equation for temperature
HeatSolver: Heat solver iteration: 1
IterSolver: "Linear System GCR Restart" not given, setting it to 200
   gcr:    10  0.9160E-11  0.4489E-11
ComputeChange: NS (ITER=1) (NRM,RELC): (  300.00014     0.13426409E-11 ) :: heat equation
ComputeChange: SS (ITER=45) (NRM,RELC): (  300.00014     0.47047381E-12 ) :: heat equation
FlowSolve: 
FlowSolve: 
FlowSolve: -------------------------------------
FlowSolve:  NAVIER-STOKES ITERATION           1
FlowSolve: -------------------------------------
FlowSolve: 
FlowSolve: Starting Assembly...
FlowSolve: Assembly:
FlowSolve: Assembly done
FlowSolve: Dirichlet conditions done
      10 0.2132E-07 0.2132E-07
      20 0.4309E-10 0.4309E-10
BiCGStabl:       23 0.7315E-11 0.7315E-11
ComputeChange: NS (ITER=1) (NRM,RELC): (  1.6876162     0.90559142E-07 ) :: navier-stokes
FlowSolve: iter:    1 Assembly: (s)    0.06    0.06
FlowSolve: iter:    1 Solve:    (s)    0.09    0.09
FlowSolve:  Result Norm     :    1.6876162098111953
FlowSolve:  Relative Change :    9.0559141671602795E-008
FlowSolve: 
FlowSolve: 
FlowSolve: -------------------------------------
FlowSolve:  NAVIER-STOKES ITERATION           2
FlowSolve: -------------------------------------
FlowSolve: 
FlowSolve: Starting Assembly...
FlowSolve: Assembly:
FlowSolve: Assembly done
FlowSolve: Dirichlet conditions done
      10 0.6409E-08 0.6409E-08
      20 0.1248E-10 0.1248E-10
BiCGStabl:       21 0.7870E-11 0.7870E-11
ComputeChange: NS (ITER=2) (NRM,RELC): (  1.6876163     0.27170738E-07 ) :: navier-stokes
FlowSolve: iter:    2 Assembly: (s)    0.06    0.12
FlowSolve: iter:    2 Solve:    (s)    0.08    0.17
FlowSolve:  Result Norm     :    1.6876162556649739
FlowSolve:  Relative Change :    2.7170738028238776E-008
FlowSolve: 
FlowSolve: 
FlowSolve: -------------------------------------
FlowSolve:  NAVIER-STOKES ITERATION           3
FlowSolve: -------------------------------------
FlowSolve: 
FlowSolve: Starting Assembly...
FlowSolve: Assembly:
FlowSolve: Assembly done
FlowSolve: Dirichlet conditions done
      10 0.1923E-08 0.1923E-08
BiCGStabl:       19 0.8838E-11 0.8838E-11
ComputeChange: NS (ITER=3) (NRM,RELC): (  1.6876163     0.81501433E-08 ) :: navier-stokes
FlowSolve: iter:    3 Assembly: (s)    0.06    0.18
FlowSolve: iter:    3 Solve:    (s)    0.07    0.24
FlowSolve:  Result Norm     :    1.6876162694192882
FlowSolve:  Relative Change :    8.1501432875575868E-009
FlowSolve: 
FlowSolve: 
FlowSolve: -------------------------------------
FlowSolve:  NAVIER-STOKES ITERATION           4
FlowSolve: -------------------------------------
FlowSolve: 
FlowSolve: Starting Assembly...
FlowSolve: Assembly:
FlowSolve: Assembly done
FlowSolve: Dirichlet conditions done
      10 0.5787E-09 0.5787E-09
BiCGStabl:       19 0.2607E-11 0.2607E-11
ComputeChange: NS (ITER=4) (NRM,RELC): (  1.6876163     0.24454901E-08 ) :: navier-stokes
FlowSolve: iter:    4 Assembly: (s)    0.06    0.24
FlowSolve: iter:    4 Solve:    (s)    0.07    0.32
FlowSolve:  Result Norm     :    1.6876162735463371
FlowSolve:  Relative Change :    2.4454901238910577E-009
FlowSolve: 
FlowSolve: 
FlowSolve: -------------------------------------
FlowSolve:  NAVIER-STOKES ITERATION           5
FlowSolve: -------------------------------------
FlowSolve: 
FlowSolve: Starting Assembly...
FlowSolve: Assembly:
FlowSolve: Assembly done
FlowSolve: Dirichlet conditions done
      10 0.1751E-09 0.1751E-09
BiCGStabl:       18 0.6759E-11 0.6759E-11
ComputeChange: NS (ITER=5) (NRM,RELC): (  1.6876163     0.73574894E-09 ) :: navier-stokes
FlowSolve: iter:    5 Assembly: (s)    0.06    0.30
FlowSolve: iter:    5 Solve:    (s)    0.07    0.39
FlowSolve:  Result Norm     :    1.6876162747879990
FlowSolve:  Relative Change :    7.3574893974880293E-010
FlowSolve: 
FlowSolve: 
FlowSolve: -------------------------------------
FlowSolve:  NAVIER-STOKES ITERATION           6
FlowSolve: -------------------------------------
FlowSolve: 
FlowSolve: Starting Assembly...
FlowSolve: Assembly:
FlowSolve: Assembly done
FlowSolve: Dirichlet conditions done
      10 0.5452E-10 0.5452E-10
BiCGStabl:       14 0.6955E-11 0.6955E-11
ComputeChange: NS (ITER=6) (NRM,RELC): (  1.6876163     0.22025215E-09 ) :: navier-stokes
FlowSolve: iter:    6 Assembly: (s)    0.06    0.36
FlowSolve: iter:    6 Solve:    (s)    0.06    0.45
FlowSolve:  Result Norm     :    1.6876162751597001
FlowSolve:  Relative Change :    2.2025215082618683E-010
FlowSolve: 
FlowSolve: 
FlowSolve: -------------------------------------
FlowSolve:  NAVIER-STOKES ITERATION           7
FlowSolve: -------------------------------------
FlowSolve: 
FlowSolve: Starting Assembly...
FlowSolve: Assembly:
FlowSolve: Assembly done
FlowSolve: Dirichlet conditions done
      10 0.1410E-10 0.1410E-10
BiCGStabl:       12 0.8471E-11 0.8471E-11
ComputeChange: NS (ITER=7) (NRM,RELC): (  1.6876163     0.62904751E-10 ) :: navier-stokes
FlowSolve: iter:    7 Assembly: (s)    0.06    0.42
FlowSolve: iter:    7 Solve:    (s)    0.05    0.50
FlowSolve:  Result Norm     :    1.6876162752658592
FlowSolve:  Relative Change :    6.2904750970159233E-011
ComputeChange: SS (ITER=45) (NRM,RELC): (  1.6876161     0.45270541E-07 ) :: navier-stokes
ResultOutputSolver: -------------------------------------
ResultOutputSolver: Saving in unstructured VTK XML (.vtu) format
ResultOutputSolver: -------------------------------------
MAIN: 
MAIN: -------------------------------------
MAIN:  Steady state iteration:           46
MAIN: -------------------------------------
MAIN: 
HeatSolver: ------------------------------------------------
HeatSolver: Solving energy equation for temperature
HeatSolver: Heat solver iteration: 1
IterSolver: "Linear System GCR Restart" not given, setting it to 200
ComputeChange: NS (ITER=1) (NRM,RELC): (  300.00014     0.96046385E-12 ) :: heat equation
ComputeChange: SS (ITER=46) (NRM,RELC): (  300.00014     0.33556549E-12 ) :: heat equation
FlowSolve: 
FlowSolve: 
FlowSolve: -------------------------------------
FlowSolve:  NAVIER-STOKES ITERATION           1
FlowSolve: -------------------------------------
FlowSolve: 
FlowSolve: Starting Assembly...
FlowSolve: Assembly:
FlowSolve: Assembly done
FlowSolve: Dirichlet conditions done
      10 0.2289E-07 0.2289E-07
      20 0.3243E-10 0.3243E-10
BiCGStabl:       23 0.8850E-11 0.8850E-11
ComputeChange: NS (ITER=1) (NRM,RELC): (  1.6876163     0.77291729E-07 ) :: navier-stokes
FlowSolve: iter:    1 Assembly: (s)    0.06    0.06
FlowSolve: iter:    1 Solve:    (s)    0.09    0.09
FlowSolve:  Result Norm     :    1.6876162638201953
FlowSolve:  Relative Change :    7.7291729074626393E-008
FlowSolve: 
FlowSolve: 
FlowSolve: -------------------------------------
FlowSolve:  NAVIER-STOKES ITERATION           2
FlowSolve: -------------------------------------
FlowSolve: 
FlowSolve: Starting Assembly...
FlowSolve: Assembly:
FlowSolve: Assembly done
FlowSolve: Dirichlet conditions done
      10 0.6868E-08 0.6868E-08
      20 0.9437E-11 0.9437E-11
BiCGStabl:       20 0.9437E-11 0.9437E-11
ComputeChange: NS (ITER=2) (NRM,RELC): (  1.6876163     0.23185536E-07 ) :: navier-stokes
FlowSolve: iter:    2 Assembly: (s)    0.06    0.12
FlowSolve: iter:    2 Solve:    (s)    0.08    0.17
FlowSolve:  Result Norm     :    1.6876163029484832
FlowSolve:  Relative Change :    2.3185535911392103E-008
FlowSolve: 
FlowSolve: 
FlowSolve: -------------------------------------
FlowSolve:  NAVIER-STOKES ITERATION           3
FlowSolve: -------------------------------------
FlowSolve: 
FlowSolve: Starting Assembly...
FlowSolve: Assembly:
FlowSolve: Assembly done
FlowSolve: Dirichlet conditions done
      10 0.2057E-08 0.2057E-08
BiCGStabl:       19 0.5959E-11 0.5959E-11
ComputeChange: NS (ITER=3) (NRM,RELC): (  1.6876163     0.69602507E-08 ) :: navier-stokes
FlowSolve: iter:    3 Assembly: (s)    0.06    0.18
FlowSolve: iter:    3 Solve:    (s)    0.07    0.24
FlowSolve:  Result Norm     :    1.6876163146947158
FlowSolve:  Relative Change :    6.9602507346063388E-009
FlowSolve: 
FlowSolve: 
FlowSolve: -------------------------------------
FlowSolve:  NAVIER-STOKES ITERATION           4
FlowSolve: -------------------------------------
FlowSolve: 
FlowSolve: Starting Assembly...
FlowSolve: Assembly:
FlowSolve: Assembly done
FlowSolve: Dirichlet conditions done
      10 0.5799E-09 0.5799E-09
BiCGStabl:       19 0.1896E-11 0.1896E-11
ComputeChange: NS (ITER=4) (NRM,RELC): (  1.6876163     0.20877904E-08 ) :: navier-stokes
FlowSolve: iter:    4 Assembly: (s)    0.06    0.24
FlowSolve: iter:    4 Solve:    (s)    0.07    0.32
FlowSolve:  Result Norm     :    1.6876163182181050
FlowSolve:  Relative Change :    2.0877903950376256E-009
FlowSolve: 
FlowSolve: 
FlowSolve: -------------------------------------
FlowSolve:  NAVIER-STOKES ITERATION           5
FlowSolve: -------------------------------------
FlowSolve: 
FlowSolve: Starting Assembly...
FlowSolve: Assembly:
FlowSolve: Assembly done
FlowSolve: Dirichlet conditions done
      10 0.1653E-09 0.1653E-09
BiCGStabl:       16 0.8282E-11 0.8282E-11
ComputeChange: NS (ITER=5) (NRM,RELC): (  1.6876163     0.62990627E-09 ) :: navier-stokes
FlowSolve: iter:    5 Assembly: (s)    0.06    0.30
FlowSolve: iter:    5 Solve:    (s)    0.06    0.38
FlowSolve:  Result Norm     :    1.6876163192811451
FlowSolve:  Relative Change :    6.2990626991474030E-010
FlowSolve: 
FlowSolve: 
FlowSolve: -------------------------------------
FlowSolve:  NAVIER-STOKES ITERATION           6
FlowSolve: -------------------------------------
FlowSolve: 
FlowSolve: Starting Assembly...
FlowSolve: Assembly:
FlowSolve: Assembly done
FlowSolve: Dirichlet conditions done
      10 0.4161E-10 0.4161E-10
BiCGStabl:       14 0.9994E-11 0.9994E-11
ComputeChange: NS (ITER=6) (NRM,RELC): (  1.6876163     0.18637291E-09 ) :: navier-stokes
FlowSolve: iter:    6 Assembly: (s)    0.06    0.36
FlowSolve: iter:    6 Solve:    (s)    0.06    0.43
FlowSolve:  Result Norm     :    1.6876163195956710
FlowSolve:  Relative Change :    1.8637290787539165E-010
FlowSolve: 
FlowSolve: 
FlowSolve: -------------------------------------
FlowSolve:  NAVIER-STOKES ITERATION           7
FlowSolve: -------------------------------------
FlowSolve: 
FlowSolve: Starting Assembly...
FlowSolve: Assembly:
FlowSolve: Assembly done
FlowSolve: Dirichlet conditions done
      10 0.1411E-10 0.1411E-10
BiCGStabl:       11 0.7900E-11 0.7900E-11
ComputeChange: NS (ITER=7) (NRM,RELC): (  1.6876163     0.52090508E-10 ) :: navier-stokes
FlowSolve: iter:    7 Assembly: (s)    0.06    0.42
FlowSolve: iter:    7 Solve:    (s)    0.05    0.48
FlowSolve:  Result Norm     :    1.6876163196835798
FlowSolve:  Relative Change :    5.2090507975308950E-011
ComputeChange: SS (ITER=46) (NRM,RELC): (  1.6876162     0.38637783E-07 ) :: navier-stokes
ResultOutputSolver: -------------------------------------
ResultOutputSolver: Saving in unstructured VTK XML (.vtu) format
ResultOutputSolver: -------------------------------------
MAIN: 
MAIN: -------------------------------------
MAIN:  Steady state iteration:           47
MAIN: -------------------------------------
MAIN: 
HeatSolver: ------------------------------------------------
HeatSolver: Solving energy equation for temperature
HeatSolver: Heat solver iteration: 1
IterSolver: "Linear System GCR Restart" not given, setting it to 200
ComputeChange: NS (ITER=1) (NRM,RELC): (  300.00014     0.81267103E-12 ) :: heat equation
ComputeChange: SS (ITER=47) (NRM,RELC): (  300.00014     0.28251166E-12 ) :: heat equation
FlowSolve: 
FlowSolve: 
FlowSolve: -------------------------------------
FlowSolve:  NAVIER-STOKES ITERATION           1
FlowSolve: -------------------------------------
FlowSolve: 
FlowSolve: Starting Assembly...
FlowSolve: Assembly:
FlowSolve: Assembly done
FlowSolve: Dirichlet conditions done
      10 0.1748E-07 0.1748E-07
      20 0.2067E-10 0.2067E-10
BiCGStabl:       22 0.7889E-11 0.7889E-11
ComputeChange: NS (ITER=1) (NRM,RELC): (  1.6876163     0.59145474E-07 ) :: navier-stokes
FlowSolve: iter:    1 Assembly: (s)    0.06    0.06
FlowSolve: iter:    1 Solve:    (s)    0.09    0.09
FlowSolve:  Result Norm     :    1.6876162984020326
FlowSolve:  Relative Change :    5.9145474450562967E-008
FlowSolve: 
FlowSolve: 
FlowSolve: -------------------------------------
FlowSolve:  NAVIER-STOKES ITERATION           2
FlowSolve: -------------------------------------
FlowSolve: 
FlowSolve: Starting Assembly...
FlowSolve: Assembly:
FlowSolve: Assembly done
FlowSolve: Dirichlet conditions done
      10 0.5240E-08 0.5240E-08
      20 0.6175E-11 0.6175E-11
BiCGStabl:       20 0.6175E-11 0.6175E-11
ComputeChange: NS (ITER=2) (NRM,RELC): (  1.6876163     0.17743070E-07 ) :: navier-stokes
FlowSolve: iter:    2 Assembly: (s)    0.06    0.12
FlowSolve: iter:    2 Solve:    (s)    0.08    0.16
FlowSolve:  Result Norm     :    1.6876163283455274
FlowSolve:  Relative Change :    1.7743070244996479E-008
FlowSolve: 
FlowSolve: 
FlowSolve: -------------------------------------
FlowSolve:  NAVIER-STOKES ITERATION           3
FlowSolve: -------------------------------------
FlowSolve: 
FlowSolve: Starting Assembly...
FlowSolve: Assembly:
FlowSolve: Assembly done
FlowSolve: Dirichlet conditions done
      10 0.1562E-08 0.1562E-08
BiCGStabl:       19 0.8066E-11 0.8066E-11
ComputeChange: NS (ITER=3) (NRM,RELC): (  1.6876163     0.53272651E-08 ) :: navier-stokes
FlowSolve: iter:    3 Assembly: (s)    0.06    0.18
FlowSolve: iter:    3 Solve:    (s)    0.07    0.24
FlowSolve:  Result Norm     :    1.6876163373359070
FlowSolve:  Relative Change :    5.3272650761791832E-009
FlowSolve: 
FlowSolve: 
FlowSolve: -------------------------------------
FlowSolve:  NAVIER-STOKES ITERATION           4
FlowSolve: -------------------------------------
FlowSolve: 
FlowSolve: Starting Assembly...
FlowSolve: Assembly:
FlowSolve: Assembly done
FlowSolve: Dirichlet conditions done
      10 0.4713E-09 0.4713E-09
BiCGStabl:       19 0.2489E-11 0.2489E-11
ComputeChange: NS (ITER=4) (NRM,RELC): (  1.6876163     0.15971189E-08 ) :: navier-stokes
FlowSolve: iter:    4 Assembly: (s)    0.06    0.24
FlowSolve: iter:    4 Solve:    (s)    0.07    0.31
FlowSolve:  Result Norm     :    1.6876163400312310
FlowSolve:  Relative Change :    1.5971189080343803E-009
FlowSolve: 
FlowSolve: 
FlowSolve: -------------------------------------
FlowSolve:  NAVIER-STOKES ITERATION           5
FlowSolve: -------------------------------------
FlowSolve: 
FlowSolve: Starting Assembly...
FlowSolve: Assembly:
FlowSolve: Assembly done
FlowSolve: Dirichlet conditions done
      10 0.1377E-09 0.1377E-09
BiCGStabl:       15 0.9756E-11 0.9756E-11
ComputeChange: NS (ITER=5) (NRM,RELC): (  1.6876163     0.48226487E-09 ) :: navier-stokes
FlowSolve: iter:    5 Assembly: (s)    0.06    0.29
FlowSolve: iter:    5 Solve:    (s)    0.06    0.37
FlowSolve:  Result Norm     :    1.6876163408451090
FlowSolve:  Relative Change :    4.8226487060050762E-010
FlowSolve: 
FlowSolve: 
FlowSolve: -------------------------------------
FlowSolve:  NAVIER-STOKES ITERATION           6
FlowSolve: -------------------------------------
FlowSolve: 
FlowSolve: Starting Assembly...
FlowSolve: Assembly:
FlowSolve: Assembly done
FlowSolve: Dirichlet conditions done
      10 0.4088E-10 0.4088E-10
BiCGStabl:       14 0.3328E-11 0.3328E-11
ComputeChange: NS (ITER=6) (NRM,RELC): (  1.6876163     0.14208717E-09 ) :: navier-stokes
FlowSolve: iter:    6 Assembly: (s)    0.06    0.35
FlowSolve: iter:    6 Solve:    (s)    0.06    0.42
FlowSolve:  Result Norm     :    1.6876163410848977
FlowSolve:  Relative Change :    1.4208717205042340E-010
FlowSolve: 
FlowSolve: 
FlowSolve: -------------------------------------
FlowSolve:  NAVIER-STOKES ITERATION           7
FlowSolve: -------------------------------------
FlowSolve: 
FlowSolve: Starting Assembly...
FlowSolve: Assembly:
FlowSolve: Assembly done
FlowSolve: Dirichlet conditions done
      10 0.4360E-10 0.4360E-10
BiCGStabl:       12 0.9418E-11 0.9418E-11
ComputeChange: NS (ITER=7) (NRM,RELC): (  1.6876163     0.39397273E-10 ) :: navier-stokes
FlowSolve: iter:    7 Assembly: (s)    0.06    0.41
FlowSolve: iter:    7 Solve:    (s)    0.05    0.47
FlowSolve:  Result Norm     :    1.6876163411513851
FlowSolve:  Relative Change :    3.9397273282187571E-011
ComputeChange: SS (ITER=47) (NRM,RELC): (  1.6876162     0.29566837E-07 ) :: navier-stokes
ResultOutputSolver: -------------------------------------
ResultOutputSolver: Saving in unstructured VTK XML (.vtu) format
ResultOutputSolver: -------------------------------------
MAIN: 
MAIN: -------------------------------------
MAIN:  Steady state iteration:           48
MAIN: -------------------------------------
MAIN: 
HeatSolver: ------------------------------------------------
HeatSolver: Solving energy equation for temperature
HeatSolver: Heat solver iteration: 1
IterSolver: "Linear System GCR Restart" not given, setting it to 200
ComputeChange: NS (ITER=1) (NRM,RELC): (  300.00014     0.64782519E-12 ) :: heat equation
ComputeChange: SS (ITER=48) (NRM,RELC): (  300.00014     0.22964730E-12 ) :: heat equation
FlowSolve: 
FlowSolve: 
FlowSolve: -------------------------------------
FlowSolve:  NAVIER-STOKES ITERATION           1
FlowSolve: -------------------------------------
FlowSolve: 
FlowSolve: Starting Assembly...
FlowSolve: Assembly:
FlowSolve: Assembly done
FlowSolve: Dirichlet conditions done
      10 0.1328E-07 0.1328E-07
      20 0.1250E-10 0.1250E-10
BiCGStabl:       22 0.7315E-11 0.7315E-11
ComputeChange: NS (ITER=1) (NRM,RELC): (  1.6876163     0.40834546E-07 ) :: navier-stokes
FlowSolve: iter:    1 Assembly: (s)    0.06    0.06
FlowSolve: iter:    1 Solve:    (s)    0.08    0.08
FlowSolve:  Result Norm     :    1.6876163173976861
FlowSolve:  Relative Change :    4.0834545658632576E-008
FlowSolve: 
FlowSolve: 
FlowSolve: -------------------------------------
FlowSolve:  NAVIER-STOKES ITERATION           2
FlowSolve: -------------------------------------
FlowSolve: 
FlowSolve: Starting Assembly...
FlowSolve: Assembly:
FlowSolve: Assembly done
FlowSolve: Dirichlet conditions done
      10 0.3980E-08 0.3980E-08
BiCGStabl:       20 0.6684E-11 0.6684E-11
ComputeChange: NS (ITER=2) (NRM,RELC): (  1.6876163     0.12250656E-07 ) :: navier-stokes
FlowSolve: iter:    2 Assembly: (s)    0.06    0.12
FlowSolve: iter:    2 Solve:    (s)    0.08    0.16
FlowSolve:  Result Norm     :    1.6876163380720925
FlowSolve:  Relative Change :    1.2250655595884438E-008
FlowSolve: 
FlowSolve: 
FlowSolve: -------------------------------------
FlowSolve:  NAVIER-STOKES ITERATION           3
FlowSolve: -------------------------------------
FlowSolve: 
FlowSolve: Starting Assembly...
FlowSolve: Assembly:
FlowSolve: Assembly done
FlowSolve: Dirichlet conditions done
      10 0.1194E-08 0.1194E-08
BiCGStabl:       19 0.7644E-11 0.7644E-11
ComputeChange: NS (ITER=3) (NRM,RELC): (  1.6876163     0.36798412E-08 ) :: navier-stokes
FlowSolve: iter:    3 Assembly: (s)    0.06    0.17
FlowSolve: iter:    3 Solve:    (s)    0.07    0.23
FlowSolve:  Result Norm     :    1.6876163442822527
FlowSolve:  Relative Change :    3.6798412129363698E-009
FlowSolve: 
FlowSolve: 
FlowSolve: -------------------------------------
FlowSolve:  NAVIER-STOKES ITERATION           4
FlowSolve: -------------------------------------
FlowSolve: 
FlowSolve: Starting Assembly...
FlowSolve: Assembly:
FlowSolve: Assembly done
FlowSolve: Dirichlet conditions done
      10 0.3409E-09 0.3409E-09
BiCGStabl:       19 0.2114E-11 0.2114E-11
ComputeChange: NS (ITER=4) (NRM,RELC): (  1.6876163     0.11022920E-08 ) :: navier-stokes
FlowSolve: iter:    4 Assembly: (s)    0.06    0.23
FlowSolve: iter:    4 Solve:    (s)    0.07    0.31
FlowSolve:  Result Norm     :    1.6876163461424987
FlowSolve:  Relative Change :    1.1022919768181328E-009
FlowSolve: 
FlowSolve: 
FlowSolve: -------------------------------------
FlowSolve:  NAVIER-STOKES ITERATION           5
FlowSolve: -------------------------------------
FlowSolve: 
FlowSolve: Starting Assembly...
FlowSolve: Assembly:
FlowSolve: Assembly done
FlowSolve: Dirichlet conditions done
      10 0.9637E-10 0.9637E-10
BiCGStabl:       14 0.9899E-11 0.9899E-11
ComputeChange: NS (ITER=5) (NRM,RELC): (  1.6876163     0.33299053E-09 ) :: navier-stokes
FlowSolve: iter:    5 Assembly: (s)    0.06    0.29
FlowSolve: iter:    5 Solve:    (s)    0.06    0.36
FlowSolve:  Result Norm     :    1.6876163467044589
FlowSolve:  Relative Change :    3.3299052672595502E-010
FlowSolve: 
FlowSolve: 
FlowSolve: -------------------------------------
FlowSolve:  NAVIER-STOKES ITERATION           6
FlowSolve: -------------------------------------
FlowSolve: 
FlowSolve: Starting Assembly...
FlowSolve: Assembly:
FlowSolve: Assembly done
FlowSolve: Dirichlet conditions done
      10 0.1075E-09 0.1075E-09
BiCGStabl:       14 0.8992E-11 0.8992E-11
ComputeChange: NS (ITER=6) (NRM,RELC): (  1.6876163     0.96123226E-10 ) :: navier-stokes
FlowSolve: iter:    6 Assembly: (s)    0.06    0.35
FlowSolve: iter:    6 Solve:    (s)    0.06    0.42
FlowSolve:  Result Norm     :    1.6876163468666781
FlowSolve:  Relative Change :    9.6123225713629556E-011
ComputeChange: SS (ITER=48) (NRM,RELC): (  1.6876163     0.20403755E-07 ) :: navier-stokes
ResultOutputSolver: -------------------------------------
ResultOutputSolver: Saving in unstructured VTK XML (.vtu) format
ResultOutputSolver: -------------------------------------
MAIN: 
MAIN: -------------------------------------
MAIN:  Steady state iteration:           49
MAIN: -------------------------------------
MAIN: 
HeatSolver: ------------------------------------------------
HeatSolver: Solving energy equation for temperature
HeatSolver: Heat solver iteration: 1
IterSolver: "Linear System GCR Restart" not given, setting it to 200
ComputeChange: NS (ITER=1) (NRM,RELC): (  300.00014     0.45796826E-12 ) :: heat equation
ComputeChange: SS (ITER=49) (NRM,RELC): (  300.00014     0.15991941E-12 ) :: heat equation
FlowSolve: 
FlowSolve: 
FlowSolve: -------------------------------------
FlowSolve:  NAVIER-STOKES ITERATION           1
FlowSolve: -------------------------------------
FlowSolve: 
FlowSolve: Starting Assembly...
FlowSolve: Assembly:
FlowSolve: Assembly done
FlowSolve: Dirichlet conditions done
      10 0.6149E-08 0.6149E-08
      20 0.9265E-11 0.9265E-11
BiCGStabl:       20 0.9265E-11 0.9265E-11
ComputeChange: NS (ITER=1) (NRM,RELC): (  1.6876163     0.25599860E-07 ) :: navier-stokes
FlowSolve: iter:    1 Assembly: (s)    0.06    0.06
FlowSolve: iter:    1 Solve:    (s)    0.08    0.08
FlowSolve:  Result Norm     :    1.6876163261210924
FlowSolve:  Relative Change :    2.5599859756346681E-008
FlowSolve: 
FlowSolve: 
FlowSolve: -------------------------------------
FlowSolve:  NAVIER-STOKES ITERATION           2
FlowSolve: -------------------------------------
FlowSolve: 
FlowSolve: Starting Assembly...
FlowSolve: Assembly:
FlowSolve: Assembly done
FlowSolve: Dirichlet conditions done
      10 0.1842E-08 0.1842E-08
BiCGStabl:       20 0.3327E-11 0.3327E-11
ComputeChange: NS (ITER=2) (NRM,RELC): (  1.6876163     0.76820756E-08 ) :: navier-stokes
FlowSolve: iter:    2 Assembly: (s)    0.06    0.11
FlowSolve: iter:    2 Solve:    (s)    0.08    0.16
FlowSolve:  Result Norm     :    1.6876163390854886
FlowSolve:  Relative Change :    7.6820755836289044E-009
FlowSolve: 
FlowSolve: 
FlowSolve: -------------------------------------
FlowSolve:  NAVIER-STOKES ITERATION           3
FlowSolve: -------------------------------------
FlowSolve: 
FlowSolve: Starting Assembly...
FlowSolve: Assembly:
FlowSolve: Assembly done
FlowSolve: Dirichlet conditions done
      10 0.5530E-09 0.5530E-09
BiCGStabl:       19 0.7911E-11 0.7911E-11
ComputeChange: NS (ITER=3) (NRM,RELC): (  1.6876163     0.23084378E-08 ) :: navier-stokes
FlowSolve: iter:    3 Assembly: (s)    0.06    0.17
FlowSolve: iter:    3 Solve:    (s)    0.07    0.23
FlowSolve:  Result Norm     :    1.6876163429812459
FlowSolve:  Relative Change :    2.3084377518805435E-009
FlowSolve: 
FlowSolve: 
FlowSolve: -------------------------------------
FlowSolve:  NAVIER-STOKES ITERATION           4
FlowSolve: -------------------------------------
FlowSolve: 
FlowSolve: Starting Assembly...
FlowSolve: Assembly:
FlowSolve: Assembly done
FlowSolve: Dirichlet conditions done
      10 0.1699E-09 0.1699E-09
BiCGStabl:       19 0.2350E-11 0.2350E-11
ComputeChange: NS (ITER=4) (NRM,RELC): (  1.6876163     0.69044467E-09 ) :: navier-stokes
FlowSolve: iter:    4 Assembly: (s)    0.06    0.23
FlowSolve: iter:    4 Solve:    (s)    0.07    0.30
FlowSolve:  Result Norm     :    1.6876163441464516
FlowSolve:  Relative Change :    6.9044467016481508E-010
FlowSolve: 
FlowSolve: 
FlowSolve: -------------------------------------
FlowSolve:  NAVIER-STOKES ITERATION           5
FlowSolve: -------------------------------------
FlowSolve: 
FlowSolve: Starting Assembly...
FlowSolve: Assembly:
FlowSolve: Assembly done
FlowSolve: Dirichlet conditions done
      10 0.5168E-10 0.5168E-10
BiCGStabl:       14 0.9635E-11 0.9635E-11
ComputeChange: NS (ITER=5) (NRM,RELC): (  1.6876163     0.20910621E-09 ) :: navier-stokes
FlowSolve: iter:    5 Assembly: (s)    0.06    0.29
FlowSolve: iter:    5 Solve:    (s)    0.06    0.36
FlowSolve:  Result Norm     :    1.6876163444993426
FlowSolve:  Relative Change :    2.0910620527134098E-010
FlowSolve: 
FlowSolve: 
FlowSolve: -------------------------------------
FlowSolve:  NAVIER-STOKES ITERATION           6
FlowSolve: -------------------------------------
FlowSolve: 
FlowSolve: Starting Assembly...
FlowSolve: Assembly:
FlowSolve: Assembly done
FlowSolve: Dirichlet conditions done
      10 0.1992E-10 0.1992E-10
BiCGStabl:       14 0.5934E-11 0.5934E-11
ComputeChange: NS (ITER=6) (NRM,RELC): (  1.6876163     0.60709191E-10 ) :: navier-stokes
FlowSolve: iter:    6 Assembly: (s)    0.06    0.35
FlowSolve: iter:    6 Solve:    (s)    0.05    0.41
FlowSolve:  Result Norm     :    1.6876163446017964
FlowSolve:  Relative Change :    6.0709191122670815E-011
ComputeChange: SS (ITER=49) (NRM,RELC): (  1.6876163     0.12792721E-07 ) :: navier-stokes
ResultOutputSolver: -------------------------------------
ResultOutputSolver: Saving in unstructured VTK XML (.vtu) format
ResultOutputSolver: -------------------------------------
MAIN: 
MAIN: -------------------------------------
MAIN:  Steady state iteration:           50
MAIN: -------------------------------------
MAIN: 
HeatSolver: ------------------------------------------------
HeatSolver: Solving energy equation for temperature
HeatSolver: Heat solver iteration: 1
IterSolver: "Linear System GCR Restart" not given, setting it to 200
ComputeChange: NS (ITER=1) (NRM,RELC): (  300.00014     0.27057455E-12 ) :: heat equation
ComputeChange: SS (ITER=50) (NRM,RELC): (  300.00014     0.93981075E-13 ) :: heat equation
FlowSolve: 
FlowSolve: 
FlowSolve: -------------------------------------
FlowSolve:  NAVIER-STOKES ITERATION           1
FlowSolve: -------------------------------------
FlowSolve: 
FlowSolve: Starting Assembly...
FlowSolve: Assembly:
FlowSolve: Assembly done
FlowSolve: Dirichlet conditions done
      10 0.6885E-08 0.6885E-08
BiCGStabl:       20 0.7044E-11 0.7044E-11
ComputeChange: NS (ITER=1) (NRM,RELC): (  1.6876163     0.15112275E-07 ) :: navier-stokes
FlowSolve: iter:    1 Assembly: (s)    0.06    0.06
FlowSolve: iter:    1 Solve:    (s)    0.07    0.07
FlowSolve:  Result Norm     :    1.6876163300112779
FlowSolve:  Relative Change :    1.5112274821135293E-008
FlowSolve: 
FlowSolve: 
FlowSolve: -------------------------------------
FlowSolve:  NAVIER-STOKES ITERATION           2
FlowSolve: -------------------------------------
FlowSolve: 
FlowSolve: Starting Assembly...
FlowSolve: Assembly:
FlowSolve: Assembly done
FlowSolve: Dirichlet conditions done
      10 0.2055E-08 0.2055E-08
BiCGStabl:       20 0.2102E-11 0.2102E-11
ComputeChange: NS (ITER=2) (NRM,RELC): (  1.6876163     0.45345864E-08 ) :: navier-stokes
FlowSolve: iter:    2 Assembly: (s)    0.06    0.11
FlowSolve: iter:    2 Solve:    (s)    0.08    0.15
FlowSolve:  Result Norm     :    1.6876163376639199
FlowSolve:  Relative Change :    4.5345863998496048E-009
FlowSolve: 
FlowSolve: 
FlowSolve: -------------------------------------
FlowSolve:  NAVIER-STOKES ITERATION           3
FlowSolve: -------------------------------------
FlowSolve: 
FlowSolve: Starting Assembly...
FlowSolve: Assembly:
FlowSolve: Assembly done
FlowSolve: Dirichlet conditions done
      10 0.6135E-09 0.6135E-09
BiCGStabl:       19 0.9933E-11 0.9933E-11
ComputeChange: NS (ITER=3) (NRM,RELC): (  1.6876163     0.13635517E-08 ) :: navier-stokes
FlowSolve: iter:    3 Assembly: (s)    0.06    0.17
FlowSolve: iter:    3 Solve:    (s)    0.07    0.22
FlowSolve:  Result Norm     :    1.6876163399650721
FlowSolve:  Relative Change :    1.3635517177616924E-009
FlowSolve: 
FlowSolve: 
FlowSolve: -------------------------------------
FlowSolve:  NAVIER-STOKES ITERATION           4
FlowSolve: -------------------------------------
FlowSolve: 
FlowSolve: Starting Assembly...
FlowSolve: Assembly:
FlowSolve: Assembly done
FlowSolve: Dirichlet conditions done
      10 0.1631E-09 0.1631E-09
BiCGStabl:       19 0.2658E-11 0.2658E-11
ComputeChange: NS (ITER=4) (NRM,RELC): (  1.6876163     0.40693438E-09 ) :: navier-stokes
FlowSolve: iter:    4 Assembly: (s)    0.06    0.23
FlowSolve: iter:    4 Solve:    (s)    0.07    0.29
FlowSolve:  Result Norm     :    1.6876163406518212
FlowSolve:  Relative Change :    4.0693437579813376E-010
FlowSolve: 
FlowSolve: 
FlowSolve: -------------------------------------
FlowSolve:  NAVIER-STOKES ITERATION           5
FlowSolve: -------------------------------------
FlowSolve: 
FlowSolve: Starting Assembly...
FlowSolve: Assembly:
FlowSolve: Assembly done
FlowSolve: Dirichlet conditions done
      10 0.5455E-10 0.5455E-10
BiCGStabl:       14 0.9070E-11 0.9070E-11
ComputeChange: NS (ITER=5) (NRM,RELC): (  1.6876163     0.12398563E-09 ) :: navier-stokes
FlowSolve: iter:    5 Assembly: (s)    0.06    0.29
FlowSolve: iter:    5 Solve:    (s)    0.06    0.35
FlowSolve:  Result Norm     :    1.6876163408610614
FlowSolve:  Relative Change :    1.2398563327707328E-010
FlowSolve: 
FlowSolve: 
FlowSolve: -------------------------------------
FlowSolve:  NAVIER-STOKES ITERATION           6
FlowSolve: -------------------------------------
FlowSolve: 
FlowSolve: Starting Assembly...
FlowSolve: Assembly:
FlowSolve: Assembly done
FlowSolve: Dirichlet conditions done
      10 0.1009E-10 0.1009E-10
BiCGStabl:       11 0.8597E-11 0.8597E-11
ComputeChange: NS (ITER=6) (NRM,RELC): (  1.6876163     0.32966252E-10 ) :: navier-stokes
FlowSolve: iter:    6 Assembly: (s)    0.06    0.35
FlowSolve: iter:    6 Solve:    (s)    0.05    0.40
FlowSolve:  Result Norm     :    1.6876163409166958
FlowSolve:  Relative Change :    3.2966252245275264E-011
ComputeChange: SS (ITER=50) (NRM,RELC): (  1.6876163     0.75510045E-08 ) :: navier-stokes
ResultOutputSolver: -------------------------------------
ResultOutputSolver: Saving in unstructured VTK XML (.vtu) format
ResultOutputSolver: -------------------------------------
MAIN: 
MAIN: -------------------------------------
MAIN:  Steady state iteration:           51
MAIN: -------------------------------------
MAIN: 
HeatSolver: ------------------------------------------------
HeatSolver: Solving energy equation for temperature
HeatSolver: Heat solver iteration: 1
IterSolver: "Linear System GCR Restart" not given, setting it to 200
ComputeChange: NS (ITER=1) (NRM,RELC): (  300.00014     0.12695024E-12 ) :: heat equation
ComputeChange: SS (ITER=51) (NRM,RELC): (  300.00014     0.46990538E-13 ) :: heat equation
FlowSolve: 
FlowSolve: 
FlowSolve: -------------------------------------
FlowSolve:  NAVIER-STOKES ITERATION           1
FlowSolve: -------------------------------------
FlowSolve: 
FlowSolve: Starting Assembly...
FlowSolve: Assembly:
FlowSolve: Assembly done
FlowSolve: Dirichlet conditions done
      10 0.1143E-07 0.1143E-07
BiCGStabl:       20 0.5117E-11 0.5117E-11
ComputeChange: NS (ITER=1) (NRM,RELC): (  1.6876163     0.89630881E-08 ) :: navier-stokes
FlowSolve: iter:    1 Assembly: (s)    0.06    0.06
FlowSolve: iter:    1 Solve:    (s)    0.08    0.08
FlowSolve:  Result Norm     :    1.6876163323770084
FlowSolve:  Relative Change :    8.9630881040053298E-009
FlowSolve: 
FlowSolve: 
FlowSolve: -------------------------------------
FlowSolve:  NAVIER-STOKES ITERATION           2
FlowSolve: -------------------------------------
FlowSolve: 
FlowSolve: Starting Assembly...
FlowSolve: Assembly:
FlowSolve: Assembly done
FlowSolve: Dirichlet conditions done
      10 0.3425E-08 0.3425E-08
BiCGStabl:       20 0.1532E-11 0.1532E-11
ComputeChange: NS (ITER=2) (NRM,RELC): (  1.6876163     0.26891464E-08 ) :: navier-stokes
FlowSolve: iter:    2 Assembly: (s)    0.06    0.12
FlowSolve: iter:    2 Solve:    (s)    0.08    0.15
FlowSolve:  Result Norm     :    1.6876163369152557
FlowSolve:  Relative Change :    2.6891463659819364E-009
FlowSolve: 
FlowSolve: 
FlowSolve: -------------------------------------
FlowSolve:  NAVIER-STOKES ITERATION           3
FlowSolve: -------------------------------------
FlowSolve: 
FlowSolve: Starting Assembly...
FlowSolve: Assembly:
FlowSolve: Assembly done
FlowSolve: Dirichlet conditions done
      10 0.1026E-08 0.1026E-08
BiCGStabl:       19 0.7743E-11 0.7743E-11
ComputeChange: NS (ITER=3) (NRM,RELC): (  1.6876163     0.80901450E-09 ) :: navier-stokes
FlowSolve: iter:    3 Assembly: (s)    0.06    0.18
FlowSolve: iter:    3 Solve:    (s)    0.07    0.22
FlowSolve:  Result Norm     :    1.6876163382805618
FlowSolve:  Relative Change :    8.0901450169030705E-010
FlowSolve: 
FlowSolve: 
FlowSolve: -------------------------------------
FlowSolve:  NAVIER-STOKES ITERATION           4
FlowSolve: -------------------------------------
FlowSolve: 
FlowSolve: Starting Assembly...
FlowSolve: Assembly:
FlowSolve: Assembly done
FlowSolve: Dirichlet conditions done
      10 0.4570E-08 0.4570E-08
BiCGStabl:       16 0.6612E-11 0.6612E-11
ComputeChange: NS (ITER=4) (NRM,RELC): (  1.6876163     0.24273361E-09 ) :: navier-stokes
FlowSolve: iter:    4 Assembly: (s)    0.06    0.23
FlowSolve: iter:    4 Solve:    (s)    0.06    0.29
FlowSolve:  Result Norm     :    1.6876163386902030
FlowSolve:  Relative Change :    2.4273361219626606E-010
FlowSolve: 
FlowSolve: 
FlowSolve: -------------------------------------
FlowSolve:  NAVIER-STOKES ITERATION           5
FlowSolve: -------------------------------------
FlowSolve: 
FlowSolve: Starting Assembly...
FlowSolve: Assembly:
FlowSolve: Assembly done
FlowSolve: Dirichlet conditions done
      10 0.9400E-10 0.9400E-10
BiCGStabl:       14 0.8487E-11 0.8487E-11
ComputeChange: NS (ITER=5) (NRM,RELC): (  1.6876163     0.73170462E-10 ) :: navier-stokes
FlowSolve: iter:    5 Assembly: (s)    0.06    0.29
FlowSolve: iter:    5 Solve:    (s)    0.06    0.35
FlowSolve:  Result Norm     :    1.6876163388136867
FlowSolve:  Relative Change :    7.3170462326072348E-011
ComputeChange: SS (ITER=51) (NRM,RELC): (  1.6876163     0.44720031E-08 ) :: navier-stokes
ResultOutputSolver: -------------------------------------
ResultOutputSolver: Saving in unstructured VTK XML (.vtu) format
ResultOutputSolver: -------------------------------------
MAIN: 
MAIN: -------------------------------------
MAIN:  Steady state iteration:           52
MAIN: -------------------------------------
MAIN: 
HeatSolver: ------------------------------------------------
HeatSolver: Solving energy equation for temperature
HeatSolver: Heat solver iteration: 1
IterSolver: "Linear System GCR Restart" not given, setting it to 200
ComputeChange: NS (ITER=1) (NRM,RELC): (  300.00014     0.14874021E-12 ) :: heat equation
ComputeChange: SS (ITER=52) (NRM,RELC): (  300.00014     0.51348531E-13 ) :: heat equation
FlowSolve: 
FlowSolve: 
FlowSolve: -------------------------------------
FlowSolve:  NAVIER-STOKES ITERATION           1
FlowSolve: -------------------------------------
FlowSolve: 
FlowSolve: Starting Assembly...
FlowSolve: Assembly:
FlowSolve: Assembly done
FlowSolve: Dirichlet conditions done
      10 0.2662E-08 0.2662E-08
BiCGStabl:       20 0.3882E-11 0.3882E-11
ComputeChange: NS (ITER=1) (NRM,RELC): (  1.6876163     0.45532811E-08 ) :: navier-stokes
FlowSolve: iter:    1 Assembly: (s)    0.06    0.06
FlowSolve: iter:    1 Solve:    (s)    0.08    0.08
FlowSolve:  Result Norm     :    1.6876163324819715
FlowSolve:  Relative Change :    4.5532810834512557E-009
FlowSolve: 
FlowSolve: 
FlowSolve: -------------------------------------
FlowSolve:  NAVIER-STOKES ITERATION           2
FlowSolve: -------------------------------------
FlowSolve: 
FlowSolve: Starting Assembly...
FlowSolve: Assembly:
FlowSolve: Assembly done
FlowSolve: Dirichlet conditions done
      10 0.7991E-09 0.7991E-09
BiCGStabl:       20 0.1166E-11 0.1166E-11
ComputeChange: NS (ITER=2) (NRM,RELC): (  1.6876163     0.13656903E-08 ) :: navier-stokes
FlowSolve: iter:    2 Assembly: (s)    0.06    0.11
FlowSolve: iter:    2 Solve:    (s)    0.08    0.15
FlowSolve:  Result Norm     :    1.6876163347867328
FlowSolve:  Relative Change :    1.3656903081509387E-009
FlowSolve: 
FlowSolve: 
FlowSolve: -------------------------------------
FlowSolve:  NAVIER-STOKES ITERATION           3
FlowSolve: -------------------------------------
FlowSolve: 
FlowSolve: Starting Assembly...
FlowSolve: Assembly:
FlowSolve: Assembly done
FlowSolve: Dirichlet conditions done
      10 0.2399E-09 0.2399E-09
BiCGStabl:       18 0.9969E-11 0.9969E-11
ComputeChange: NS (ITER=3) (NRM,RELC): (  1.6876163     0.40508749E-09 ) :: navier-stokes
FlowSolve: iter:    3 Assembly: (s)    0.06    0.17
FlowSolve: iter:    3 Solve:    (s)    0.07    0.22
FlowSolve:  Result Norm     :    1.6876163354703650
FlowSolve:  Relative Change :    4.0508748800345213E-010
FlowSolve: 
FlowSolve: 
FlowSolve: -------------------------------------
FlowSolve:  NAVIER-STOKES ITERATION           4
FlowSolve: -------------------------------------
FlowSolve: 
FlowSolve: Starting Assembly...
FlowSolve: Assembly:
FlowSolve: Assembly done
FlowSolve: Dirichlet conditions done
      10 0.7845E-10 0.7845E-10
BiCGStabl:       17 0.4204E-11 0.4204E-11
ComputeChange: NS (ITER=4) (NRM,RELC): (  1.6876163     0.12475520E-09 ) :: navier-stokes
FlowSolve: iter:    4 Assembly: (s)    0.06    0.23
FlowSolve: iter:    4 Solve:    (s)    0.07    0.29
FlowSolve:  Result Norm     :    1.6876163356809040
FlowSolve:  Relative Change :    1.2475520365226706E-010
FlowSolve: 
FlowSolve: 
FlowSolve: -------------------------------------
FlowSolve:  NAVIER-STOKES ITERATION           5
FlowSolve: -------------------------------------
FlowSolve: 
FlowSolve: Starting Assembly...
FlowSolve: Assembly:
FlowSolve: Assembly done
FlowSolve: Dirichlet conditions done
      10 0.2438E-10 0.2438E-10
BiCGStabl:       13 0.9864E-11 0.9864E-11
ComputeChange: NS (ITER=5) (NRM,RELC): (  1.6876163     0.36220445E-10 ) :: navier-stokes
FlowSolve: iter:    5 Assembly: (s)    0.06    0.29
FlowSolve: iter:    5 Solve:    (s)    0.05    0.34
FlowSolve:  Result Norm     :    1.6876163357420302
FlowSolve:  Relative Change :    3.6220445315156521E-011
ComputeChange: SS (ITER=52) (NRM,RELC): (  1.6876163     0.22697623E-08 ) :: navier-stokes
ResultOutputSolver: -------------------------------------
ResultOutputSolver: Saving in unstructured VTK XML (.vtu) format
ResultOutputSolver: -------------------------------------
MAIN: 
MAIN: -------------------------------------
MAIN:  Steady state iteration:           53
MAIN: -------------------------------------
MAIN: 
HeatSolver: ------------------------------------------------
HeatSolver: Solving energy equation for temperature
HeatSolver: Heat solver iteration: 1
IterSolver: "Linear System GCR Restart" not given, setting it to 200
ComputeChange: NS (ITER=1) (NRM,RELC): (  300.00014     0.58169738E-13 ) :: heat equation
ComputeChange: SS (ITER=53) (NRM,RELC): (  300.00014     0.16863540E-13 ) :: heat equation
FlowSolve: 
FlowSolve: 
FlowSolve: -------------------------------------
FlowSolve:  NAVIER-STOKES ITERATION           1
FlowSolve: -------------------------------------
FlowSolve: 
FlowSolve: Starting Assembly...
FlowSolve: Assembly:
FlowSolve: Assembly done
FlowSolve: Dirichlet conditions done
      10 0.1402E-08 0.1402E-08
BiCGStabl:       20 0.3028E-11 0.3028E-11
ComputeChange: NS (ITER=1) (NRM,RELC): (  1.6876163     0.24848521E-08 ) :: navier-stokes
FlowSolve: iter:    1 Assembly: (s)    0.06    0.06
FlowSolve: iter:    1 Solve:    (s)    0.08    0.08
FlowSolve:  Result Norm     :    1.6876163328217448
FlowSolve:  Relative Change :    2.4848520500272312E-009
FlowSolve: 
FlowSolve: 
FlowSolve: -------------------------------------
FlowSolve:  NAVIER-STOKES ITERATION           2
FlowSolve: -------------------------------------
FlowSolve: 
FlowSolve: Starting Assembly...
FlowSolve: Assembly:
FlowSolve: Assembly done
FlowSolve: Dirichlet conditions done
      10 0.4206E-09 0.4206E-09
BiCGStabl:       20 0.3189E-11 0.3189E-11
ComputeChange: NS (ITER=2) (NRM,RELC): (  1.6876163     0.74611791E-09 ) :: navier-stokes
FlowSolve: iter:    2 Assembly: (s)    0.06    0.12
FlowSolve: iter:    2 Solve:    (s)    0.08    0.15
FlowSolve:  Result Norm     :    1.6876163340809056
FlowSolve:  Relative Change :    7.4611791239964785E-010
FlowSolve: 
FlowSolve: 
FlowSolve: -------------------------------------
FlowSolve:  NAVIER-STOKES ITERATION           3
FlowSolve: -------------------------------------
FlowSolve: 
FlowSolve: Starting Assembly...
FlowSolve: Assembly:
FlowSolve: Assembly done
FlowSolve: Dirichlet conditions done
      10 0.1258E-09 0.1258E-09
BiCGStabl:       17 0.8449E-11 0.8449E-11
ComputeChange: NS (ITER=3) (NRM,RELC): (  1.6876163     0.22186444E-09 ) :: navier-stokes
FlowSolve: iter:    3 Assembly: (s)    0.06    0.18
FlowSolve: iter:    3 Solve:    (s)    0.07    0.22
FlowSolve:  Result Norm     :    1.6876163344553277
FlowSolve:  Relative Change :    2.2186443762017638E-010
FlowSolve: 
FlowSolve: 
FlowSolve: -------------------------------------
FlowSolve:  NAVIER-STOKES ITERATION           4
FlowSolve: -------------------------------------
FlowSolve: 
FlowSolve: Starting Assembly...
FlowSolve: Assembly:
FlowSolve: Assembly done
FlowSolve: Dirichlet conditions done
      10 0.3816E-10 0.3816E-10
BiCGStabl:       14 0.8150E-11 0.8150E-11
ComputeChange: NS (ITER=4) (NRM,RELC): (  1.6876163     0.65766197E-10 ) :: navier-stokes
FlowSolve: iter:    4 Assembly: (s)    0.06    0.23
FlowSolve: iter:    4 Solve:    (s)    0.06    0.28
FlowSolve:  Result Norm     :    1.6876163345663158
FlowSolve:  Relative Change :    6.5766196571881718E-011
ComputeChange: SS (ITER=53) (NRM,RELC): (  1.6876163     0.12315104E-08 ) :: navier-stokes
ResultOutputSolver: -------------------------------------
ResultOutputSolver: Saving in unstructured VTK XML (.vtu) format
ResultOutputSolver: -------------------------------------
MAIN: 
MAIN: -------------------------------------
MAIN:  Steady state iteration:           54
MAIN: -------------------------------------
MAIN: 
HeatSolver: ------------------------------------------------
HeatSolver: Solving energy equation for temperature
HeatSolver: Heat solver iteration: 1
IterSolver: "Linear System GCR Restart" not given, setting it to 200
ComputeChange: NS (ITER=1) (NRM,RELC): (  300.00014     0.64043555E-13 ) :: heat equation
ComputeChange: SS (ITER=54) (NRM,RELC): (  300.00014     0.24063703E-13 ) :: heat equation
FlowSolve: 
FlowSolve: 
FlowSolve: -------------------------------------
FlowSolve:  NAVIER-STOKES ITERATION           1
FlowSolve: -------------------------------------
FlowSolve: 
FlowSolve: Starting Assembly...
FlowSolve: Assembly:
FlowSolve: Assembly done
FlowSolve: Dirichlet conditions done
      10 0.1354E-08 0.1354E-08
BiCGStabl:       18 0.8888E-11 0.8888E-11
ComputeChange: NS (ITER=1) (NRM,RELC): (  1.6876163     0.10632986E-08 ) :: navier-stokes
FlowSolve: iter:    1 Assembly: (s)    0.06    0.06
FlowSolve: iter:    1 Solve:    (s)    0.07    0.07
FlowSolve:  Result Norm     :    1.6876163325010252
FlowSolve:  Relative Change :    1.0632986410602114E-009
FlowSolve: 
FlowSolve: 
FlowSolve: -------------------------------------
FlowSolve:  NAVIER-STOKES ITERATION           2
FlowSolve: -------------------------------------
FlowSolve: 
FlowSolve: Starting Assembly...
FlowSolve: Assembly:
FlowSolve: Assembly done
FlowSolve: Dirichlet conditions done
      10 0.4149E-09 0.4149E-09
BiCGStabl:       15 0.7637E-11 0.7637E-11
ComputeChange: NS (ITER=2) (NRM,RELC): (  1.6876163     0.31767386E-09 ) :: navier-stokes
FlowSolve: iter:    2 Assembly: (s)    0.06    0.12
FlowSolve: iter:    2 Solve:    (s)    0.06    0.13
FlowSolve:  Result Norm     :    1.6876163330371368
FlowSolve:  Relative Change :    3.1767386292042369E-010
FlowSolve: 
FlowSolve: 
FlowSolve: -------------------------------------
FlowSolve:  NAVIER-STOKES ITERATION           3
FlowSolve: -------------------------------------
FlowSolve: 
FlowSolve: Starting Assembly...
FlowSolve: Assembly:
FlowSolve: Assembly done
FlowSolve: Dirichlet conditions done
      10 0.1165E-09 0.1165E-09
BiCGStabl:       14 0.6006E-11 0.6006E-11
ComputeChange: NS (ITER=3) (NRM,RELC): (  1.6876163     0.94658425E-10 ) :: navier-stokes
FlowSolve: iter:    3 Assembly: (s)    0.06    0.17
FlowSolve: iter:    3 Solve:    (s)    0.05    0.19
FlowSolve:  Result Norm     :    1.6876163331968839
FlowSolve:  Relative Change :    9.4658425199285944E-011
ComputeChange: SS (ITER=54) (NRM,RELC): (  1.6876163     0.51647028E-09 ) :: navier-stokes
ResultOutputSolver: -------------------------------------
ResultOutputSolver: Saving in unstructured VTK XML (.vtu) format
ResultOutputSolver: -------------------------------------
MAIN: 
MAIN: -------------------------------------
MAIN:  Steady state iteration:           55
MAIN: -------------------------------------
MAIN: 
HeatSolver: ------------------------------------------------
HeatSolver: Solving energy equation for temperature
HeatSolver: Heat solver iteration: 1
IterSolver: "Linear System GCR Restart" not given, setting it to 200
ComputeChange: NS (ITER=1) (NRM,RELC): (  300.00014     0.21789967E-13 ) :: heat equation
ComputeChange: SS (ITER=55) (NRM,RELC): (  300.00014     0.56843392E-14 ) :: heat equation
FlowSolve: 
FlowSolve: 
FlowSolve: -------------------------------------
FlowSolve:  NAVIER-STOKES ITERATION           1
FlowSolve: -------------------------------------
FlowSolve: 
FlowSolve: Starting Assembly...
FlowSolve: Assembly:
FlowSolve: Assembly done
FlowSolve: Dirichlet conditions done
      10 0.1214E-08 0.1214E-08
BiCGStabl:       19 0.4901E-11 0.4901E-11
ComputeChange: NS (ITER=1) (NRM,RELC): (  1.6876163     0.50850880E-09 ) :: navier-stokes
FlowSolve: iter:    1 Assembly: (s)    0.06    0.06
FlowSolve: iter:    1 Solve:    (s)    0.08    0.08
FlowSolve:  Result Norm     :    1.6876163324363564
FlowSolve:  Relative Change :    5.0850880191243585E-010
FlowSolve: 
FlowSolve: 
FlowSolve: -------------------------------------
FlowSolve:  NAVIER-STOKES ITERATION           2
FlowSolve: -------------------------------------
FlowSolve: 
FlowSolve: Starting Assembly...
FlowSolve: Assembly:
FlowSolve: Assembly done
FlowSolve: Dirichlet conditions done
      10 0.3727E-09 0.3727E-09
BiCGStabl:       15 0.9837E-11 0.9837E-11
ComputeChange: NS (ITER=2) (NRM,RELC): (  1.6876163     0.15345744E-09 ) :: navier-stokes
FlowSolve: iter:    2 Assembly: (s)    0.06    0.11
FlowSolve: iter:    2 Solve:    (s)    0.06    0.14
FlowSolve:  Result Norm     :    1.6876163326953337
FlowSolve:  Relative Change :    1.5345744116404927E-010
FlowSolve: 
FlowSolve: 
FlowSolve: -------------------------------------
FlowSolve:  NAVIER-STOKES ITERATION           3
FlowSolve: -------------------------------------
FlowSolve: 
FlowSolve: Starting Assembly...
FlowSolve: Assembly:
FlowSolve: Assembly done
FlowSolve: Dirichlet conditions done
      10 0.1309E-09 0.1309E-09
BiCGStabl:       14 0.6180E-11 0.6180E-11
ComputeChange: NS (ITER=3) (NRM,RELC): (  1.6876163     0.44462962E-10 ) :: navier-stokes
FlowSolve: iter:    3 Assembly: (s)    0.06    0.17
FlowSolve: iter:    3 Solve:    (s)    0.06    0.19
FlowSolve:  Result Norm     :    1.6876163327703702
FlowSolve:  Relative Change :    4.4462962383887832E-011
ComputeChange: SS (ITER=55) (NRM,RELC): (  1.6876163     0.24725117E-09 ) :: navier-stokes
ResultOutputSolver: -------------------------------------
ResultOutputSolver: Saving in unstructured VTK XML (.vtu) format
ResultOutputSolver: -------------------------------------
MAIN: 
MAIN: -------------------------------------
MAIN:  Steady state iteration:           56
MAIN: -------------------------------------
MAIN: 
HeatSolver: ------------------------------------------------
HeatSolver: Solving energy equation for temperature
HeatSolver: Heat solver iteration: 1
IterSolver: "Linear System GCR Restart" not given, setting it to 200
ComputeChange: NS (ITER=1) (NRM,RELC): (  300.00014     0.23684747E-13 ) :: heat equation
ComputeChange: SS (ITER=56) (NRM,RELC): (  300.00014     0.89054648E-14 ) :: heat equation
FlowSolve: 
FlowSolve: 
FlowSolve: -------------------------------------
FlowSolve:  NAVIER-STOKES ITERATION           1
FlowSolve: -------------------------------------
FlowSolve: 
FlowSolve: Starting Assembly...
FlowSolve: Assembly:
FlowSolve: Assembly done
FlowSolve: Dirichlet conditions done
      10 0.1198E-08 0.1198E-08
BiCGStabl:       19 0.7158E-11 0.7158E-11
ComputeChange: NS (ITER=1) (NRM,RELC): (  1.6876163     0.13827327E-09 ) :: navier-stokes
FlowSolve: iter:    1 Assembly: (s)    0.06    0.06
FlowSolve: iter:    1 Solve:    (s)    0.08    0.08
FlowSolve:  Result Norm     :    1.6876163322288060
FlowSolve:  Relative Change :    1.3827326862782099E-010
FlowSolve: 
FlowSolve: 
FlowSolve: -------------------------------------
FlowSolve:  NAVIER-STOKES ITERATION           2
FlowSolve: -------------------------------------
FlowSolve: 
FlowSolve: Starting Assembly...
FlowSolve: Assembly:
FlowSolve: Assembly done
FlowSolve: Dirichlet conditions done
      10 0.3870E-09 0.3870E-09
BiCGStabl:       16 0.8236E-11 0.8236E-11
ComputeChange: NS (ITER=2) (NRM,RELC): (  1.6876163     0.42329902E-10 ) :: navier-stokes
FlowSolve: iter:    2 Assembly: (s)    0.06    0.12
FlowSolve: iter:    2 Solve:    (s)    0.06    0.14
FlowSolve:  Result Norm     :    1.6876163323002427
FlowSolve:  Relative Change :    4.2329902253217607E-011
ComputeChange: SS (ITER=56) (NRM,RELC): (  1.6876163     0.63209472E-10 ) :: navier-stokes
ResultOutputSolver: -------------------------------------
ResultOutputSolver: Saving in unstructured VTK XML (.vtu) format
ResultOutputSolver: -------------------------------------
MAIN: *** Elmer Solver: ALL DONE ***
MAIN: The end
SOLVER TOTAL TIME(CPU,REAL):        79.76       88.98
ELMER SOLVER FINISHED AT: 2026/10/01 07:38:09
