ELMER SOLVER (v 26.2) STARTED AT: 2026/09/30 21:22:56
 Started inside library code
 Going parallel initialization
ParCommInit: Initialize #PEs: 1
 Back from parallel initialization
MAIN: 
MAIN: =============================================================
MAIN: ElmerSolver finite element software, Welcome!
MAIN: This program is free software licensed under (L)GPL
MAIN: Copyright April 1st 1995 -> , CSC - IT Center for Science Ltd.
MAIN: Repository https://www.github.org/elmerCSC/elmerfem
MAIN: Homepage https://www.elmerfem.org/,  Email elmeradm@csc.fi
MAIN: Version: 26.2-devel (Rev: 4b49ea6, Compiled: 2026-09-30)
MAIN:  Running one task without MPI parallelization.
MAIN:  Running with just one thread per task.
MAIN: =============================================================
MAIN: 
MAIN: 
MAIN: -------------------------------------
MAIN: Reading Model: case.sif
LoadInputFile: Scanning input file: case.sif
LoadInputFile: Scanning only size info
LoadInputFile: First time visiting
LoadInputFile: Reading base load of sif file
LoadInputFile: Loading input file: case.sif
LoadInputFile: Reading base load of sif file
LoadInputFile: Number of BCs: 4
LoadInputFile: Number of Body Forces: 1
LoadInputFile: Number of Initial Conditions: 1
LoadInputFile: Number of Materials: 1
LoadInputFile: Number of Equations: 1
LoadInputFile: Number of Solvers: 2
LoadInputFile: Number of Bodies: 1
ElmerMeshReader: Base mesh name: ./square
PrepareMesh: Preparing mesh for the future
LoadMesh: Elapsed REAL time:     0.0032 (s)
MAIN: -------------------------------------
AddVtuOutputSolverHack: Adding ResultOutputSolver to write VTU output in file: case
OptimizeBandwidth: Initial bandwidth for heat equation: 31
OptimizeBandwidth: Optimized bandwidth for heat equation: 58
OptimizeBandwidth: Bandwidth optimization rejected, using original ordering.
OptimizeBandwidth: Initial bandwidth for navier-stokes: 31
OptimizeBandwidth: Optimized bandwidth for navier-stokes: 58
OptimizeBandwidth: Bandwidth optimization rejected, using original ordering.
MAIN: Number of timesteps to be saved: 1
MAIN: 
MAIN: -------------------------------------
MAIN: Time: 1/3:   1.000E+02
MAIN: -------------------------------------
MAIN: 
SolveEquations: -------------------------------------
SolveEquations:  Coupled system iteration:            1
SolveEquations: -------------------------------------
HeatSolver: ------------------------------------------------
HeatSolver: Solving energy equation for temperature
HeatSolver: Heat solver iteration: 1
IterSolver: "Linear System GCR Restart" not given, setting it to 200
   gcr:    10  0.5410E-06  0.1222E-05
ComputeChange: NS (ITER=1) (NRM,RELC): (  295.00152      2.0000000     ) :: heat equation
ComputeChange: SS (ITER=1) (NRM,RELC): (  295.00059      2.0000000     ) :: heat equation
FlowSolve: 
FlowSolve: 
FlowSolve: -------------------------------------
FlowSolve:  NAVIER-STOKES ITERATION           1
FlowSolve: -------------------------------------
FlowSolve: 
FlowSolve: Starting Assembly...
FlowSolve: Assembly:
FlowSolve: Assembly done
FlowSolve: Dirichlet conditions done
      10 0.9492E-07 0.9492E-07
BiCGStabl:       13 0.3137E-10 0.3137E-10
ComputeChange: NS (ITER=1) (NRM,RELC): ( 0.24959007E-03  2.0000000     ) :: navier-stokes
FlowSolve: iter:    1 Assembly: (s)    0.01    0.01
FlowSolve: iter:    1 Solve:    (s)    0.01    0.01
FlowSolve:  Result Norm     :    2.4959006754422163E-004
FlowSolve:  Relative Change :    2.0000000000000000
ComputeChange: SS (ITER=1) (NRM,RELC): ( 0.87356491E-04  2.0000000     ) :: navier-stokes
SolveEquations: -------------------------------------
SolveEquations:  Coupled system iteration:            2
SolveEquations: -------------------------------------
HeatSolver: ------------------------------------------------
HeatSolver: Solving energy equation for temperature
HeatSolver: Heat solver iteration: 1
IterSolver: "Linear System GCR Restart" not given, setting it to 200
   gcr:    10  0.1926E-05  0.3508E-05
ComputeChange: NS (ITER=1) (NRM,RELC): (  295.00574     0.17439617E-04 ) :: heat equation
ComputeChange: SS (ITER=2) (NRM,RELC): (  295.00227     0.56673157E-05 ) :: heat equation
FlowSolve: 
FlowSolve: 
FlowSolve: -------------------------------------
FlowSolve:  NAVIER-STOKES ITERATION           1
FlowSolve: -------------------------------------
FlowSolve: 
FlowSolve: Starting Assembly...
FlowSolve: Assembly:
FlowSolve: Assembly done
FlowSolve: Dirichlet conditions done
      10 0.4505E-06 0.4505E-06
BiCGStabl:       14 0.3869E-10 0.3869E-10
ComputeChange: NS (ITER=1) (NRM,RELC): ( 0.36855687E-03  1.2335694     ) :: navier-stokes
FlowSolve: iter:    1 Assembly: (s)    0.01    0.01
FlowSolve: iter:    1 Solve:    (s)    0.01    0.01
FlowSolve:  Result Norm     :    3.6855687406894111E-004
FlowSolve:  Relative Change :    1.2335693764766507
ComputeChange: SS (ITER=2) (NRM,RELC): ( 0.18568858E-03 0.72026271     ) :: navier-stokes
SolveEquations: -------------------------------------
SolveEquations:  Coupled system iteration:            3
SolveEquations: -------------------------------------
HeatSolver: ------------------------------------------------
HeatSolver: Solving energy equation for temperature
HeatSolver: Heat solver iteration: 1
IterSolver: "Linear System GCR Restart" not given, setting it to 200
   gcr:    10  0.2179E-05  0.4080E-05
ComputeChange: NS (ITER=1) (NRM,RELC): (  294.99734     0.16701032E-04 ) :: heat equation
ComputeChange: SS (ITER=3) (NRM,RELC): (  295.00048     0.60637782E-05 ) :: heat equation
FlowSolve: 
FlowSolve: 
FlowSolve: -------------------------------------
FlowSolve:  NAVIER-STOKES ITERATION           1
FlowSolve: -------------------------------------
FlowSolve: 
FlowSolve: Starting Assembly...
FlowSolve: Assembly:
FlowSolve: Assembly done
FlowSolve: Dirichlet conditions done
      10 0.7910E-07 0.7910E-07
BiCGStabl:       13 0.9059E-10 0.9059E-10
ComputeChange: NS (ITER=1) (NRM,RELC): ( 0.40102042E-03 0.73403283     ) :: navier-stokes
FlowSolve: iter:    1 Assembly: (s)    0.01    0.01
FlowSolve: iter:    1 Solve:    (s)    0.01    0.01
FlowSolve:  Result Norm     :    4.0102042181793061E-004
FlowSolve:  Relative Change :   0.73403283256368179
ComputeChange: SS (ITER=3) (NRM,RELC): ( 0.26084300E-03 0.33661412     ) :: navier-stokes
SolveEquations: -------------------------------------
SolveEquations:  Coupled system iteration:            4
SolveEquations: -------------------------------------
HeatSolver: ------------------------------------------------
HeatSolver: Solving energy equation for temperature
HeatSolver: Heat solver iteration: 1
IterSolver: "Linear System GCR Restart" not given, setting it to 200
   gcr:    10  0.1629E-05  0.3392E-05
ComputeChange: NS (ITER=1) (NRM,RELC): (  294.99192     0.28997694E-04 ) :: heat equation
ComputeChange: SS (ITER=4) (NRM,RELC): (  294.99745     0.10269320E-04 ) :: heat equation
FlowSolve: 
FlowSolve: 
FlowSolve: -------------------------------------
FlowSolve:  NAVIER-STOKES ITERATION           1
FlowSolve: -------------------------------------
FlowSolve: 
FlowSolve: Starting Assembly...
FlowSolve: Assembly:
FlowSolve: Assembly done
FlowSolve: Dirichlet conditions done
      10 0.8839E-07 0.8839E-07
BiCGStabl:       13 0.7653E-10 0.7653E-10
ComputeChange: NS (ITER=1) (NRM,RELC): ( 0.40305955E-03 0.42842596     ) :: navier-stokes
FlowSolve: iter:    1 Assembly: (s)    0.01    0.01
FlowSolve: iter:    1 Solve:    (s)    0.01    0.01
FlowSolve:  Result Norm     :    4.0305954835515414E-004
FlowSolve:  Relative Change :   0.42842595733607919
ComputeChange: SS (ITER=4) (NRM,RELC): ( 0.31027674E-03 0.17311165     ) :: navier-stokes
SolveEquations: -------------------------------------
SolveEquations:  Coupled system iteration:            5
SolveEquations: -------------------------------------
HeatSolver: ------------------------------------------------
HeatSolver: Solving energy equation for temperature
HeatSolver: Heat solver iteration: 1
IterSolver: "Linear System GCR Restart" not given, setting it to 200
   gcr:    10  0.1232E-05  0.2629E-05
ComputeChange: NS (ITER=1) (NRM,RELC): (  294.98826     0.31133145E-04 ) :: heat equation
ComputeChange: SS (ITER=5) (NRM,RELC): (  294.99421     0.10966921E-04 ) :: heat equation
FlowSolve: 
FlowSolve: 
FlowSolve: -------------------------------------
FlowSolve:  NAVIER-STOKES ITERATION           1
FlowSolve: -------------------------------------
FlowSolve: 
FlowSolve: Starting Assembly...
FlowSolve: Assembly:
FlowSolve: Assembly done
FlowSolve: Dirichlet conditions done
      10 0.3756E-07 0.3756E-07
BiCGStabl:       13 0.2929E-10 0.2929E-10
ComputeChange: NS (ITER=1) (NRM,RELC): ( 0.39198247E-03 0.23269392     ) :: navier-stokes
FlowSolve: iter:    1 Assembly: (s)    0.01    0.01
FlowSolve: iter:    1 Solve:    (s)    0.01    0.01
FlowSolve:  Result Norm     :    3.9198247099744642E-004
FlowSolve:  Relative Change :   0.23269392435833391
ComputeChange: SS (ITER=5) (NRM,RELC): ( 0.33840905E-03 0.86736300E-01 ) :: navier-stokes
SolveEquations: -------------------------------------
SolveEquations:  Coupled system iteration:            6
SolveEquations: -------------------------------------
HeatSolver: ------------------------------------------------
HeatSolver: Solving energy equation for temperature
HeatSolver: Heat solver iteration: 1
IterSolver: "Linear System GCR Restart" not given, setting it to 200
   gcr:    10  0.9477E-06  0.1961E-05
ComputeChange: NS (ITER=1) (NRM,RELC): (  294.98569     0.28898977E-04 ) :: heat equation
ComputeChange: SS (ITER=6) (NRM,RELC): (  294.99122     0.10157551E-04 ) :: heat equation
FlowSolve: 
FlowSolve: 
FlowSolve: -------------------------------------
FlowSolve:  NAVIER-STOKES ITERATION           1
FlowSolve: -------------------------------------
FlowSolve: 
FlowSolve: Starting Assembly...
FlowSolve: Assembly:
FlowSolve: Assembly done
FlowSolve: Dirichlet conditions done
      10 0.1128E-04 0.1128E-04
BiCGStabl:       12 0.6823E-10 0.6823E-10
ComputeChange: NS (ITER=1) (NRM,RELC): ( 0.37499843E-03 0.10257640     ) :: navier-stokes
FlowSolve: iter:    1 Assembly: (s)    0.01    0.01
FlowSolve: iter:    1 Solve:    (s)    0.01    0.01
FlowSolve:  Result Norm     :    3.7499843154491469E-004
FlowSolve:  Relative Change :   0.10257639620717408
ComputeChange: SS (ITER=6) (NRM,RELC): ( 0.35064276E-03 0.35508825E-01 ) :: navier-stokes
SolveEquations: -------------------------------------
SolveEquations:  Coupled system iteration:            7
SolveEquations: -------------------------------------
HeatSolver: ------------------------------------------------
HeatSolver: Solving energy equation for temperature
HeatSolver: Heat solver iteration: 1
IterSolver: "Linear System GCR Restart" not given, setting it to 200
   gcr:    10  0.7097E-06  0.1376E-05
ComputeChange: NS (ITER=1) (NRM,RELC): (  294.98389     0.24854316E-04 ) :: heat equation
ComputeChange: SS (ITER=7) (NRM,RELC): (  294.98864     0.87260409E-05 ) :: heat equation
FlowSolve: 
FlowSolve: 
FlowSolve: -------------------------------------
FlowSolve:  NAVIER-STOKES ITERATION           1
FlowSolve: -------------------------------------
FlowSolve: 
FlowSolve: Starting Assembly...
FlowSolve: Assembly:
FlowSolve: Assembly done
FlowSolve: Dirichlet conditions done
      10 0.4898E-07 0.4898E-07
BiCGStabl:       12 0.8071E-10 0.8071E-10
ComputeChange: NS (ITER=1) (NRM,RELC): ( 0.35578017E-03 0.14544874E-01 ) :: navier-stokes
FlowSolve: iter:    1 Assembly: (s)    0.01    0.01
FlowSolve: iter:    1 Solve:    (s)    0.01    0.01
FlowSolve:  Result Norm     :    3.5578017371602842E-004
FlowSolve:  Relative Change :    1.4544874358252613E-002
ComputeChange: SS (ITER=7) (NRM,RELC): ( 0.35177964E-03 0.32370478E-02 ) :: navier-stokes
SolveEquations: -------------------------------------
SolveEquations:  Coupled system iteration:            8
SolveEquations: -------------------------------------
HeatSolver: ------------------------------------------------
HeatSolver: Solving energy equation for temperature
HeatSolver: Heat solver iteration: 1
IterSolver: "Linear System GCR Restart" not given, setting it to 200
   gcr:    10  0.5120E-06  0.9306E-06
ComputeChange: NS (ITER=1) (NRM,RELC): (  294.98269     0.20182518E-04 ) :: heat equation
ComputeChange: SS (ITER=8) (NRM,RELC): (  294.98655     0.70814379E-05 ) :: heat equation
FlowSolve: 
FlowSolve: 
FlowSolve: -------------------------------------
FlowSolve:  NAVIER-STOKES ITERATION           1
FlowSolve: -------------------------------------
FlowSolve: 
FlowSolve: Starting Assembly...
FlowSolve: Assembly:
FlowSolve: Assembly done
FlowSolve: Dirichlet conditions done
      10 0.3198E-07 0.3198E-07
BiCGStabl:       13 0.4195E-10 0.4195E-10
ComputeChange: NS (ITER=1) (NRM,RELC): ( 0.33641340E-03 0.44656772E-01 ) :: navier-stokes
FlowSolve: iter:    1 Assembly: (s)    0.01    0.01
FlowSolve: iter:    1 Solve:    (s)    0.01    0.01
FlowSolve:  Result Norm     :    3.3641340487740323E-004
FlowSolve:  Relative Change :    4.4656771532973136E-002
ComputeChange: SS (ITER=8) (NRM,RELC): ( 0.34567480E-03 0.17506066E-01 ) :: navier-stokes
SolveEquations: -------------------------------------
SolveEquations:  Coupled system iteration:            9
SolveEquations: -------------------------------------
HeatSolver: ------------------------------------------------
HeatSolver: Solving energy equation for temperature
HeatSolver: Heat solver iteration: 1
IterSolver: "Linear System GCR Restart" not given, setting it to 200
   gcr:    10  0.4094E-06  0.7617E-06
ComputeChange: NS (ITER=1) (NRM,RELC): (  294.98201     0.15391115E-04 ) :: heat equation
ComputeChange: SS (ITER=9) (NRM,RELC): (  294.98496     0.53987692E-05 ) :: heat equation
FlowSolve: 
FlowSolve: 
FlowSolve: -------------------------------------
FlowSolve:  NAVIER-STOKES ITERATION           1
FlowSolve: -------------------------------------
FlowSolve: 
FlowSolve: Starting Assembly...
FlowSolve: Assembly:
FlowSolve: Assembly done
FlowSolve: Dirichlet conditions done
      10 0.1287E-07 0.1287E-07
BiCGStabl:       12 0.4580E-10 0.4580E-10
ComputeChange: NS (ITER=1) (NRM,RELC): ( 0.31819297E-03 0.82793087E-01 ) :: navier-stokes
FlowSolve: iter:    1 Assembly: (s)    0.01    0.01
FlowSolve: iter:    1 Solve:    (s)    0.01    0.01
FlowSolve:  Result Norm     :    3.1819297173583152E-004
FlowSolve:  Relative Change :    8.2793087186330716E-002
ComputeChange: SS (ITER=9) (NRM,RELC): ( 0.33529292E-03 0.30491561E-01 ) :: navier-stokes
SolveEquations: -------------------------------------
SolveEquations:  Coupled system iteration:           10
SolveEquations: -------------------------------------
HeatSolver: ------------------------------------------------
HeatSolver: Solving energy equation for temperature
HeatSolver: Heat solver iteration: 1
IterSolver: "Linear System GCR Restart" not given, setting it to 200
   gcr:    10  0.3593E-06  0.7115E-06
ComputeChange: NS (ITER=1) (NRM,RELC): (  294.98180     0.10723398E-04 ) :: heat equation
ComputeChange: SS (ITER=10) (NRM,RELC): (  294.98385     0.37617799E-05 ) :: heat equation
FlowSolve: 
FlowSolve: 
FlowSolve: -------------------------------------
FlowSolve:  NAVIER-STOKES ITERATION           1
FlowSolve: -------------------------------------
FlowSolve: 
FlowSolve: Starting Assembly...
FlowSolve: Assembly:
FlowSolve: Assembly done
FlowSolve: Dirichlet conditions done
      10 0.5592E-08 0.5592E-08
BiCGStabl:       13 0.3606E-11 0.3606E-11
ComputeChange: NS (ITER=1) (NRM,RELC): ( 0.30204009E-03 0.10434994     ) :: navier-stokes
FlowSolve: iter:    1 Assembly: (s)    0.01    0.01
FlowSolve: iter:    1 Solve:    (s)    0.01    0.01
FlowSolve:  Result Norm     :    3.0204008931861517E-004
FlowSolve:  Relative Change :   0.10434993611036861
ComputeChange: SS (ITER=10) (NRM,RELC): ( 0.32289344E-03 0.37677725E-01 ) :: navier-stokes
SolveEquations: -------------------------------------
SolveEquations:  Coupled system iteration:           11
SolveEquations: -------------------------------------
HeatSolver: ------------------------------------------------
HeatSolver: Solving energy equation for temperature
HeatSolver: Heat solver iteration: 1
IterSolver: "Linear System GCR Restart" not given, setting it to 200
   gcr:    10  0.3181E-06  0.6488E-06
ComputeChange: NS (ITER=1) (NRM,RELC): (  294.98200     0.62738697E-05 ) :: heat equation
ComputeChange: SS (ITER=11) (NRM,RELC): (  294.98320     0.22027441E-05 ) :: heat equation
FlowSolve: 
FlowSolve: 
FlowSolve: -------------------------------------
FlowSolve:  NAVIER-STOKES ITERATION           1
FlowSolve: -------------------------------------
FlowSolve: 
FlowSolve: Starting Assembly...
FlowSolve: Assembly:
FlowSolve: Assembly done
FlowSolve: Dirichlet conditions done
      10 0.7317E-09 0.7317E-09
BiCGStabl:       13 0.4771E-11 0.4771E-11
ComputeChange: NS (ITER=1) (NRM,RELC): ( 0.28875014E-03 0.11164444     ) :: navier-stokes
FlowSolve: iter:    1 Assembly: (s)    0.01    0.01
FlowSolve: iter:    1 Solve:    (s)    0.01    0.01
FlowSolve:  Result Norm     :    2.8875013537273857E-004
FlowSolve:  Relative Change :   0.11164443715534832
ComputeChange: SS (ITER=11) (NRM,RELC): ( 0.31023838E-03 0.39976063E-01 ) :: navier-stokes
SolveEquations: -------------------------------------
SolveEquations:  Coupled system iteration:           12
SolveEquations: -------------------------------------
HeatSolver: ------------------------------------------------
HeatSolver: Solving energy equation for temperature
HeatSolver: Heat solver iteration: 1
IterSolver: "Linear System GCR Restart" not given, setting it to 200
   gcr:    10  0.2857E-06  0.5731E-06
ComputeChange: NS (ITER=1) (NRM,RELC): (  294.98257     0.21323128E-05 ) :: heat equation
ComputeChange: SS (ITER=12) (NRM,RELC): (  294.98298     0.75256783E-06 ) :: heat equation
FlowSolve: 
FlowSolve: 
FlowSolve: -------------------------------------
FlowSolve:  NAVIER-STOKES ITERATION           1
FlowSolve: -------------------------------------
FlowSolve: 
FlowSolve: Starting Assembly...
FlowSolve: Assembly:
FlowSolve: Assembly done
FlowSolve: Dirichlet conditions done
      10 0.6473E-08 0.6473E-08
BiCGStabl:       13 0.2033E-10 0.2033E-10
ComputeChange: NS (ITER=1) (NRM,RELC): ( 0.27909978E-03 0.10567312     ) :: navier-stokes
FlowSolve: iter:    1 Assembly: (s)    0.01    0.01
FlowSolve: iter:    1 Solve:    (s)    0.01    0.01
FlowSolve:  Result Norm     :    2.7909977722134034E-004
FlowSolve:  Relative Change :   0.10567311918682898
ComputeChange: SS (ITER=12) (NRM,RELC): ( 0.29875713E-03 0.37705529E-01 ) :: navier-stokes
SolveEquations: -------------------------------------
SolveEquations:  Coupled system iteration:           13
SolveEquations: -------------------------------------
HeatSolver: ------------------------------------------------
HeatSolver: Solving energy equation for temperature
HeatSolver: Heat solver iteration: 1
IterSolver: "Linear System GCR Restart" not given, setting it to 200
   gcr:    10  0.2654E-06  0.4931E-06
ComputeChange: NS (ITER=1) (NRM,RELC): (  294.98343     0.15167085E-05 ) :: heat equation
ComputeChange: SS (ITER=13) (NRM,RELC): (  294.98313     0.52461816E-06 ) :: heat equation
FlowSolve: 
FlowSolve: 
FlowSolve: -------------------------------------
FlowSolve:  NAVIER-STOKES ITERATION           1
FlowSolve: -------------------------------------
FlowSolve: 
FlowSolve: Starting Assembly...
FlowSolve: Assembly:
FlowSolve: Assembly done
FlowSolve: Dirichlet conditions done
      10 0.5117E-08 0.5117E-08
BiCGStabl:       13 0.2953E-10 0.2953E-10
ComputeChange: NS (ITER=1) (NRM,RELC): ( 0.27375411E-03 0.87345067E-01 ) :: navier-stokes
FlowSolve: iter:    1 Assembly: (s)    0.01    0.01
FlowSolve: iter:    1 Solve:    (s)    0.01    0.01
FlowSolve:  Result Norm     :    2.7375411240018586E-004
FlowSolve:  Relative Change :    8.7345067143653060E-002
ComputeChange: SS (ITER=13) (NRM,RELC): ( 0.28959867E-03 0.31132399E-01 ) :: navier-stokes
SolveEquations: -------------------------------------
SolveEquations:  Coupled system iteration:           14
SolveEquations: -------------------------------------
HeatSolver: ------------------------------------------------
HeatSolver: Solving energy equation for temperature
HeatSolver: Heat solver iteration: 1
IterSolver: "Linear System GCR Restart" not given, setting it to 200
   gcr:    10  0.2523E-06  0.3961E-06
ComputeChange: NS (ITER=1) (NRM,RELC): (  294.98441     0.43403273E-05 ) :: heat equation
ComputeChange: SS (ITER=14) (NRM,RELC): (  294.98358     0.15128830E-05 ) :: heat equation
FlowSolve: 
FlowSolve: 
FlowSolve: -------------------------------------
FlowSolve:  NAVIER-STOKES ITERATION           1
FlowSolve: -------------------------------------
FlowSolve: 
FlowSolve: Starting Assembly...
FlowSolve: Assembly:
FlowSolve: Assembly done
FlowSolve: Dirichlet conditions done
      10 0.1004E-07 0.1004E-07
BiCGStabl:       13 0.9033E-10 0.9033E-10
ComputeChange: NS (ITER=1) (NRM,RELC): ( 0.27292255E-03 0.59290603E-01 ) :: navier-stokes
FlowSolve: iter:    1 Assembly: (s)    0.01    0.01
FlowSolve: iter:    1 Solve:    (s)    0.01    0.01
FlowSolve:  Result Norm     :    2.7292255399300044E-004
FlowSolve:  Relative Change :    5.9290603306474204E-002
ComputeChange: SS (ITER=14) (NRM,RELC): ( 0.28352709E-03 0.21187579E-01 ) :: navier-stokes
SolveEquations: -------------------------------------
SolveEquations:  Coupled system iteration:           15
SolveEquations: -------------------------------------
HeatSolver: ------------------------------------------------
HeatSolver: Solving energy equation for temperature
HeatSolver: Heat solver iteration: 1
IterSolver: "Linear System GCR Restart" not given, setting it to 200
   gcr:    10  0.2335E-06  0.2702E-06
ComputeChange: NS (ITER=1) (NRM,RELC): (  294.98537     0.60658086E-05 ) :: heat equation
ComputeChange: SS (ITER=15) (NRM,RELC): (  294.98421     0.21173463E-05 ) :: heat equation
FlowSolve: 
FlowSolve: 
FlowSolve: -------------------------------------
FlowSolve:  NAVIER-STOKES ITERATION           1
FlowSolve: -------------------------------------
FlowSolve: 
FlowSolve: Starting Assembly...
FlowSolve: Assembly:
FlowSolve: Assembly done
FlowSolve: Dirichlet conditions done
      10 0.1757E-08 0.1757E-08
BiCGStabl:       12 0.7966E-10 0.7966E-10
ComputeChange: NS (ITER=1) (NRM,RELC): ( 0.27592797E-03 0.27166138E-01 ) :: navier-stokes
FlowSolve: iter:    1 Assembly: (s)    0.01    0.01
FlowSolve: iter:    1 Solve:    (s)    0.01    0.01
FlowSolve:  Result Norm     :    2.7592797465305691E-004
FlowSolve:  Relative Change :    2.7166138463239332E-002
ComputeChange: SS (ITER=15) (NRM,RELC): ( 0.28073663E-03 0.98906147E-02 ) :: navier-stokes
SolveEquations: -------------------------------------
SolveEquations:  Coupled system iteration:           16
SolveEquations: -------------------------------------
HeatSolver: ------------------------------------------------
HeatSolver: Solving energy equation for temperature
HeatSolver: Heat solver iteration: 1
IterSolver: "Linear System GCR Restart" not given, setting it to 200
   gcr:    10  0.2124E-06  0.1776E-06
ComputeChange: NS (ITER=1) (NRM,RELC): (  294.98613     0.65091987E-05 ) :: heat equation
ComputeChange: SS (ITER=16) (NRM,RELC): (  294.98488     0.22737902E-05 ) :: heat equation
FlowSolve: 
FlowSolve: 
FlowSolve: -------------------------------------
FlowSolve:  NAVIER-STOKES ITERATION           1
FlowSolve: -------------------------------------
FlowSolve: 
FlowSolve: Starting Assembly...
FlowSolve: Assembly:
FlowSolve: Assembly done
FlowSolve: Dirichlet conditions done
      10 0.2851E-08 0.2851E-08
BiCGStabl:       12 0.5093E-10 0.5093E-10
ComputeChange: NS (ITER=1) (NRM,RELC): ( 0.28118421E-03 0.15930303E-02 ) :: navier-stokes
FlowSolve: iter:    1 Assembly: (s)    0.01    0.01
FlowSolve: iter:    1 Solve:    (s)    0.01    0.01
FlowSolve:  Result Norm     :    2.8118421247882416E-004
FlowSolve:  Relative Change :    1.5930303408827394E-003
ComputeChange: SS (ITER=16) (NRM,RELC): ( 0.28079038E-03 0.19144167E-03 ) :: navier-stokes
SolveEquations: -------------------------------------
SolveEquations:  Coupled system iteration:           17
SolveEquations: -------------------------------------
HeatSolver: ------------------------------------------------
HeatSolver: Solving energy equation for temperature
HeatSolver: Heat solver iteration: 1
IterSolver: "Linear System GCR Restart" not given, setting it to 200
   gcr:    10  0.1915E-06  0.2000E-06
ComputeChange: NS (ITER=1) (NRM,RELC): (  294.98659     0.58162554E-05 ) :: heat equation
ComputeChange: SS (ITER=17) (NRM,RELC): (  294.98548     0.20328161E-05 ) :: heat equation
FlowSolve: 
FlowSolve: 
FlowSolve: -------------------------------------
FlowSolve:  NAVIER-STOKES ITERATION           1
FlowSolve: -------------------------------------
FlowSolve: 
FlowSolve: Starting Assembly...
FlowSolve: Assembly:
FlowSolve: Assembly done
FlowSolve: Dirichlet conditions done
      10 0.4002E-08 0.4002E-08
BiCGStabl:       12 0.9341E-10 0.9341E-10
ComputeChange: NS (ITER=1) (NRM,RELC): ( 0.28685369E-03 0.21363040E-01 ) :: navier-stokes
FlowSolve: iter:    1 Assembly: (s)    0.01    0.01
FlowSolve: iter:    1 Solve:    (s)    0.01    0.01
FlowSolve:  Result Norm     :    2.8685368525241650E-004
FlowSolve:  Relative Change :    2.1363039786035723E-002
ComputeChange: SS (ITER=17) (NRM,RELC): ( 0.28280881E-03 0.71626142E-02 ) :: navier-stokes
SolveEquations: -------------------------------------
SolveEquations:  Coupled system iteration:           18
SolveEquations: -------------------------------------
HeatSolver: ------------------------------------------------
HeatSolver: Solving energy equation for temperature
HeatSolver: Heat solver iteration: 1
IterSolver: "Linear System GCR Restart" not given, setting it to 200
   gcr:    10  0.1664E-06  0.1926E-06
ComputeChange: NS (ITER=1) (NRM,RELC): (  294.98678     0.44096727E-05 ) :: heat equation
ComputeChange: SS (ITER=18) (NRM,RELC): (  294.98593     0.15418116E-05 ) :: heat equation
FlowSolve: 
FlowSolve: 
FlowSolve: -------------------------------------
FlowSolve:  NAVIER-STOKES ITERATION           1
FlowSolve: -------------------------------------
FlowSolve: 
FlowSolve: Starting Assembly...
FlowSolve: Assembly:
FlowSolve: Assembly done
FlowSolve: Dirichlet conditions done
      10 0.3237E-08 0.3237E-08
BiCGStabl:       12 0.7084E-10 0.7084E-10
ComputeChange: NS (ITER=1) (NRM,RELC): ( 0.29163441E-03 0.30727492E-01 ) :: navier-stokes
FlowSolve: iter:    1 Assembly: (s)    0.01    0.01
FlowSolve: iter:    1 Solve:    (s)    0.01    0.01
FlowSolve:  Result Norm     :    2.9163440507297802E-004
FlowSolve:  Relative Change :    3.0727491568869073E-002
ComputeChange: SS (ITER=18) (NRM,RELC): ( 0.28580383E-03 0.10534489E-01 ) :: navier-stokes
SolveEquations: -------------------------------------
SolveEquations:  Coupled system iteration:           19
SolveEquations: -------------------------------------
HeatSolver: ------------------------------------------------
HeatSolver: Solving energy equation for temperature
HeatSolver: Heat solver iteration: 1
IterSolver: "Linear System GCR Restart" not given, setting it to 200
   gcr:    10  0.1405E-06  0.1855E-06
ComputeChange: NS (ITER=1) (NRM,RELC): (  294.98674     0.27483772E-05 ) :: heat equation
ComputeChange: SS (ITER=19) (NRM,RELC): (  294.98621     0.96116459E-06 ) :: heat equation
FlowSolve: 
FlowSolve: 
FlowSolve: -------------------------------------
FlowSolve:  NAVIER-STOKES ITERATION           1
FlowSolve: -------------------------------------
FlowSolve: 
FlowSolve: Starting Assembly...
FlowSolve: Assembly:
FlowSolve: Assembly done
FlowSolve: Dirichlet conditions done
      10 0.2095E-08 0.2095E-08
BiCGStabl:       12 0.6933E-10 0.6933E-10
ComputeChange: NS (ITER=1) (NRM,RELC): ( 0.29500333E-03 0.31678340E-01 ) :: navier-stokes
FlowSolve: iter:    1 Assembly: (s)    0.01    0.01
FlowSolve: iter:    1 Solve:    (s)    0.01    0.01
FlowSolve:  Result Norm     :    2.9500333060566720E-004
FlowSolve:  Relative Change :    3.1678339951201263E-002
ComputeChange: SS (ITER=19) (NRM,RELC): ( 0.28895424E-03 0.10962563E-01 ) :: navier-stokes
SolveEquations: -------------------------------------
SolveEquations:  Coupled system iteration:           20
SolveEquations: -------------------------------------
HeatSolver: ------------------------------------------------
HeatSolver: Solving energy equation for temperature
HeatSolver: Heat solver iteration: 1
IterSolver: "Linear System GCR Restart" not given, setting it to 200
   gcr:    10  0.1138E-06  0.1840E-06
ComputeChange: NS (ITER=1) (NRM,RELC): (  294.98656     0.11833453E-05 ) :: heat equation
ComputeChange: SS (ITER=20) (NRM,RELC): (  294.98634     0.41379947E-06 ) :: heat equation
FlowSolve: 
FlowSolve: 
FlowSolve: -------------------------------------
FlowSolve:  NAVIER-STOKES ITERATION           1
FlowSolve: -------------------------------------
FlowSolve: 
FlowSolve: Starting Assembly...
FlowSolve: Assembly:
FlowSolve: Assembly done
FlowSolve: Dirichlet conditions done
      10 0.1899E-08 0.1899E-08
BiCGStabl:       12 0.5820E-10 0.5820E-10
ComputeChange: NS (ITER=1) (NRM,RELC): ( 0.29697935E-03 0.27392574E-01 ) :: navier-stokes
FlowSolve: iter:    1 Assembly: (s)    0.01    0.01
FlowSolve: iter:    1 Solve:    (s)    0.01    0.01
FlowSolve:  Result Norm     :    2.9697935266603174E-004
FlowSolve:  Relative Change :    2.7392574264671267E-002
ComputeChange: SS (ITER=20) (NRM,RELC): ( 0.29172074E-03 0.95285772E-02 ) :: navier-stokes
SolveEquations: -------------------------------------
SolveEquations:  Coupled system iteration:           21
SolveEquations: -------------------------------------
HeatSolver: ------------------------------------------------
HeatSolver: Solving energy equation for temperature
HeatSolver: Heat solver iteration: 1
IterSolver: "Linear System GCR Restart" not given, setting it to 200
   gcr:    10  0.9025E-07  0.1710E-06
ComputeChange: NS (ITER=1) (NRM,RELC): (  294.98632     0.67844160E-07 ) :: heat equation
ComputeChange: SS (ITER=21) (NRM,RELC): (  294.98633     0.23952792E-07 ) :: heat equation
FlowSolve: 
FlowSolve: 
FlowSolve: -------------------------------------
FlowSolve:  NAVIER-STOKES ITERATION           1
FlowSolve: -------------------------------------
FlowSolve: 
FlowSolve: Starting Assembly...
FlowSolve: Assembly:
FlowSolve: Assembly done
FlowSolve: Dirichlet conditions done
      10 0.7867E-09 0.7867E-09
BiCGStabl:       12 0.5336E-10 0.5336E-10
ComputeChange: NS (ITER=1) (NRM,RELC): ( 0.29781310E-03 0.20668384E-01 ) :: navier-stokes
FlowSolve: iter:    1 Assembly: (s)    0.01    0.01
FlowSolve: iter:    1 Solve:    (s)    0.01    0.01
FlowSolve:  Result Norm     :    2.9781309697134167E-004
FlowSolve:  Relative Change :    2.0668383851422577E-002
ComputeChange: SS (ITER=21) (NRM,RELC): ( 0.29383128E-03 0.72087183E-02 ) :: navier-stokes
SolveEquations: -------------------------------------
SolveEquations:  Coupled system iteration:           22
SolveEquations: -------------------------------------
HeatSolver: ------------------------------------------------
HeatSolver: Solving energy equation for temperature
HeatSolver: Heat solver iteration: 1
IterSolver: "Linear System GCR Restart" not given, setting it to 200
   gcr:    10  0.7012E-07  0.1393E-06
ComputeChange: NS (ITER=1) (NRM,RELC): (  294.98606     0.92275461E-06 ) :: heat equation
ComputeChange: SS (ITER=22) (NRM,RELC): (  294.98623     0.32310460E-06 ) :: heat equation
FlowSolve: 
FlowSolve: 
FlowSolve: -------------------------------------
FlowSolve:  NAVIER-STOKES ITERATION           1
FlowSolve: -------------------------------------
FlowSolve: 
FlowSolve: Starting Assembly...
FlowSolve: Assembly:
FlowSolve: Assembly done
FlowSolve: Dirichlet conditions done
      10 0.5000E-08 0.5000E-08
BiCGStabl:       12 0.3539E-10 0.3539E-10
ComputeChange: NS (ITER=1) (NRM,RELC): ( 0.29780124E-03 0.13420359E-01 ) :: navier-stokes
FlowSolve: iter:    1 Assembly: (s)    0.01    0.01
FlowSolve: iter:    1 Solve:    (s)    0.01    0.01
FlowSolve:  Result Norm     :    2.9780124127792726E-004
FlowSolve:  Relative Change :    1.3420358702728770E-002
ComputeChange: SS (ITER=22) (NRM,RELC): ( 0.29521071E-03 0.46836412E-02 ) :: navier-stokes
SolveEquations: -------------------------------------
SolveEquations:  Coupled system iteration:           23
SolveEquations: -------------------------------------
HeatSolver: ------------------------------------------------
HeatSolver: Solving energy equation for temperature
HeatSolver: Heat solver iteration: 1
IterSolver: "Linear System GCR Restart" not given, setting it to 200
   gcr:    10  0.5918E-07  0.1011E-06
ComputeChange: NS (ITER=1) (NRM,RELC): (  294.98584     0.13496042E-05 ) :: heat equation
ComputeChange: SS (ITER=23) (NRM,RELC): (  294.98609     0.47246482E-06 ) :: heat equation
FlowSolve: 
FlowSolve: 
FlowSolve: -------------------------------------
FlowSolve:  NAVIER-STOKES ITERATION           1
FlowSolve: -------------------------------------
FlowSolve: 
FlowSolve: Starting Assembly...
FlowSolve: Assembly:
FlowSolve: Assembly done
FlowSolve: Dirichlet conditions done
      10 0.6786E-09 0.6786E-09
BiCGStabl:       11 0.7765E-10 0.7765E-10
ComputeChange: NS (ITER=1) (NRM,RELC): ( 0.29721730E-03 0.67741275E-02 ) :: navier-stokes
FlowSolve: iter:    1 Assembly: (s)    0.01    0.01
FlowSolve: iter:    1 Solve:    (s)    0.01    0.01
FlowSolve:  Result Norm     :    2.9721730305839111E-004
FlowSolve:  Relative Change :    6.7741274786059210E-003
ComputeChange: SS (ITER=23) (NRM,RELC): ( 0.29590793E-03 0.23589629E-02 ) :: navier-stokes
SolveEquations: -------------------------------------
SolveEquations:  Coupled system iteration:           24
SolveEquations: -------------------------------------
HeatSolver: ------------------------------------------------
HeatSolver: Solving energy equation for temperature
HeatSolver: Heat solver iteration: 1
IterSolver: "Linear System GCR Restart" not given, setting it to 200
   gcr:    10  0.4712E-07  0.7223E-07
ComputeChange: NS (ITER=1) (NRM,RELC): (  294.98564     0.15338768E-05 ) :: heat equation
ComputeChange: SS (ITER=24) (NRM,RELC): (  294.98594     0.53692946E-06 ) :: heat equation
FlowSolve: 
FlowSolve: 
FlowSolve: -------------------------------------
FlowSolve:  NAVIER-STOKES ITERATION           1
FlowSolve: -------------------------------------
FlowSolve: 
FlowSolve: Starting Assembly...
FlowSolve: Assembly:
FlowSolve: Assembly done
FlowSolve: Dirichlet conditions done
      10 0.6258E-08 0.6258E-08
BiCGStabl:       11 0.7903E-10 0.7903E-10
ComputeChange: NS (ITER=1) (NRM,RELC): ( 0.29629405E-03 0.13040300E-02 ) :: navier-stokes
FlowSolve: iter:    1 Assembly: (s)    0.01    0.01
FlowSolve: iter:    1 Solve:    (s)    0.01    0.01
FlowSolve:  Result Norm     :    2.9629404962983719E-004
FlowSolve:  Relative Change :    1.3040299712878249E-003
ComputeChange: SS (ITER=24) (NRM,RELC): ( 0.29603918E-03 0.44345509E-03 ) :: navier-stokes
SolveEquations: -------------------------------------
SolveEquations:  Coupled system iteration:           25
SolveEquations: -------------------------------------
HeatSolver: ------------------------------------------------
HeatSolver: Solving energy equation for temperature
HeatSolver: Heat solver iteration: 1
IterSolver: "Linear System GCR Restart" not given, setting it to 200
   gcr:    10  0.3800E-07  0.5488E-07
ComputeChange: NS (ITER=1) (NRM,RELC): (  294.98549     0.15008205E-05 ) :: heat equation
ComputeChange: SS (ITER=25) (NRM,RELC): (  294.98578     0.52533233E-06 ) :: heat equation
FlowSolve: 
FlowSolve: 
FlowSolve: -------------------------------------
FlowSolve:  NAVIER-STOKES ITERATION           1
FlowSolve: -------------------------------------
FlowSolve: 
FlowSolve: Starting Assembly...
FlowSolve: Assembly:
FlowSolve: Assembly done
FlowSolve: Dirichlet conditions done
      10 0.1342E-08 0.1342E-08
BiCGStabl:       12 0.2420E-10 0.2420E-10
ComputeChange: NS (ITER=1) (NRM,RELC): ( 0.29522154E-03 0.27657489E-02 ) :: navier-stokes
FlowSolve: iter:    1 Assembly: (s)    0.01    0.01
FlowSolve: iter:    1 Solve:    (s)    0.01    0.01
FlowSolve:  Result Norm     :    2.9522153670283915E-004
FlowSolve:  Relative Change :    2.7657489367510081E-003
ComputeChange: SS (ITER=25) (NRM,RELC): ( 0.29574894E-03 0.98087218E-03 ) :: navier-stokes
SolveEquations: -------------------------------------
SolveEquations:  Coupled system iteration:           26
SolveEquations: -------------------------------------
HeatSolver: ------------------------------------------------
HeatSolver: Solving energy equation for temperature
HeatSolver: Heat solver iteration: 1
IterSolver: "Linear System GCR Restart" not given, setting it to 200
   gcr:    10  0.3052E-07  0.3971E-07
ComputeChange: NS (ITER=1) (NRM,RELC): (  294.98539     0.13147021E-05 ) :: heat equation
ComputeChange: SS (ITER=26) (NRM,RELC): (  294.98565     0.46016935E-06 ) :: heat equation
FlowSolve: 
FlowSolve: 
FlowSolve: -------------------------------------
FlowSolve:  NAVIER-STOKES ITERATION           1
FlowSolve: -------------------------------------
FlowSolve: 
FlowSolve: Starting Assembly...
FlowSolve: Assembly:
FlowSolve: Assembly done
FlowSolve: Dirichlet conditions done
      10 0.1137E-08 0.1137E-08
BiCGStabl:       12 0.2365E-10 0.2365E-10
ComputeChange: NS (ITER=1) (NRM,RELC): ( 0.29415151E-03 0.54159380E-02 ) :: navier-stokes
FlowSolve: iter:    1 Assembly: (s)    0.01    0.01
FlowSolve: iter:    1 Solve:    (s)    0.01    0.01
FlowSolve:  Result Norm     :    2.9415150966671534E-004
FlowSolve:  Relative Change :    5.4159379765934415E-003
ComputeChange: SS (ITER=26) (NRM,RELC): ( 0.29518561E-03 0.19065770E-02 ) :: navier-stokes
SolveEquations: -------------------------------------
SolveEquations:  Coupled system iteration:           27
SolveEquations: -------------------------------------
HeatSolver: ------------------------------------------------
HeatSolver: Solving energy equation for temperature
HeatSolver: Heat solver iteration: 1
IterSolver: "Linear System GCR Restart" not given, setting it to 200
   gcr:    10  0.2357E-07  0.2699E-07
ComputeChange: NS (ITER=1) (NRM,RELC): (  294.98534     0.10333259E-05 ) :: heat equation
ComputeChange: SS (ITER=27) (NRM,RELC): (  294.98554     0.36167387E-06 ) :: heat equation
FlowSolve: 
FlowSolve: 
FlowSolve: -------------------------------------
FlowSolve:  NAVIER-STOKES ITERATION           1
FlowSolve: -------------------------------------
FlowSolve: 
FlowSolve: Starting Assembly...
FlowSolve: Assembly:
FlowSolve: Assembly done
FlowSolve: Dirichlet conditions done
      10 0.8840E-09 0.8840E-09
BiCGStabl:       11 0.3976E-10 0.3976E-10
ComputeChange: NS (ITER=1) (NRM,RELC): ( 0.29319698E-03 0.67596502E-02 ) :: navier-stokes
FlowSolve: iter:    1 Assembly: (s)    0.01    0.01
FlowSolve: iter:    1 Solve:    (s)    0.01    0.01
FlowSolve:  Result Norm     :    2.9319698043776804E-004
FlowSolve:  Relative Change :    6.7596501661451834E-003
ComputeChange: SS (ITER=27) (NRM,RELC): ( 0.29448569E-03 0.23739253E-02 ) :: navier-stokes
SolveEquations: -------------------------------------
SolveEquations:  Coupled system iteration:           28
SolveEquations: -------------------------------------
HeatSolver: ------------------------------------------------
HeatSolver: Solving energy equation for temperature
HeatSolver: Heat solver iteration: 1
IterSolver: "Linear System GCR Restart" not given, setting it to 200
   gcr:    10  0.1714E-07  0.1793E-07
ComputeChange: NS (ITER=1) (NRM,RELC): (  294.98534     0.66724559E-06 ) :: heat equation
ComputeChange: SS (ITER=28) (NRM,RELC): (  294.98547     0.23353940E-06 ) :: heat equation
FlowSolve: 
FlowSolve: 
FlowSolve: -------------------------------------
FlowSolve:  NAVIER-STOKES ITERATION           1
FlowSolve: -------------------------------------
FlowSolve: 
FlowSolve: Starting Assembly...
FlowSolve: Assembly:
FlowSolve: Assembly done
FlowSolve: Dirichlet conditions done
      10 0.3284E-09 0.3284E-09
BiCGStabl:       12 0.4670E-11 0.4670E-11
ComputeChange: NS (ITER=1) (NRM,RELC): ( 0.29243162E-03 0.69995448E-02 ) :: navier-stokes
FlowSolve: iter:    1 Assembly: (s)    0.01    0.01
FlowSolve: iter:    1 Solve:    (s)    0.01    0.01
FlowSolve:  Result Norm     :    2.9243161586369279E-004
FlowSolve:  Relative Change :    6.9995447616148961E-003
ComputeChange: SS (ITER=28) (NRM,RELC): ( 0.29376366E-03 0.24548374E-02 ) :: navier-stokes
SolveEquations: -------------------------------------
SolveEquations:  Coupled system iteration:           29
SolveEquations: -------------------------------------
HeatSolver: ------------------------------------------------
HeatSolver: Solving energy equation for temperature
HeatSolver: Heat solver iteration: 1
IterSolver: "Linear System GCR Restart" not given, setting it to 200
   gcr:    10  0.1204E-07  0.1386E-07
ComputeChange: NS (ITER=1) (NRM,RELC): (  294.98536     0.36757166E-06 ) :: heat equation
ComputeChange: SS (ITER=29) (NRM,RELC): (  294.98543     0.12865240E-06 ) :: heat equation
FlowSolve: 
FlowSolve: 
FlowSolve: -------------------------------------
FlowSolve:  NAVIER-STOKES ITERATION           1
FlowSolve: -------------------------------------
FlowSolve: 
FlowSolve: Starting Assembly...
FlowSolve: Assembly:
FlowSolve: Assembly done
FlowSolve: Dirichlet conditions done
      10 0.2647E-09 0.2647E-09
BiCGStabl:       11 0.6410E-10 0.6410E-10
ComputeChange: NS (ITER=1) (NRM,RELC): ( 0.29189246E-03 0.63901200E-02 ) :: navier-stokes
FlowSolve: iter:    1 Assembly: (s)    0.01    0.01
FlowSolve: iter:    1 Solve:    (s)    0.01    0.01
FlowSolve:  Result Norm     :    2.9189245811478610E-004
FlowSolve:  Relative Change :    6.3901200458624944E-003
ComputeChange: SS (ITER=29) (NRM,RELC): ( 0.29310663E-03 0.22391193E-02 ) :: navier-stokes
SolveEquations: -------------------------------------
SolveEquations:  Coupled system iteration:           30
SolveEquations: -------------------------------------
HeatSolver: ------------------------------------------------
HeatSolver: Solving energy equation for temperature
HeatSolver: Heat solver iteration: 1
IterSolver: "Linear System GCR Restart" not given, setting it to 200
   gcr:    10  0.8274E-08  0.1200E-07
ComputeChange: NS (ITER=1) (NRM,RELC): (  294.98539     0.13334295E-06 ) :: heat equation
ComputeChange: SS (ITER=30) (NRM,RELC): (  294.98542     0.46673775E-07 ) :: heat equation
FlowSolve: 
FlowSolve: 
FlowSolve: -------------------------------------
FlowSolve:  NAVIER-STOKES ITERATION           1
FlowSolve: -------------------------------------
FlowSolve: 
FlowSolve: Starting Assembly...
FlowSolve: Assembly:
FlowSolve: Assembly done
FlowSolve: Dirichlet conditions done
      10 0.1155E-09 0.1155E-09
BiCGStabl:       11 0.7285E-10 0.7285E-10
ComputeChange: NS (ITER=1) (NRM,RELC): ( 0.29157982E-03 0.52226608E-02 ) :: navier-stokes
FlowSolve: iter:    1 Assembly: (s)    0.01    0.01
FlowSolve: iter:    1 Solve:    (s)    0.01    0.01
FlowSolve:  Result Norm     :    2.9157981880535721E-004
FlowSolve:  Relative Change :    5.2226607721489442E-003
ComputeChange: SS (ITER=30) (NRM,RELC): ( 0.29257103E-03 0.18290018E-02 ) :: navier-stokes
SolveEquations: -------------------------------------
SolveEquations:  Coupled system iteration:           31
SolveEquations: -------------------------------------
HeatSolver: ------------------------------------------------
HeatSolver: Solving energy equation for temperature
HeatSolver: Heat solver iteration: 1
IterSolver: "Linear System GCR Restart" not given, setting it to 200
   gcr:    10  0.6337E-08  0.1120E-07
ComputeChange: NS (ITER=1) (NRM,RELC): (  294.98543     0.36385793E-07 ) :: heat equation
ComputeChange: SS (ITER=31) (NRM,RELC): (  294.98542     0.12729629E-07 ) :: heat equation
FlowSolve: 
FlowSolve: 
FlowSolve: -------------------------------------
FlowSolve:  NAVIER-STOKES ITERATION           1
FlowSolve: -------------------------------------
FlowSolve: 
FlowSolve: Starting Assembly...
FlowSolve: Assembly:
FlowSolve: Assembly done
FlowSolve: Dirichlet conditions done
      10 0.6182E-09 0.6182E-09
BiCGStabl:       11 0.4875E-10 0.4875E-10
ComputeChange: NS (ITER=1) (NRM,RELC): ( 0.29146870E-03 0.37748155E-02 ) :: navier-stokes
FlowSolve: iter:    1 Assembly: (s)    0.01    0.01
FlowSolve: iter:    1 Solve:    (s)    0.01    0.01
FlowSolve:  Result Norm     :    2.9146870443045578E-004
FlowSolve:  Relative Change :    3.7748155480234651E-003
ComputeChange: SS (ITER=31) (NRM,RELC): ( 0.29218463E-03 0.13215669E-02 ) :: navier-stokes
SolveEquations: -------------------------------------
SolveEquations:  Coupled system iteration:           32
SolveEquations: -------------------------------------
HeatSolver: ------------------------------------------------
HeatSolver: Solving energy equation for temperature
HeatSolver: Heat solver iteration: 1
IterSolver: "Linear System GCR Restart" not given, setting it to 200
   gcr:    10  0.6070E-08  0.1054E-07
ComputeChange: NS (ITER=1) (NRM,RELC): (  294.98547     0.15373249E-06 ) :: heat equation
ComputeChange: SS (ITER=32) (NRM,RELC): (  294.98544     0.53800320E-07 ) :: heat equation
FlowSolve: 
FlowSolve: 
FlowSolve: -------------------------------------
FlowSolve:  NAVIER-STOKES ITERATION           1
FlowSolve: -------------------------------------
FlowSolve: 
FlowSolve: Starting Assembly...
FlowSolve: Assembly:
FlowSolve: Assembly done
FlowSolve: Dirichlet conditions done
      10 0.2471E-08 0.2471E-08
BiCGStabl:       11 0.7878E-10 0.7878E-10
ComputeChange: NS (ITER=1) (NRM,RELC): ( 0.29151549E-03 0.22927646E-02 ) :: navier-stokes
FlowSolve: iter:    1 Assembly: (s)    0.01    0.01
FlowSolve: iter:    1 Solve:    (s)    0.01    0.01
FlowSolve:  Result Norm     :    2.9151548521767008E-004
FlowSolve:  Relative Change :    2.2927645985021798E-003
ComputeChange: SS (ITER=32) (NRM,RELC): ( 0.29195019E-03 0.80268337E-03 ) :: navier-stokes
SolveEquations: -------------------------------------
SolveEquations:  Coupled system iteration:           33
SolveEquations: -------------------------------------
HeatSolver: ------------------------------------------------
HeatSolver: Solving energy equation for temperature
HeatSolver: Heat solver iteration: 1
IterSolver: "Linear System GCR Restart" not given, setting it to 200
   gcr:    10  0.6335E-08  0.9425E-08
ComputeChange: NS (ITER=1) (NRM,RELC): (  294.98550     0.22026044E-06 ) :: heat equation
ComputeChange: SS (ITER=33) (NRM,RELC): (  294.98546     0.77085669E-07 ) :: heat equation
FlowSolve: 
FlowSolve: 
FlowSolve: -------------------------------------
FlowSolve:  NAVIER-STOKES ITERATION           1
FlowSolve: -------------------------------------
FlowSolve: 
FlowSolve: Starting Assembly...
FlowSolve: Assembly:
FlowSolve: Assembly done
FlowSolve: Dirichlet conditions done
      10 0.1527E-08 0.1527E-08
BiCGStabl:       11 0.6004E-10 0.6004E-10
ComputeChange: NS (ITER=1) (NRM,RELC): ( 0.29166872E-03 0.96458192E-03 ) :: navier-stokes
FlowSolve: iter:    1 Assembly: (s)    0.01    0.01
FlowSolve: iter:    1 Solve:    (s)    0.01    0.01
FlowSolve:  Result Norm     :    2.9166871691752011E-004
FlowSolve:  Relative Change :    9.6458192499983188E-004
ComputeChange: SS (ITER=33) (NRM,RELC): ( 0.29185157E-03 0.33787129E-03 ) :: navier-stokes
SolveEquations: -------------------------------------
SolveEquations:  Coupled system iteration:           34
SolveEquations: -------------------------------------
HeatSolver: ------------------------------------------------
HeatSolver: Solving energy equation for temperature
HeatSolver: Heat solver iteration: 1
IterSolver: "Linear System GCR Restart" not given, setting it to 200
   gcr:    10  0.6343E-08  0.7848E-08
ComputeChange: NS (ITER=1) (NRM,RELC): (  294.98553     0.24298870E-06 ) :: heat equation
ComputeChange: SS (ITER=34) (NRM,RELC): (  294.98549     0.85041908E-07 ) :: heat equation
FlowSolve: 
FlowSolve: 
FlowSolve: -------------------------------------
FlowSolve:  NAVIER-STOKES ITERATION           1
FlowSolve: -------------------------------------
FlowSolve: 
FlowSolve: Starting Assembly...
FlowSolve: Assembly:
FlowSolve: Assembly done
FlowSolve: Dirichlet conditions done
      10 0.1204E-09 0.1204E-09
BiCGStabl:       11 0.2775E-10 0.2775E-10
ComputeChange: NS (ITER=1) (NRM,RELC): ( 0.29189357E-03 0.14390289E-03 ) :: navier-stokes
FlowSolve: iter:    1 Assembly: (s)    0.01    0.01
FlowSolve: iter:    1 Solve:    (s)    0.01    0.01
FlowSolve:  Result Norm     :    2.9189356742227496E-004
FlowSolve:  Relative Change :    1.4390289048938826E-004
ComputeChange: SS (ITER=34) (NRM,RELC): ( 0.29186617E-03 0.50042037E-04 ) :: navier-stokes
SolveEquations: -------------------------------------
SolveEquations:  Coupled system iteration:           35
SolveEquations: -------------------------------------
HeatSolver: ------------------------------------------------
HeatSolver: Solving energy equation for temperature
HeatSolver: Heat solver iteration: 1
IterSolver: "Linear System GCR Restart" not given, setting it to 200
ComputeChange: NS (ITER=1) (NRM,RELC): (  294.98555     0.22386985E-06 ) :: heat equation
ComputeChange: SS (ITER=35) (NRM,RELC): (  294.98551     0.78351865E-07 ) :: heat equation
FlowSolve: 
FlowSolve: 
FlowSolve: -------------------------------------
FlowSolve:  NAVIER-STOKES ITERATION           1
FlowSolve: -------------------------------------
FlowSolve: 
FlowSolve: Starting Assembly...
FlowSolve: Assembly:
FlowSolve: Assembly done
FlowSolve: Dirichlet conditions done
      10 0.2303E-09 0.2303E-09
BiCGStabl:       11 0.4046E-10 0.4046E-10
ComputeChange: NS (ITER=1) (NRM,RELC): ( 0.29211602E-03 0.85566041E-03 ) :: navier-stokes
FlowSolve: iter:    1 Assembly: (s)    0.01    0.01
FlowSolve: iter:    1 Solve:    (s)    0.01    0.01
FlowSolve:  Result Norm     :    2.9211601654879985E-004
FlowSolve:  Relative Change :    8.5566041324747200E-004
ComputeChange: SS (ITER=35) (NRM,RELC): ( 0.29195350E-03 0.29917869E-03 ) :: navier-stokes
SolveEquations: -------------------------------------
SolveEquations:  Coupled system iteration:           36
SolveEquations: -------------------------------------
HeatSolver: ------------------------------------------------
HeatSolver: Solving energy equation for temperature
HeatSolver: Heat solver iteration: 1
IterSolver: "Linear System GCR Restart" not given, setting it to 200
ComputeChange: NS (ITER=1) (NRM,RELC): (  294.98556     0.19078251E-06 ) :: heat equation
ComputeChange: SS (ITER=36) (NRM,RELC): (  294.98553     0.66772547E-07 ) :: heat equation
FlowSolve: 
FlowSolve: 
FlowSolve: -------------------------------------
FlowSolve:  NAVIER-STOKES ITERATION           1
FlowSolve: -------------------------------------
FlowSolve: 
FlowSolve: Starting Assembly...
FlowSolve: Assembly:
FlowSolve: Assembly done
FlowSolve: Dirichlet conditions done
      10 0.1793E-09 0.1793E-09
BiCGStabl:       11 0.4160E-10 0.4160E-10
ComputeChange: NS (ITER=1) (NRM,RELC): ( 0.29231645E-03 0.12424010E-02 ) :: navier-stokes
FlowSolve: iter:    1 Assembly: (s)    0.01    0.01
FlowSolve: iter:    1 Solve:    (s)    0.01    0.01
FlowSolve:  Result Norm     :    2.9231645331092676E-004
FlowSolve:  Relative Change :    1.2424009662420198E-003
ComputeChange: SS (ITER=36) (NRM,RELC): ( 0.29208042E-03 0.43461149E-03 ) :: navier-stokes
SolveEquations: -------------------------------------
SolveEquations:  Coupled system iteration:           37
SolveEquations: -------------------------------------
HeatSolver: ------------------------------------------------
HeatSolver: Solving energy equation for temperature
HeatSolver: Heat solver iteration: 1
IterSolver: "Linear System GCR Restart" not given, setting it to 200
ComputeChange: NS (ITER=1) (NRM,RELC): (  294.98557     0.14086905E-06 ) :: heat equation
ComputeChange: SS (ITER=37) (NRM,RELC): (  294.98554     0.49303609E-07 ) :: heat equation
FlowSolve: 
FlowSolve: 
FlowSolve: -------------------------------------
FlowSolve:  NAVIER-STOKES ITERATION           1
FlowSolve: -------------------------------------
FlowSolve: 
FlowSolve: Starting Assembly...
FlowSolve: Assembly:
FlowSolve: Assembly done
FlowSolve: Dirichlet conditions done
      10 0.7357E-10 0.7357E-10
BiCGStabl:       10 0.7357E-10 0.7357E-10
ComputeChange: NS (ITER=1) (NRM,RELC): ( 0.29247657E-03 0.13553799E-02 ) :: navier-stokes
FlowSolve: iter:    1 Assembly: (s)    0.01    0.01
FlowSolve: iter:    1 Solve:    (s)    0.01    0.01
FlowSolve:  Result Norm     :    2.9247656686444846E-004
FlowSolve:  Relative Change :    1.3553799423077111E-003
ComputeChange: SS (ITER=37) (NRM,RELC): ( 0.29221897E-03 0.47424408E-03 ) :: navier-stokes
SolveEquations: -------------------------------------
SolveEquations:  Coupled system iteration:           38
SolveEquations: -------------------------------------
HeatSolver: ------------------------------------------------
HeatSolver: Solving energy equation for temperature
HeatSolver: Heat solver iteration: 1
IterSolver: "Linear System GCR Restart" not given, setting it to 200
ComputeChange: NS (ITER=1) (NRM,RELC): (  294.98557     0.96415861E-07 ) :: heat equation
ComputeChange: SS (ITER=38) (NRM,RELC): (  294.98555     0.33745352E-07 ) :: heat equation
FlowSolve: 
FlowSolve: 
FlowSolve: -------------------------------------
FlowSolve:  NAVIER-STOKES ITERATION           1
FlowSolve: -------------------------------------
FlowSolve: 
FlowSolve: Starting Assembly...
FlowSolve: Assembly:
FlowSolve: Assembly done
FlowSolve: Dirichlet conditions done
      10 0.2366E-09 0.2366E-09
BiCGStabl:       11 0.5742E-10 0.5742E-10
ComputeChange: NS (ITER=1) (NRM,RELC): ( 0.29258975E-03 0.12680498E-02 ) :: navier-stokes
FlowSolve: iter:    1 Assembly: (s)    0.01    0.01
FlowSolve: iter:    1 Solve:    (s)    0.01    0.01
FlowSolve:  Result Norm     :    2.9258975200145861E-004
FlowSolve:  Relative Change :    1.2680497635627651E-003
ComputeChange: SS (ITER=38) (NRM,RELC): ( 0.29234867E-03 0.44375342E-03 ) :: navier-stokes
SolveEquations: -------------------------------------
SolveEquations:  Coupled system iteration:           39
SolveEquations: -------------------------------------
HeatSolver: ------------------------------------------------
HeatSolver: Solving energy equation for temperature
HeatSolver: Heat solver iteration: 1
IterSolver: "Linear System GCR Restart" not given, setting it to 200
ComputeChange: NS (ITER=1) (NRM,RELC): (  294.98557     0.56723221E-07 ) :: heat equation
ComputeChange: SS (ITER=39) (NRM,RELC): (  294.98556     0.19853031E-07 ) :: heat equation
FlowSolve: 
FlowSolve: 
FlowSolve: -------------------------------------
FlowSolve:  NAVIER-STOKES ITERATION           1
FlowSolve: -------------------------------------
FlowSolve: 
FlowSolve: Starting Assembly...
FlowSolve: Assembly:
FlowSolve: Assembly done
FlowSolve: Dirichlet conditions done
      10 0.1971E-09 0.1971E-09
BiCGStabl:       11 0.4305E-10 0.4305E-10
ComputeChange: NS (ITER=1) (NRM,RELC): ( 0.29265740E-03 0.10554606E-02 ) :: navier-stokes
FlowSolve: iter:    1 Assembly: (s)    0.01    0.01
FlowSolve: iter:    1 Solve:    (s)    0.01    0.01
FlowSolve:  Result Norm     :    2.9265739609599746E-004
FlowSolve:  Relative Change :    1.0554606085212198E-003
ComputeChange: SS (ITER=39) (NRM,RELC): ( 0.29245668E-03 0.36939317E-03 ) :: navier-stokes
SolveEquations: -------------------------------------
SolveEquations:  Coupled system iteration:           40
SolveEquations: -------------------------------------
HeatSolver: ------------------------------------------------
HeatSolver: Solving energy equation for temperature
HeatSolver: Heat solver iteration: 1
IterSolver: "Linear System GCR Restart" not given, setting it to 200
ComputeChange: NS (ITER=1) (NRM,RELC): (  294.98556     0.19396785E-07 ) :: heat equation
ComputeChange: SS (ITER=40) (NRM,RELC): (  294.98556     0.67887759E-08 ) :: heat equation
FlowSolve: 
FlowSolve: 
FlowSolve: -------------------------------------
FlowSolve:  NAVIER-STOKES ITERATION           1
FlowSolve: -------------------------------------
FlowSolve: 
FlowSolve: Starting Assembly...
FlowSolve: Assembly:
FlowSolve: Assembly done
FlowSolve: Dirichlet conditions done
      10 0.2129E-09 0.2129E-09
BiCGStabl:       11 0.5554E-10 0.5554E-10
ComputeChange: NS (ITER=1) (NRM,RELC): ( 0.29268786E-03 0.79015983E-03 ) :: navier-stokes
FlowSolve: iter:    1 Assembly: (s)    0.01    0.01
FlowSolve: iter:    1 Solve:    (s)    0.01    0.01
FlowSolve:  Result Norm     :    2.9268786107420513E-004
FlowSolve:  Relative Change :    7.9015983434640536E-004
ComputeChange: SS (ITER=40) (NRM,RELC): ( 0.29253757E-03 0.27655729E-03 ) :: navier-stokes
SolveEquations: -------------------------------------
SolveEquations:  Coupled system iteration:           41
SolveEquations: -------------------------------------
HeatSolver: ------------------------------------------------
HeatSolver: Solving energy equation for temperature
HeatSolver: Heat solver iteration: 1
IterSolver: "Linear System GCR Restart" not given, setting it to 200
ComputeChange: NS (ITER=1) (NRM,RELC): (  294.98556     0.53569740E-09 ) :: heat equation
ComputeChange: SS (ITER=41) (NRM,RELC): (  294.98556     0.18761308E-09 ) :: heat equation
FlowSolve: 
FlowSolve: 
FlowSolve: -------------------------------------
FlowSolve:  NAVIER-STOKES ITERATION           1
FlowSolve: -------------------------------------
FlowSolve: 
FlowSolve: Starting Assembly...
FlowSolve: Assembly:
FlowSolve: Assembly done
FlowSolve: Dirichlet conditions done
BiCGStabl:       10 0.7557E-10 0.7557E-10
ComputeChange: NS (ITER=1) (NRM,RELC): ( 0.29268602E-03 0.50732556E-03 ) :: navier-stokes
FlowSolve: iter:    1 Assembly: (s)    0.01    0.01
FlowSolve: iter:    1 Solve:    (s)    0.01    0.01
FlowSolve:  Result Norm     :    2.9268602387257965E-004
FlowSolve:  Relative Change :    5.0732555648267709E-004
ComputeChange: SS (ITER=41) (NRM,RELC): ( 0.29258952E-03 0.17756668E-03 ) :: navier-stokes
SolveEquations: -------------------------------------
SolveEquations:  Coupled system iteration:           42
SolveEquations: -------------------------------------
HeatSolver: ------------------------------------------------
HeatSolver: Solving energy equation for temperature
HeatSolver: Heat solver iteration: 1
IterSolver: "Linear System GCR Restart" not given, setting it to 200
ComputeChange: NS (ITER=1) (NRM,RELC): (  294.98556     0.15496366E-07 ) :: heat equation
ComputeChange: SS (ITER=42) (NRM,RELC): (  294.98556     0.54238431E-08 ) :: heat equation
FlowSolve: 
FlowSolve: 
FlowSolve: -------------------------------------
FlowSolve:  NAVIER-STOKES ITERATION           1
FlowSolve: -------------------------------------
FlowSolve: 
FlowSolve: Starting Assembly...
FlowSolve: Assembly:
FlowSolve: Assembly done
FlowSolve: Dirichlet conditions done
      10 0.3523E-10 0.3523E-10
BiCGStabl:       10 0.3523E-10 0.3523E-10
ComputeChange: NS (ITER=1) (NRM,RELC): ( 0.29266347E-03 0.25269557E-03 ) :: navier-stokes
FlowSolve: iter:    1 Assembly: (s)    0.01    0.01
FlowSolve: iter:    1 Solve:    (s)    0.01    0.01
FlowSolve:  Result Norm     :    2.9266346938633956E-004
FlowSolve:  Relative Change :    2.5269556634147626E-004
ComputeChange: SS (ITER=42) (NRM,RELC): ( 0.29261540E-03 0.88440902E-04 ) :: navier-stokes
SolveEquations: -------------------------------------
SolveEquations:  Coupled system iteration:           43
SolveEquations: -------------------------------------
HeatSolver: ------------------------------------------------
HeatSolver: Solving energy equation for temperature
HeatSolver: Heat solver iteration: 1
IterSolver: "Linear System GCR Restart" not given, setting it to 200
ComputeChange: NS (ITER=1) (NRM,RELC): (  294.98555     0.23186308E-07 ) :: heat equation
ComputeChange: SS (ITER=43) (NRM,RELC): (  294.98556     0.81152992E-08 ) :: heat equation
FlowSolve: 
FlowSolve: 
FlowSolve: -------------------------------------
FlowSolve:  NAVIER-STOKES ITERATION           1
FlowSolve: -------------------------------------
FlowSolve: 
FlowSolve: Starting Assembly...
FlowSolve: Assembly:
FlowSolve: Assembly done
FlowSolve: Dirichlet conditions done
BiCGStabl:        9 0.5608E-10 0.5608E-10
ComputeChange: NS (ITER=1) (NRM,RELC): ( 0.29263004E-03 0.50015184E-04 ) :: navier-stokes
FlowSolve: iter:    1 Assembly: (s)    0.01    0.01
FlowSolve: iter:    1 Solve:    (s)    0.01    0.01
FlowSolve:  Result Norm     :    2.9263003757296031E-004
FlowSolve:  Relative Change :    5.0015183813726408E-005
ComputeChange: SS (ITER=43) (NRM,RELC): ( 0.29262052E-03 0.17497798E-04 ) :: navier-stokes
SolveEquations: -------------------------------------
SolveEquations:  Coupled system iteration:           44
SolveEquations: -------------------------------------
HeatSolver: ------------------------------------------------
HeatSolver: Solving energy equation for temperature
HeatSolver: Heat solver iteration: 1
IterSolver: "Linear System GCR Restart" not given, setting it to 200
ComputeChange: NS (ITER=1) (NRM,RELC): (  294.98555     0.24371960E-07 ) :: heat equation
ComputeChange: SS (ITER=44) (NRM,RELC): (  294.98555     0.85302442E-08 ) :: heat equation
FlowSolve: 
FlowSolve: 
FlowSolve: -------------------------------------
FlowSolve:  NAVIER-STOKES ITERATION           1
FlowSolve: -------------------------------------
FlowSolve: 
FlowSolve: Starting Assembly...
FlowSolve: Assembly:
FlowSolve: Assembly done
FlowSolve: Dirichlet conditions done
      10 0.2055E-09 0.2055E-09
BiCGStabl:       11 0.6344E-10 0.6344E-10
ComputeChange: NS (ITER=1) (NRM,RELC): ( 0.29259284E-03 0.94601092E-04 ) :: navier-stokes
FlowSolve: iter:    1 Assembly: (s)    0.01    0.01
FlowSolve: iter:    1 Solve:    (s)    0.01    0.01
FlowSolve:  Result Norm     :    2.9259284125220786E-004
FlowSolve:  Relative Change :    9.4601091993941271E-005
ComputeChange: SS (ITER=44) (NRM,RELC): ( 0.29261083E-03 0.33119731E-04 ) :: navier-stokes
SolveEquations: -------------------------------------
SolveEquations:  Coupled system iteration:           45
SolveEquations: -------------------------------------
HeatSolver: ------------------------------------------------
HeatSolver: Solving energy equation for temperature
HeatSolver: Heat solver iteration: 1
IterSolver: "Linear System GCR Restart" not given, setting it to 200
ComputeChange: NS (ITER=1) (NRM,RELC): (  294.98555     0.22391501E-07 ) :: heat equation
ComputeChange: SS (ITER=45) (NRM,RELC): (  294.98555     0.78370561E-08 ) :: heat equation
FlowSolve: 
FlowSolve: 
FlowSolve: -------------------------------------
FlowSolve:  NAVIER-STOKES ITERATION           1
FlowSolve: -------------------------------------
FlowSolve: 
FlowSolve: Starting Assembly...
FlowSolve: Assembly:
FlowSolve: Assembly done
FlowSolve: Dirichlet conditions done
      10 0.5133E-09 0.5133E-09
BiCGStabl:       11 0.3900E-10 0.3900E-10
ComputeChange: NS (ITER=1) (NRM,RELC): ( 0.29255683E-03 0.18455979E-03 ) :: navier-stokes
FlowSolve: iter:    1 Assembly: (s)    0.01    0.01
FlowSolve: iter:    1 Solve:    (s)    0.01    0.01
FlowSolve:  Result Norm     :    2.9255683160096661E-004
FlowSolve:  Relative Change :    1.8455978954558789E-004
ComputeChange: SS (ITER=45) (NRM,RELC): ( 0.29259193E-03 0.64604124E-04 ) :: navier-stokes
SolveEquations: -------------------------------------
SolveEquations:  Coupled system iteration:           46
SolveEquations: -------------------------------------
HeatSolver: ------------------------------------------------
HeatSolver: Solving energy equation for temperature
HeatSolver: Heat solver iteration: 1
IterSolver: "Linear System GCR Restart" not given, setting it to 200
ComputeChange: NS (ITER=1) (NRM,RELC): (  294.98555     0.17081393E-07 ) :: heat equation
ComputeChange: SS (ITER=46) (NRM,RELC): (  294.98555     0.59784990E-08 ) :: heat equation
FlowSolve: 
FlowSolve: 
FlowSolve: -------------------------------------
FlowSolve:  NAVIER-STOKES ITERATION           1
FlowSolve: -------------------------------------
FlowSolve: 
FlowSolve: Starting Assembly...
FlowSolve: Assembly:
FlowSolve: Assembly done
FlowSolve: Dirichlet conditions done
      10 0.5391E-10 0.5391E-10
BiCGStabl:       10 0.5391E-10 0.5391E-10
ComputeChange: NS (ITER=1) (NRM,RELC): ( 0.29252664E-03 0.22315576E-03 ) :: navier-stokes
FlowSolve: iter:    1 Assembly: (s)    0.01    0.01
FlowSolve: iter:    1 Solve:    (s)    0.01    0.01
FlowSolve:  Result Norm     :    2.9252664126566642E-004
FlowSolve:  Relative Change :    2.2315576096926170E-004
ComputeChange: SS (ITER=46) (NRM,RELC): ( 0.29256907E-03 0.78110079E-04 ) :: navier-stokes
SolveEquations: -------------------------------------
SolveEquations:  Coupled system iteration:           47
SolveEquations: -------------------------------------
HeatSolver: ------------------------------------------------
HeatSolver: Solving energy equation for temperature
HeatSolver: Heat solver iteration: 1
IterSolver: "Linear System GCR Restart" not given, setting it to 200
ComputeChange: NS (ITER=1) (NRM,RELC): (  294.98555     0.11202044E-07 ) :: heat equation
ComputeChange: SS (ITER=47) (NRM,RELC): (  294.98555     0.39207185E-08 ) :: heat equation
FlowSolve: 
FlowSolve: 
FlowSolve: -------------------------------------
FlowSolve:  NAVIER-STOKES ITERATION           1
FlowSolve: -------------------------------------
FlowSolve: 
FlowSolve: Starting Assembly...
FlowSolve: Assembly:
FlowSolve: Assembly done
FlowSolve: Dirichlet conditions done
BiCGStabl:       10 0.5669E-10 0.5669E-10
ComputeChange: NS (ITER=1) (NRM,RELC): ( 0.29250387E-03 0.22289706E-03 ) :: navier-stokes
FlowSolve: iter:    1 Assembly: (s)    0.01    0.01
FlowSolve: iter:    1 Solve:    (s)    0.01    0.01
FlowSolve:  Result Norm     :    2.9250386855057673E-004
FlowSolve:  Relative Change :    2.2289705834959241E-004
ComputeChange: SS (ITER=47) (NRM,RELC): ( 0.29254625E-03 0.78016876E-04 ) :: navier-stokes
SolveEquations: -------------------------------------
SolveEquations:  Coupled system iteration:           48
SolveEquations: -------------------------------------
HeatSolver: ------------------------------------------------
HeatSolver: Solving energy equation for temperature
HeatSolver: Heat solver iteration: 1
IterSolver: "Linear System GCR Restart" not given, setting it to 200
ComputeChange: NS (ITER=1) (NRM,RELC): (  294.98555     0.30660328E-08 ) :: heat equation
ComputeChange: SS (ITER=48) (NRM,RELC): (  294.98555     0.10731130E-08 ) :: heat equation
FlowSolve: 
FlowSolve: 
FlowSolve: -------------------------------------
FlowSolve:  NAVIER-STOKES ITERATION           1
FlowSolve: -------------------------------------
FlowSolve: 
FlowSolve: Starting Assembly...
FlowSolve: Assembly:
FlowSolve: Assembly done
FlowSolve: Dirichlet conditions done
      10 0.5506E-10 0.5506E-10
BiCGStabl:       10 0.5506E-10 0.5506E-10
ComputeChange: NS (ITER=1) (NRM,RELC): ( 0.29248984E-03 0.19284418E-03 ) :: navier-stokes
FlowSolve: iter:    1 Assembly: (s)    0.01    0.01
FlowSolve: iter:    1 Solve:    (s)    0.01    0.01
FlowSolve:  Result Norm     :    2.9248983923183143E-004
FlowSolve:  Relative Change :    1.9284418139199760E-004
ComputeChange: SS (ITER=48) (NRM,RELC): ( 0.29252650E-03 0.67496510E-04 ) :: navier-stokes
SolveEquations: -------------------------------------
SolveEquations:  Coupled system iteration:           49
SolveEquations: -------------------------------------
HeatSolver: ------------------------------------------------
HeatSolver: Solving energy equation for temperature
HeatSolver: Heat solver iteration: 1
IterSolver: "Linear System GCR Restart" not given, setting it to 200
ComputeChange: NS (ITER=1) (NRM,RELC): (  294.98555     0.64450472E-09 ) :: heat equation
ComputeChange: SS (ITER=49) (NRM,RELC): (  294.98555     0.22557383E-09 ) :: heat equation
FlowSolve: 
FlowSolve: 
FlowSolve: -------------------------------------
FlowSolve:  NAVIER-STOKES ITERATION           1
FlowSolve: -------------------------------------
FlowSolve: 
FlowSolve: Starting Assembly...
FlowSolve: Assembly:
FlowSolve: Assembly done
FlowSolve: Dirichlet conditions done
BiCGStabl:       10 0.8814E-10 0.8814E-10
ComputeChange: NS (ITER=1) (NRM,RELC): ( 0.29248499E-03 0.14191924E-03 ) :: navier-stokes
FlowSolve: iter:    1 Assembly: (s)    0.01    0.01
FlowSolve: iter:    1 Solve:    (s)    0.01    0.01
FlowSolve:  Result Norm     :    2.9248499225814205E-004
FlowSolve:  Relative Change :    1.4191923524965828E-004
ComputeChange: SS (ITER=49) (NRM,RELC): ( 0.29251197E-03 0.49671952E-04 ) :: navier-stokes
SolveEquations: -------------------------------------
SolveEquations:  Coupled system iteration:           50
SolveEquations: -------------------------------------
HeatSolver: ------------------------------------------------
HeatSolver: Solving energy equation for temperature
HeatSolver: Heat solver iteration: 1
IterSolver: "Linear System GCR Restart" not given, setting it to 200
ComputeChange: NS (ITER=1) (NRM,RELC): (  294.98555     0.28255072E-08 ) :: heat equation
ComputeChange: SS (ITER=50) (NRM,RELC): (  294.98555     0.98892354E-09 ) :: heat equation
FlowSolve: 
FlowSolve: 
FlowSolve: -------------------------------------
FlowSolve:  NAVIER-STOKES ITERATION           1
FlowSolve: -------------------------------------
FlowSolve: 
FlowSolve: Starting Assembly...
FlowSolve: Assembly:
FlowSolve: Assembly done
FlowSolve: Dirichlet conditions done
BiCGStabl:        9 0.1571E-10 0.1571E-10
ComputeChange: NS (ITER=1) (NRM,RELC): ( 0.29248444E-03 0.94141170E-04 ) :: navier-stokes
FlowSolve: iter:    1 Assembly: (s)    0.01    0.01
FlowSolve: iter:    1 Solve:    (s)    0.00    0.00
FlowSolve:  Result Norm     :    2.9248443832521431E-004
FlowSolve:  Relative Change :    9.4141170248817640E-005
ComputeChange: SS (ITER=50) (NRM,RELC): ( 0.29250234E-03 0.32949375E-04 ) :: navier-stokes
SolveEquations: -------------------------------------
SolveEquations:  Coupled system iteration:           51
SolveEquations: -------------------------------------
HeatSolver: ------------------------------------------------
HeatSolver: Solving energy equation for temperature
HeatSolver: Heat solver iteration: 1
IterSolver: "Linear System GCR Restart" not given, setting it to 200
ComputeChange: NS (ITER=1) (NRM,RELC): (  294.98555     0.46175986E-08 ) :: heat equation
ComputeChange: SS (ITER=51) (NRM,RELC): (  294.98555     0.16161555E-08 ) :: heat equation
FlowSolve: 
FlowSolve: 
FlowSolve: -------------------------------------
FlowSolve:  NAVIER-STOKES ITERATION           1
FlowSolve: -------------------------------------
FlowSolve: 
FlowSolve: Starting Assembly...
FlowSolve: Assembly:
FlowSolve: Assembly done
FlowSolve: Dirichlet conditions done
BiCGStabl:        9 0.3951E-10 0.3951E-10
ComputeChange: NS (ITER=1) (NRM,RELC): ( 0.29248764E-03 0.50251383E-04 ) :: navier-stokes
FlowSolve: iter:    1 Assembly: (s)    0.01    0.01
FlowSolve: iter:    1 Solve:    (s)    0.01    0.01
FlowSolve:  Result Norm     :    2.9248763824306638E-004
FlowSolve:  Relative Change :    5.0251383463520008E-005
ComputeChange: SS (ITER=51) (NRM,RELC): ( 0.29249719E-03 0.17588020E-04 ) :: navier-stokes
SolveEquations: -------------------------------------
SolveEquations:  Coupled system iteration:           52
SolveEquations: -------------------------------------
HeatSolver: ------------------------------------------------
HeatSolver: Solving energy equation for temperature
HeatSolver: Heat solver iteration: 1
IterSolver: "Linear System GCR Restart" not given, setting it to 200
ComputeChange: NS (ITER=1) (NRM,RELC): (  294.98555     0.52656322E-08 ) :: heat equation
ComputeChange: SS (ITER=52) (NRM,RELC): (  294.98555     0.18429693E-08 ) :: heat equation
FlowSolve: 
FlowSolve: 
FlowSolve: -------------------------------------
FlowSolve:  NAVIER-STOKES ITERATION           1
FlowSolve: -------------------------------------
FlowSolve: 
FlowSolve: Starting Assembly...
FlowSolve: Assembly:
FlowSolve: Assembly done
FlowSolve: Dirichlet conditions done
BiCGStabl:        9 0.5699E-10 0.5699E-10
ComputeChange: NS (ITER=1) (NRM,RELC): ( 0.29249274E-03 0.15230157E-04 ) :: navier-stokes
FlowSolve: iter:    1 Assembly: (s)    0.01    0.01
FlowSolve: iter:    1 Solve:    (s)    0.00    0.00
FlowSolve:  Result Norm     :    2.9249273728484607E-004
FlowSolve:  Relative Change :    1.5230156918265425E-005
ComputeChange: SS (ITER=52) (NRM,RELC): ( 0.29249563E-03 0.53307259E-05 ) :: navier-stokes
SolveEquations: -------------------------------------
SolveEquations:  Coupled system iteration:           53
SolveEquations: -------------------------------------
HeatSolver: ------------------------------------------------
HeatSolver: Solving energy equation for temperature
HeatSolver: Heat solver iteration: 1
IterSolver: "Linear System GCR Restart" not given, setting it to 200
ComputeChange: NS (ITER=1) (NRM,RELC): (  294.98555     0.51271656E-08 ) :: heat equation
ComputeChange: SS (ITER=53) (NRM,RELC): (  294.98555     0.17945061E-08 ) :: heat equation
FlowSolve: 
FlowSolve: 
FlowSolve: -------------------------------------
FlowSolve:  NAVIER-STOKES ITERATION           1
FlowSolve: -------------------------------------
FlowSolve: 
FlowSolve: Starting Assembly...
FlowSolve: Assembly:
FlowSolve: Assembly done
FlowSolve: Dirichlet conditions done
BiCGStabl:        9 0.8266E-10 0.8266E-10
ComputeChange: NS (ITER=1) (NRM,RELC): ( 0.29249998E-03 0.14853501E-04 ) :: navier-stokes
FlowSolve: iter:    1 Assembly: (s)    0.01    0.01
FlowSolve: iter:    1 Solve:    (s)    0.00    0.00
FlowSolve:  Result Norm     :    2.9249997742721793E-004
FlowSolve:  Relative Change :    1.4853500748595861E-005
ComputeChange: SS (ITER=53) (NRM,RELC): ( 0.29249715E-03 0.51984897E-05 ) :: navier-stokes
SolveEquations: -------------------------------------
SolveEquations:  Coupled system iteration:           54
SolveEquations: -------------------------------------
HeatSolver: ------------------------------------------------
HeatSolver: Solving energy equation for temperature
HeatSolver: Heat solver iteration: 1
IterSolver: "Linear System GCR Restart" not given, setting it to 200
ComputeChange: NS (ITER=1) (NRM,RELC): (  294.98555     0.42013202E-08 ) :: heat equation
ComputeChange: SS (ITER=54) (NRM,RELC): (  294.98555     0.14704604E-08 ) :: heat equation
FlowSolve: 
FlowSolve: 
FlowSolve: -------------------------------------
FlowSolve:  NAVIER-STOKES ITERATION           1
FlowSolve: -------------------------------------
FlowSolve: 
FlowSolve: Starting Assembly...
FlowSolve: Assembly:
FlowSolve: Assembly done
FlowSolve: Dirichlet conditions done
BiCGStabl:        9 0.9197E-10 0.9197E-10
ComputeChange: NS (ITER=1) (NRM,RELC): ( 0.29250601E-03 0.30295330E-04 ) :: navier-stokes
FlowSolve: iter:    1 Assembly: (s)    0.01    0.01
FlowSolve: iter:    1 Solve:    (s)    0.00    0.00
FlowSolve:  Result Norm     :    2.9250601478237535E-004
FlowSolve:  Relative Change :    3.0295330085469619E-005
ComputeChange: SS (ITER=54) (NRM,RELC): ( 0.29250025E-03 0.10603146E-04 ) :: navier-stokes
SolveEquations: -------------------------------------
SolveEquations:  Coupled system iteration:           55
SolveEquations: -------------------------------------
HeatSolver: ------------------------------------------------
HeatSolver: Solving energy equation for temperature
HeatSolver: Heat solver iteration: 1
IterSolver: "Linear System GCR Restart" not given, setting it to 200
ComputeChange: NS (ITER=1) (NRM,RELC): (  294.98555     0.22563703E-08 ) :: heat equation
ComputeChange: SS (ITER=55) (NRM,RELC): (  294.98555     0.78972961E-09 ) :: heat equation
FlowSolve: 
FlowSolve: 
FlowSolve: -------------------------------------
FlowSolve:  NAVIER-STOKES ITERATION           1
FlowSolve: -------------------------------------
FlowSolve: 
FlowSolve: Starting Assembly...
FlowSolve: Assembly:
FlowSolve: Assembly done
FlowSolve: Dirichlet conditions done
BiCGStabl:        9 0.8295E-10 0.8295E-10
ComputeChange: NS (ITER=1) (NRM,RELC): ( 0.29251125E-03 0.37578451E-04 ) :: navier-stokes
FlowSolve: iter:    1 Assembly: (s)    0.01    0.01
FlowSolve: iter:    1 Solve:    (s)    0.00    0.00
FlowSolve:  Result Norm     :    2.9251124666976688E-004
FlowSolve:  Relative Change :    3.7578451266374920E-005
ComputeChange: SS (ITER=55) (NRM,RELC): ( 0.29250410E-03 0.13152301E-04 ) :: navier-stokes
SolveEquations: -------------------------------------
SolveEquations:  Coupled system iteration:           56
SolveEquations: -------------------------------------
HeatSolver: ------------------------------------------------
HeatSolver: Solving energy equation for temperature
HeatSolver: Heat solver iteration: 1
IterSolver: "Linear System GCR Restart" not given, setting it to 200
ComputeChange: NS (ITER=1) (NRM,RELC): (  294.98555     0.81863600E-09 ) :: heat equation
ComputeChange: SS (ITER=56) (NRM,RELC): (  294.98555     0.28652182E-09 ) :: heat equation
FlowSolve: 
FlowSolve: 
FlowSolve: -------------------------------------
FlowSolve:  NAVIER-STOKES ITERATION           1
FlowSolve: -------------------------------------
FlowSolve: 
FlowSolve: Starting Assembly...
FlowSolve: Assembly:
FlowSolve: Assembly done
FlowSolve: Dirichlet conditions done
BiCGStabl:       10 0.3618E-10 0.3618E-10
ComputeChange: NS (ITER=1) (NRM,RELC): ( 0.29251430E-03 0.34865441E-04 ) :: navier-stokes
FlowSolve: iter:    1 Assembly: (s)    0.01    0.01
FlowSolve: iter:    1 Solve:    (s)    0.01    0.01
FlowSolve:  Result Norm     :    2.9251430029577784E-004
FlowSolve:  Relative Change :    3.4865441057466400E-005
ComputeChange: SS (ITER=56) (NRM,RELC): ( 0.29250767E-03 0.12202811E-04 ) :: navier-stokes
SolveEquations: -------------------------------------
SolveEquations:  Coupled system iteration:           57
SolveEquations: -------------------------------------
HeatSolver: ------------------------------------------------
HeatSolver: Solving energy equation for temperature
HeatSolver: Heat solver iteration: 1
IterSolver: "Linear System GCR Restart" not given, setting it to 200
ComputeChange: NS (ITER=1) (NRM,RELC): (  294.98555     0.39198405E-09 ) :: heat equation
ComputeChange: SS (ITER=57) (NRM,RELC): (  294.98555     0.13719475E-09 ) :: heat equation
FlowSolve: 
FlowSolve: 
FlowSolve: -------------------------------------
FlowSolve:  NAVIER-STOKES ITERATION           1
FlowSolve: -------------------------------------
FlowSolve: 
FlowSolve: Starting Assembly...
FlowSolve: Assembly:
FlowSolve: Assembly done
FlowSolve: Dirichlet conditions done
BiCGStabl:        9 0.7346E-10 0.7346E-10
ComputeChange: NS (ITER=1) (NRM,RELC): ( 0.29251552E-03 0.26822605E-04 ) :: navier-stokes
FlowSolve: iter:    1 Assembly: (s)    0.01    0.01
FlowSolve: iter:    1 Solve:    (s)    0.00    0.00
FlowSolve:  Result Norm     :    2.9251551715057191E-004
FlowSolve:  Relative Change :    2.6822605404283252E-005
ComputeChange: SS (ITER=57) (NRM,RELC): ( 0.29251042E-03 0.93878662E-05 ) :: navier-stokes
SolveEquations: -------------------------------------
SolveEquations:  Coupled system iteration:           58
SolveEquations: -------------------------------------
HeatSolver: ------------------------------------------------
HeatSolver: Solving energy equation for temperature
HeatSolver: Heat solver iteration: 1
IterSolver: "Linear System GCR Restart" not given, setting it to 200
ComputeChange: NS (ITER=1) (NRM,RELC): (  294.98555     0.37973476E-09 ) :: heat equation
ComputeChange: SS (ITER=58) (NRM,RELC): (  294.98555     0.13290700E-09 ) :: heat equation
FlowSolve: 
FlowSolve: 
FlowSolve: -------------------------------------
FlowSolve:  NAVIER-STOKES ITERATION           1
FlowSolve: -------------------------------------
FlowSolve: 
FlowSolve: Starting Assembly...
FlowSolve: Assembly:
FlowSolve: Assembly done
FlowSolve: Dirichlet conditions done
BiCGStabl:        9 0.5452E-10 0.5452E-10
ComputeChange: NS (ITER=1) (NRM,RELC): ( 0.29251568E-03 0.18004686E-04 ) :: navier-stokes
FlowSolve: iter:    1 Assembly: (s)    0.01    0.01
FlowSolve: iter:    1 Solve:    (s)    0.00    0.00
FlowSolve:  Result Norm     :    2.9251568386905663E-004
FlowSolve:  Relative Change :    1.8004686483261162E-005
ComputeChange: SS (ITER=58) (NRM,RELC): ( 0.29251226E-03 0.63016216E-05 ) :: navier-stokes
SolveEquations: -------------------------------------
SolveEquations:  Coupled system iteration:           59
SolveEquations: -------------------------------------
HeatSolver: ------------------------------------------------
HeatSolver: Solving energy equation for temperature
HeatSolver: Heat solver iteration: 1
IterSolver: "Linear System GCR Restart" not given, setting it to 200
ComputeChange: NS (ITER=1) (NRM,RELC): (  294.98555     0.27600123E-09 ) :: heat equation
ComputeChange: SS (ITER=59) (NRM,RELC): (  294.98555     0.96600776E-10 ) :: heat equation
FlowSolve: 
FlowSolve: 
FlowSolve: -------------------------------------
FlowSolve:  NAVIER-STOKES ITERATION           1
FlowSolve: -------------------------------------
FlowSolve: 
FlowSolve: Starting Assembly...
FlowSolve: Assembly:
FlowSolve: Assembly done
FlowSolve: Dirichlet conditions done
BiCGStabl:        8 0.9923E-10 0.9923E-10
ComputeChange: NS (ITER=1) (NRM,RELC): ( 0.29251506E-03 0.95748875E-05 ) :: navier-stokes
FlowSolve: iter:    1 Assembly: (s)    0.01    0.01
FlowSolve: iter:    1 Solve:    (s)    0.00    0.00
FlowSolve:  Result Norm     :    2.9251506134444924E-004
FlowSolve:  Relative Change :    9.5748874842123591E-006
ComputeChange: SS (ITER=59) (NRM,RELC): ( 0.29251324E-03 0.33512044E-05 ) :: navier-stokes
SolveEquations: -------------------------------------
SolveEquations:  Coupled system iteration:           60
SolveEquations: -------------------------------------
HeatSolver: ------------------------------------------------
HeatSolver: Solving energy equation for temperature
HeatSolver: Heat solver iteration: 1
IterSolver: "Linear System GCR Restart" not given, setting it to 200
ComputeChange: NS (ITER=1) (NRM,RELC): (  294.98555     0.12372663E-09 ) :: heat equation
ComputeChange: SS (ITER=60) (NRM,RELC): (  294.98555     0.43303896E-10 ) :: heat equation
FlowSolve: 
FlowSolve: 
FlowSolve: -------------------------------------
FlowSolve:  NAVIER-STOKES ITERATION           1
FlowSolve: -------------------------------------
FlowSolve: 
FlowSolve: Starting Assembly...
FlowSolve: Assembly:
FlowSolve: Assembly done
FlowSolve: Dirichlet conditions done
BiCGStabl:        8 0.3455E-10 0.3455E-10
ComputeChange: NS (ITER=1) (NRM,RELC): ( 0.29251399E-03 0.25490356E-05 ) :: navier-stokes
FlowSolve: iter:    1 Assembly: (s)    0.01    0.01
FlowSolve: iter:    1 Solve:    (s)    0.00    0.00
FlowSolve:  Result Norm     :    2.9251398645671010E-004
FlowSolve:  Relative Change :    2.5490356250317032E-006
ComputeChange: SS (ITER=60) (NRM,RELC): ( 0.29251350E-03 0.89216086E-06 ) :: navier-stokes
SolveEquations: -------------------------------------
SolveEquations:  Coupled system iteration:           61
SolveEquations: -------------------------------------
HeatSolver: ------------------------------------------------
HeatSolver: Solving energy equation for temperature
HeatSolver: Heat solver iteration: 1
IterSolver: "Linear System GCR Restart" not given, setting it to 200
ComputeChange: NS (ITER=1) (NRM,RELC): (  294.98555     0.35714446E-10 ) :: heat equation
ComputeChange: SS (ITER=61) (NRM,RELC): (  294.98555     0.12500962E-10 ) :: heat equation
FlowSolve: 
FlowSolve: 
FlowSolve: -------------------------------------
FlowSolve:  NAVIER-STOKES ITERATION           1
FlowSolve: -------------------------------------
FlowSolve: 
FlowSolve: Starting Assembly...
FlowSolve: Assembly:
FlowSolve: Assembly done
FlowSolve: Dirichlet conditions done
BiCGStabl:        8 0.3843E-10 0.3843E-10
ComputeChange: NS (ITER=1) (NRM,RELC): ( 0.29251278E-03 0.24837198E-05 ) :: navier-stokes
FlowSolve: iter:    1 Assembly: (s)    0.01    0.01
FlowSolve: iter:    1 Solve:    (s)    0.01    0.01
FlowSolve:  Result Norm     :    2.9251277527739234E-004
FlowSolve:  Relative Change :    2.4837198086090200E-006
ComputeChange: SS (ITER=61) (NRM,RELC): ( 0.29251325E-03 0.86930224E-06 ) :: navier-stokes
SolveEquations: -------------------------------------
SolveEquations:  Coupled system iteration:           62
SolveEquations: -------------------------------------
HeatSolver: ------------------------------------------------
HeatSolver: Solving energy equation for temperature
HeatSolver: Heat solver iteration: 1
IterSolver: "Linear System GCR Restart" not given, setting it to 200
ComputeChange: NS (ITER=1) (NRM,RELC): (  294.98555     0.16961886E-09 ) :: heat equation
ComputeChange: SS (ITER=62) (NRM,RELC): (  294.98555     0.59365935E-10 ) :: heat equation
FlowSolve: 
FlowSolve: 
FlowSolve: -------------------------------------
FlowSolve:  NAVIER-STOKES ITERATION           1
FlowSolve: -------------------------------------
FlowSolve: 
FlowSolve: Starting Assembly...
FlowSolve: Assembly:
FlowSolve: Assembly done
FlowSolve: Dirichlet conditions done
BiCGStabl:        8 0.7943E-10 0.7943E-10
ComputeChange: NS (ITER=1) (NRM,RELC): ( 0.29251168E-03 0.53699758E-05 ) :: navier-stokes
FlowSolve: iter:    1 Assembly: (s)    0.01    0.01
FlowSolve: iter:    1 Solve:    (s)    0.00    0.00
FlowSolve:  Result Norm     :    2.9251167673070491E-004
FlowSolve:  Relative Change :    5.3699757683118924E-006
ComputeChange: SS (ITER=62) (NRM,RELC): ( 0.29251270E-03 0.18794914E-05 ) :: navier-stokes
SolveEquations: -------------------------------------
SolveEquations:  Coupled system iteration:           63
SolveEquations: -------------------------------------
HeatSolver: ------------------------------------------------
HeatSolver: Solving energy equation for temperature
HeatSolver: Heat solver iteration: 1
IterSolver: "Linear System GCR Restart" not given, setting it to 200
ComputeChange: NS (ITER=1) (NRM,RELC): (  294.98555      0.0000000     ) :: heat equation
ComputeChange: SS (ITER=63) (NRM,RELC): (  294.98555      0.0000000     ) :: heat equation
FlowSolve: 
FlowSolve: 
FlowSolve: -------------------------------------
FlowSolve:  NAVIER-STOKES ITERATION           1
FlowSolve: -------------------------------------
FlowSolve: 
FlowSolve: Starting Assembly...
FlowSolve: Assembly:
FlowSolve: Assembly done
FlowSolve: Dirichlet conditions done
BiCGStabl:        8 0.5997E-10 0.5997E-10
ComputeChange: NS (ITER=1) (NRM,RELC): ( 0.29251151E-03 0.40545697E-05 ) :: navier-stokes
FlowSolve: iter:    1 Assembly: (s)    0.01    0.01
FlowSolve: iter:    1 Solve:    (s)    0.00    0.00
FlowSolve:  Result Norm     :    2.9251151172920422E-004
FlowSolve:  Relative Change :    4.0545696608259890E-006
ComputeChange: SS (ITER=63) (NRM,RELC): ( 0.29251228E-03 0.14190993E-05 ) :: navier-stokes
SolveEquations: -------------------------------------
SolveEquations:  Coupled system iteration:           64
SolveEquations: -------------------------------------
HeatSolver: ------------------------------------------------
HeatSolver: Solving energy equation for temperature
HeatSolver: Heat solver iteration: 1
IterSolver: "Linear System GCR Restart" not given, setting it to 200
ComputeChange: NS (ITER=1) (NRM,RELC): (  294.98555     0.19269899E-15 ) :: heat equation
ComputeChange: SS (ITER=64) (NRM,RELC): (  294.98555      0.0000000     ) :: heat equation
FlowSolve: 
FlowSolve: 
FlowSolve: -------------------------------------
FlowSolve:  NAVIER-STOKES ITERATION           1
FlowSolve: -------------------------------------
FlowSolve: 
FlowSolve: Starting Assembly...
FlowSolve: Assembly:
FlowSolve: Assembly done
FlowSolve: Dirichlet conditions done
BiCGStabl:        8 0.4528E-10 0.4528E-10
ComputeChange: NS (ITER=1) (NRM,RELC): ( 0.29251139E-03 0.30613796E-05 ) :: navier-stokes
FlowSolve: iter:    1 Assembly: (s)    0.01    0.01
FlowSolve: iter:    1 Solve:    (s)    0.00    0.00
FlowSolve:  Result Norm     :    2.9251138714585142E-004
FlowSolve:  Relative Change :    3.0613796446911216E-006
ComputeChange: SS (ITER=64) (NRM,RELC): ( 0.29251197E-03 0.10714828E-05 ) :: navier-stokes
SolveEquations: -------------------------------------
SolveEquations:  Coupled system iteration:           65
SolveEquations: -------------------------------------
HeatSolver: ------------------------------------------------
HeatSolver: Solving energy equation for temperature
HeatSolver: Heat solver iteration: 1
IterSolver: "Linear System GCR Restart" not given, setting it to 200
ComputeChange: NS (ITER=1) (NRM,RELC): (  294.98555      0.0000000     ) :: heat equation
ComputeChange: SS (ITER=65) (NRM,RELC): (  294.98555      0.0000000     ) :: heat equation
FlowSolve: 
FlowSolve: 
FlowSolve: -------------------------------------
FlowSolve:  NAVIER-STOKES ITERATION           1
FlowSolve: -------------------------------------
FlowSolve: 
FlowSolve: Starting Assembly...
FlowSolve: Assembly:
FlowSolve: Assembly done
FlowSolve: Dirichlet conditions done
BiCGStabl:        8 0.8162E-10 0.8162E-10
ComputeChange: NS (ITER=1) (NRM,RELC): ( 0.29251129E-03 0.23115211E-05 ) :: navier-stokes
FlowSolve: iter:    1 Assembly: (s)    0.01    0.01
FlowSolve: iter:    1 Solve:    (s)    0.00    0.00
FlowSolve:  Result Norm     :    2.9251129306710744E-004
FlowSolve:  Relative Change :    2.3115210570165839E-006
ComputeChange: SS (ITER=65) (NRM,RELC): ( 0.29251173E-03 0.80903236E-06 ) :: navier-stokes
SolveEquations: -------------------------------------
SolveEquations:  Coupled system iteration:           66
SolveEquations: -------------------------------------
HeatSolver: ------------------------------------------------
HeatSolver: Solving energy equation for temperature
HeatSolver: Heat solver iteration: 1
IterSolver: "Linear System GCR Restart" not given, setting it to 200
ComputeChange: NS (ITER=1) (NRM,RELC): (  294.98555      0.0000000     ) :: heat equation
ComputeChange: SS (ITER=66) (NRM,RELC): (  294.98555      0.0000000     ) :: heat equation
FlowSolve: 
FlowSolve: 
FlowSolve: -------------------------------------
FlowSolve:  NAVIER-STOKES ITERATION           1
FlowSolve: -------------------------------------
FlowSolve: 
FlowSolve: Starting Assembly...
FlowSolve: Assembly:
FlowSolve: Assembly done
FlowSolve: Dirichlet conditions done
BiCGStabl:        8 0.8409E-10 0.8409E-10
ComputeChange: NS (ITER=1) (NRM,RELC): ( 0.29251122E-03 0.17453082E-05 ) :: navier-stokes
FlowSolve: iter:    1 Assembly: (s)    0.01    0.01
FlowSolve: iter:    1 Solve:    (s)    0.00    0.00
FlowSolve:  Result Norm     :    2.9251122203967378E-004
FlowSolve:  Relative Change :    1.7453081895386511E-006
ComputeChange: SS (ITER=66) (NRM,RELC): ( 0.29251155E-03 0.61085786E-06 ) :: navier-stokes
SolveEquations: -------------------------------------
SolveEquations:  Coupled system iteration:           67
SolveEquations: -------------------------------------
HeatSolver: ------------------------------------------------
HeatSolver: Solving energy equation for temperature
HeatSolver: Heat solver iteration: 1
IterSolver: "Linear System GCR Restart" not given, setting it to 200
ComputeChange: NS (ITER=1) (NRM,RELC): (  294.98555      0.0000000     ) :: heat equation
ComputeChange: SS (ITER=67) (NRM,RELC): (  294.98555      0.0000000     ) :: heat equation
FlowSolve: 
FlowSolve: 
FlowSolve: -------------------------------------
FlowSolve:  NAVIER-STOKES ITERATION           1
FlowSolve: -------------------------------------
FlowSolve: 
FlowSolve: Starting Assembly...
FlowSolve: Assembly:
FlowSolve: Assembly done
FlowSolve: Dirichlet conditions done
BiCGStabl:        8 0.6357E-10 0.6357E-10
ComputeChange: NS (ITER=1) (NRM,RELC): ( 0.29251117E-03 0.13177722E-05 ) :: navier-stokes
FlowSolve: iter:    1 Assembly: (s)    0.01    0.01
FlowSolve: iter:    1 Solve:    (s)    0.00    0.00
FlowSolve:  Result Norm     :    2.9251116841597368E-004
FlowSolve:  Relative Change :    1.3177722044448523E-006
ComputeChange: SS (ITER=67) (NRM,RELC): ( 0.29251142E-03 0.46122027E-06 ) :: navier-stokes
SolveEquations: -------------------------------------
SolveEquations:  Coupled system iteration:           68
SolveEquations: -------------------------------------
HeatSolver: ------------------------------------------------
HeatSolver: Solving energy equation for temperature
HeatSolver: Heat solver iteration: 1
IterSolver: "Linear System GCR Restart" not given, setting it to 200
ComputeChange: NS (ITER=1) (NRM,RELC): (  294.98555      0.0000000     ) :: heat equation
ComputeChange: SS (ITER=68) (NRM,RELC): (  294.98555      0.0000000     ) :: heat equation
FlowSolve: 
FlowSolve: 
FlowSolve: -------------------------------------
FlowSolve:  NAVIER-STOKES ITERATION           1
FlowSolve: -------------------------------------
FlowSolve: 
FlowSolve: Starting Assembly...
FlowSolve: Assembly:
FlowSolve: Assembly done
FlowSolve: Dirichlet conditions done
BiCGStabl:        7 0.8556E-10 0.8556E-10
ComputeChange: NS (ITER=1) (NRM,RELC): ( 0.29251113E-03 0.99495830E-06 ) :: navier-stokes
FlowSolve: iter:    1 Assembly: (s)    0.01    0.01
FlowSolve: iter:    1 Solve:    (s)    0.00    0.00
FlowSolve:  Result Norm     :    2.9251112793057110E-004
FlowSolve:  Relative Change :    9.9495829578113444E-007
ComputeChange: SS (ITER=68) (NRM,RELC): ( 0.29251132E-03 0.34823540E-06 ) :: navier-stokes
SolveEquations: -------------------------------------
SolveEquations:  Coupled system iteration:           69
SolveEquations: -------------------------------------
HeatSolver: ------------------------------------------------
HeatSolver: Solving energy equation for temperature
HeatSolver: Heat solver iteration: 1
IterSolver: "Linear System GCR Restart" not given, setting it to 200
ComputeChange: NS (ITER=1) (NRM,RELC): (  294.98555      0.0000000     ) :: heat equation
ComputeChange: SS (ITER=69) (NRM,RELC): (  294.98555      0.0000000     ) :: heat equation
FlowSolve: 
FlowSolve: 
FlowSolve: -------------------------------------
FlowSolve:  NAVIER-STOKES ITERATION           1
FlowSolve: -------------------------------------
FlowSolve: 
FlowSolve: Starting Assembly...
FlowSolve: Assembly:
FlowSolve: Assembly done
FlowSolve: Dirichlet conditions done
BiCGStabl:        7 0.6464E-10 0.6464E-10
ComputeChange: NS (ITER=1) (NRM,RELC): ( 0.29251110E-03 0.75123230E-06 ) :: navier-stokes
FlowSolve: iter:    1 Assembly: (s)    0.01    0.01
FlowSolve: iter:    1 Solve:    (s)    0.00    0.00
FlowSolve:  Result Norm     :    2.9251109736040909E-004
FlowSolve:  Relative Change :    7.5123229869562269E-007
ComputeChange: SS (ITER=69) (NRM,RELC): ( 0.29251124E-03 0.26293130E-06 ) :: navier-stokes
SolveEquations: -------------------------------------
SolveEquations:  Coupled system iteration:           70
SolveEquations: -------------------------------------
HeatSolver: ------------------------------------------------
HeatSolver: Solving energy equation for temperature
HeatSolver: Heat solver iteration: 1
IterSolver: "Linear System GCR Restart" not given, setting it to 200
ComputeChange: NS (ITER=1) (NRM,RELC): (  294.98555      0.0000000     ) :: heat equation
ComputeChange: SS (ITER=70) (NRM,RELC): (  294.98555      0.0000000     ) :: heat equation
FlowSolve: 
FlowSolve: 
FlowSolve: -------------------------------------
FlowSolve:  NAVIER-STOKES ITERATION           1
FlowSolve: -------------------------------------
FlowSolve: 
FlowSolve: Starting Assembly...
FlowSolve: Assembly:
FlowSolve: Assembly done
FlowSolve: Dirichlet conditions done
BiCGStabl:        7 0.4884E-10 0.4884E-10
ComputeChange: NS (ITER=1) (NRM,RELC): ( 0.29251107E-03 0.56720967E-06 ) :: navier-stokes
FlowSolve: iter:    1 Assembly: (s)    0.01    0.01
FlowSolve: iter:    1 Solve:    (s)    0.00    0.00
FlowSolve:  Result Norm     :    2.9251107427874816E-004
FlowSolve:  Relative Change :    5.6720966601070159E-007
ComputeChange: SS (ITER=70) (NRM,RELC): ( 0.29251118E-03 0.19852338E-06 ) :: navier-stokes
SolveEquations: -------------------------------------
SolveEquations:  Coupled system iteration:           71
SolveEquations: -------------------------------------
HeatSolver: ------------------------------------------------
HeatSolver: Solving energy equation for temperature
HeatSolver: Heat solver iteration: 1
IterSolver: "Linear System GCR Restart" not given, setting it to 200
ComputeChange: NS (ITER=1) (NRM,RELC): (  294.98555      0.0000000     ) :: heat equation
ComputeChange: SS (ITER=71) (NRM,RELC): (  294.98555      0.0000000     ) :: heat equation
FlowSolve: 
FlowSolve: 
FlowSolve: -------------------------------------
FlowSolve:  NAVIER-STOKES ITERATION           1
FlowSolve: -------------------------------------
FlowSolve: 
FlowSolve: Starting Assembly...
FlowSolve: Assembly:
FlowSolve: Assembly done
FlowSolve: Dirichlet conditions done
BiCGStabl:        7 0.9467E-10 0.9467E-10
ComputeChange: NS (ITER=1) (NRM,RELC): ( 0.29251106E-03 0.42829000E-06 ) :: navier-stokes
FlowSolve: iter:    1 Assembly: (s)    0.01    0.01
FlowSolve: iter:    1 Solve:    (s)    0.00    0.00
FlowSolve:  Result Norm     :    2.9251105684400153E-004
FlowSolve:  Relative Change :    4.2829000041543163E-007
ComputeChange: SS (ITER=71) (NRM,RELC): ( 0.29251114E-03 0.14990150E-06 ) :: navier-stokes
SolveEquations: -------------------------------------
SolveEquations:  Coupled system iteration:           72
SolveEquations: -------------------------------------
HeatSolver: ------------------------------------------------
HeatSolver: Solving energy equation for temperature
HeatSolver: Heat solver iteration: 1
IterSolver: "Linear System GCR Restart" not given, setting it to 200
ComputeChange: NS (ITER=1) (NRM,RELC): (  294.98555     0.19269899E-15 ) :: heat equation
ComputeChange: SS (ITER=72) (NRM,RELC): (  294.98555      0.0000000     ) :: heat equation
FlowSolve: 
FlowSolve: 
FlowSolve: -------------------------------------
FlowSolve:  NAVIER-STOKES ITERATION           1
FlowSolve: -------------------------------------
FlowSolve: 
FlowSolve: Starting Assembly...
FlowSolve: Assembly:
FlowSolve: Assembly done
FlowSolve: Dirichlet conditions done
BiCGStabl:        7 0.7148E-10 0.7148E-10
ComputeChange: NS (ITER=1) (NRM,RELC): ( 0.29251104E-03 0.32336938E-06 ) :: navier-stokes
FlowSolve: iter:    1 Assembly: (s)    0.01    0.01
FlowSolve: iter:    1 Solve:    (s)    0.00    0.00
FlowSolve:  Result Norm     :    2.9251104368659641E-004
FlowSolve:  Relative Change :    3.2336938320036792E-007
ComputeChange: SS (ITER=72) (NRM,RELC): ( 0.29251111E-03 0.11317928E-06 ) :: navier-stokes
SolveEquations: -------------------------------------
SolveEquations:  Coupled system iteration:           73
SolveEquations: -------------------------------------
HeatSolver: ------------------------------------------------
HeatSolver: Solving energy equation for temperature
HeatSolver: Heat solver iteration: 1
IterSolver: "Linear System GCR Restart" not given, setting it to 200
ComputeChange: NS (ITER=1) (NRM,RELC): (  294.98555      0.0000000     ) :: heat equation
ComputeChange: SS (ITER=73) (NRM,RELC): (  294.98555      0.0000000     ) :: heat equation
FlowSolve: 
FlowSolve: 
FlowSolve: -------------------------------------
FlowSolve:  NAVIER-STOKES ITERATION           1
FlowSolve: -------------------------------------
FlowSolve: 
FlowSolve: Starting Assembly...
FlowSolve: Assembly:
FlowSolve: Assembly done
FlowSolve: Dirichlet conditions done
BiCGStabl:        6 0.9388E-10 0.9388E-10
ComputeChange: NS (ITER=1) (NRM,RELC): ( 0.29251103E-03 0.24402362E-06 ) :: navier-stokes
FlowSolve: iter:    1 Assembly: (s)    0.01    0.01
FlowSolve: iter:    1 Solve:    (s)    0.00    0.00
FlowSolve:  Result Norm     :    2.9251103378991939E-004
FlowSolve:  Relative Change :    2.4402361574837089E-007
ComputeChange: SS (ITER=73) (NRM,RELC): ( 0.29251108E-03 0.85408266E-07 ) :: navier-stokes
MAIN: 
MAIN: -------------------------------------
MAIN: Time: 2/3:   2.000E+02
MAIN: Estimated time left:  2.8 seconds
MAIN: -------------------------------------
MAIN: 
SolveEquations: -------------------------------------
SolveEquations:  Coupled system iteration:            1
SolveEquations: -------------------------------------
HeatSolver: ------------------------------------------------
HeatSolver: Solving energy equation for temperature
HeatSolver: Heat solver iteration: 1
IterSolver: "Linear System GCR Restart" not given, setting it to 200
   gcr:    10  0.2839E-06  0.3032E-06
ComputeChange: NS (ITER=1) (NRM,RELC): (  294.97551     0.34027653E-04 ) :: heat equation
ComputeChange: SS (ITER=1) (NRM,RELC): (  294.98204     0.11917025E-04 ) :: heat equation
FlowSolve: 
FlowSolve: 
FlowSolve: -------------------------------------
FlowSolve:  NAVIER-STOKES ITERATION           1
FlowSolve: -------------------------------------
FlowSolve: 
FlowSolve: Starting Assembly...
FlowSolve: Assembly:
FlowSolve: Assembly done
FlowSolve: Dirichlet conditions done
      10 0.2610E-09 0.2610E-09
BiCGStabl:       11 0.1829E-10 0.1829E-10
ComputeChange: NS (ITER=1) (NRM,RELC): ( 0.28408136E-03 0.29239794E-01 ) :: navier-stokes
FlowSolve: iter:    1 Assembly: (s)    0.01    0.01
FlowSolve: iter:    1 Solve:    (s)    0.01    0.01
FlowSolve:  Result Norm     :    2.8408135811653376E-004
FlowSolve:  Relative Change :    2.9239794038702371E-002
ComputeChange: SS (ITER=1) (NRM,RELC): ( 0.28953491E-03 0.10226591E-01 ) :: navier-stokes
SolveEquations: -------------------------------------
SolveEquations:  Coupled system iteration:            2
SolveEquations: -------------------------------------
HeatSolver: ------------------------------------------------
HeatSolver: Solving energy equation for temperature
HeatSolver: Heat solver iteration: 1
IterSolver: "Linear System GCR Restart" not given, setting it to 200
   gcr:    10  0.2130E-06  0.2366E-06
ComputeChange: NS (ITER=1) (NRM,RELC): (  294.97452     0.25478310E-04 ) :: heat equation
ComputeChange: SS (ITER=2) (NRM,RELC): (  294.97940     0.89220207E-05 ) :: heat equation
FlowSolve: 
FlowSolve: 
FlowSolve: -------------------------------------
FlowSolve:  NAVIER-STOKES ITERATION           1
FlowSolve: -------------------------------------
FlowSolve: 
FlowSolve: Starting Assembly...
FlowSolve: Assembly:
FlowSolve: Assembly done
FlowSolve: Dirichlet conditions done
      10 0.7132E-09 0.7132E-09
BiCGStabl:       12 0.2444E-10 0.2444E-10
ComputeChange: NS (ITER=1) (NRM,RELC): ( 0.27492725E-03 0.51757792E-01 ) :: navier-stokes
FlowSolve: iter:    1 Assembly: (s)    0.01    0.01
FlowSolve: iter:    1 Solve:    (s)    0.01    0.01
FlowSolve:  Result Norm     :    2.7492724977238458E-004
FlowSolve:  Relative Change :    5.1757791726132978E-002
ComputeChange: SS (ITER=2) (NRM,RELC): ( 0.28435222E-03 0.18061689E-01 ) :: navier-stokes
SolveEquations: -------------------------------------
SolveEquations:  Coupled system iteration:            3
SolveEquations: -------------------------------------
HeatSolver: ------------------------------------------------
HeatSolver: Solving energy equation for temperature
HeatSolver: Heat solver iteration: 1
IterSolver: "Linear System GCR Restart" not given, setting it to 200
   gcr:    10  0.1455E-06  0.1870E-06
ComputeChange: NS (ITER=1) (NRM,RELC): (  294.97392     0.18586393E-04 ) :: heat equation
ComputeChange: SS (ITER=3) (NRM,RELC): (  294.97748     0.65085819E-05 ) :: heat equation
FlowSolve: 
FlowSolve: 
FlowSolve: -------------------------------------
FlowSolve:  NAVIER-STOKES ITERATION           1
FlowSolve: -------------------------------------
FlowSolve: 
FlowSolve: Starting Assembly...
FlowSolve: Assembly:
FlowSolve: Assembly done
FlowSolve: Dirichlet conditions done
      10 0.9449E-09 0.9449E-09
BiCGStabl:       13 0.3674E-11 0.3674E-11
ComputeChange: NS (ITER=1) (NRM,RELC): ( 0.26939239E-03 0.54031529E-01 ) :: navier-stokes
FlowSolve: iter:    1 Assembly: (s)    0.01    0.01
FlowSolve: iter:    1 Solve:    (s)    0.01    0.01
FlowSolve:  Result Norm     :    2.6939238767052830E-004
FlowSolve:  Relative Change :    5.4031528915406336E-002
ComputeChange: SS (ITER=3) (NRM,RELC): ( 0.27904113E-03 0.18853941E-01 ) :: navier-stokes
SolveEquations: -------------------------------------
SolveEquations:  Coupled system iteration:            4
SolveEquations: -------------------------------------
HeatSolver: ------------------------------------------------
HeatSolver: Solving energy equation for temperature
HeatSolver: Heat solver iteration: 1
IterSolver: "Linear System GCR Restart" not given, setting it to 200
   gcr:    10  0.9672E-07  0.1398E-06
ComputeChange: NS (ITER=1) (NRM,RELC): (  294.97359     0.13215891E-04 ) :: heat equation
ComputeChange: SS (ITER=4) (NRM,RELC): (  294.97612     0.46282910E-05 ) :: heat equation
FlowSolve: 
FlowSolve: 
FlowSolve: -------------------------------------
FlowSolve:  NAVIER-STOKES ITERATION           1
FlowSolve: -------------------------------------
FlowSolve: 
FlowSolve: Starting Assembly...
FlowSolve: Assembly:
FlowSolve: Assembly done
FlowSolve: Dirichlet conditions done
      10 0.7681E-08 0.7681E-08
BiCGStabl:       13 0.5603E-11 0.5603E-11
ComputeChange: NS (ITER=1) (NRM,RELC): ( 0.26736788E-03 0.42727133E-01 ) :: navier-stokes
FlowSolve: iter:    1 Assembly: (s)    0.01    0.01
FlowSolve: iter:    1 Solve:    (s)    0.01    0.01
FlowSolve:  Result Norm     :    2.6736788373700709E-004
FlowSolve:  Relative Change :    4.2727133011132325E-002
ComputeChange: SS (ITER=4) (NRM,RELC): ( 0.27490713E-03 0.14925568E-01 ) :: navier-stokes
SolveEquations: -------------------------------------
SolveEquations:  Coupled system iteration:            5
SolveEquations: -------------------------------------
HeatSolver: ------------------------------------------------
HeatSolver: Solving energy equation for temperature
HeatSolver: Heat solver iteration: 1
IterSolver: "Linear System GCR Restart" not given, setting it to 200
   gcr:    10  0.6570E-07  0.9734E-07
ComputeChange: NS (ITER=1) (NRM,RELC): (  294.97341     0.91682433E-05 ) :: heat equation
ComputeChange: SS (ITER=5) (NRM,RELC): (  294.97517     0.32111366E-05 ) :: heat equation
FlowSolve: 
FlowSolve: 
FlowSolve: -------------------------------------
FlowSolve:  NAVIER-STOKES ITERATION           1
FlowSolve: -------------------------------------
FlowSolve: 
FlowSolve: Starting Assembly...
FlowSolve: Assembly:
FlowSolve: Assembly done
FlowSolve: Dirichlet conditions done
      10 0.3157E-08 0.3157E-08
BiCGStabl:       12 0.8630E-10 0.8630E-10
ComputeChange: NS (ITER=1) (NRM,RELC): ( 0.26812552E-03 0.24976820E-01 ) :: navier-stokes
FlowSolve: iter:    1 Assembly: (s)    0.01    0.01
FlowSolve: iter:    1 Solve:    (s)    0.01    0.01
FlowSolve:  Result Norm     :    2.6812551857173565E-004
FlowSolve:  Relative Change :    2.4976819500869260E-002
ComputeChange: SS (ITER=5) (NRM,RELC): ( 0.27251123E-03 0.87534449E-02 ) :: navier-stokes
SolveEquations: -------------------------------------
SolveEquations:  Coupled system iteration:            6
SolveEquations: -------------------------------------
HeatSolver: ------------------------------------------------
HeatSolver: Solving energy equation for temperature
HeatSolver: Heat solver iteration: 1
IterSolver: "Linear System GCR Restart" not given, setting it to 200
   gcr:    10  0.4347E-07  0.6935E-07
ComputeChange: NS (ITER=1) (NRM,RELC): (  294.97330     0.63577311E-05 ) :: heat equation
ComputeChange: SS (ITER=6) (NRM,RELC): (  294.97451     0.22268843E-05 ) :: heat equation
FlowSolve: 
FlowSolve: 
FlowSolve: -------------------------------------
FlowSolve:  NAVIER-STOKES ITERATION           1
FlowSolve: -------------------------------------
FlowSolve: 
FlowSolve: Starting Assembly...
FlowSolve: Assembly:
FlowSolve: Assembly done
FlowSolve: Dirichlet conditions done
      10 0.1825E-08 0.1825E-08
BiCGStabl:       12 0.2371E-10 0.2371E-10
ComputeChange: NS (ITER=1) (NRM,RELC): ( 0.27051167E-03 0.73645770E-02 ) :: navier-stokes
FlowSolve: iter:    1 Assembly: (s)    0.01    0.01
FlowSolve: iter:    1 Solve:    (s)    0.01    0.01
FlowSolve:  Result Norm     :    2.7051166758659036E-004
FlowSolve:  Relative Change :    7.3645769788423174E-003
ComputeChange: SS (ITER=6) (NRM,RELC): ( 0.27179731E-03 0.26232388E-02 ) :: navier-stokes
SolveEquations: -------------------------------------
SolveEquations:  Coupled system iteration:            7
SolveEquations: -------------------------------------
HeatSolver: ------------------------------------------------
HeatSolver: Solving energy equation for temperature
HeatSolver: Heat solver iteration: 1
IterSolver: "Linear System GCR Restart" not given, setting it to 200
   gcr:    10  0.3233E-07  0.5567E-07
ComputeChange: NS (ITER=1) (NRM,RELC): (  294.97319     0.44991663E-05 ) :: heat equation
ComputeChange: SS (ITER=7) (NRM,RELC): (  294.97405     0.15757699E-05 ) :: heat equation
FlowSolve: 
FlowSolve: 
FlowSolve: -------------------------------------
FlowSolve:  NAVIER-STOKES ITERATION           1
FlowSolve: -------------------------------------
FlowSolve: 
FlowSolve: Starting Assembly...
FlowSolve: Assembly:
FlowSolve: Assembly done
FlowSolve: Dirichlet conditions done
      10 0.1216E-08 0.1216E-08
BiCGStabl:       12 0.1138E-10 0.1138E-10
ComputeChange: NS (ITER=1) (NRM,RELC): ( 0.27333899E-03 0.56561438E-02 ) :: navier-stokes
FlowSolve: iter:    1 Assembly: (s)    0.01    0.01
FlowSolve: iter:    1 Solve:    (s)    0.01    0.01
FlowSolve:  Result Norm     :    2.7333899357393355E-004
FlowSolve:  Relative Change :    5.6561437771441535E-003
ComputeChange: SS (ITER=7) (NRM,RELC): ( 0.27232054E-03 0.19232316E-02 ) :: navier-stokes
SolveEquations: -------------------------------------
SolveEquations:  Coupled system iteration:            8
SolveEquations: -------------------------------------
HeatSolver: ------------------------------------------------
HeatSolver: Solving energy equation for temperature
HeatSolver: Heat solver iteration: 1
IterSolver: "Linear System GCR Restart" not given, setting it to 200
   gcr:    10  0.3225E-07  0.6011E-07
ComputeChange: NS (ITER=1) (NRM,RELC): (  294.97306     0.33496213E-05 ) :: heat equation
ComputeChange: SS (ITER=8) (NRM,RELC): (  294.97370     0.11729279E-05 ) :: heat equation
FlowSolve: 
FlowSolve: 
FlowSolve: -------------------------------------
FlowSolve:  NAVIER-STOKES ITERATION           1
FlowSolve: -------------------------------------
FlowSolve: 
FlowSolve: Starting Assembly...
FlowSolve: Assembly:
FlowSolve: Assembly done
FlowSolve: Dirichlet conditions done
      10 0.8202E-09 0.8202E-09
BiCGStabl:       11 0.9534E-10 0.9534E-10
ComputeChange: NS (ITER=1) (NRM,RELC): ( 0.27576045E-03 0.12552574E-01 ) :: navier-stokes
FlowSolve: iter:    1 Assembly: (s)    0.01    0.01
FlowSolve: iter:    1 Solve:    (s)    0.01    0.01
FlowSolve:  Result Norm     :    2.7576045483987155E-004
FlowSolve:  Relative Change :    1.2552573909210826E-002
ComputeChange: SS (ITER=8) (NRM,RELC): ( 0.27350734E-03 0.43486149E-02 ) :: navier-stokes
SolveEquations: -------------------------------------
SolveEquations:  Coupled system iteration:            9
SolveEquations: -------------------------------------
HeatSolver: ------------------------------------------------
HeatSolver: Solving energy equation for temperature
HeatSolver: Heat solver iteration: 1
IterSolver: "Linear System GCR Restart" not given, setting it to 200
   gcr:    10  0.3249E-07  0.6377E-07
ComputeChange: NS (ITER=1) (NRM,RELC): (  294.97293     0.26353327E-05 ) :: heat equation
ComputeChange: SS (ITER=9) (NRM,RELC): (  294.97343     0.92261971E-06 ) :: heat equation
FlowSolve: 
FlowSolve: 
FlowSolve: -------------------------------------
FlowSolve:  NAVIER-STOKES ITERATION           1
FlowSolve: -------------------------------------
FlowSolve: 
FlowSolve: Starting Assembly...
FlowSolve: Assembly:
FlowSolve: Assembly done
FlowSolve: Dirichlet conditions done
      10 0.7462E-09 0.7462E-09
BiCGStabl:       12 0.4114E-11 0.4114E-11
ComputeChange: NS (ITER=1) (NRM,RELC): ( 0.27739374E-03 0.14109258E-01 ) :: navier-stokes
FlowSolve: iter:    1 Assembly: (s)    0.01    0.01
FlowSolve: iter:    1 Solve:    (s)    0.01    0.01
FlowSolve:  Result Norm     :    2.7739374160640093E-004
FlowSolve:  Relative Change :    1.4109258077795499E-002
ComputeChange: SS (ITER=9) (NRM,RELC): ( 0.27485437E-03 0.49129355E-02 ) :: navier-stokes
SolveEquations: -------------------------------------
SolveEquations:  Coupled system iteration:           10
SolveEquations: -------------------------------------
HeatSolver: ------------------------------------------------
HeatSolver: Solving energy equation for temperature
HeatSolver: Heat solver iteration: 1
IterSolver: "Linear System GCR Restart" not given, setting it to 200
   gcr:    10  0.3195E-07  0.6560E-07
ComputeChange: NS (ITER=1) (NRM,RELC): (  294.97279     0.21602795E-05 ) :: heat equation
ComputeChange: SS (ITER=10) (NRM,RELC): (  294.97321     0.75620628E-06 ) :: heat equation
FlowSolve: 
FlowSolve: 
FlowSolve: -------------------------------------
FlowSolve:  NAVIER-STOKES ITERATION           1
FlowSolve: -------------------------------------
FlowSolve: 
FlowSolve: Starting Assembly...
FlowSolve: Assembly:
FlowSolve: Assembly done
FlowSolve: Dirichlet conditions done
      10 0.1112E-08 0.1112E-08
BiCGStabl:       12 0.2656E-10 0.2656E-10
ComputeChange: NS (ITER=1) (NRM,RELC): ( 0.27821486E-03 0.12152132E-01 ) :: navier-stokes
FlowSolve: iter:    1 Assembly: (s)    0.01    0.01
FlowSolve: iter:    1 Solve:    (s)    0.01    0.01
FlowSolve:  Result Norm     :    2.7821485692616608E-004
FlowSolve:  Relative Change :    1.2152132285720553E-002
ComputeChange: SS (ITER=10) (NRM,RELC): ( 0.27602309E-03 0.42430975E-02 ) :: navier-stokes
SolveEquations: -------------------------------------
SolveEquations:  Coupled system iteration:           11
SolveEquations: -------------------------------------
HeatSolver: ------------------------------------------------
HeatSolver: Solving energy equation for temperature
HeatSolver: Heat solver iteration: 1
IterSolver: "Linear System GCR Restart" not given, setting it to 200
   gcr:    10  0.2968E-07  0.6367E-07
ComputeChange: NS (ITER=1) (NRM,RELC): (  294.97268     0.18062391E-05 ) :: heat equation
ComputeChange: SS (ITER=11) (NRM,RELC): (  294.97302     0.63223755E-06 ) :: heat equation
FlowSolve: 
FlowSolve: 
FlowSolve: -------------------------------------
FlowSolve:  NAVIER-STOKES ITERATION           1
FlowSolve: -------------------------------------
FlowSolve: 
FlowSolve: Starting Assembly...
FlowSolve: Assembly:
FlowSolve: Assembly done
FlowSolve: Dirichlet conditions done
      10 0.1308E-08 0.1308E-08
BiCGStabl:       12 0.2505E-10 0.2505E-10
ComputeChange: NS (ITER=1) (NRM,RELC): ( 0.27838665E-03 0.85264281E-02 ) :: navier-stokes
FlowSolve: iter:    1 Assembly: (s)    0.01    0.01
FlowSolve: iter:    1 Solve:    (s)    0.01    0.01
FlowSolve:  Result Norm     :    2.7838665247703924E-004
FlowSolve:  Relative Change :    8.5264281225534647E-003
ComputeChange: SS (ITER=11) (NRM,RELC): ( 0.27684725E-03 0.29814217E-02 ) :: navier-stokes
SolveEquations: -------------------------------------
SolveEquations:  Coupled system iteration:           12
SolveEquations: -------------------------------------
HeatSolver: ------------------------------------------------
HeatSolver: Solving energy equation for temperature
HeatSolver: Heat solver iteration: 1
IterSolver: "Linear System GCR Restart" not given, setting it to 200
   gcr:    10  0.2550E-07  0.5134E-07
ComputeChange: NS (ITER=1) (NRM,RELC): (  294.97258     0.14987638E-05 ) :: heat equation
ComputeChange: SS (ITER=12) (NRM,RELC): (  294.97287     0.52460124E-06 ) :: heat equation
FlowSolve: 
FlowSolve: 
FlowSolve: -------------------------------------
FlowSolve:  NAVIER-STOKES ITERATION           1
FlowSolve: -------------------------------------
FlowSolve: 
FlowSolve: Starting Assembly...
FlowSolve: Assembly:
FlowSolve: Assembly done
FlowSolve: Dirichlet conditions done
      10 0.6832E-10 0.6832E-10
BiCGStabl:       10 0.6832E-10 0.6832E-10
ComputeChange: NS (ITER=1) (NRM,RELC): ( 0.27812843E-03 0.46170541E-02 ) :: navier-stokes
FlowSolve: iter:    1 Assembly: (s)    0.01    0.01
FlowSolve: iter:    1 Solve:    (s)    0.01    0.01
FlowSolve:  Result Norm     :    2.7812843128001842E-004
FlowSolve:  Relative Change :    4.6170540592173261E-003
ComputeChange: SS (ITER=12) (NRM,RELC): ( 0.27729465E-03 0.16147163E-02 ) :: navier-stokes
SolveEquations: -------------------------------------
SolveEquations:  Coupled system iteration:           13
SolveEquations: -------------------------------------
HeatSolver: ------------------------------------------------
HeatSolver: Solving energy equation for temperature
HeatSolver: Heat solver iteration: 1
IterSolver: "Linear System GCR Restart" not given, setting it to 200
   gcr:    10  0.2056E-07  0.3462E-07
ComputeChange: NS (ITER=1) (NRM,RELC): (  294.97250     0.12366876E-05 ) :: heat equation
ComputeChange: SS (ITER=13) (NRM,RELC): (  294.97274     0.43286316E-06 ) :: heat equation
FlowSolve: 
FlowSolve: 
FlowSolve: -------------------------------------
FlowSolve:  NAVIER-STOKES ITERATION           1
FlowSolve: -------------------------------------
FlowSolve: 
FlowSolve: Starting Assembly...
FlowSolve: Assembly:
FlowSolve: Assembly done
FlowSolve: Dirichlet conditions done
      10 0.3512E-09 0.3512E-09
BiCGStabl:       12 0.7569E-10 0.7569E-10
ComputeChange: NS (ITER=1) (NRM,RELC): ( 0.27764906E-03 0.12772945E-02 ) :: navier-stokes
FlowSolve: iter:    1 Assembly: (s)    0.01    0.01
FlowSolve: iter:    1 Solve:    (s)    0.01    0.01
FlowSolve:  Result Norm     :    2.7764905916270884E-004
FlowSolve:  Relative Change :    1.2772945295860471E-003
ComputeChange: SS (ITER=13) (NRM,RELC): ( 0.27741806E-03 0.44497206E-03 ) :: navier-stokes
SolveEquations: -------------------------------------
SolveEquations:  Coupled system iteration:           14
SolveEquations: -------------------------------------
HeatSolver: ------------------------------------------------
HeatSolver: Solving energy equation for temperature
HeatSolver: Heat solver iteration: 1
IterSolver: "Linear System GCR Restart" not given, setting it to 200
   gcr:    10  0.1640E-07  0.2073E-07
ComputeChange: NS (ITER=1) (NRM,RELC): (  294.97245     0.97619665E-06 ) :: heat equation
ComputeChange: SS (ITER=14) (NRM,RELC): (  294.97264     0.34168178E-06 ) :: heat equation
FlowSolve: 
FlowSolve: 
FlowSolve: -------------------------------------
FlowSolve:  NAVIER-STOKES ITERATION           1
FlowSolve: -------------------------------------
FlowSolve: 
FlowSolve: Starting Assembly...
FlowSolve: Assembly:
FlowSolve: Assembly done
FlowSolve: Dirichlet conditions done
      10 0.1188E-08 0.1188E-08
BiCGStabl:       11 0.4808E-10 0.4808E-10
ComputeChange: NS (ITER=1) (NRM,RELC): ( 0.27711477E-03 0.10938800E-02 ) :: navier-stokes
FlowSolve: iter:    1 Assembly: (s)    0.01    0.01
FlowSolve: iter:    1 Solve:    (s)    0.01    0.01
FlowSolve:  Result Norm     :    2.7711476552162235E-004
FlowSolve:  Relative Change :    1.0938800235497617E-003
ComputeChange: SS (ITER=14) (NRM,RELC): ( 0.27731104E-03 0.38584679E-03 ) :: navier-stokes
SolveEquations: -------------------------------------
SolveEquations:  Coupled system iteration:           15
SolveEquations: -------------------------------------
HeatSolver: ------------------------------------------------
HeatSolver: Solving energy equation for temperature
HeatSolver: Heat solver iteration: 1
IterSolver: "Linear System GCR Restart" not given, setting it to 200
   gcr:    10  0.1041E-07  0.1118E-07
ComputeChange: NS (ITER=1) (NRM,RELC): (  294.97242     0.74913298E-06 ) :: heat equation
ComputeChange: SS (ITER=15) (NRM,RELC): (  294.97256     0.26220248E-06 ) :: heat equation
FlowSolve: 
FlowSolve: 
FlowSolve: -------------------------------------
FlowSolve:  NAVIER-STOKES ITERATION           1
FlowSolve: -------------------------------------
FlowSolve: 
FlowSolve: Starting Assembly...
FlowSolve: Assembly:
FlowSolve: Assembly done
FlowSolve: Dirichlet conditions done
      10 0.5476E-09 0.5476E-09
BiCGStabl:       11 0.6537E-10 0.6537E-10
ComputeChange: NS (ITER=1) (NRM,RELC): ( 0.27663773E-03 0.24309483E-02 ) :: navier-stokes
FlowSolve: iter:    1 Assembly: (s)    0.01    0.01
FlowSolve: iter:    1 Solve:    (s)    0.01    0.01
FlowSolve:  Result Norm     :    2.7663773107422334E-004
FlowSolve:  Relative Change :    2.4309483088840946E-003
ComputeChange: SS (ITER=15) (NRM,RELC): ( 0.27707434E-03 0.85391419E-03 ) :: navier-stokes
SolveEquations: -------------------------------------
SolveEquations:  Coupled system iteration:           16
SolveEquations: -------------------------------------
HeatSolver: ------------------------------------------------
HeatSolver: Solving energy equation for temperature
HeatSolver: Heat solver iteration: 1
IterSolver: "Linear System GCR Restart" not given, setting it to 200
   gcr:    10  0.6562E-08  0.8595E-08
ComputeChange: NS (ITER=1) (NRM,RELC): (  294.97240     0.54338057E-06 ) :: heat equation
ComputeChange: SS (ITER=16) (NRM,RELC): (  294.97251     0.19018552E-06 ) :: heat equation
FlowSolve: 
FlowSolve: 
FlowSolve: -------------------------------------
FlowSolve:  NAVIER-STOKES ITERATION           1
FlowSolve: -------------------------------------
FlowSolve: 
FlowSolve: Starting Assembly...
FlowSolve: Assembly:
FlowSolve: Assembly done
FlowSolve: Dirichlet conditions done
      10 0.9796E-10 0.9796E-10
BiCGStabl:       10 0.9796E-10 0.9796E-10
ComputeChange: NS (ITER=1) (NRM,RELC): ( 0.27628014E-03 0.28704929E-02 ) :: navier-stokes
FlowSolve: iter:    1 Assembly: (s)    0.01    0.01
FlowSolve: iter:    1 Solve:    (s)    0.01    0.01
FlowSolve:  Result Norm     :    2.7628014266999827E-004
FlowSolve:  Relative Change :    2.8704928506486922E-003
ComputeChange: SS (ITER=16) (NRM,RELC): ( 0.27679544E-03 0.10071212E-02 ) :: navier-stokes
SolveEquations: -------------------------------------
SolveEquations:  Coupled system iteration:           17
SolveEquations: -------------------------------------
HeatSolver: ------------------------------------------------
HeatSolver: Solving energy equation for temperature
HeatSolver: Heat solver iteration: 1
IterSolver: "Linear System GCR Restart" not given, setting it to 200
   gcr:    10  0.6352E-08  0.1062E-07
ComputeChange: NS (ITER=1) (NRM,RELC): (  294.97240     0.37314801E-06 ) :: heat equation
ComputeChange: SS (ITER=17) (NRM,RELC): (  294.97247     0.13060326E-06 ) :: heat equation
FlowSolve: 
FlowSolve: 
FlowSolve: -------------------------------------
FlowSolve:  NAVIER-STOKES ITERATION           1
FlowSolve: -------------------------------------
FlowSolve: 
FlowSolve: Starting Assembly...
FlowSolve: Assembly:
FlowSolve: Assembly done
FlowSolve: Dirichlet conditions done
      10 0.5554E-09 0.5554E-09
BiCGStabl:       11 0.8652E-10 0.8652E-10
ComputeChange: NS (ITER=1) (NRM,RELC): ( 0.27606494E-03 0.26426032E-02 ) :: navier-stokes
FlowSolve: iter:    1 Assembly: (s)    0.01    0.01
FlowSolve: iter:    1 Solve:    (s)    0.01    0.01
FlowSolve:  Result Norm     :    2.7606494041615632E-004
FlowSolve:  Relative Change :    2.6426031882438791E-003
ComputeChange: SS (ITER=17) (NRM,RELC): ( 0.27653912E-03 0.92645791E-03 ) :: navier-stokes
SolveEquations: -------------------------------------
SolveEquations:  Coupled system iteration:           18
SolveEquations: -------------------------------------
HeatSolver: ------------------------------------------------
HeatSolver: Solving energy equation for temperature
HeatSolver: Heat solver iteration: 1
IterSolver: "Linear System GCR Restart" not given, setting it to 200
   gcr:    10  0.5090E-08  0.9562E-08
ComputeChange: NS (ITER=1) (NRM,RELC): (  294.97240     0.23721573E-06 ) :: heat equation
ComputeChange: SS (ITER=18) (NRM,RELC): (  294.97244     0.83027389E-07 ) :: heat equation
FlowSolve: 
FlowSolve: 
FlowSolve: -------------------------------------
FlowSolve:  NAVIER-STOKES ITERATION           1
FlowSolve: -------------------------------------
FlowSolve: 
FlowSolve: Starting Assembly...
FlowSolve: Assembly:
FlowSolve: Assembly done
FlowSolve: Dirichlet conditions done
      10 0.8968E-10 0.8968E-10
BiCGStabl:       10 0.8968E-10 0.8968E-10
ComputeChange: NS (ITER=1) (NRM,RELC): ( 0.27598120E-03 0.20195102E-02 ) :: navier-stokes
FlowSolve: iter:    1 Assembly: (s)    0.01    0.01
FlowSolve: iter:    1 Solve:    (s)    0.01    0.01
FlowSolve:  Result Norm     :    2.7598120492223636E-004
FlowSolve:  Relative Change :    2.0195101769343426E-003
ComputeChange: SS (ITER=18) (NRM,RELC): ( 0.27634350E-03 0.70760189E-03 ) :: navier-stokes
SolveEquations: -------------------------------------
SolveEquations:  Coupled system iteration:           19
SolveEquations: -------------------------------------
HeatSolver: ------------------------------------------------
HeatSolver: Solving energy equation for temperature
HeatSolver: Heat solver iteration: 1
IterSolver: "Linear System GCR Restart" not given, setting it to 200
   gcr:    10  0.4444E-08  0.9124E-08
ComputeChange: NS (ITER=1) (NRM,RELC): (  294.97240     0.13457673E-06 ) :: heat equation
ComputeChange: SS (ITER=19) (NRM,RELC): (  294.97243     0.47104188E-07 ) :: heat equation
FlowSolve: 
FlowSolve: 
FlowSolve: -------------------------------------
FlowSolve:  NAVIER-STOKES ITERATION           1
FlowSolve: -------------------------------------
FlowSolve: 
FlowSolve: Starting Assembly...
FlowSolve: Assembly:
FlowSolve: Assembly done
FlowSolve: Dirichlet conditions done
      10 0.4988E-10 0.4988E-10
BiCGStabl:       10 0.4988E-10 0.4988E-10
ComputeChange: NS (ITER=1) (NRM,RELC): ( 0.27599816E-03 0.12504672E-02 ) :: navier-stokes
FlowSolve: iter:    1 Assembly: (s)    0.01    0.01
FlowSolve: iter:    1 Solve:    (s)    0.01    0.01
FlowSolve:  Result Norm     :    2.7599816215589869E-004
FlowSolve:  Relative Change :    1.2504672364092100E-003
ComputeChange: SS (ITER=19) (NRM,RELC): ( 0.27622250E-03 0.43795867E-03 ) :: navier-stokes
SolveEquations: -------------------------------------
SolveEquations:  Coupled system iteration:           20
SolveEquations: -------------------------------------
HeatSolver: ------------------------------------------------
HeatSolver: Solving energy equation for temperature
HeatSolver: Heat solver iteration: 1
IterSolver: "Linear System GCR Restart" not given, setting it to 200
ComputeChange: NS (ITER=1) (NRM,RELC): (  294.97241     0.60886198E-07 ) :: heat equation
ComputeChange: SS (ITER=20) (NRM,RELC): (  294.97242     0.21312428E-07 ) :: heat equation
FlowSolve: 
FlowSolve: 
FlowSolve: -------------------------------------
FlowSolve:  NAVIER-STOKES ITERATION           1
FlowSolve: -------------------------------------
FlowSolve: 
FlowSolve: Starting Assembly...
FlowSolve: Assembly:
FlowSolve: Assembly done
FlowSolve: Dirichlet conditions done
      10 0.1569E-09 0.1569E-09
BiCGStabl:       11 0.2966E-10 0.2966E-10
ComputeChange: NS (ITER=1) (NRM,RELC): ( 0.27607772E-03 0.52429464E-03 ) :: navier-stokes
FlowSolve: iter:    1 Assembly: (s)    0.01    0.01
FlowSolve: iter:    1 Solve:    (s)    0.01    0.01
FlowSolve:  Result Norm     :    2.7607772017416857E-004
FlowSolve:  Relative Change :    5.2429464043592751E-004
ComputeChange: SS (ITER=20) (NRM,RELC): ( 0.27617180E-03 0.18358773E-03 ) :: navier-stokes
SolveEquations: -------------------------------------
SolveEquations:  Coupled system iteration:           21
SolveEquations: -------------------------------------
HeatSolver: ------------------------------------------------
HeatSolver: Solving energy equation for temperature
HeatSolver: Heat solver iteration: 1
IterSolver: "Linear System GCR Restart" not given, setting it to 200
ComputeChange: NS (ITER=1) (NRM,RELC): (  294.97242     0.16593156E-07 ) :: heat equation
ComputeChange: SS (ITER=21) (NRM,RELC): (  294.97242     0.58093335E-08 ) :: heat equation
FlowSolve: 
FlowSolve: 
FlowSolve: -------------------------------------
FlowSolve:  NAVIER-STOKES ITERATION           1
FlowSolve: -------------------------------------
FlowSolve: 
FlowSolve: Starting Assembly...
FlowSolve: Assembly:
FlowSolve: Assembly done
FlowSolve: Dirichlet conditions done
      10 0.8580E-10 0.8580E-10
BiCGStabl:       10 0.8580E-10 0.8580E-10
ComputeChange: NS (ITER=1) (NRM,RELC): ( 0.27618413E-03 0.44638271E-04 ) :: navier-stokes
FlowSolve: iter:    1 Assembly: (s)    0.01    0.01
FlowSolve: iter:    1 Solve:    (s)    0.01    0.01
FlowSolve:  Result Norm     :    2.7618412589664089E-004
FlowSolve:  Relative Change :    4.4638270957737877E-005
ComputeChange: SS (ITER=21) (NRM,RELC): ( 0.27617610E-03 0.15591414E-04 ) :: navier-stokes
SolveEquations: -------------------------------------
SolveEquations:  Coupled system iteration:           22
SolveEquations: -------------------------------------
HeatSolver: ------------------------------------------------
HeatSolver: Solving energy equation for temperature
HeatSolver: Heat solver iteration: 1
IterSolver: "Linear System GCR Restart" not given, setting it to 200
ComputeChange: NS (ITER=1) (NRM,RELC): (  294.97242     0.72169313E-08 ) :: heat equation
ComputeChange: SS (ITER=22) (NRM,RELC): (  294.97242     0.25248604E-08 ) :: heat equation
FlowSolve: 
FlowSolve: 
FlowSolve: -------------------------------------
FlowSolve:  NAVIER-STOKES ITERATION           1
FlowSolve: -------------------------------------
FlowSolve: 
FlowSolve: Starting Assembly...
FlowSolve: Assembly:
FlowSolve: Assembly done
FlowSolve: Dirichlet conditions done
      10 0.6928E-10 0.6928E-10
BiCGStabl:       10 0.6928E-10 0.6928E-10
ComputeChange: NS (ITER=1) (NRM,RELC): ( 0.27628972E-03 0.41129392E-03 ) :: navier-stokes
FlowSolve: iter:    1 Assembly: (s)    0.01    0.01
FlowSolve: iter:    1 Solve:    (s)    0.01    0.01
FlowSolve:  Result Norm     :    2.7628971664868683E-004
FlowSolve:  Relative Change :    4.1129391944175214E-004
ComputeChange: SS (ITER=22) (NRM,RELC): ( 0.27621585E-03 0.14391609E-03 ) :: navier-stokes
SolveEquations: -------------------------------------
SolveEquations:  Coupled system iteration:           23
SolveEquations: -------------------------------------
HeatSolver: ------------------------------------------------
HeatSolver: Solving energy equation for temperature
HeatSolver: Heat solver iteration: 1
IterSolver: "Linear System GCR Restart" not given, setting it to 200
ComputeChange: NS (ITER=1) (NRM,RELC): (  294.97243     0.17207673E-07 ) :: heat equation
ComputeChange: SS (ITER=23) (NRM,RELC): (  294.97242     0.60221563E-08 ) :: heat equation
FlowSolve: 
FlowSolve: 
FlowSolve: -------------------------------------
FlowSolve:  NAVIER-STOKES ITERATION           1
FlowSolve: -------------------------------------
FlowSolve: 
FlowSolve: Starting Assembly...
FlowSolve: Assembly:
FlowSolve: Assembly done
FlowSolve: Dirichlet conditions done
      10 0.1533E-09 0.1533E-09
BiCGStabl:       11 0.8918E-10 0.8918E-10
ComputeChange: NS (ITER=1) (NRM,RELC): ( 0.27637714E-03 0.58373020E-03 ) :: navier-stokes
FlowSolve: iter:    1 Assembly: (s)    0.01    0.01
FlowSolve: iter:    1 Solve:    (s)    0.01    0.01
FlowSolve:  Result Norm     :    2.7637713538594596E-004
FlowSolve:  Relative Change :    5.8373020352138841E-004
ComputeChange: SS (ITER=23) (NRM,RELC): ( 0.27627228E-03 0.20426137E-03 ) :: navier-stokes
SolveEquations: -------------------------------------
SolveEquations:  Coupled system iteration:           24
SolveEquations: -------------------------------------
HeatSolver: ------------------------------------------------
HeatSolver: Solving energy equation for temperature
HeatSolver: Heat solver iteration: 1
IterSolver: "Linear System GCR Restart" not given, setting it to 200
ComputeChange: NS (ITER=1) (NRM,RELC): (  294.97243     0.15747257E-07 ) :: heat equation
ComputeChange: SS (ITER=24) (NRM,RELC): (  294.97242     0.55113351E-08 ) :: heat equation
FlowSolve: 
FlowSolve: 
FlowSolve: -------------------------------------
FlowSolve:  NAVIER-STOKES ITERATION           1
FlowSolve: -------------------------------------
FlowSolve: 
FlowSolve: Starting Assembly...
FlowSolve: Assembly:
FlowSolve: Assembly done
FlowSolve: Dirichlet conditions done
      10 0.1328E-09 0.1328E-09
BiCGStabl:       11 0.5318E-10 0.5318E-10
ComputeChange: NS (ITER=1) (NRM,RELC): ( 0.27643873E-03 0.60231256E-03 ) :: navier-stokes
FlowSolve: iter:    1 Assembly: (s)    0.01    0.01
FlowSolve: iter:    1 Solve:    (s)    0.01    0.01
FlowSolve:  Result Norm     :    2.7643873116213686E-004
FlowSolve:  Relative Change :    6.0231256270430798E-004
ComputeChange: SS (ITER=24) (NRM,RELC): ( 0.27633051E-03 0.21077008E-03 ) :: navier-stokes
SolveEquations: -------------------------------------
SolveEquations:  Coupled system iteration:           25
SolveEquations: -------------------------------------
HeatSolver: ------------------------------------------------
HeatSolver: Solving energy equation for temperature
HeatSolver: Heat solver iteration: 1
IterSolver: "Linear System GCR Restart" not given, setting it to 200
ComputeChange: NS (ITER=1) (NRM,RELC): (  294.97243     0.98384646E-08 ) :: heat equation
ComputeChange: SS (ITER=25) (NRM,RELC): (  294.97243     0.34434014E-08 ) :: heat equation
FlowSolve: 
FlowSolve: 
FlowSolve: -------------------------------------
FlowSolve:  NAVIER-STOKES ITERATION           1
FlowSolve: -------------------------------------
FlowSolve: 
FlowSolve: Starting Assembly...
FlowSolve: Assembly:
FlowSolve: Assembly done
FlowSolve: Dirichlet conditions done
      10 0.9385E-10 0.9385E-10
BiCGStabl:       10 0.9385E-10 0.9385E-10
ComputeChange: NS (ITER=1) (NRM,RELC): ( 0.27647400E-03 0.51913049E-03 ) :: navier-stokes
FlowSolve: iter:    1 Assembly: (s)    0.01    0.01
FlowSolve: iter:    1 Solve:    (s)    0.01    0.01
FlowSolve:  Result Norm     :    2.7647400367619674E-004
FlowSolve:  Relative Change :    5.1913048946515983E-004
ComputeChange: SS (ITER=25) (NRM,RELC): ( 0.27638072E-03 0.18166894E-03 ) :: navier-stokes
SolveEquations: -------------------------------------
SolveEquations:  Coupled system iteration:           26
SolveEquations: -------------------------------------
HeatSolver: ------------------------------------------------
HeatSolver: Solving energy equation for temperature
HeatSolver: Heat solver iteration: 1
IterSolver: "Linear System GCR Restart" not given, setting it to 200
ComputeChange: NS (ITER=1) (NRM,RELC): (  294.97243     0.22258341E-09 ) :: heat equation
ComputeChange: SS (ITER=26) (NRM,RELC): (  294.97243     0.77882571E-10 ) :: heat equation
FlowSolve: 
FlowSolve: 
FlowSolve: -------------------------------------
FlowSolve:  NAVIER-STOKES ITERATION           1
FlowSolve: -------------------------------------
FlowSolve: 
FlowSolve: Starting Assembly...
FlowSolve: Assembly:
FlowSolve: Assembly done
FlowSolve: Dirichlet conditions done
      10 0.8895E-10 0.8895E-10
BiCGStabl:       10 0.8895E-10 0.8895E-10
ComputeChange: NS (ITER=1) (NRM,RELC): ( 0.27648843E-03 0.38963754E-03 ) :: navier-stokes
FlowSolve: iter:    1 Assembly: (s)    0.01    0.01
FlowSolve: iter:    1 Solve:    (s)    0.01    0.01
FlowSolve:  Result Norm     :    2.7648842935785550E-004
FlowSolve:  Relative Change :    3.8963754380967451E-004
ComputeChange: SS (ITER=26) (NRM,RELC): ( 0.27641841E-03 0.13635904E-03 ) :: navier-stokes
SolveEquations: -------------------------------------
SolveEquations:  Coupled system iteration:           27
SolveEquations: -------------------------------------
HeatSolver: ------------------------------------------------
HeatSolver: Solving energy equation for temperature
HeatSolver: Heat solver iteration: 1
IterSolver: "Linear System GCR Restart" not given, setting it to 200
ComputeChange: NS (ITER=1) (NRM,RELC): (  294.97242     0.86479555E-08 ) :: heat equation
ComputeChange: SS (ITER=27) (NRM,RELC): (  294.97243     0.30268038E-08 ) :: heat equation
FlowSolve: 
FlowSolve: 
FlowSolve: -------------------------------------
FlowSolve:  NAVIER-STOKES ITERATION           1
FlowSolve: -------------------------------------
FlowSolve: 
FlowSolve: Starting Assembly...
FlowSolve: Assembly:
FlowSolve: Assembly done
FlowSolve: Dirichlet conditions done
      10 0.3694E-10 0.3694E-10
BiCGStabl:       10 0.3694E-10 0.3694E-10
ComputeChange: NS (ITER=1) (NRM,RELC): ( 0.27648408E-03 0.23756226E-03 ) :: navier-stokes
FlowSolve: iter:    1 Assembly: (s)    0.01    0.01
FlowSolve: iter:    1 Solve:    (s)    0.01    0.01
FlowSolve:  Result Norm     :    2.7648408403335554E-004
FlowSolve:  Relative Change :    2.3756226407118609E-004
ComputeChange: SS (ITER=27) (NRM,RELC): ( 0.27644139E-03 0.83141007E-04 ) :: navier-stokes
SolveEquations: -------------------------------------
SolveEquations:  Coupled system iteration:           28
SolveEquations: -------------------------------------
HeatSolver: ------------------------------------------------
HeatSolver: Solving energy equation for temperature
HeatSolver: Heat solver iteration: 1
IterSolver: "Linear System GCR Restart" not given, setting it to 200
ComputeChange: NS (ITER=1) (NRM,RELC): (  294.97242     0.10906256E-07 ) :: heat equation
ComputeChange: SS (ITER=28) (NRM,RELC): (  294.97242     0.38172120E-08 ) :: heat equation
FlowSolve: 
FlowSolve: 
FlowSolve: -------------------------------------
FlowSolve:  NAVIER-STOKES ITERATION           1
FlowSolve: -------------------------------------
FlowSolve: 
FlowSolve: Starting Assembly...
FlowSolve: Assembly:
FlowSolve: Assembly done
FlowSolve: Dirichlet conditions done
BiCGStabl:       10 0.9078E-10 0.9078E-10
ComputeChange: NS (ITER=1) (NRM,RELC): ( 0.27647045E-03 0.10510339E-03 ) :: navier-stokes
FlowSolve: iter:    1 Assembly: (s)    0.01    0.01
FlowSolve: iter:    1 Solve:    (s)    0.01    0.01
FlowSolve:  Result Norm     :    2.7647044876472548E-004
FlowSolve:  Relative Change :    1.0510339289824581E-004
ComputeChange: SS (ITER=28) (NRM,RELC): ( 0.27645156E-03 0.36784366E-04 ) :: navier-stokes
SolveEquations: -------------------------------------
SolveEquations:  Coupled system iteration:           29
SolveEquations: -------------------------------------
HeatSolver: ------------------------------------------------
HeatSolver: Solving energy equation for temperature
HeatSolver: Heat solver iteration: 1
IterSolver: "Linear System GCR Restart" not given, setting it to 200
ComputeChange: NS (ITER=1) (NRM,RELC): (  294.97242     0.11645082E-07 ) :: heat equation
ComputeChange: SS (ITER=29) (NRM,RELC): (  294.97242     0.40757965E-08 ) :: heat equation
FlowSolve: 
FlowSolve: 
FlowSolve: -------------------------------------
FlowSolve:  NAVIER-STOKES ITERATION           1
FlowSolve: -------------------------------------
FlowSolve: 
FlowSolve: Starting Assembly...
FlowSolve: Assembly:
FlowSolve: Assembly done
FlowSolve: Dirichlet conditions done
      10 0.5772E-10 0.5772E-10
BiCGStabl:       10 0.5772E-10 0.5772E-10
ComputeChange: NS (ITER=1) (NRM,RELC): ( 0.27645366E-03 0.76007551E-05 ) :: navier-stokes
FlowSolve: iter:    1 Assembly: (s)    0.01    0.01
FlowSolve: iter:    1 Solve:    (s)    0.01    0.01
FlowSolve:  Result Norm     :    2.7645366246645655E-004
FlowSolve:  Relative Change :    7.6007551184768924E-006
ComputeChange: SS (ITER=29) (NRM,RELC): ( 0.27645230E-03 0.26596605E-05 ) :: navier-stokes
SolveEquations: -------------------------------------
SolveEquations:  Coupled system iteration:           30
SolveEquations: -------------------------------------
HeatSolver: ------------------------------------------------
HeatSolver: Solving energy equation for temperature
HeatSolver: Heat solver iteration: 1
IterSolver: "Linear System GCR Restart" not given, setting it to 200
ComputeChange: NS (ITER=1) (NRM,RELC): (  294.97242     0.11679297E-07 ) :: heat equation
ComputeChange: SS (ITER=30) (NRM,RELC): (  294.97242     0.40877652E-08 ) :: heat equation
FlowSolve: 
FlowSolve: 
FlowSolve: -------------------------------------
FlowSolve:  NAVIER-STOKES ITERATION           1
FlowSolve: -------------------------------------
FlowSolve: 
FlowSolve: Starting Assembly...
FlowSolve: Assembly:
FlowSolve: Assembly done
FlowSolve: Dirichlet conditions done
BiCGStabl:        9 0.2287E-10 0.2287E-10
ComputeChange: NS (ITER=1) (NRM,RELC): ( 0.27643661E-03 0.56726779E-04 ) :: navier-stokes
FlowSolve: iter:    1 Assembly: (s)    0.01    0.01
FlowSolve: iter:    1 Solve:    (s)    0.01    0.01
FlowSolve:  Result Norm     :    2.7643661468257710E-004
FlowSolve:  Relative Change :    5.6726779071122229E-005
ComputeChange: SS (ITER=30) (NRM,RELC): ( 0.27644681E-03 0.19854818E-04 ) :: navier-stokes
SolveEquations: -------------------------------------
SolveEquations:  Coupled system iteration:           31
SolveEquations: -------------------------------------
HeatSolver: ------------------------------------------------
HeatSolver: Solving energy equation for temperature
HeatSolver: Heat solver iteration: 1
IterSolver: "Linear System GCR Restart" not given, setting it to 200
ComputeChange: NS (ITER=1) (NRM,RELC): (  294.97242     0.10082385E-07 ) :: heat equation
ComputeChange: SS (ITER=31) (NRM,RELC): (  294.97242     0.35288393E-08 ) :: heat equation
FlowSolve: 
FlowSolve: 
FlowSolve: -------------------------------------
FlowSolve:  NAVIER-STOKES ITERATION           1
FlowSolve: -------------------------------------
FlowSolve: 
FlowSolve: Starting Assembly...
FlowSolve: Assembly:
FlowSolve: Assembly done
FlowSolve: Dirichlet conditions done
BiCGStabl:       10 0.1560E-10 0.1560E-10
ComputeChange: NS (ITER=1) (NRM,RELC): ( 0.27642375E-03 0.83425121E-04 ) :: navier-stokes
FlowSolve: iter:    1 Assembly: (s)    0.01    0.01
FlowSolve: iter:    1 Solve:    (s)    0.01    0.01
FlowSolve:  Result Norm     :    2.7642374598411571E-004
FlowSolve:  Relative Change :    8.3425121331357770E-005
ComputeChange: SS (ITER=31) (NRM,RELC): ( 0.27643874E-03 0.29199254E-04 ) :: navier-stokes
SolveEquations: -------------------------------------
SolveEquations:  Coupled system iteration:           32
SolveEquations: -------------------------------------
HeatSolver: ------------------------------------------------
HeatSolver: Solving energy equation for temperature
HeatSolver: Heat solver iteration: 1
IterSolver: "Linear System GCR Restart" not given, setting it to 200
ComputeChange: NS (ITER=1) (NRM,RELC): (  294.97242     0.73277259E-08 ) :: heat equation
ComputeChange: SS (ITER=32) (NRM,RELC): (  294.97242     0.25647056E-08 ) :: heat equation
FlowSolve: 
FlowSolve: 
FlowSolve: -------------------------------------
FlowSolve:  NAVIER-STOKES ITERATION           1
FlowSolve: -------------------------------------
FlowSolve: 
FlowSolve: Starting Assembly...
FlowSolve: Assembly:
FlowSolve: Assembly done
FlowSolve: Dirichlet conditions done
BiCGStabl:       10 0.1360E-10 0.1360E-10
ComputeChange: NS (ITER=1) (NRM,RELC): ( 0.27641529E-03 0.84808989E-04 ) :: navier-stokes
FlowSolve: iter:    1 Assembly: (s)    0.01    0.01
FlowSolve: iter:    1 Solve:    (s)    0.01    0.01
FlowSolve:  Result Norm     :    2.7641529221240875E-004
FlowSolve:  Relative Change :    8.4808989131435265E-005
ComputeChange: SS (ITER=32) (NRM,RELC): ( 0.27643053E-03 0.29683510E-04 ) :: navier-stokes
SolveEquations: -------------------------------------
SolveEquations:  Coupled system iteration:           33
SolveEquations: -------------------------------------
HeatSolver: ------------------------------------------------
HeatSolver: Solving energy equation for temperature
HeatSolver: Heat solver iteration: 1
IterSolver: "Linear System GCR Restart" not given, setting it to 200
ComputeChange: NS (ITER=1) (NRM,RELC): (  294.97242     0.43969574E-08 ) :: heat equation
ComputeChange: SS (ITER=33) (NRM,RELC): (  294.97242     0.15389353E-08 ) :: heat equation
FlowSolve: 
FlowSolve: 
FlowSolve: -------------------------------------
FlowSolve:  NAVIER-STOKES ITERATION           1
FlowSolve: -------------------------------------
FlowSolve: 
FlowSolve: Starting Assembly...
FlowSolve: Assembly:
FlowSolve: Assembly done
FlowSolve: Dirichlet conditions done
BiCGStabl:       10 0.2949E-10 0.2949E-10
ComputeChange: NS (ITER=1) (NRM,RELC): ( 0.27641208E-03 0.66753158E-04 ) :: navier-stokes
FlowSolve: iter:    1 Assembly: (s)    0.01    0.01
FlowSolve: iter:    1 Solve:    (s)    0.01    0.01
FlowSolve:  Result Norm     :    2.7641207816278345E-004
FlowSolve:  Relative Change :    6.6753158472890629E-005
ComputeChange: SS (ITER=33) (NRM,RELC): ( 0.27642407E-03 0.23363850E-04 ) :: navier-stokes
SolveEquations: -------------------------------------
SolveEquations:  Coupled system iteration:           34
SolveEquations: -------------------------------------
HeatSolver: ------------------------------------------------
HeatSolver: Solving energy equation for temperature
HeatSolver: Heat solver iteration: 1
IterSolver: "Linear System GCR Restart" not given, setting it to 200
ComputeChange: NS (ITER=1) (NRM,RELC): (  294.97242     0.36500448E-08 ) :: heat equation
ComputeChange: SS (ITER=34) (NRM,RELC): (  294.97242     0.12775167E-08 ) :: heat equation
FlowSolve: 
FlowSolve: 
FlowSolve: -------------------------------------
FlowSolve:  NAVIER-STOKES ITERATION           1
FlowSolve: -------------------------------------
FlowSolve: 
FlowSolve: Starting Assembly...
FlowSolve: Assembly:
FlowSolve: Assembly done
FlowSolve: Dirichlet conditions done
BiCGStabl:        9 0.7659E-10 0.7659E-10
ComputeChange: NS (ITER=1) (NRM,RELC): ( 0.27641207E-03 0.43418331E-04 ) :: navier-stokes
FlowSolve: iter:    1 Assembly: (s)    0.01    0.01
FlowSolve: iter:    1 Solve:    (s)    0.00    0.00
FlowSolve:  Result Norm     :    2.7641207014059350E-004
FlowSolve:  Relative Change :    4.3418331383648363E-005
ComputeChange: SS (ITER=34) (NRM,RELC): ( 0.27641987E-03 0.15196553E-04 ) :: navier-stokes
SolveEquations: -------------------------------------
SolveEquations:  Coupled system iteration:           35
SolveEquations: -------------------------------------
HeatSolver: ------------------------------------------------
HeatSolver: Solving energy equation for temperature
HeatSolver: Heat solver iteration: 1
IterSolver: "Linear System GCR Restart" not given, setting it to 200
ComputeChange: NS (ITER=1) (NRM,RELC): (  294.97242     0.33465508E-08 ) :: heat equation
ComputeChange: SS (ITER=35) (NRM,RELC): (  294.97242     0.11712924E-08 ) :: heat equation
FlowSolve: 
FlowSolve: 
FlowSolve: -------------------------------------
FlowSolve:  NAVIER-STOKES ITERATION           1
FlowSolve: -------------------------------------
FlowSolve: 
FlowSolve: Starting Assembly...
FlowSolve: Assembly:
FlowSolve: Assembly done
FlowSolve: Dirichlet conditions done
BiCGStabl:        9 0.1451E-10 0.1451E-10
ComputeChange: NS (ITER=1) (NRM,RELC): ( 0.27641386E-03 0.21753213E-04 ) :: navier-stokes
FlowSolve: iter:    1 Assembly: (s)    0.01    0.01
FlowSolve: iter:    1 Solve:    (s)    0.01    0.01
FlowSolve:  Result Norm     :    2.7641385813576594E-004
FlowSolve:  Relative Change :    2.1753213450730246E-005
ComputeChange: SS (ITER=35) (NRM,RELC): ( 0.27641777E-03 0.76136875E-05 ) :: navier-stokes
SolveEquations: -------------------------------------
SolveEquations:  Coupled system iteration:           36
SolveEquations: -------------------------------------
HeatSolver: ------------------------------------------------
HeatSolver: Solving energy equation for temperature
HeatSolver: Heat solver iteration: 1
IterSolver: "Linear System GCR Restart" not given, setting it to 200
ComputeChange: NS (ITER=1) (NRM,RELC): (  294.97242     0.23882702E-08 ) :: heat equation
ComputeChange: SS (ITER=36) (NRM,RELC): (  294.97242     0.83589454E-09 ) :: heat equation
FlowSolve: 
FlowSolve: 
FlowSolve: -------------------------------------
FlowSolve:  NAVIER-STOKES ITERATION           1
FlowSolve: -------------------------------------
FlowSolve: 
FlowSolve: Starting Assembly...
FlowSolve: Assembly:
FlowSolve: Assembly done
FlowSolve: Dirichlet conditions done
BiCGStabl:        9 0.1915E-10 0.1915E-10
ComputeChange: NS (ITER=1) (NRM,RELC): ( 0.27641591E-03 0.67008780E-05 ) :: navier-stokes
FlowSolve: iter:    1 Assembly: (s)    0.01    0.01
FlowSolve: iter:    1 Solve:    (s)    0.01    0.01
FlowSolve:  Result Norm     :    2.7641591428878272E-004
FlowSolve:  Relative Change :    6.7008779894972712E-006
ComputeChange: SS (ITER=36) (NRM,RELC): ( 0.27641712E-03 0.23453319E-05 ) :: navier-stokes
SolveEquations: -------------------------------------
SolveEquations:  Coupled system iteration:           37
SolveEquations: -------------------------------------
HeatSolver: ------------------------------------------------
HeatSolver: Solving energy equation for temperature
HeatSolver: Heat solver iteration: 1
IterSolver: "Linear System GCR Restart" not given, setting it to 200
ComputeChange: NS (ITER=1) (NRM,RELC): (  294.97242     0.15998035E-08 ) :: heat equation
ComputeChange: SS (ITER=37) (NRM,RELC): (  294.97242     0.55993170E-09 ) :: heat equation
FlowSolve: 
FlowSolve: 
FlowSolve: -------------------------------------
FlowSolve:  NAVIER-STOKES ITERATION           1
FlowSolve: -------------------------------------
FlowSolve: 
FlowSolve: Starting Assembly...
FlowSolve: Assembly:
FlowSolve: Assembly done
FlowSolve: Dirichlet conditions done
BiCGStabl:        9 0.9163E-10 0.9163E-10
ComputeChange: NS (ITER=1) (NRM,RELC): ( 0.27641781E-03 0.24878003E-05 ) :: navier-stokes
FlowSolve: iter:    1 Assembly: (s)    0.01    0.01
FlowSolve: iter:    1 Solve:    (s)    0.00    0.00
FlowSolve:  Result Norm     :    2.7641780590510832E-004
FlowSolve:  Relative Change :    2.4878003112087353E-006
ComputeChange: SS (ITER=37) (NRM,RELC): ( 0.27641736E-03 0.87071744E-06 ) :: navier-stokes
SolveEquations: -------------------------------------
SolveEquations:  Coupled system iteration:           38
SolveEquations: -------------------------------------
HeatSolver: ------------------------------------------------
HeatSolver: Solving energy equation for temperature
HeatSolver: Heat solver iteration: 1
IterSolver: "Linear System GCR Restart" not given, setting it to 200
ComputeChange: NS (ITER=1) (NRM,RELC): (  294.97242     0.10603717E-08 ) :: heat equation
ComputeChange: SS (ITER=38) (NRM,RELC): (  294.97242     0.37112993E-09 ) :: heat equation
FlowSolve: 
FlowSolve: 
FlowSolve: -------------------------------------
FlowSolve:  NAVIER-STOKES ITERATION           1
FlowSolve: -------------------------------------
FlowSolve: 
FlowSolve: Starting Assembly...
FlowSolve: Assembly:
FlowSolve: Assembly done
FlowSolve: Dirichlet conditions done
BiCGStabl:        9 0.6769E-10 0.6769E-10
ComputeChange: NS (ITER=1) (NRM,RELC): ( 0.27641903E-03 0.60458773E-05 ) :: navier-stokes
FlowSolve: iter:    1 Assembly: (s)    0.01    0.01
FlowSolve: iter:    1 Solve:    (s)    0.00    0.00
FlowSolve:  Result Norm     :    2.7641903010545808E-004
FlowSolve:  Relative Change :    6.0458772983796923E-006
ComputeChange: SS (ITER=38) (NRM,RELC): ( 0.27641794E-03 0.21160472E-05 ) :: navier-stokes
SolveEquations: -------------------------------------
SolveEquations:  Coupled system iteration:           39
SolveEquations: -------------------------------------
HeatSolver: ------------------------------------------------
HeatSolver: Solving energy equation for temperature
HeatSolver: Heat solver iteration: 1
IterSolver: "Linear System GCR Restart" not given, setting it to 200
ComputeChange: NS (ITER=1) (NRM,RELC): (  294.97242     0.45973841E-09 ) :: heat equation
ComputeChange: SS (ITER=39) (NRM,RELC): (  294.97242     0.16090832E-09 ) :: heat equation
FlowSolve: 
FlowSolve: 
FlowSolve: -------------------------------------
FlowSolve:  NAVIER-STOKES ITERATION           1
FlowSolve: -------------------------------------
FlowSolve: 
FlowSolve: Starting Assembly...
FlowSolve: Assembly:
FlowSolve: Assembly done
FlowSolve: Dirichlet conditions done
BiCGStabl:        9 0.6727E-10 0.6727E-10
ComputeChange: NS (ITER=1) (NRM,RELC): ( 0.27641965E-03 0.61876223E-05 ) :: navier-stokes
FlowSolve: iter:    1 Assembly: (s)    0.01    0.01
FlowSolve: iter:    1 Solve:    (s)    0.00    0.00
FlowSolve:  Result Norm     :    2.7641965420289045E-004
FlowSolve:  Relative Change :    6.1876223016557256E-006
ComputeChange: SS (ITER=39) (NRM,RELC): ( 0.27641854E-03 0.21656597E-05 ) :: navier-stokes
SolveEquations: -------------------------------------
SolveEquations:  Coupled system iteration:           40
SolveEquations: -------------------------------------
HeatSolver: ------------------------------------------------
HeatSolver: Solving energy equation for temperature
HeatSolver: Heat solver iteration: 1
IterSolver: "Linear System GCR Restart" not given, setting it to 200
ComputeChange: NS (ITER=1) (NRM,RELC): (  294.97242     0.26886175E-09 ) :: heat equation
ComputeChange: SS (ITER=40) (NRM,RELC): (  294.97242     0.94101806E-10 ) :: heat equation
FlowSolve: 
FlowSolve: 
FlowSolve: -------------------------------------
FlowSolve:  NAVIER-STOKES ITERATION           1
FlowSolve: -------------------------------------
FlowSolve: 
FlowSolve: Starting Assembly...
FlowSolve: Assembly:
FlowSolve: Assembly done
FlowSolve: Dirichlet conditions done
BiCGStabl:        9 0.4007E-10 0.4007E-10
ComputeChange: NS (ITER=1) (NRM,RELC): ( 0.27641988E-03 0.48523259E-05 ) :: navier-stokes
FlowSolve: iter:    1 Assembly: (s)    0.01    0.01
FlowSolve: iter:    1 Solve:    (s)    0.00    0.00
FlowSolve:  Result Norm     :    2.7641988373172465E-004
FlowSolve:  Relative Change :    4.8523258946802041E-006
ComputeChange: SS (ITER=40) (NRM,RELC): ( 0.27641901E-03 0.16983081E-05 ) :: navier-stokes
SolveEquations: -------------------------------------
SolveEquations:  Coupled system iteration:           41
SolveEquations: -------------------------------------
HeatSolver: ------------------------------------------------
HeatSolver: Solving energy equation for temperature
HeatSolver: Heat solver iteration: 1
IterSolver: "Linear System GCR Restart" not given, setting it to 200
ComputeChange: NS (ITER=1) (NRM,RELC): (  294.97242      0.0000000     ) :: heat equation
ComputeChange: SS (ITER=41) (NRM,RELC): (  294.97242      0.0000000     ) :: heat equation
FlowSolve: 
FlowSolve: 
FlowSolve: -------------------------------------
FlowSolve:  NAVIER-STOKES ITERATION           1
FlowSolve: -------------------------------------
FlowSolve: 
FlowSolve: Starting Assembly...
FlowSolve: Assembly:
FlowSolve: Assembly done
FlowSolve: Dirichlet conditions done
BiCGStabl:        9 0.3030E-10 0.3030E-10
ComputeChange: NS (ITER=1) (NRM,RELC): ( 0.27642002E-03 0.36636565E-05 ) :: navier-stokes
FlowSolve: iter:    1 Assembly: (s)    0.01    0.01
FlowSolve: iter:    1 Solve:    (s)    0.00    0.00
FlowSolve:  Result Norm     :    2.7642002460603014E-004
FlowSolve:  Relative Change :    3.6636564810828574E-006
ComputeChange: SS (ITER=41) (NRM,RELC): ( 0.27641937E-03 0.12822764E-05 ) :: navier-stokes
SolveEquations: -------------------------------------
SolveEquations:  Coupled system iteration:           42
SolveEquations: -------------------------------------
HeatSolver: ------------------------------------------------
HeatSolver: Solving energy equation for temperature
HeatSolver: Heat solver iteration: 1
IterSolver: "Linear System GCR Restart" not given, setting it to 200
ComputeChange: NS (ITER=1) (NRM,RELC): (  294.97242      0.0000000     ) :: heat equation
ComputeChange: SS (ITER=42) (NRM,RELC): (  294.97242      0.0000000     ) :: heat equation
FlowSolve: 
FlowSolve: 
FlowSolve: -------------------------------------
FlowSolve:  NAVIER-STOKES ITERATION           1
FlowSolve: -------------------------------------
FlowSolve: 
FlowSolve: Starting Assembly...
FlowSolve: Assembly:
FlowSolve: Assembly done
FlowSolve: Dirichlet conditions done
BiCGStabl:        8 0.8409E-10 0.8409E-10
ComputeChange: NS (ITER=1) (NRM,RELC): ( 0.27642013E-03 0.27660669E-05 ) :: navier-stokes
FlowSolve: iter:    1 Assembly: (s)    0.01    0.01
FlowSolve: iter:    1 Solve:    (s)    0.00    0.00
FlowSolve:  Result Norm     :    2.7642013094117813E-004
FlowSolve:  Relative Change :    2.7660668787750563E-006
ComputeChange: SS (ITER=42) (NRM,RELC): ( 0.27641963E-03 0.96812147E-06 ) :: navier-stokes
SolveEquations: -------------------------------------
SolveEquations:  Coupled system iteration:           43
SolveEquations: -------------------------------------
HeatSolver: ------------------------------------------------
HeatSolver: Solving energy equation for temperature
HeatSolver: Heat solver iteration: 1
IterSolver: "Linear System GCR Restart" not given, setting it to 200
ComputeChange: NS (ITER=1) (NRM,RELC): (  294.97242      0.0000000     ) :: heat equation
ComputeChange: SS (ITER=43) (NRM,RELC): (  294.97242      0.0000000     ) :: heat equation
FlowSolve: 
FlowSolve: 
FlowSolve: -------------------------------------
FlowSolve:  NAVIER-STOKES ITERATION           1
FlowSolve: -------------------------------------
FlowSolve: 
FlowSolve: Starting Assembly...
FlowSolve: Assembly:
FlowSolve: Assembly done
FlowSolve: Dirichlet conditions done
BiCGStabl:        8 0.6347E-10 0.6347E-10
ComputeChange: NS (ITER=1) (NRM,RELC): ( 0.27642021E-03 0.20884900E-05 ) :: navier-stokes
FlowSolve: iter:    1 Assembly: (s)    0.01    0.01
FlowSolve: iter:    1 Solve:    (s)    0.00    0.00
FlowSolve:  Result Norm     :    2.7642021125356590E-004
FlowSolve:  Relative Change :    2.0884900041823757E-006
ComputeChange: SS (ITER=43) (NRM,RELC): ( 0.27641984E-03 0.73097040E-06 ) :: navier-stokes
SolveEquations: -------------------------------------
SolveEquations:  Coupled system iteration:           44
SolveEquations: -------------------------------------
HeatSolver: ------------------------------------------------
HeatSolver: Solving energy equation for temperature
HeatSolver: Heat solver iteration: 1
IterSolver: "Linear System GCR Restart" not given, setting it to 200
ComputeChange: NS (ITER=1) (NRM,RELC): (  294.97242      0.0000000     ) :: heat equation
ComputeChange: SS (ITER=44) (NRM,RELC): (  294.97242      0.0000000     ) :: heat equation
FlowSolve: 
FlowSolve: 
FlowSolve: -------------------------------------
FlowSolve:  NAVIER-STOKES ITERATION           1
FlowSolve: -------------------------------------
FlowSolve: 
FlowSolve: Starting Assembly...
FlowSolve: Assembly:
FlowSolve: Assembly done
FlowSolve: Dirichlet conditions done
BiCGStabl:        8 0.4791E-10 0.4791E-10
ComputeChange: NS (ITER=1) (NRM,RELC): ( 0.27642027E-03 0.15768920E-05 ) :: navier-stokes
FlowSolve: iter:    1 Assembly: (s)    0.01    0.01
FlowSolve: iter:    1 Solve:    (s)    0.00    0.00
FlowSolve:  Result Norm     :    2.7642027189254557E-004
FlowSolve:  Relative Change :    1.5768920329313114E-006
ComputeChange: SS (ITER=44) (NRM,RELC): ( 0.27641999E-03 0.55191158E-06 ) :: navier-stokes
SolveEquations: -------------------------------------
SolveEquations:  Coupled system iteration:           45
SolveEquations: -------------------------------------
HeatSolver: ------------------------------------------------
HeatSolver: Solving energy equation for temperature
HeatSolver: Heat solver iteration: 1
IterSolver: "Linear System GCR Restart" not given, setting it to 200
ComputeChange: NS (ITER=1) (NRM,RELC): (  294.97242     0.83111693E-10 ) :: heat equation
ComputeChange: SS (ITER=45) (NRM,RELC): (  294.97242     0.29088823E-10 ) :: heat equation
FlowSolve: 
FlowSolve: 
FlowSolve: -------------------------------------
FlowSolve:  NAVIER-STOKES ITERATION           1
FlowSolve: -------------------------------------
FlowSolve: 
FlowSolve: Starting Assembly...
FlowSolve: Assembly:
FlowSolve: Assembly done
FlowSolve: Dirichlet conditions done
BiCGStabl:        8 0.9007E-10 0.9007E-10
ComputeChange: NS (ITER=1) (NRM,RELC): ( 0.27641971E-03 0.99487715E-06 ) :: navier-stokes
FlowSolve: iter:    1 Assembly: (s)    0.01    0.01
FlowSolve: iter:    1 Solve:    (s)    0.00    0.00
FlowSolve:  Result Norm     :    2.7641971356352269E-004
FlowSolve:  Relative Change :    9.9487715031035786E-007
ComputeChange: SS (ITER=45) (NRM,RELC): ( 0.27641989E-03 0.34820717E-06 ) :: navier-stokes
SolveEquations: -------------------------------------
SolveEquations:  Coupled system iteration:           46
SolveEquations: -------------------------------------
HeatSolver: ------------------------------------------------
HeatSolver: Solving energy equation for temperature
HeatSolver: Heat solver iteration: 1
IterSolver: "Linear System GCR Restart" not given, setting it to 200
ComputeChange: NS (ITER=1) (NRM,RELC): (  294.97242      0.0000000     ) :: heat equation
ComputeChange: SS (ITER=46) (NRM,RELC): (  294.97242      0.0000000     ) :: heat equation
FlowSolve: 
FlowSolve: 
FlowSolve: -------------------------------------
FlowSolve:  NAVIER-STOKES ITERATION           1
FlowSolve: -------------------------------------
FlowSolve: 
FlowSolve: Starting Assembly...
FlowSolve: Assembly:
FlowSolve: Assembly done
FlowSolve: Dirichlet conditions done
BiCGStabl:        8 0.6799E-10 0.6799E-10
ComputeChange: NS (ITER=1) (NRM,RELC): ( 0.27641968E-03 0.75094246E-06 ) :: navier-stokes
FlowSolve: iter:    1 Assembly: (s)    0.01    0.01
FlowSolve: iter:    1 Solve:    (s)    0.00    0.00
FlowSolve:  Result Norm     :    2.7641968474055438E-004
FlowSolve:  Relative Change :    7.5094245863543421E-007
ComputeChange: SS (ITER=46) (NRM,RELC): ( 0.27641982E-03 0.26282996E-06 ) :: navier-stokes
SolveEquations: -------------------------------------
SolveEquations:  Coupled system iteration:           47
SolveEquations: -------------------------------------
HeatSolver: ------------------------------------------------
HeatSolver: Solving energy equation for temperature
HeatSolver: Heat solver iteration: 1
IterSolver: "Linear System GCR Restart" not given, setting it to 200
ComputeChange: NS (ITER=1) (NRM,RELC): (  294.97242     0.19270757E-15 ) :: heat equation
ComputeChange: SS (ITER=47) (NRM,RELC): (  294.97242      0.0000000     ) :: heat equation
FlowSolve: 
FlowSolve: 
FlowSolve: -------------------------------------
FlowSolve:  NAVIER-STOKES ITERATION           1
FlowSolve: -------------------------------------
FlowSolve: 
FlowSolve: Starting Assembly...
FlowSolve: Assembly:
FlowSolve: Assembly done
FlowSolve: Dirichlet conditions done
BiCGStabl:        8 0.5132E-10 0.5132E-10
ComputeChange: NS (ITER=1) (NRM,RELC): ( 0.27641966E-03 0.56681831E-06 ) :: navier-stokes
FlowSolve: iter:    1 Assembly: (s)    0.01    0.01
FlowSolve: iter:    1 Solve:    (s)    0.00    0.00
FlowSolve:  Result Norm     :    2.7641966298472053E-004
FlowSolve:  Relative Change :    5.6681830856701682E-007
ComputeChange: SS (ITER=47) (NRM,RELC): ( 0.27641976E-03 0.19838646E-06 ) :: navier-stokes
SolveEquations: -------------------------------------
SolveEquations:  Coupled system iteration:           48
SolveEquations: -------------------------------------
HeatSolver: ------------------------------------------------
HeatSolver: Solving energy equation for temperature
HeatSolver: Heat solver iteration: 1
IterSolver: "Linear System GCR Restart" not given, setting it to 200
ComputeChange: NS (ITER=1) (NRM,RELC): (  294.97242      0.0000000     ) :: heat equation
ComputeChange: SS (ITER=48) (NRM,RELC): (  294.97242      0.0000000     ) :: heat equation
FlowSolve: 
FlowSolve: 
FlowSolve: -------------------------------------
FlowSolve:  NAVIER-STOKES ITERATION           1
FlowSolve: -------------------------------------
FlowSolve: 
FlowSolve: Starting Assembly...
FlowSolve: Assembly:
FlowSolve: Assembly done
FlowSolve: Dirichlet conditions done
BiCGStabl:        8 0.3874E-10 0.3874E-10
ComputeChange: NS (ITER=1) (NRM,RELC): ( 0.27641965E-03 0.42783969E-06 ) :: navier-stokes
FlowSolve: iter:    1 Assembly: (s)    0.01    0.01
FlowSolve: iter:    1 Solve:    (s)    0.00    0.00
FlowSolve:  Result Norm     :    2.7641964656322410E-004
FlowSolve:  Relative Change :    4.2783969149442980E-007
ComputeChange: SS (ITER=48) (NRM,RELC): ( 0.27641972E-03 0.14974392E-06 ) :: navier-stokes
SolveEquations: -------------------------------------
SolveEquations:  Coupled system iteration:           49
SolveEquations: -------------------------------------
HeatSolver: ------------------------------------------------
HeatSolver: Solving energy equation for temperature
HeatSolver: Heat solver iteration: 1
IterSolver: "Linear System GCR Restart" not given, setting it to 200
ComputeChange: NS (ITER=1) (NRM,RELC): (  294.97242      0.0000000     ) :: heat equation
ComputeChange: SS (ITER=49) (NRM,RELC): (  294.97242      0.0000000     ) :: heat equation
FlowSolve: 
FlowSolve: 
FlowSolve: -------------------------------------
FlowSolve:  NAVIER-STOKES ITERATION           1
FlowSolve: -------------------------------------
FlowSolve: 
FlowSolve: Starting Assembly...
FlowSolve: Assembly:
FlowSolve: Assembly done
FlowSolve: Dirichlet conditions done
BiCGStabl:        7 0.9560E-10 0.9560E-10
ComputeChange: NS (ITER=1) (NRM,RELC): ( 0.27641963E-03 0.32269553E-06 ) :: navier-stokes
FlowSolve: iter:    1 Assembly: (s)    0.01    0.01
FlowSolve: iter:    1 Solve:    (s)    0.00    0.00
FlowSolve:  Result Norm     :    2.7641963423497473E-004
FlowSolve:  Relative Change :    3.2269552652071908E-007
ComputeChange: SS (ITER=49) (NRM,RELC): ( 0.27641969E-03 0.11294345E-06 ) :: navier-stokes
SolveEquations: -------------------------------------
SolveEquations:  Coupled system iteration:           50
SolveEquations: -------------------------------------
HeatSolver: ------------------------------------------------
HeatSolver: Solving energy equation for temperature
HeatSolver: Heat solver iteration: 1
IterSolver: "Linear System GCR Restart" not given, setting it to 200
ComputeChange: NS (ITER=1) (NRM,RELC): (  294.97242      0.0000000     ) :: heat equation
ComputeChange: SS (ITER=50) (NRM,RELC): (  294.97242      0.0000000     ) :: heat equation
FlowSolve: 
FlowSolve: 
FlowSolve: -------------------------------------
FlowSolve:  NAVIER-STOKES ITERATION           1
FlowSolve: -------------------------------------
FlowSolve: 
FlowSolve: Starting Assembly...
FlowSolve: Assembly:
FlowSolve: Assembly done
FlowSolve: Dirichlet conditions done
BiCGStabl:        7 0.7222E-10 0.7222E-10
ComputeChange: NS (ITER=1) (NRM,RELC): ( 0.27641962E-03 0.24363249E-06 ) :: navier-stokes
FlowSolve: iter:    1 Assembly: (s)    0.01    0.01
FlowSolve: iter:    1 Solve:    (s)    0.00    0.00
FlowSolve:  Result Norm     :    2.7641962486976332E-004
FlowSolve:  Relative Change :    2.4363248781390272E-007
ComputeChange: SS (ITER=50) (NRM,RELC): ( 0.27641967E-03 0.85271381E-07 ) :: navier-stokes
MAIN: 
MAIN: -------------------------------------
MAIN: Time: 3/3:   3.000E+02
MAIN: -------------------------------------
MAIN: 
SolveEquations: -------------------------------------
SolveEquations:  Coupled system iteration:            1
SolveEquations: -------------------------------------
HeatSolver: ------------------------------------------------
HeatSolver: Solving energy equation for temperature
HeatSolver: Heat solver iteration: 1
IterSolver: "Linear System GCR Restart" not given, setting it to 200
   gcr:    10  0.7321E-07  0.1041E-06
ComputeChange: NS (ITER=1) (NRM,RELC): (  294.97175     0.22814186E-05 ) :: heat equation
ComputeChange: SS (ITER=1) (NRM,RELC): (  294.97218     0.79868165E-06 ) :: heat equation
FlowSolve: 
FlowSolve: 
FlowSolve: -------------------------------------
FlowSolve:  NAVIER-STOKES ITERATION           1
FlowSolve: -------------------------------------
FlowSolve: 
FlowSolve: Starting Assembly...
FlowSolve: Assembly:
FlowSolve: Assembly done
FlowSolve: Dirichlet conditions done
      10 0.9828E-09 0.9828E-09
BiCGStabl:       11 0.5164E-10 0.5164E-10
ComputeChange: NS (ITER=1) (NRM,RELC): ( 0.27457629E-03 0.66910627E-02 ) :: navier-stokes
FlowSolve: iter:    1 Assembly: (s)    0.01    0.01
FlowSolve: iter:    1 Solve:    (s)    0.01    0.01
FlowSolve:  Result Norm     :    2.7457629438574436E-004
FlowSolve:  Relative Change :    6.6910626640691011E-003
ComputeChange: SS (ITER=1) (NRM,RELC): ( 0.27577416E-03 0.23379637E-02 ) :: navier-stokes
SolveEquations: -------------------------------------
SolveEquations:  Coupled system iteration:            2
SolveEquations: -------------------------------------
HeatSolver: ------------------------------------------------
HeatSolver: Solving energy equation for temperature
HeatSolver: Heat solver iteration: 1
IterSolver: "Linear System GCR Restart" not given, setting it to 200
   gcr:    10  0.5459E-07  0.7796E-07
ComputeChange: NS (ITER=1) (NRM,RELC): (  294.97171     0.16138287E-05 ) :: heat equation
ComputeChange: SS (ITER=2) (NRM,RELC): (  294.97202     0.56493395E-06 ) :: heat equation
FlowSolve: 
FlowSolve: 
FlowSolve: -------------------------------------
FlowSolve:  NAVIER-STOKES ITERATION           1
FlowSolve: -------------------------------------
FlowSolve: 
FlowSolve: Starting Assembly...
FlowSolve: Assembly:
FlowSolve: Assembly done
FlowSolve: Dirichlet conditions done
      10 0.1447E-09 0.1447E-09
BiCGStabl:       11 0.2896E-10 0.2896E-10
ComputeChange: NS (ITER=1) (NRM,RELC): ( 0.27464906E-03 0.40881414E-02 ) :: navier-stokes
FlowSolve: iter:    1 Assembly: (s)    0.01    0.01
FlowSolve: iter:    1 Solve:    (s)    0.01    0.01
FlowSolve:  Result Norm     :    2.7464906011008598E-004
FlowSolve:  Relative Change :    4.0881413642076744E-003
ComputeChange: SS (ITER=2) (NRM,RELC): ( 0.27538034E-03 0.14290832E-02 ) :: navier-stokes
SolveEquations: -------------------------------------
SolveEquations:  Coupled system iteration:            3
SolveEquations: -------------------------------------
HeatSolver: ------------------------------------------------
HeatSolver: Solving energy equation for temperature
HeatSolver: Heat solver iteration: 1
IterSolver: "Linear System GCR Restart" not given, setting it to 200
   gcr:    10  0.4185E-07  0.5874E-07
ComputeChange: NS (ITER=1) (NRM,RELC): (  294.97164     0.12588469E-05 ) :: heat equation
ComputeChange: SS (ITER=3) (NRM,RELC): (  294.97189     0.44064675E-06 ) :: heat equation
FlowSolve: 
FlowSolve: 
FlowSolve: -------------------------------------
FlowSolve:  NAVIER-STOKES ITERATION           1
FlowSolve: -------------------------------------
FlowSolve: 
FlowSolve: Starting Assembly...
FlowSolve: Assembly:
FlowSolve: Assembly done
FlowSolve: Dirichlet conditions done
      10 0.8331E-10 0.8331E-10
BiCGStabl:       10 0.8331E-10 0.8331E-10
ComputeChange: NS (ITER=1) (NRM,RELC): ( 0.27485250E-03 0.19186258E-02 ) :: navier-stokes
FlowSolve: iter:    1 Assembly: (s)    0.01    0.01
FlowSolve: iter:    1 Solve:    (s)    0.01    0.01
FlowSolve:  Result Norm     :    2.7485249578415398E-004
FlowSolve:  Relative Change :    1.9186258480036794E-003
ComputeChange: SS (ITER=3) (NRM,RELC): ( 0.27519553E-03 0.67134493E-03 ) :: navier-stokes
SolveEquations: -------------------------------------
SolveEquations:  Coupled system iteration:            4
SolveEquations: -------------------------------------
HeatSolver: ------------------------------------------------
HeatSolver: Solving energy equation for temperature
HeatSolver: Heat solver iteration: 1
IterSolver: "Linear System GCR Restart" not given, setting it to 200
   gcr:    10  0.3304E-07  0.4492E-07
ComputeChange: NS (ITER=1) (NRM,RELC): (  294.97158     0.10327255E-05 ) :: heat equation
ComputeChange: SS (ITER=4) (NRM,RELC): (  294.97178     0.36148269E-06 ) :: heat equation
FlowSolve: 
FlowSolve: 
FlowSolve: -------------------------------------
FlowSolve:  NAVIER-STOKES ITERATION           1
FlowSolve: -------------------------------------
FlowSolve: 
FlowSolve: Starting Assembly...
FlowSolve: Assembly:
FlowSolve: Assembly done
FlowSolve: Dirichlet conditions done
      10 0.6978E-10 0.6978E-10
BiCGStabl:       10 0.6978E-10 0.6978E-10
ComputeChange: NS (ITER=1) (NRM,RELC): ( 0.27506127E-03 0.48800140E-03 ) :: navier-stokes
FlowSolve: iter:    1 Assembly: (s)    0.01    0.01
FlowSolve: iter:    1 Solve:    (s)    0.01    0.01
FlowSolve:  Result Norm     :    2.7506126505281813E-004
FlowSolve:  Relative Change :    4.8800140232009798E-004
ComputeChange: SS (ITER=4) (NRM,RELC): ( 0.27514838E-03 0.17133734E-03 ) :: navier-stokes
SolveEquations: -------------------------------------
SolveEquations:  Coupled system iteration:            5
SolveEquations: -------------------------------------
HeatSolver: ------------------------------------------------
HeatSolver: Solving energy equation for temperature
HeatSolver: Heat solver iteration: 1
IterSolver: "Linear System GCR Restart" not given, setting it to 200
   gcr:    10  0.2678E-07  0.3520E-07
ComputeChange: NS (ITER=1) (NRM,RELC): (  294.97151     0.90727881E-06 ) :: heat equation
ComputeChange: SS (ITER=5) (NRM,RELC): (  294.97169     0.31756514E-06 ) :: heat equation
FlowSolve: 
FlowSolve: 
FlowSolve: -------------------------------------
FlowSolve:  NAVIER-STOKES ITERATION           1
FlowSolve: -------------------------------------
FlowSolve: 
FlowSolve: Starting Assembly...
FlowSolve: Assembly:
FlowSolve: Assembly done
FlowSolve: Dirichlet conditions done
BiCGStabl:       10 0.6844E-10 0.6844E-10
ComputeChange: NS (ITER=1) (NRM,RELC): ( 0.27520880E-03 0.21956793E-03 ) :: navier-stokes
FlowSolve: iter:    1 Assembly: (s)    0.01    0.01
FlowSolve: iter:    1 Solve:    (s)    0.01    0.01
FlowSolve:  Result Norm     :    2.7520880125881872E-004
FlowSolve:  Relative Change :    2.1956792623467025E-004
ComputeChange: SS (ITER=5) (NRM,RELC): ( 0.27516936E-03 0.76226199E-04 ) :: navier-stokes
SolveEquations: -------------------------------------
SolveEquations:  Coupled system iteration:            6
SolveEquations: -------------------------------------
HeatSolver: ------------------------------------------------
HeatSolver: Solving energy equation for temperature
HeatSolver: Heat solver iteration: 1
IterSolver: "Linear System GCR Restart" not given, setting it to 200
   gcr:    10  0.2189E-07  0.2818E-07
ComputeChange: NS (ITER=1) (NRM,RELC): (  294.97146     0.78041741E-06 ) :: heat equation
ComputeChange: SS (ITER=6) (NRM,RELC): (  294.97160     0.27315750E-06 ) :: heat equation
FlowSolve: 
FlowSolve: 
FlowSolve: -------------------------------------
FlowSolve:  NAVIER-STOKES ITERATION           1
FlowSolve: -------------------------------------
FlowSolve: 
FlowSolve: Starting Assembly...
FlowSolve: Assembly:
FlowSolve: Assembly done
FlowSolve: Dirichlet conditions done
      10 0.6794E-10 0.6794E-10
BiCGStabl:       10 0.6794E-10 0.6794E-10
ComputeChange: NS (ITER=1) (NRM,RELC): ( 0.27527553E-03 0.38577007E-03 ) :: navier-stokes
FlowSolve: iter:    1 Assembly: (s)    0.01    0.01
FlowSolve: iter:    1 Solve:    (s)    0.01    0.01
FlowSolve:  Result Norm     :    2.7527552776233460E-004
FlowSolve:  Relative Change :    3.8577007349905256E-004
ComputeChange: SS (ITER=6) (NRM,RELC): ( 0.27520639E-03 0.13457099E-03 ) :: navier-stokes
SolveEquations: -------------------------------------
SolveEquations:  Coupled system iteration:            7
SolveEquations: -------------------------------------
HeatSolver: ------------------------------------------------
HeatSolver: Solving energy equation for temperature
HeatSolver: Heat solver iteration: 1
IterSolver: "Linear System GCR Restart" not given, setting it to 200
   gcr:    10  0.1796E-07  0.2289E-07
ComputeChange: NS (ITER=1) (NRM,RELC): (  294.97140     0.68856041E-06 ) :: heat equation
ComputeChange: SS (ITER=7) (NRM,RELC): (  294.97153     0.24100383E-06 ) :: heat equation
FlowSolve: 
FlowSolve: 
FlowSolve: -------------------------------------
FlowSolve:  NAVIER-STOKES ITERATION           1
FlowSolve: -------------------------------------
FlowSolve: 
FlowSolve: Starting Assembly...
FlowSolve: Assembly:
FlowSolve: Assembly done
FlowSolve: Dirichlet conditions done
      10 0.1077E-09 0.1077E-09
BiCGStabl:       11 0.2508E-10 0.2508E-10
ComputeChange: NS (ITER=1) (NRM,RELC): ( 0.27527184E-03 0.23781510E-03 ) :: navier-stokes
FlowSolve: iter:    1 Assembly: (s)    0.01    0.01
FlowSolve: iter:    1 Solve:    (s)    0.01    0.01
FlowSolve:  Result Norm     :    2.7527184350190103E-004
FlowSolve:  Relative Change :    2.3781510050910576E-004
ComputeChange: SS (ITER=7) (NRM,RELC): ( 0.27522923E-03 0.82980316E-04 ) :: navier-stokes
SolveEquations: -------------------------------------
SolveEquations:  Coupled system iteration:            8
SolveEquations: -------------------------------------
HeatSolver: ------------------------------------------------
HeatSolver: Solving energy equation for temperature
HeatSolver: Heat solver iteration: 1
IterSolver: "Linear System GCR Restart" not given, setting it to 200
   gcr:    10  0.1480E-07  0.1861E-07
ComputeChange: NS (ITER=1) (NRM,RELC): (  294.97137     0.57129584E-06 ) :: heat equation
ComputeChange: SS (ITER=8) (NRM,RELC): (  294.97147     0.19995870E-06 ) :: heat equation
FlowSolve: 
FlowSolve: 
FlowSolve: -------------------------------------
FlowSolve:  NAVIER-STOKES ITERATION           1
FlowSolve: -------------------------------------
FlowSolve: 
FlowSolve: Starting Assembly...
FlowSolve: Assembly:
FlowSolve: Assembly done
FlowSolve: Dirichlet conditions done
      10 0.2519E-09 0.2519E-09
BiCGStabl:       11 0.2076E-10 0.2076E-10
ComputeChange: NS (ITER=1) (NRM,RELC): ( 0.27522201E-03 0.26232580E-04 ) :: navier-stokes
FlowSolve: iter:    1 Assembly: (s)    0.01    0.01
FlowSolve: iter:    1 Solve:    (s)    0.01    0.01
FlowSolve:  Result Norm     :    2.7522200526638367E-004
FlowSolve:  Relative Change :    2.6232580198508546E-005
ComputeChange: SS (ITER=8) (NRM,RELC): ( 0.27522666E-03 0.93107640E-05 ) :: navier-stokes
SolveEquations: -------------------------------------
SolveEquations:  Coupled system iteration:            9
SolveEquations: -------------------------------------
HeatSolver: ------------------------------------------------
HeatSolver: Solving energy equation for temperature
HeatSolver: Heat solver iteration: 1
IterSolver: "Linear System GCR Restart" not given, setting it to 200
   gcr:    10  0.1238E-07  0.1509E-07
ComputeChange: NS (ITER=1) (NRM,RELC): (  294.97133     0.47443891E-06 ) :: heat equation
ComputeChange: SS (ITER=9) (NRM,RELC): (  294.97143     0.16605693E-06 ) :: heat equation
FlowSolve: 
FlowSolve: 
FlowSolve: -------------------------------------
FlowSolve:  NAVIER-STOKES ITERATION           1
FlowSolve: -------------------------------------
FlowSolve: 
FlowSolve: Starting Assembly...
FlowSolve: Assembly:
FlowSolve: Assembly done
FlowSolve: Dirichlet conditions done
      10 0.5524E-10 0.5524E-10
BiCGStabl:       10 0.5524E-10 0.5524E-10
ComputeChange: NS (ITER=1) (NRM,RELC): ( 0.27515206E-03 0.27109495E-03 ) :: navier-stokes
FlowSolve: iter:    1 Assembly: (s)    0.01    0.01
FlowSolve: iter:    1 Solve:    (s)    0.01    0.01
FlowSolve:  Result Norm     :    2.7515206011465915E-004
FlowSolve:  Relative Change :    2.7109495418989565E-004
ComputeChange: SS (ITER=9) (NRM,RELC): ( 0.27520053E-03 0.94951639E-04 ) :: navier-stokes
SolveEquations: -------------------------------------
SolveEquations:  Coupled system iteration:           10
SolveEquations: -------------------------------------
HeatSolver: ------------------------------------------------
HeatSolver: Solving energy equation for temperature
HeatSolver: Heat solver iteration: 1
IterSolver: "Linear System GCR Restart" not given, setting it to 200
   gcr:    10  0.1033E-07  0.1219E-07
ComputeChange: NS (ITER=1) (NRM,RELC): (  294.97131     0.37717318E-06 ) :: heat equation
ComputeChange: SS (ITER=10) (NRM,RELC): (  294.97139     0.13201259E-06 ) :: heat equation
FlowSolve: 
FlowSolve: 
FlowSolve: -------------------------------------
FlowSolve:  NAVIER-STOKES ITERATION           1
FlowSolve: -------------------------------------
FlowSolve: 
FlowSolve: Starting Assembly...
FlowSolve: Assembly:
FlowSolve: Assembly done
FlowSolve: Dirichlet conditions done
      10 0.1683E-10 0.1683E-10
BiCGStabl:       10 0.1683E-10 0.1683E-10
ComputeChange: NS (ITER=1) (NRM,RELC): ( 0.27508323E-03 0.42633951E-03 ) :: navier-stokes
FlowSolve: iter:    1 Assembly: (s)    0.01    0.01
FlowSolve: iter:    1 Solve:    (s)    0.01    0.01
FlowSolve:  Result Norm     :    2.7508322672742180E-004
FlowSolve:  Relative Change :    4.2633950533750467E-004
ComputeChange: SS (ITER=10) (NRM,RELC): ( 0.27515946E-03 0.14926135E-03 ) :: navier-stokes
SolveEquations: -------------------------------------
SolveEquations:  Coupled system iteration:           11
SolveEquations: -------------------------------------
HeatSolver: ------------------------------------------------
HeatSolver: Solving energy equation for temperature
HeatSolver: Heat solver iteration: 1
IterSolver: "Linear System GCR Restart" not given, setting it to 200
   gcr:    10  0.8485E-08  0.9874E-08
ComputeChange: NS (ITER=1) (NRM,RELC): (  294.97131     0.27110734E-06 ) :: heat equation
ComputeChange: SS (ITER=11) (NRM,RELC): (  294.97136     0.94888669E-07 ) :: heat equation
FlowSolve: 
FlowSolve: 
FlowSolve: -------------------------------------
FlowSolve:  NAVIER-STOKES ITERATION           1
FlowSolve: -------------------------------------
FlowSolve: 
FlowSolve: Starting Assembly...
FlowSolve: Assembly:
FlowSolve: Assembly done
FlowSolve: Dirichlet conditions done
BiCGStabl:       10 0.8206E-10 0.8206E-10
ComputeChange: NS (ITER=1) (NRM,RELC): ( 0.27502920E-03 0.47348369E-03 ) :: navier-stokes
FlowSolve: iter:    1 Assembly: (s)    0.01    0.01
FlowSolve: iter:    1 Solve:    (s)    0.01    0.01
FlowSolve:  Result Norm     :    2.7502920416287832E-004
FlowSolve:  Relative Change :    4.7348369308505465E-004
ComputeChange: SS (ITER=11) (NRM,RELC): ( 0.27511385E-03 0.16574836E-03 ) :: navier-stokes
SolveEquations: -------------------------------------
SolveEquations:  Coupled system iteration:           12
SolveEquations: -------------------------------------
HeatSolver: ------------------------------------------------
HeatSolver: Solving energy equation for temperature
HeatSolver: Heat solver iteration: 1
IterSolver: "Linear System GCR Restart" not given, setting it to 200
   gcr:    10  0.6810E-08  0.7979E-08
ComputeChange: NS (ITER=1) (NRM,RELC): (  294.97130     0.19971517E-06 ) :: heat equation
ComputeChange: SS (ITER=12) (NRM,RELC): (  294.97134     0.69900887E-07 ) :: heat equation
FlowSolve: 
FlowSolve: 
FlowSolve: -------------------------------------
FlowSolve:  NAVIER-STOKES ITERATION           1
FlowSolve: -------------------------------------
FlowSolve: 
FlowSolve: Starting Assembly...
FlowSolve: Assembly:
FlowSolve: Assembly done
FlowSolve: Dirichlet conditions done
BiCGStabl:       10 0.8114E-10 0.8114E-10
ComputeChange: NS (ITER=1) (NRM,RELC): ( 0.27499533E-03 0.43090235E-03 ) :: navier-stokes
FlowSolve: iter:    1 Assembly: (s)    0.01    0.01
FlowSolve: iter:    1 Solve:    (s)    0.01    0.01
FlowSolve:  Result Norm     :    2.7499533172234940E-004
FlowSolve:  Relative Change :    4.3090235121094161E-004
ComputeChange: SS (ITER=12) (NRM,RELC): ( 0.27507236E-03 0.15083468E-03 ) :: navier-stokes
SolveEquations: -------------------------------------
SolveEquations:  Coupled system iteration:           13
SolveEquations: -------------------------------------
HeatSolver: ------------------------------------------------
HeatSolver: Solving energy equation for temperature
HeatSolver: Heat solver iteration: 1
IterSolver: "Linear System GCR Restart" not given, setting it to 200
ComputeChange: NS (ITER=1) (NRM,RELC): (  294.97130     0.13320925E-06 ) :: heat equation
ComputeChange: SS (ITER=13) (NRM,RELC): (  294.97132     0.46623535E-07 ) :: heat equation
FlowSolve: 
FlowSolve: 
FlowSolve: -------------------------------------
FlowSolve:  NAVIER-STOKES ITERATION           1
FlowSolve: -------------------------------------
FlowSolve: 
FlowSolve: Starting Assembly...
FlowSolve: Assembly:
FlowSolve: Assembly done
FlowSolve: Dirichlet conditions done
      10 0.1385E-10 0.1385E-10
BiCGStabl:       10 0.1385E-10 0.1385E-10
ComputeChange: NS (ITER=1) (NRM,RELC): ( 0.27498152E-03 0.33030801E-03 ) :: navier-stokes
FlowSolve: iter:    1 Assembly: (s)    0.01    0.01
FlowSolve: iter:    1 Solve:    (s)    0.01    0.01
FlowSolve:  Result Norm     :    2.7498151621203388E-004
FlowSolve:  Relative Change :    3.3030800794686368E-004
ComputeChange: SS (ITER=13) (NRM,RELC): ( 0.27504056E-03 0.11561863E-03 ) :: navier-stokes
SolveEquations: -------------------------------------
SolveEquations:  Coupled system iteration:           14
SolveEquations: -------------------------------------
HeatSolver: ------------------------------------------------
HeatSolver: Solving energy equation for temperature
HeatSolver: Heat solver iteration: 1
IterSolver: "Linear System GCR Restart" not given, setting it to 200
ComputeChange: NS (ITER=1) (NRM,RELC): (  294.97130     0.92001127E-07 ) :: heat equation
ComputeChange: SS (ITER=14) (NRM,RELC): (  294.97132     0.32200553E-07 ) :: heat equation
FlowSolve: 
FlowSolve: 
FlowSolve: -------------------------------------
FlowSolve:  NAVIER-STOKES ITERATION           1
FlowSolve: -------------------------------------
FlowSolve: 
FlowSolve: Starting Assembly...
FlowSolve: Assembly:
FlowSolve: Assembly done
FlowSolve: Dirichlet conditions done
BiCGStabl:        9 0.9232E-10 0.9232E-10
ComputeChange: NS (ITER=1) (NRM,RELC): ( 0.27498335E-03 0.20802868E-03 ) :: navier-stokes
FlowSolve: iter:    1 Assembly: (s)    0.01    0.01
FlowSolve: iter:    1 Solve:    (s)    0.00    0.00
FlowSolve:  Result Norm     :    2.7498334778729871E-004
FlowSolve:  Relative Change :    2.0802867794803990E-004
ComputeChange: SS (ITER=14) (NRM,RELC): ( 0.27502053E-03 0.72815814E-04 ) :: navier-stokes
SolveEquations: -------------------------------------
SolveEquations:  Coupled system iteration:           15
SolveEquations: -------------------------------------
HeatSolver: ------------------------------------------------
HeatSolver: Solving energy equation for temperature
HeatSolver: Heat solver iteration: 1
IterSolver: "Linear System GCR Restart" not given, setting it to 200
ComputeChange: NS (ITER=1) (NRM,RELC): (  294.97130     0.58570268E-07 ) :: heat equation
ComputeChange: SS (ITER=15) (NRM,RELC): (  294.97131     0.20499683E-07 ) :: heat equation
FlowSolve: 
FlowSolve: 
FlowSolve: -------------------------------------
FlowSolve:  NAVIER-STOKES ITERATION           1
FlowSolve: -------------------------------------
FlowSolve: 
FlowSolve: Starting Assembly...
FlowSolve: Assembly:
FlowSolve: Assembly done
FlowSolve: Dirichlet conditions done
BiCGStabl:        9 0.7133E-10 0.7133E-10
ComputeChange: NS (ITER=1) (NRM,RELC): ( 0.27499497E-03 0.92937816E-04 ) :: navier-stokes
FlowSolve: iter:    1 Assembly: (s)    0.01    0.01
FlowSolve: iter:    1 Solve:    (s)    0.00    0.00
FlowSolve:  Result Norm     :    2.7499497296748005E-004
FlowSolve:  Relative Change :    9.2937815834297113E-005
ComputeChange: SS (ITER=15) (NRM,RELC): ( 0.27501158E-03 0.32531731E-04 ) :: navier-stokes
SolveEquations: -------------------------------------
SolveEquations:  Coupled system iteration:           16
SolveEquations: -------------------------------------
HeatSolver: ------------------------------------------------
HeatSolver: Solving energy equation for temperature
HeatSolver: Heat solver iteration: 1
IterSolver: "Linear System GCR Restart" not given, setting it to 200
ComputeChange: NS (ITER=1) (NRM,RELC): (  294.97130     0.37201700E-07 ) :: heat equation
ComputeChange: SS (ITER=16) (NRM,RELC): (  294.97131     0.13020647E-07 ) :: heat equation
FlowSolve: 
FlowSolve: 
FlowSolve: -------------------------------------
FlowSolve:  NAVIER-STOKES ITERATION           1
FlowSolve: -------------------------------------
FlowSolve: 
FlowSolve: Starting Assembly...
FlowSolve: Assembly:
FlowSolve: Assembly done
FlowSolve: Dirichlet conditions done
      10 0.8153E-10 0.8153E-10
BiCGStabl:       10 0.8153E-10 0.8153E-10
ComputeChange: NS (ITER=1) (NRM,RELC): ( 0.27501042E-03 0.42330297E-05 ) :: navier-stokes
FlowSolve: iter:    1 Assembly: (s)    0.01    0.01
FlowSolve: iter:    1 Solve:    (s)    0.01    0.01
FlowSolve:  Result Norm     :    2.7501042070921054E-004
FlowSolve:  Relative Change :    4.2330296623950631E-006
ComputeChange: SS (ITER=16) (NRM,RELC): ( 0.27501118E-03 0.14844384E-05 ) :: navier-stokes
SolveEquations: -------------------------------------
SolveEquations:  Coupled system iteration:           17
SolveEquations: -------------------------------------
HeatSolver: ------------------------------------------------
HeatSolver: Solving energy equation for temperature
HeatSolver: Heat solver iteration: 1
IterSolver: "Linear System GCR Restart" not given, setting it to 200
ComputeChange: NS (ITER=1) (NRM,RELC): (  294.97130     0.20535477E-07 ) :: heat equation
ComputeChange: SS (ITER=17) (NRM,RELC): (  294.97130     0.71874444E-08 ) :: heat equation
FlowSolve: 
FlowSolve: 
FlowSolve: -------------------------------------
FlowSolve:  NAVIER-STOKES ITERATION           1
FlowSolve: -------------------------------------
FlowSolve: 
FlowSolve: Starting Assembly...
FlowSolve: Assembly:
FlowSolve: Assembly done
FlowSolve: Dirichlet conditions done
      10 0.5409E-10 0.5409E-10
BiCGStabl:       10 0.5409E-10 0.5409E-10
ComputeChange: NS (ITER=1) (NRM,RELC): ( 0.27502551E-03 0.52105351E-04 ) :: navier-stokes
FlowSolve: iter:    1 Assembly: (s)    0.01    0.01
FlowSolve: iter:    1 Solve:    (s)    0.01    0.01
FlowSolve:  Result Norm     :    2.7502550652878601E-004
FlowSolve:  Relative Change :    5.2105351251310783E-005
ComputeChange: SS (ITER=17) (NRM,RELC): ( 0.27501619E-03 0.18234090E-04 ) :: navier-stokes
SolveEquations: -------------------------------------
SolveEquations:  Coupled system iteration:           18
SolveEquations: -------------------------------------
HeatSolver: ------------------------------------------------
HeatSolver: Solving energy equation for temperature
HeatSolver: Heat solver iteration: 1
IterSolver: "Linear System GCR Restart" not given, setting it to 200
ComputeChange: NS (ITER=1) (NRM,RELC): (  294.97130     0.14085367E-07 ) :: heat equation
ComputeChange: SS (ITER=18) (NRM,RELC): (  294.97130     0.49298940E-08 ) :: heat equation
FlowSolve: 
FlowSolve: 
FlowSolve: -------------------------------------
FlowSolve:  NAVIER-STOKES ITERATION           1
FlowSolve: -------------------------------------
FlowSolve: 
FlowSolve: Starting Assembly...
FlowSolve: Assembly:
FlowSolve: Assembly done
FlowSolve: Dirichlet conditions done
BiCGStabl:       10 0.8609E-10 0.8609E-10
ComputeChange: NS (ITER=1) (NRM,RELC): ( 0.27503886E-03 0.82423192E-04 ) :: navier-stokes
FlowSolve: iter:    1 Assembly: (s)    0.01    0.01
FlowSolve: iter:    1 Solve:    (s)    0.01    0.01
FlowSolve:  Result Norm     :    2.7503885987235216E-004
FlowSolve:  Relative Change :    8.2423192014492190E-005
ComputeChange: SS (ITER=18) (NRM,RELC): ( 0.27502412E-03 0.28845623E-04 ) :: navier-stokes
SolveEquations: -------------------------------------
SolveEquations:  Coupled system iteration:           19
SolveEquations: -------------------------------------
HeatSolver: ------------------------------------------------
HeatSolver: Solving energy equation for temperature
HeatSolver: Heat solver iteration: 1
IterSolver: "Linear System GCR Restart" not given, setting it to 200
ComputeChange: NS (ITER=1) (NRM,RELC): (  294.97130     0.11010889E-07 ) :: heat equation
ComputeChange: SS (ITER=19) (NRM,RELC): (  294.97130     0.38538198E-08 ) :: heat equation
FlowSolve: 
FlowSolve: 
FlowSolve: -------------------------------------
FlowSolve:  NAVIER-STOKES ITERATION           1
FlowSolve: -------------------------------------
FlowSolve: 
FlowSolve: Starting Assembly...
FlowSolve: Assembly:
FlowSolve: Assembly done
FlowSolve: Dirichlet conditions done
BiCGStabl:       10 0.6961E-10 0.6961E-10
ComputeChange: NS (ITER=1) (NRM,RELC): ( 0.27504868E-03 0.89264677E-04 ) :: navier-stokes
FlowSolve: iter:    1 Assembly: (s)    0.01    0.01
FlowSolve: iter:    1 Solve:    (s)    0.01    0.01
FlowSolve:  Result Norm     :    2.7504867538886144E-004
FlowSolve:  Relative Change :    8.9264676968317712E-005
ComputeChange: SS (ITER=19) (NRM,RELC): ( 0.27503272E-03 0.31240717E-04 ) :: navier-stokes
SolveEquations: -------------------------------------
SolveEquations:  Coupled system iteration:           20
SolveEquations: -------------------------------------
HeatSolver: ------------------------------------------------
HeatSolver: Solving energy equation for temperature
HeatSolver: Heat solver iteration: 1
IterSolver: "Linear System GCR Restart" not given, setting it to 200
ComputeChange: NS (ITER=1) (NRM,RELC): (  294.97130     0.95733670E-08 ) :: heat equation
ComputeChange: SS (ITER=20) (NRM,RELC): (  294.97130     0.33506844E-08 ) :: heat equation
FlowSolve: 
FlowSolve: 
FlowSolve: -------------------------------------
FlowSolve:  NAVIER-STOKES ITERATION           1
FlowSolve: -------------------------------------
FlowSolve: 
FlowSolve: Starting Assembly...
FlowSolve: Assembly:
FlowSolve: Assembly done
FlowSolve: Dirichlet conditions done
      10 0.2742E-10 0.2742E-10
BiCGStabl:       10 0.2742E-10 0.2742E-10
ComputeChange: NS (ITER=1) (NRM,RELC): ( 0.27505448E-03 0.79144320E-04 ) :: navier-stokes
FlowSolve: iter:    1 Assembly: (s)    0.01    0.01
FlowSolve: iter:    1 Solve:    (s)    0.01    0.01
FlowSolve:  Result Norm     :    2.7505448457714713E-004
FlowSolve:  Relative Change :    7.9144319840706478E-005
ComputeChange: SS (ITER=20) (NRM,RELC): ( 0.27504033E-03 0.27699262E-04 ) :: navier-stokes
SolveEquations: -------------------------------------
SolveEquations:  Coupled system iteration:           21
SolveEquations: -------------------------------------
HeatSolver: ------------------------------------------------
HeatSolver: Solving energy equation for temperature
HeatSolver: Heat solver iteration: 1
IterSolver: "Linear System GCR Restart" not given, setting it to 200
ComputeChange: NS (ITER=1) (NRM,RELC): (  294.97130     0.89022172E-08 ) :: heat equation
ComputeChange: SS (ITER=21) (NRM,RELC): (  294.97130     0.31157803E-08 ) :: heat equation
FlowSolve: 
FlowSolve: 
FlowSolve: -------------------------------------
FlowSolve:  NAVIER-STOKES ITERATION           1
FlowSolve: -------------------------------------
FlowSolve: 
FlowSolve: Starting Assembly...
FlowSolve: Assembly:
FlowSolve: Assembly done
FlowSolve: Dirichlet conditions done
BiCGStabl:       10 0.7898E-10 0.7898E-10
ComputeChange: NS (ITER=1) (NRM,RELC): ( 0.27505699E-03 0.60561546E-04 ) :: navier-stokes
FlowSolve: iter:    1 Assembly: (s)    0.01    0.01
FlowSolve: iter:    1 Solve:    (s)    0.01    0.01
FlowSolve:  Result Norm     :    2.7505699211948501E-004
FlowSolve:  Relative Change :    6.0561545724944616E-005
ComputeChange: SS (ITER=21) (NRM,RELC): ( 0.27504616E-03 0.21195855E-04 ) :: navier-stokes
SolveEquations: -------------------------------------
SolveEquations:  Coupled system iteration:           22
SolveEquations: -------------------------------------
HeatSolver: ------------------------------------------------
HeatSolver: Solving energy equation for temperature
HeatSolver: Heat solver iteration: 1
IterSolver: "Linear System GCR Restart" not given, setting it to 200
ComputeChange: NS (ITER=1) (NRM,RELC): (  294.97130     0.64633780E-08 ) :: heat equation
ComputeChange: SS (ITER=22) (NRM,RELC): (  294.97130     0.22621853E-08 ) :: heat equation
FlowSolve: 
FlowSolve: 
FlowSolve: -------------------------------------
FlowSolve:  NAVIER-STOKES ITERATION           1
FlowSolve: -------------------------------------
FlowSolve: 
FlowSolve: Starting Assembly...
FlowSolve: Assembly:
FlowSolve: Assembly done
FlowSolve: Dirichlet conditions done
BiCGStabl:        9 0.6290E-10 0.6290E-10
ComputeChange: NS (ITER=1) (NRM,RELC): ( 0.27505575E-03 0.34863453E-04 ) :: navier-stokes
FlowSolve: iter:    1 Assembly: (s)    0.01    0.01
FlowSolve: iter:    1 Solve:    (s)    0.01    0.01
FlowSolve:  Result Norm     :    2.7505575375034861E-004
FlowSolve:  Relative Change :    3.4863452809008931E-005
ComputeChange: SS (ITER=22) (NRM,RELC): ( 0.27504952E-03 0.12201889E-04 ) :: navier-stokes
SolveEquations: -------------------------------------
SolveEquations:  Coupled system iteration:           23
SolveEquations: -------------------------------------
HeatSolver: ------------------------------------------------
HeatSolver: Solving energy equation for temperature
HeatSolver: Heat solver iteration: 1
IterSolver: "Linear System GCR Restart" not given, setting it to 200
ComputeChange: NS (ITER=1) (NRM,RELC): (  294.97130     0.63567658E-08 ) :: heat equation
ComputeChange: SS (ITER=23) (NRM,RELC): (  294.97130     0.22248710E-08 ) :: heat equation
FlowSolve: 
FlowSolve: 
FlowSolve: -------------------------------------
FlowSolve:  NAVIER-STOKES ITERATION           1
FlowSolve: -------------------------------------
FlowSolve: 
FlowSolve: Starting Assembly...
FlowSolve: Assembly:
FlowSolve: Assembly done
FlowSolve: Dirichlet conditions done
BiCGStabl:        9 0.1910E-10 0.1910E-10
ComputeChange: NS (ITER=1) (NRM,RELC): ( 0.27505356E-03 0.14677033E-04 ) :: navier-stokes
FlowSolve: iter:    1 Assembly: (s)    0.01    0.01
FlowSolve: iter:    1 Solve:    (s)    0.01    0.01
FlowSolve:  Result Norm     :    2.7505355756805519E-004
FlowSolve:  Relative Change :    1.4677033099499358E-005
ComputeChange: SS (ITER=23) (NRM,RELC): ( 0.27505093E-03 0.51368392E-05 ) :: navier-stokes
SolveEquations: -------------------------------------
SolveEquations:  Coupled system iteration:           24
SolveEquations: -------------------------------------
HeatSolver: ------------------------------------------------
HeatSolver: Solving energy equation for temperature
HeatSolver: Heat solver iteration: 1
IterSolver: "Linear System GCR Restart" not given, setting it to 200
ComputeChange: NS (ITER=1) (NRM,RELC): (  294.97130     0.51967312E-08 ) :: heat equation
ComputeChange: SS (ITER=24) (NRM,RELC): (  294.97130     0.18188577E-08 ) :: heat equation
FlowSolve: 
FlowSolve: 
FlowSolve: -------------------------------------
FlowSolve:  NAVIER-STOKES ITERATION           1
FlowSolve: -------------------------------------
FlowSolve: 
FlowSolve: Starting Assembly...
FlowSolve: Assembly:
FlowSolve: Assembly done
FlowSolve: Dirichlet conditions done
BiCGStabl:        9 0.7859E-10 0.7859E-10
ComputeChange: NS (ITER=1) (NRM,RELC): ( 0.27504970E-03 0.44887821E-05 ) :: navier-stokes
FlowSolve: iter:    1 Assembly: (s)    0.01    0.01
FlowSolve: iter:    1 Solve:    (s)    0.00    0.00
FlowSolve:  Result Norm     :    2.7504969887535660E-004
FlowSolve:  Relative Change :    4.4887821492343847E-006
ComputeChange: SS (ITER=24) (NRM,RELC): ( 0.27505050E-03 0.15711115E-05 ) :: navier-stokes
SolveEquations: -------------------------------------
SolveEquations:  Coupled system iteration:           25
SolveEquations: -------------------------------------
HeatSolver: ------------------------------------------------
HeatSolver: Solving energy equation for temperature
HeatSolver: Heat solver iteration: 1
IterSolver: "Linear System GCR Restart" not given, setting it to 200
ComputeChange: NS (ITER=1) (NRM,RELC): (  294.97130     0.49659108E-08 ) :: heat equation
ComputeChange: SS (ITER=25) (NRM,RELC): (  294.97130     0.17380699E-08 ) :: heat equation
FlowSolve: 
FlowSolve: 
FlowSolve: -------------------------------------
FlowSolve:  NAVIER-STOKES ITERATION           1
FlowSolve: -------------------------------------
FlowSolve: 
FlowSolve: Starting Assembly...
FlowSolve: Assembly:
FlowSolve: Assembly done
FlowSolve: Dirichlet conditions done
BiCGStabl:       10 0.7577E-10 0.7577E-10
ComputeChange: NS (ITER=1) (NRM,RELC): ( 0.27504687E-03 0.13200247E-04 ) :: navier-stokes
FlowSolve: iter:    1 Assembly: (s)    0.01    0.01
FlowSolve: iter:    1 Solve:    (s)    0.01    0.01
FlowSolve:  Result Norm     :    2.7504687067044084E-004
FlowSolve:  Relative Change :    1.3200246733186197E-005
ComputeChange: SS (ITER=25) (NRM,RELC): ( 0.27504923E-03 0.46200970E-05 ) :: navier-stokes
SolveEquations: -------------------------------------
SolveEquations:  Coupled system iteration:           26
SolveEquations: -------------------------------------
HeatSolver: ------------------------------------------------
HeatSolver: Solving energy equation for temperature
HeatSolver: Heat solver iteration: 1
IterSolver: "Linear System GCR Restart" not given, setting it to 200
ComputeChange: NS (ITER=1) (NRM,RELC): (  294.97129     0.44281260E-08 ) :: heat equation
ComputeChange: SS (ITER=26) (NRM,RELC): (  294.97130     0.15498446E-08 ) :: heat equation
FlowSolve: 
FlowSolve: 
FlowSolve: -------------------------------------
FlowSolve:  NAVIER-STOKES ITERATION           1
FlowSolve: -------------------------------------
FlowSolve: 
FlowSolve: Starting Assembly...
FlowSolve: Assembly:
FlowSolve: Assembly done
FlowSolve: Dirichlet conditions done
BiCGStabl:        9 0.2632E-10 0.2632E-10
ComputeChange: NS (ITER=1) (NRM,RELC): ( 0.27504470E-03 0.16468015E-04 ) :: navier-stokes
FlowSolve: iter:    1 Assembly: (s)    0.01    0.01
FlowSolve: iter:    1 Solve:    (s)    0.01    0.01
FlowSolve:  Result Norm     :    2.7504470114639084E-004
FlowSolve:  Relative Change :    1.6468014818849820E-005
ComputeChange: SS (ITER=26) (NRM,RELC): ( 0.27504765E-03 0.57638091E-05 ) :: navier-stokes
SolveEquations: -------------------------------------
SolveEquations:  Coupled system iteration:           27
SolveEquations: -------------------------------------
HeatSolver: ------------------------------------------------
HeatSolver: Solving energy equation for temperature
HeatSolver: Heat solver iteration: 1
IterSolver: "Linear System GCR Restart" not given, setting it to 200
ComputeChange: NS (ITER=1) (NRM,RELC): (  294.97129     0.31497839E-08 ) :: heat equation
ComputeChange: SS (ITER=27) (NRM,RELC): (  294.97130     0.11024245E-08 ) :: heat equation
FlowSolve: 
FlowSolve: 
FlowSolve: -------------------------------------
FlowSolve:  NAVIER-STOKES ITERATION           1
FlowSolve: -------------------------------------
FlowSolve: 
FlowSolve: Starting Assembly...
FlowSolve: Assembly:
FlowSolve: Assembly done
FlowSolve: Dirichlet conditions done
BiCGStabl:        9 0.1905E-10 0.1905E-10
ComputeChange: NS (ITER=1) (NRM,RELC): ( 0.27504361E-03 0.14656300E-04 ) :: navier-stokes
FlowSolve: iter:    1 Assembly: (s)    0.01    0.01
FlowSolve: iter:    1 Solve:    (s)    0.00    0.00
FlowSolve:  Result Norm     :    2.7504361414599365E-004
FlowSolve:  Relative Change :    1.4656299794051969E-005
ComputeChange: SS (ITER=27) (NRM,RELC): ( 0.27504623E-03 0.51297087E-05 ) :: navier-stokes
SolveEquations: -------------------------------------
SolveEquations:  Coupled system iteration:           28
SolveEquations: -------------------------------------
HeatSolver: ------------------------------------------------
HeatSolver: Solving energy equation for temperature
HeatSolver: Heat solver iteration: 1
IterSolver: "Linear System GCR Restart" not given, setting it to 200
ComputeChange: NS (ITER=1) (NRM,RELC): (  294.97129     0.26569989E-08 ) :: heat equation
ComputeChange: SS (ITER=28) (NRM,RELC): (  294.97130     0.92995036E-09 ) :: heat equation
FlowSolve: 
FlowSolve: 
FlowSolve: -------------------------------------
FlowSolve:  NAVIER-STOKES ITERATION           1
FlowSolve: -------------------------------------
FlowSolve: 
FlowSolve: Starting Assembly...
FlowSolve: Assembly:
FlowSolve: Assembly done
FlowSolve: Dirichlet conditions done
BiCGStabl:        9 0.1942E-10 0.1942E-10
ComputeChange: NS (ITER=1) (NRM,RELC): ( 0.27504354E-03 0.97787409E-05 ) :: navier-stokes
FlowSolve: iter:    1 Assembly: (s)    0.01    0.01
FlowSolve: iter:    1 Solve:    (s)    0.00    0.00
FlowSolve:  Result Norm     :    2.7504354479379709E-004
FlowSolve:  Relative Change :    9.7787409077872201E-006
ComputeChange: SS (ITER=28) (NRM,RELC): ( 0.27504529E-03 0.34225668E-05 ) :: navier-stokes
SolveEquations: -------------------------------------
SolveEquations:  Coupled system iteration:           29
SolveEquations: -------------------------------------
HeatSolver: ------------------------------------------------
HeatSolver: Solving energy equation for temperature
HeatSolver: Heat solver iteration: 1
IterSolver: "Linear System GCR Restart" not given, setting it to 200
ComputeChange: NS (ITER=1) (NRM,RELC): (  294.97129     0.13737468E-08 ) :: heat equation
ComputeChange: SS (ITER=29) (NRM,RELC): (  294.97129     0.48081089E-09 ) :: heat equation
FlowSolve: 
FlowSolve: 
FlowSolve: -------------------------------------
FlowSolve:  NAVIER-STOKES ITERATION           1
FlowSolve: -------------------------------------
FlowSolve: 
FlowSolve: Starting Assembly...
FlowSolve: Assembly:
FlowSolve: Assembly done
FlowSolve: Dirichlet conditions done
BiCGStabl:        8 0.5002E-10 0.5002E-10
ComputeChange: NS (ITER=1) (NRM,RELC): ( 0.27504368E-03 0.58789600E-05 ) :: navier-stokes
FlowSolve: iter:    1 Assembly: (s)    0.01    0.01
FlowSolve: iter:    1 Solve:    (s)    0.00    0.00
FlowSolve:  Result Norm     :    2.7504367604847603E-004
FlowSolve:  Relative Change :    5.8789600181892767E-006
ComputeChange: SS (ITER=29) (NRM,RELC): ( 0.27504473E-03 0.20576437E-05 ) :: navier-stokes
SolveEquations: -------------------------------------
SolveEquations:  Coupled system iteration:           30
SolveEquations: -------------------------------------
HeatSolver: ------------------------------------------------
HeatSolver: Solving energy equation for temperature
HeatSolver: Heat solver iteration: 1
IterSolver: "Linear System GCR Restart" not given, setting it to 200
ComputeChange: NS (ITER=1) (NRM,RELC): (  294.97129     0.12419804E-08 ) :: heat equation
ComputeChange: SS (ITER=30) (NRM,RELC): (  294.97129     0.43469367E-09 ) :: heat equation
FlowSolve: 
FlowSolve: 
FlowSolve: -------------------------------------
FlowSolve:  NAVIER-STOKES ITERATION           1
FlowSolve: -------------------------------------
FlowSolve: 
FlowSolve: Starting Assembly...
FlowSolve: Assembly:
FlowSolve: Assembly done
FlowSolve: Dirichlet conditions done
BiCGStabl:        9 0.5241E-10 0.5241E-10
ComputeChange: NS (ITER=1) (NRM,RELC): ( 0.27504416E-03 0.20463398E-05 ) :: navier-stokes
FlowSolve: iter:    1 Assembly: (s)    0.01    0.01
FlowSolve: iter:    1 Solve:    (s)    0.00    0.00
FlowSolve:  Result Norm     :    2.7504416424498117E-004
FlowSolve:  Relative Change :    2.0463397811665944E-006
ComputeChange: SS (ITER=30) (NRM,RELC): ( 0.27504453E-03 0.71622613E-06 ) :: navier-stokes
SolveEquations: -------------------------------------
SolveEquations:  Coupled system iteration:           31
SolveEquations: -------------------------------------
HeatSolver: ------------------------------------------------
HeatSolver: Solving energy equation for temperature
HeatSolver: Heat solver iteration: 1
IterSolver: "Linear System GCR Restart" not given, setting it to 200
ComputeChange: NS (ITER=1) (NRM,RELC): (  294.97129     0.10616881E-08 ) :: heat equation
ComputeChange: SS (ITER=31) (NRM,RELC): (  294.97129     0.37159037E-09 ) :: heat equation
FlowSolve: 
FlowSolve: 
FlowSolve: -------------------------------------
FlowSolve:  NAVIER-STOKES ITERATION           1
FlowSolve: -------------------------------------
FlowSolve: 
FlowSolve: Starting Assembly...
FlowSolve: Assembly:
FlowSolve: Assembly done
FlowSolve: Dirichlet conditions done
BiCGStabl:        8 0.5544E-10 0.5544E-10
ComputeChange: NS (ITER=1) (NRM,RELC): ( 0.27504486E-03 0.12027300E-05 ) :: navier-stokes
FlowSolve: iter:    1 Assembly: (s)    0.01    0.01
FlowSolve: iter:    1 Solve:    (s)    0.00    0.00
FlowSolve:  Result Norm     :    2.7504486088972382E-004
FlowSolve:  Relative Change :    1.2027299817199191E-006
ComputeChange: SS (ITER=31) (NRM,RELC): ( 0.27504465E-03 0.42094995E-06 ) :: navier-stokes
SolveEquations: -------------------------------------
SolveEquations:  Coupled system iteration:           32
SolveEquations: -------------------------------------
HeatSolver: ------------------------------------------------
HeatSolver: Solving energy equation for temperature
HeatSolver: Heat solver iteration: 1
IterSolver: "Linear System GCR Restart" not given, setting it to 200
ComputeChange: NS (ITER=1) (NRM,RELC): (  294.97129      0.0000000     ) :: heat equation
ComputeChange: SS (ITER=32) (NRM,RELC): (  294.97129      0.0000000     ) :: heat equation
FlowSolve: 
FlowSolve: 
FlowSolve: -------------------------------------
FlowSolve:  NAVIER-STOKES ITERATION           1
FlowSolve: -------------------------------------
FlowSolve: 
FlowSolve: Starting Assembly...
FlowSolve: Assembly:
FlowSolve: Assembly done
FlowSolve: Dirichlet conditions done
BiCGStabl:        8 0.4186E-10 0.4186E-10
ComputeChange: NS (ITER=1) (NRM,RELC): ( 0.27504490E-03 0.90785543E-06 ) :: navier-stokes
FlowSolve: iter:    1 Assembly: (s)    0.01    0.01
FlowSolve: iter:    1 Solve:    (s)    0.00    0.00
FlowSolve:  Result Norm     :    2.7504489556611688E-004
FlowSolve:  Relative Change :    9.0785543359732957E-007
ComputeChange: SS (ITER=32) (NRM,RELC): ( 0.27504473E-03 0.31774624E-06 ) :: navier-stokes
SolveEquations: -------------------------------------
SolveEquations:  Coupled system iteration:           33
SolveEquations: -------------------------------------
HeatSolver: ------------------------------------------------
HeatSolver: Solving energy equation for temperature
HeatSolver: Heat solver iteration: 1
IterSolver: "Linear System GCR Restart" not given, setting it to 200
ComputeChange: NS (ITER=1) (NRM,RELC): (  294.97129      0.0000000     ) :: heat equation
ComputeChange: SS (ITER=33) (NRM,RELC): (  294.97129      0.0000000     ) :: heat equation
FlowSolve: 
FlowSolve: 
FlowSolve: -------------------------------------
FlowSolve:  NAVIER-STOKES ITERATION           1
FlowSolve: -------------------------------------
FlowSolve: 
FlowSolve: Starting Assembly...
FlowSolve: Assembly:
FlowSolve: Assembly done
FlowSolve: Dirichlet conditions done
BiCGStabl:        8 0.3160E-10 0.3160E-10
ComputeChange: NS (ITER=1) (NRM,RELC): ( 0.27504492E-03 0.68527396E-06 ) :: navier-stokes
FlowSolve: iter:    1 Assembly: (s)    0.01    0.01
FlowSolve: iter:    1 Solve:    (s)    0.00    0.00
FlowSolve:  Result Norm     :    2.7504492174070281E-004
FlowSolve:  Relative Change :    6.8527396456176403E-007
ComputeChange: SS (ITER=33) (NRM,RELC): ( 0.27504480E-03 0.23984409E-06 ) :: navier-stokes
SolveEquations: -------------------------------------
SolveEquations:  Coupled system iteration:           34
SolveEquations: -------------------------------------
HeatSolver: ------------------------------------------------
HeatSolver: Solving energy equation for temperature
HeatSolver: Heat solver iteration: 1
IterSolver: "Linear System GCR Restart" not given, setting it to 200
ComputeChange: NS (ITER=1) (NRM,RELC): (  294.97129      0.0000000     ) :: heat equation
ComputeChange: SS (ITER=34) (NRM,RELC): (  294.97129      0.0000000     ) :: heat equation
FlowSolve: 
FlowSolve: 
FlowSolve: -------------------------------------
FlowSolve:  NAVIER-STOKES ITERATION           1
FlowSolve: -------------------------------------
FlowSolve: 
FlowSolve: Starting Assembly...
FlowSolve: Assembly:
FlowSolve: Assembly done
FlowSolve: Dirichlet conditions done
BiCGStabl:        8 0.8508E-10 0.8508E-10
ComputeChange: NS (ITER=1) (NRM,RELC): ( 0.27504494E-03 0.51726224E-06 ) :: navier-stokes
FlowSolve: iter:    1 Assembly: (s)    0.01    0.01
FlowSolve: iter:    1 Solve:    (s)    0.00    0.00
FlowSolve:  Result Norm     :    2.7504494149783082E-004
FlowSolve:  Relative Change :    5.1726224368796275E-007
ComputeChange: SS (ITER=34) (NRM,RELC): ( 0.27504485E-03 0.18104076E-06 ) :: navier-stokes
SolveEquations: -------------------------------------
SolveEquations:  Coupled system iteration:           35
SolveEquations: -------------------------------------
HeatSolver: ------------------------------------------------
HeatSolver: Solving energy equation for temperature
HeatSolver: Heat solver iteration: 1
IterSolver: "Linear System GCR Restart" not given, setting it to 200
ComputeChange: NS (ITER=1) (NRM,RELC): (  294.97129     0.45302312E-09 ) :: heat equation
ComputeChange: SS (ITER=35) (NRM,RELC): (  294.97129     0.15855789E-09 ) :: heat equation
FlowSolve: 
FlowSolve: 
FlowSolve: -------------------------------------
FlowSolve:  NAVIER-STOKES ITERATION           1
FlowSolve: -------------------------------------
FlowSolve: 
FlowSolve: Starting Assembly...
FlowSolve: Assembly:
FlowSolve: Assembly done
FlowSolve: Dirichlet conditions done
BiCGStabl:        8 0.6271E-10 0.6271E-10
ComputeChange: NS (ITER=1) (NRM,RELC): ( 0.27504538E-03 0.19281655E-05 ) :: navier-stokes
FlowSolve: iter:    1 Assembly: (s)    0.01    0.01
FlowSolve: iter:    1 Solve:    (s)    0.00    0.00
FlowSolve:  Result Norm     :    2.7504537935433009E-004
FlowSolve:  Relative Change :    1.9281655089278495E-006
ComputeChange: SS (ITER=35) (NRM,RELC): ( 0.27504503E-03 0.67485779E-06 ) :: navier-stokes
SolveEquations: -------------------------------------
SolveEquations:  Coupled system iteration:           36
SolveEquations: -------------------------------------
HeatSolver: ------------------------------------------------
HeatSolver: Solving energy equation for temperature
HeatSolver: Heat solver iteration: 1
IterSolver: "Linear System GCR Restart" not given, setting it to 200
ComputeChange: NS (ITER=1) (NRM,RELC): (  294.97129     0.19270831E-15 ) :: heat equation
ComputeChange: SS (ITER=36) (NRM,RELC): (  294.97129      0.0000000     ) :: heat equation
FlowSolve: 
FlowSolve: 
FlowSolve: -------------------------------------
FlowSolve:  NAVIER-STOKES ITERATION           1
FlowSolve: -------------------------------------
FlowSolve: 
FlowSolve: Starting Assembly...
FlowSolve: Assembly:
FlowSolve: Assembly done
FlowSolve: Dirichlet conditions done
BiCGStabl:        8 0.9376E-10 0.9376E-10
ComputeChange: NS (ITER=1) (NRM,RELC): ( 0.27504544E-03 0.14558587E-05 ) :: navier-stokes
FlowSolve: iter:    1 Assembly: (s)    0.01    0.01
FlowSolve: iter:    1 Solve:    (s)    0.00    0.00
FlowSolve:  Result Norm     :    2.7504543506505513E-004
FlowSolve:  Relative Change :    1.4558587332554364E-006
ComputeChange: SS (ITER=36) (NRM,RELC): ( 0.27504517E-03 0.50955048E-06 ) :: navier-stokes
SolveEquations: -------------------------------------
SolveEquations:  Coupled system iteration:           37
SolveEquations: -------------------------------------
HeatSolver: ------------------------------------------------
HeatSolver: Solving energy equation for temperature
HeatSolver: Heat solver iteration: 1
IterSolver: "Linear System GCR Restart" not given, setting it to 200
ComputeChange: NS (ITER=1) (NRM,RELC): (  294.97129      0.0000000     ) :: heat equation
ComputeChange: SS (ITER=37) (NRM,RELC): (  294.97129      0.0000000     ) :: heat equation
FlowSolve: 
FlowSolve: 
FlowSolve: -------------------------------------
FlowSolve:  NAVIER-STOKES ITERATION           1
FlowSolve: -------------------------------------
FlowSolve: 
FlowSolve: Starting Assembly...
FlowSolve: Assembly:
FlowSolve: Assembly done
FlowSolve: Dirichlet conditions done
BiCGStabl:        8 0.7080E-10 0.7080E-10
ComputeChange: NS (ITER=1) (NRM,RELC): ( 0.27504548E-03 0.10991328E-05 ) :: navier-stokes
FlowSolve: iter:    1 Assembly: (s)    0.01    0.01
FlowSolve: iter:    1 Solve:    (s)    0.00    0.00
FlowSolve:  Result Norm     :    2.7504547709874546E-004
FlowSolve:  Relative Change :    1.0991327798234367E-006
ComputeChange: SS (ITER=37) (NRM,RELC): ( 0.27504528E-03 0.38469643E-06 ) :: navier-stokes
SolveEquations: -------------------------------------
SolveEquations:  Coupled system iteration:           38
SolveEquations: -------------------------------------
HeatSolver: ------------------------------------------------
HeatSolver: Solving energy equation for temperature
HeatSolver: Heat solver iteration: 1
IterSolver: "Linear System GCR Restart" not given, setting it to 200
ComputeChange: NS (ITER=1) (NRM,RELC): (  294.97129      0.0000000     ) :: heat equation
ComputeChange: SS (ITER=38) (NRM,RELC): (  294.97129      0.0000000     ) :: heat equation
FlowSolve: 
FlowSolve: 
FlowSolve: -------------------------------------
FlowSolve:  NAVIER-STOKES ITERATION           1
FlowSolve: -------------------------------------
FlowSolve: 
FlowSolve: Starting Assembly...
FlowSolve: Assembly:
FlowSolve: Assembly done
FlowSolve: Dirichlet conditions done
BiCGStabl:        7 0.9553E-10 0.9553E-10
ComputeChange: NS (ITER=1) (NRM,RELC): ( 0.27504551E-03 0.82996173E-06 ) :: navier-stokes
FlowSolve: iter:    1 Assembly: (s)    0.01    0.01
FlowSolve: iter:    1 Solve:    (s)    0.00    0.00
FlowSolve:  Result Norm     :    2.7504550887347945E-004
FlowSolve:  Relative Change :    8.2996172936367368E-007
ComputeChange: SS (ITER=38) (NRM,RELC): ( 0.27504536E-03 0.29048658E-06 ) :: navier-stokes
SolveEquations: -------------------------------------
SolveEquations:  Coupled system iteration:           39
SolveEquations: -------------------------------------
HeatSolver: ------------------------------------------------
HeatSolver: Solving energy equation for temperature
HeatSolver: Heat solver iteration: 1
IterSolver: "Linear System GCR Restart" not given, setting it to 200
ComputeChange: NS (ITER=1) (NRM,RELC): (  294.97129     0.19270831E-15 ) :: heat equation
ComputeChange: SS (ITER=39) (NRM,RELC): (  294.97129      0.0000000     ) :: heat equation
FlowSolve: 
FlowSolve: 
FlowSolve: -------------------------------------
FlowSolve:  NAVIER-STOKES ITERATION           1
FlowSolve: -------------------------------------
FlowSolve: 
FlowSolve: Starting Assembly...
FlowSolve: Assembly:
FlowSolve: Assembly done
FlowSolve: Dirichlet conditions done
BiCGStabl:        7 0.7218E-10 0.7218E-10
ComputeChange: NS (ITER=1) (NRM,RELC): ( 0.27504553E-03 0.62656192E-06 ) :: navier-stokes
FlowSolve: iter:    1 Assembly: (s)    0.01    0.01
FlowSolve: iter:    1 Solve:    (s)    0.00    0.00
FlowSolve:  Result Norm     :    2.7504553282630469E-004
FlowSolve:  Relative Change :    6.2656191734003077E-007
ComputeChange: SS (ITER=39) (NRM,RELC): ( 0.27504542E-03 0.21929666E-06 ) :: navier-stokes
SolveEquations: -------------------------------------
SolveEquations:  Coupled system iteration:           40
SolveEquations: -------------------------------------
HeatSolver: ------------------------------------------------
HeatSolver: Solving energy equation for temperature
HeatSolver: Heat solver iteration: 1
IterSolver: "Linear System GCR Restart" not given, setting it to 200
ComputeChange: NS (ITER=1) (NRM,RELC): (  294.97129     0.19270831E-15 ) :: heat equation
ComputeChange: SS (ITER=40) (NRM,RELC): (  294.97129      0.0000000     ) :: heat equation
FlowSolve: 
FlowSolve: 
FlowSolve: -------------------------------------
FlowSolve:  NAVIER-STOKES ITERATION           1
FlowSolve: -------------------------------------
FlowSolve: 
FlowSolve: Starting Assembly...
FlowSolve: Assembly:
FlowSolve: Assembly done
FlowSolve: Dirichlet conditions done
BiCGStabl:        7 0.5453E-10 0.5453E-10
ComputeChange: NS (ITER=1) (NRM,RELC): ( 0.27504555E-03 0.47300953E-06 ) :: navier-stokes
FlowSolve: iter:    1 Assembly: (s)    0.01    0.01
FlowSolve: iter:    1 Solve:    (s)    0.00    0.00
FlowSolve:  Result Norm     :    2.7504555090897390E-004
FlowSolve:  Relative Change :    4.7300953455090332E-007
ComputeChange: SS (ITER=40) (NRM,RELC): ( 0.27504547E-03 0.16555333E-06 ) :: navier-stokes
SolveEquations: -------------------------------------
SolveEquations:  Coupled system iteration:           41
SolveEquations: -------------------------------------
HeatSolver: ------------------------------------------------
HeatSolver: Solving energy equation for temperature
HeatSolver: Heat solver iteration: 1
IterSolver: "Linear System GCR Restart" not given, setting it to 200
ComputeChange: NS (ITER=1) (NRM,RELC): (  294.97129     0.19270831E-15 ) :: heat equation
ComputeChange: SS (ITER=41) (NRM,RELC): (  294.97129      0.0000000     ) :: heat equation
FlowSolve: 
FlowSolve: 
FlowSolve: -------------------------------------
FlowSolve:  NAVIER-STOKES ITERATION           1
FlowSolve: -------------------------------------
FlowSolve: 
FlowSolve: Starting Assembly...
FlowSolve: Assembly:
FlowSolve: Assembly done
FlowSolve: Dirichlet conditions done
BiCGStabl:        7 0.4120E-10 0.4120E-10
ComputeChange: NS (ITER=1) (NRM,RELC): ( 0.27504556E-03 0.35708842E-06 ) :: navier-stokes
FlowSolve: iter:    1 Assembly: (s)    0.01    0.01
FlowSolve: iter:    1 Solve:    (s)    0.00    0.00
FlowSolve:  Result Norm     :    2.7504556456009325E-004
FlowSolve:  Relative Change :    3.5708841725470313E-007
ComputeChange: SS (ITER=41) (NRM,RELC): ( 0.27504550E-03 0.12498094E-06 ) :: navier-stokes
SolveEquations: -------------------------------------
SolveEquations:  Coupled system iteration:           42
SolveEquations: -------------------------------------
HeatSolver: ------------------------------------------------
HeatSolver: Solving energy equation for temperature
HeatSolver: Heat solver iteration: 1
IterSolver: "Linear System GCR Restart" not given, setting it to 200
ComputeChange: NS (ITER=1) (NRM,RELC): (  294.97129     0.19270831E-15 ) :: heat equation
ComputeChange: SS (ITER=42) (NRM,RELC): (  294.97129      0.0000000     ) :: heat equation
FlowSolve: 
FlowSolve: 
FlowSolve: -------------------------------------
FlowSolve:  NAVIER-STOKES ITERATION           1
FlowSolve: -------------------------------------
FlowSolve: 
FlowSolve: Starting Assembly...
FlowSolve: Assembly:
FlowSolve: Assembly done
FlowSolve: Dirichlet conditions done
BiCGStabl:        7 0.3113E-10 0.3113E-10
ComputeChange: NS (ITER=1) (NRM,RELC): ( 0.27504557E-03 0.26957624E-06 ) :: navier-stokes
FlowSolve: iter:    1 Assembly: (s)    0.01    0.01
FlowSolve: iter:    1 Solve:    (s)    0.00    0.00
FlowSolve:  Result Norm     :    2.7504557486571012E-004
FlowSolve:  Relative Change :    2.6957623780963847E-007
ComputeChange: SS (ITER=42) (NRM,RELC): ( 0.27504553E-03 0.94351680E-07 ) :: navier-stokes
ResultOutputSolver: -------------------------------------
ResultOutputSolver: Saving with prefix: case
CreateListForSaving: Field Variables for Saving
ResultOutputSolver: Saving in unstructured VTK XML (.vtu) format
VtuOutputSolver: Saving results in VTK XML format with prefix: case
VtuOutputSolver: Saving number of partitions: 1
ResultOutputSolver: -------------------------------------
MAIN: *** Elmer Solver: ALL DONE ***
MAIN: The end
SOLVER TOTAL TIME(CPU,REAL):         2.95        3.70
ELMER SOLVER FINISHED AT: 2026/09/30 21:23:00
