ELMER SOLVER (v 26.2) STARTED AT: 2026/09/30 21:22:56
 Started inside library code
 Going parallel initialization
ParCommInit: Initialize #PEs: 1
 Back from parallel initialization
MAIN: 
MAIN: =============================================================
MAIN: ElmerSolver finite element software, Welcome!
MAIN: This program is free software licensed under (L)GPL
MAIN: Copyright April 1st 1995 -> , CSC - IT Center for Science Ltd.
MAIN: Repository https://www.github.org/elmerCSC/elmerfem
MAIN: Homepage https://www.elmerfem.org/,  Email elmeradm@csc.fi
MAIN: Version: 26.2-devel (Rev: 4b49ea6, Compiled: 2026-09-30)
MAIN:  Running one task without MPI parallelization.
MAIN:  Running with just one thread per task.
MAIN: =============================================================
MAIN: 
MAIN: 
MAIN: -------------------------------------
MAIN: Reading Model: case.sif
LoadInputFile: Scanning input file: case.sif
LoadInputFile: Scanning only size info
LoadInputFile: First time visiting
LoadInputFile: Reading base load of sif file
LoadInputFile: Loading input file: case.sif
LoadInputFile: Reading base load of sif file
LoadInputFile: Number of BCs: 4
LoadInputFile: Number of Body Forces: 1
LoadInputFile: Number of Initial Conditions: 1
LoadInputFile: Number of Materials: 1
LoadInputFile: Number of Equations: 1
LoadInputFile: Number of Solvers: 2
LoadInputFile: Number of Bodies: 1
ElmerMeshReader: Base mesh name: ./square
PrepareMesh: Preparing mesh for the future
LoadMesh: Elapsed REAL time:     0.0032 (s)
MAIN: -------------------------------------
AddVtuOutputSolverHack: Adding ResultOutputSolver to write VTU output in file: case
OptimizeBandwidth: Initial bandwidth for heat equation: 31
OptimizeBandwidth: Optimized bandwidth for heat equation: 58
OptimizeBandwidth: Bandwidth optimization rejected, using original ordering.
OptimizeBandwidth: Initial bandwidth for navier-stokes: 31
OptimizeBandwidth: Optimized bandwidth for navier-stokes: 58
OptimizeBandwidth: Bandwidth optimization rejected, using original ordering.
MAIN: Number of timesteps to be saved: 1
MAIN: 
MAIN: -------------------------------------
MAIN: Time: 1/3:   1.000E+02
MAIN: -------------------------------------
MAIN: 
SolveEquations: -------------------------------------
SolveEquations:  Coupled system iteration:            1
SolveEquations: -------------------------------------
HeatSolver: ------------------------------------------------
HeatSolver: Solving energy equation for temperature
HeatSolver: Heat solver iteration: 1
IterSolver: "Linear System GCR Restart" not given, setting it to 200
   gcr:    10  0.5410E-06  0.1222E-05
ComputeChange: NS (ITER=1) (NRM,RELC): (  295.00152      2.0000000     ) :: heat equation
ComputeChange: SS (ITER=1) (NRM,RELC): (  295.00051      2.0000000     ) :: heat equation
FlowSolve: 
FlowSolve: 
FlowSolve: -------------------------------------
FlowSolve:  NAVIER-STOKES ITERATION           1
FlowSolve: -------------------------------------
FlowSolve: 
FlowSolve: Starting Assembly...
FlowSolve: Assembly:
FlowSolve: Assembly done
FlowSolve: Dirichlet conditions done
      10 0.5847E-07 0.5847E-07
BiCGStabl:       14 0.3123E-10 0.3123E-10
ComputeChange: NS (ITER=1) (NRM,RELC): ( 0.14444375E-03  2.0000000     ) :: navier-stokes
FlowSolve: iter:    1 Assembly: (s)    0.01    0.01
FlowSolve: iter:    1 Solve:    (s)    0.01    0.01
FlowSolve:  Result Norm     :    1.4444374850183396E-004
FlowSolve:  Relative Change :    2.0000000000000000
ComputeChange: SS (ITER=1) (NRM,RELC): ( 0.28888710E-04  2.0000000     ) :: navier-stokes
SolveEquations: -------------------------------------
SolveEquations:  Coupled system iteration:            2
SolveEquations: -------------------------------------
HeatSolver: ------------------------------------------------
HeatSolver: Solving energy equation for temperature
HeatSolver: Heat solver iteration: 1
IterSolver: "Linear System GCR Restart" not given, setting it to 200
   gcr:    10  0.7419E-06  0.2008E-05
ComputeChange: NS (ITER=1) (NRM,RELC): (  295.00770     0.24376425E-04 ) :: heat equation
ComputeChange: SS (ITER=2) (NRM,RELC): (  295.00182     0.44540858E-05 ) :: heat equation
FlowSolve: 
FlowSolve: 
FlowSolve: -------------------------------------
FlowSolve:  NAVIER-STOKES ITERATION           1
FlowSolve: -------------------------------------
FlowSolve: 
FlowSolve: Starting Assembly...
FlowSolve: Assembly:
FlowSolve: Assembly done
FlowSolve: Dirichlet conditions done
      10 0.1286E-06 0.1286E-06
BiCGStabl:       13 0.7208E-10 0.7208E-10
ComputeChange: NS (ITER=1) (NRM,RELC): ( 0.26340195E-03  1.6046578     ) :: navier-stokes
FlowSolve: iter:    1 Assembly: (s)    0.01    0.01
FlowSolve: iter:    1 Solve:    (s)    0.01    0.01
FlowSolve:  Result Norm     :    2.6340195147694771E-004
FlowSolve:  Relative Change :    1.6046577812704681
ComputeChange: SS (ITER=2) (NRM,RELC): ( 0.75786380E-04 0.89606172     ) :: navier-stokes
SolveEquations: -------------------------------------
SolveEquations:  Coupled system iteration:            3
SolveEquations: -------------------------------------
HeatSolver: ------------------------------------------------
HeatSolver: Solving energy equation for temperature
HeatSolver: Heat solver iteration: 1
IterSolver: "Linear System GCR Restart" not given, setting it to 200
   gcr:    10  0.1630E-05  0.3135E-05
ComputeChange: NS (ITER=1) (NRM,RELC): (  295.00696     0.17422311E-04 ) :: heat equation
ComputeChange: SS (ITER=3) (NRM,RELC): (  295.00276     0.31924257E-05 ) :: heat equation
FlowSolve: 
FlowSolve: 
FlowSolve: -------------------------------------
FlowSolve:  NAVIER-STOKES ITERATION           1
FlowSolve: -------------------------------------
FlowSolve: 
FlowSolve: Starting Assembly...
FlowSolve: Assembly:
FlowSolve: Assembly done
FlowSolve: Dirichlet conditions done
      10 0.5998E-07 0.5998E-07
BiCGStabl:       13 0.4170E-10 0.4170E-10
ComputeChange: NS (ITER=1) (NRM,RELC): ( 0.33783309E-03  1.2670908     ) :: navier-stokes
FlowSolve: iter:    1 Assembly: (s)    0.01    0.01
FlowSolve: iter:    1 Solve:    (s)    0.01    0.01
FlowSolve:  Result Norm     :    3.3783309147755985E-004
FlowSolve:  Relative Change :    1.2670907921340653
ComputeChange: SS (ITER=3) (NRM,RELC): ( 0.12817320E-03 0.51369803     ) :: navier-stokes
SolveEquations: -------------------------------------
SolveEquations:  Coupled system iteration:            4
SolveEquations: -------------------------------------
HeatSolver: ------------------------------------------------
HeatSolver: Solving energy equation for temperature
HeatSolver: Heat solver iteration: 1
IterSolver: "Linear System GCR Restart" not given, setting it to 200
   gcr:    10  0.2254E-05  0.3921E-05
ComputeChange: NS (ITER=1) (NRM,RELC): (  295.00191     0.29013845E-05 ) :: heat equation
ComputeChange: SS (ITER=4) (NRM,RELC): (  295.00253     0.77841366E-06 ) :: heat equation
FlowSolve: 
FlowSolve: 
FlowSolve: -------------------------------------
FlowSolve:  NAVIER-STOKES ITERATION           1
FlowSolve: -------------------------------------
FlowSolve: 
FlowSolve: Starting Assembly...
FlowSolve: Assembly:
FlowSolve: Assembly done
FlowSolve: Dirichlet conditions done
      10 0.6676E-07 0.6676E-07
BiCGStabl:       13 0.5622E-10 0.5622E-10
ComputeChange: NS (ITER=1) (NRM,RELC): ( 0.37704096E-03 0.98519712     ) :: navier-stokes
FlowSolve: iter:    1 Assembly: (s)    0.01    0.01
FlowSolve: iter:    1 Solve:    (s)    0.01    0.01
FlowSolve:  Result Norm     :    3.7704096049908514E-004
FlowSolve:  Relative Change :   0.98519711784539810
ComputeChange: SS (ITER=4) (NRM,RELC): ( 0.17789187E-03 0.32488957     ) :: navier-stokes
SolveEquations: -------------------------------------
SolveEquations:  Coupled system iteration:            5
SolveEquations: -------------------------------------
HeatSolver: ------------------------------------------------
HeatSolver: Solving energy equation for temperature
HeatSolver: Heat solver iteration: 1
IterSolver: "Linear System GCR Restart" not given, setting it to 200
   gcr:    10  0.2134E-05  0.3960E-05
ComputeChange: NS (ITER=1) (NRM,RELC): (  294.99760     0.16734196E-04 ) :: heat equation
ComputeChange: SS (ITER=5) (NRM,RELC): (  295.00151     0.34843425E-05 ) :: heat equation
FlowSolve: 
FlowSolve: 
FlowSolve: -------------------------------------
FlowSolve:  NAVIER-STOKES ITERATION           1
FlowSolve: -------------------------------------
FlowSolve: 
FlowSolve: Starting Assembly...
FlowSolve: Assembly:
FlowSolve: Assembly done
FlowSolve: Dirichlet conditions done
      10 0.3384E-07 0.3384E-07
BiCGStabl:       13 0.6664E-10 0.6664E-10
ComputeChange: NS (ITER=1) (NRM,RELC): ( 0.39632604E-03 0.76080586     ) :: navier-stokes
FlowSolve: iter:    1 Assembly: (s)    0.01    0.01
FlowSolve: iter:    1 Solve:    (s)    0.01    0.01
FlowSolve:  Result Norm     :    3.9632604235759498E-004
FlowSolve:  Relative Change :   0.76080585567112724
ComputeChange: SS (ITER=5) (NRM,RELC): ( 0.22148305E-03 0.21829702     ) :: navier-stokes
SolveEquations: -------------------------------------
SolveEquations:  Coupled system iteration:            6
SolveEquations: -------------------------------------
HeatSolver: ------------------------------------------------
HeatSolver: Solving energy equation for temperature
HeatSolver: Heat solver iteration: 1
IterSolver: "Linear System GCR Restart" not given, setting it to 200
   gcr:    10  0.1839E-05  0.3663E-05
ComputeChange: NS (ITER=1) (NRM,RELC): (  294.99426     0.24567805E-04 ) :: heat equation
ComputeChange: SS (ITER=6) (NRM,RELC): (  295.00003     0.50117663E-05 ) :: heat equation
FlowSolve: 
FlowSolve: 
FlowSolve: -------------------------------------
FlowSolve:  NAVIER-STOKES ITERATION           1
FlowSolve: -------------------------------------
FlowSolve: 
FlowSolve: Starting Assembly...
FlowSolve: Assembly:
FlowSolve: Assembly done
FlowSolve: Dirichlet conditions done
      10 0.1980E-06 0.1980E-06
BiCGStabl:       13 0.2896E-10 0.2896E-10
ComputeChange: NS (ITER=1) (NRM,RELC): ( 0.40417869E-03 0.58400773     ) :: navier-stokes
FlowSolve: iter:    1 Assembly: (s)    0.01    0.01
FlowSolve: iter:    1 Solve:    (s)    0.01    0.01
FlowSolve:  Result Norm     :    4.0417868838664439E-004
FlowSolve:  Relative Change :   0.58400772601163942
ComputeChange: SS (ITER=6) (NRM,RELC): ( 0.25788246E-03 0.15186496     ) :: navier-stokes
SolveEquations: -------------------------------------
SolveEquations:  Coupled system iteration:            7
SolveEquations: -------------------------------------
HeatSolver: ------------------------------------------------
HeatSolver: Solving energy equation for temperature
HeatSolver: Heat solver iteration: 1
IterSolver: "Linear System GCR Restart" not given, setting it to 200
   gcr:    10  0.1564E-05  0.3268E-05
ComputeChange: NS (ITER=1) (NRM,RELC): (  294.99163     0.28463485E-04 ) :: heat equation
ComputeChange: SS (ITER=7) (NRM,RELC): (  294.99833     0.57644652E-05 ) :: heat equation
FlowSolve: 
FlowSolve: 
FlowSolve: -------------------------------------
FlowSolve:  NAVIER-STOKES ITERATION           1
FlowSolve: -------------------------------------
FlowSolve: 
FlowSolve: Starting Assembly...
FlowSolve: Assembly:
FlowSolve: Assembly done
FlowSolve: Dirichlet conditions done
      10 0.5755E-06 0.5755E-06
BiCGStabl:       14 0.1182E-10 0.1182E-10
ComputeChange: NS (ITER=1) (NRM,RELC): ( 0.40503555E-03 0.44395563     ) :: navier-stokes
FlowSolve: iter:    1 Assembly: (s)    0.01    0.01
FlowSolve: iter:    1 Solve:    (s)    0.01    0.01
FlowSolve:  Result Norm     :    4.0503554798396527E-004
FlowSolve:  Relative Change :   0.44395562885392559
ComputeChange: SS (ITER=7) (NRM,RELC): ( 0.28712886E-03 0.10732403     ) :: navier-stokes
SolveEquations: -------------------------------------
SolveEquations:  Coupled system iteration:            8
SolveEquations: -------------------------------------
HeatSolver: ------------------------------------------------
HeatSolver: Solving energy equation for temperature
HeatSolver: Heat solver iteration: 1
IterSolver: "Linear System GCR Restart" not given, setting it to 200
   gcr:    10  0.1340E-05  0.2866E-05
ComputeChange: NS (ITER=1) (NRM,RELC): (  294.98952     0.29864153E-04 ) :: heat equation
ComputeChange: SS (ITER=8) (NRM,RELC): (  294.99655     0.60262235E-05 ) :: heat equation
FlowSolve: 
FlowSolve: 
FlowSolve: -------------------------------------
FlowSolve:  NAVIER-STOKES ITERATION           1
FlowSolve: -------------------------------------
FlowSolve: 
FlowSolve: Starting Assembly...
FlowSolve: Assembly:
FlowSolve: Assembly done
FlowSolve: Dirichlet conditions done
      10 0.7382E-07 0.7382E-07
BiCGStabl:       13 0.3107E-10 0.3107E-10
ComputeChange: NS (ITER=1) (NRM,RELC): ( 0.40141783E-03 0.33197158     ) :: navier-stokes
FlowSolve: iter:    1 Assembly: (s)    0.01    0.01
FlowSolve: iter:    1 Solve:    (s)    0.01    0.01
FlowSolve:  Result Norm     :    4.0141782886933509E-004
FlowSolve:  Relative Change :   0.33197157994494630
ComputeChange: SS (ITER=8) (NRM,RELC): ( 0.30975910E-03 0.75827420E-01 ) :: navier-stokes
SolveEquations: -------------------------------------
SolveEquations:  Coupled system iteration:            9
SolveEquations: -------------------------------------
HeatSolver: ------------------------------------------------
HeatSolver: Solving energy equation for temperature
HeatSolver: Heat solver iteration: 1
IterSolver: "Linear System GCR Restart" not given, setting it to 200
   gcr:    10  0.1159E-05  0.2487E-05
ComputeChange: NS (ITER=1) (NRM,RELC): (  294.98779     0.29687945E-04 ) :: heat equation
ComputeChange: SS (ITER=9) (NRM,RELC): (  294.99479     0.59778848E-05 ) :: heat equation
FlowSolve: 
FlowSolve: 
FlowSolve: -------------------------------------
FlowSolve:  NAVIER-STOKES ITERATION           1
FlowSolve: -------------------------------------
FlowSolve: 
FlowSolve: Starting Assembly...
FlowSolve: Assembly:
FlowSolve: Assembly done
FlowSolve: Dirichlet conditions done
      10 0.9681E-07 0.9681E-07
BiCGStabl:       13 0.3487E-10 0.3487E-10
ComputeChange: NS (ITER=1) (NRM,RELC): ( 0.39488550E-03 0.24161513     ) :: navier-stokes
FlowSolve: iter:    1 Assembly: (s)    0.01    0.01
FlowSolve: iter:    1 Solve:    (s)    0.01    0.01
FlowSolve:  Result Norm     :    3.9488549590289393E-004
FlowSolve:  Relative Change :   0.24161512591286893
ComputeChange: SS (ITER=9) (NRM,RELC): ( 0.32651561E-03 0.52670694E-01 ) :: navier-stokes
SolveEquations: -------------------------------------
SolveEquations:  Coupled system iteration:           10
SolveEquations: -------------------------------------
HeatSolver: ------------------------------------------------
HeatSolver: Solving energy equation for temperature
HeatSolver: Heat solver iteration: 1
IterSolver: "Linear System GCR Restart" not given, setting it to 200
   gcr:    10  0.1008E-05  0.2136E-05
ComputeChange: NS (ITER=1) (NRM,RELC): (  294.98637     0.28522458E-04 ) :: heat equation
ComputeChange: SS (ITER=10) (NRM,RELC): (  294.99309     0.57352669E-05 ) :: heat equation
FlowSolve: 
FlowSolve: 
FlowSolve: -------------------------------------
FlowSolve:  NAVIER-STOKES ITERATION           1
FlowSolve: -------------------------------------
FlowSolve: 
FlowSolve: Starting Assembly...
FlowSolve: Assembly:
FlowSolve: Assembly done
FlowSolve: Dirichlet conditions done
      10 0.1091E-07 0.1091E-07
BiCGStabl:       12 0.3298E-10 0.3298E-10
ComputeChange: NS (ITER=1) (NRM,RELC): ( 0.38646840E-03 0.16817429     ) :: navier-stokes
FlowSolve: iter:    1 Assembly: (s)    0.01    0.01
FlowSolve: iter:    1 Solve:    (s)    0.01    0.01
FlowSolve:  Result Norm     :    3.8646840439162365E-004
FlowSolve:  Relative Change :   0.16817428689307046
ComputeChange: SS (ITER=10) (NRM,RELC): ( 0.33819899E-03 0.35153043E-01 ) :: navier-stokes
SolveEquations: -------------------------------------
SolveEquations:  Coupled system iteration:           11
SolveEquations: -------------------------------------
HeatSolver: ------------------------------------------------
HeatSolver: Solving energy equation for temperature
HeatSolver: Heat solver iteration: 1
IterSolver: "Linear System GCR Restart" not given, setting it to 200
   gcr:    10  0.8749E-06  0.1809E-05
ComputeChange: NS (ITER=1) (NRM,RELC): (  294.98520     0.26748435E-04 ) :: heat equation
ComputeChange: SS (ITER=11) (NRM,RELC): (  294.99151     0.53734315E-05 ) :: heat equation
FlowSolve: 
FlowSolve: 
FlowSolve: -------------------------------------
FlowSolve:  NAVIER-STOKES ITERATION           1
FlowSolve: -------------------------------------
FlowSolve: 
FlowSolve: Starting Assembly...
FlowSolve: Assembly:
FlowSolve: Assembly done
FlowSolve: Dirichlet conditions done
      10 0.5868E-06 0.5868E-06
BiCGStabl:       13 0.3737E-10 0.3737E-10
ComputeChange: NS (ITER=1) (NRM,RELC): ( 0.37687880E-03 0.10818352     ) :: navier-stokes
FlowSolve: iter:    1 Assembly: (s)    0.01    0.01
FlowSolve: iter:    1 Solve:    (s)    0.01    0.01
FlowSolve:  Result Norm     :    3.7687880136893657E-004
FlowSolve:  Relative Change :   0.10818352029290861
ComputeChange: SS (ITER=11) (NRM,RELC): ( 0.34559258E-03 0.21625294E-01 ) :: navier-stokes
SolveEquations: -------------------------------------
SolveEquations:  Coupled system iteration:           12
SolveEquations: -------------------------------------
HeatSolver: ------------------------------------------------
HeatSolver: Solving energy equation for temperature
HeatSolver: Heat solver iteration: 1
IterSolver: "Linear System GCR Restart" not given, setting it to 200
   gcr:    10  0.7515E-06  0.1499E-05
ComputeChange: NS (ITER=1) (NRM,RELC): (  294.98425     0.24614826E-04 ) :: heat equation
ComputeChange: SS (ITER=12) (NRM,RELC): (  294.99005     0.49414522E-05 ) :: heat equation
FlowSolve: 
FlowSolve: 
FlowSolve: -------------------------------------
FlowSolve:  NAVIER-STOKES ITERATION           1
FlowSolve: -------------------------------------
FlowSolve: 
FlowSolve: Starting Assembly...
FlowSolve: Assembly:
FlowSolve: Assembly done
FlowSolve: Dirichlet conditions done
      10 0.8078E-07 0.8078E-07
BiCGStabl:       12 0.6301E-10 0.6301E-10
ComputeChange: NS (ITER=1) (NRM,RELC): ( 0.36662599E-03 0.59064473E-01 ) :: navier-stokes
FlowSolve: iter:    1 Assembly: (s)    0.01    0.01
FlowSolve: iter:    1 Solve:    (s)    0.01    0.01
FlowSolve:  Result Norm     :    3.6662598964050082E-004
FlowSolve:  Relative Change :    5.9064473360880540E-002
ComputeChange: SS (ITER=12) (NRM,RELC): ( 0.34942532E-03 0.11029184E-01 ) :: navier-stokes
SolveEquations: -------------------------------------
SolveEquations:  Coupled system iteration:           13
SolveEquations: -------------------------------------
HeatSolver: ------------------------------------------------
HeatSolver: Solving energy equation for temperature
HeatSolver: Heat solver iteration: 1
IterSolver: "Linear System GCR Restart" not given, setting it to 200
   gcr:    10  0.6333E-06  0.1207E-05
ComputeChange: NS (ITER=1) (NRM,RELC): (  294.98348     0.22284707E-04 ) :: heat equation
ComputeChange: SS (ITER=13) (NRM,RELC): (  294.98873     0.44714599E-05 ) :: heat equation
FlowSolve: 
FlowSolve: 
FlowSolve: -------------------------------------
FlowSolve:  NAVIER-STOKES ITERATION           1
FlowSolve: -------------------------------------
FlowSolve: 
FlowSolve: Starting Assembly...
FlowSolve: Assembly:
FlowSolve: Assembly done
FlowSolve: Dirichlet conditions done
      10 0.6133E-07 0.6133E-07
BiCGStabl:       12 0.7297E-10 0.7297E-10
ComputeChange: NS (ITER=1) (NRM,RELC): ( 0.35608358E-03 0.18875041E-01 ) :: navier-stokes
FlowSolve: iter:    1 Assembly: (s)    0.01    0.01
FlowSolve: iter:    1 Solve:    (s)    0.01    0.01
FlowSolve:  Result Norm     :    3.5608357715317165E-004
FlowSolve:  Relative Change :    1.8875041239408929E-002
ComputeChange: SS (ITER=13) (NRM,RELC): ( 0.35035538E-03 0.26581516E-02 ) :: navier-stokes
SolveEquations: -------------------------------------
SolveEquations:  Coupled system iteration:           14
SolveEquations: -------------------------------------
HeatSolver: ------------------------------------------------
HeatSolver: Solving energy equation for temperature
HeatSolver: Heat solver iteration: 1
IterSolver: "Linear System GCR Restart" not given, setting it to 200
   gcr:    10  0.5245E-06  0.9536E-06
ComputeChange: NS (ITER=1) (NRM,RELC): (  294.98287     0.19874354E-04 ) :: heat equation
ComputeChange: SS (ITER=14) (NRM,RELC): (  294.98756     0.39863755E-05 ) :: heat equation
FlowSolve: 
FlowSolve: 
FlowSolve: -------------------------------------
FlowSolve:  NAVIER-STOKES ITERATION           1
FlowSolve: -------------------------------------
FlowSolve: 
FlowSolve: Starting Assembly...
FlowSolve: Assembly:
FlowSolve: Assembly done
FlowSolve: Dirichlet conditions done
      10 0.4515E-07 0.4515E-07
BiCGStabl:       12 0.5205E-10 0.5205E-10
ComputeChange: NS (ITER=1) (NRM,RELC): ( 0.34553195E-03 0.13862700E-01 ) :: navier-stokes
FlowSolve: iter:    1 Assembly: (s)    0.01    0.01
FlowSolve: iter:    1 Solve:    (s)    0.01    0.01
FlowSolve:  Result Norm     :    3.4553194514665755E-004
FlowSolve:  Relative Change :    1.3862700487094743E-002
ComputeChange: SS (ITER=14) (NRM,RELC): ( 0.34896573E-03 0.39742815E-02 ) :: navier-stokes
SolveEquations: -------------------------------------
SolveEquations:  Coupled system iteration:           15
SolveEquations: -------------------------------------
HeatSolver: ------------------------------------------------
HeatSolver: Solving energy equation for temperature
HeatSolver: Heat solver iteration: 1
IterSolver: "Linear System GCR Restart" not given, setting it to 200
   gcr:    10  0.4415E-06  0.7810E-06
ComputeChange: NS (ITER=1) (NRM,RELC): (  294.98242     0.17427511E-04 ) :: heat equation
ComputeChange: SS (ITER=15) (NRM,RELC): (  294.98653     0.34947149E-05 ) :: heat equation
FlowSolve: 
FlowSolve: 
FlowSolve: -------------------------------------
FlowSolve:  NAVIER-STOKES ITERATION           1
FlowSolve: -------------------------------------
FlowSolve: 
FlowSolve: Starting Assembly...
FlowSolve: Assembly:
FlowSolve: Assembly done
FlowSolve: Dirichlet conditions done
      10 0.2866E-07 0.2866E-07
BiCGStabl:       13 0.4208E-10 0.4208E-10
ComputeChange: NS (ITER=1) (NRM,RELC): ( 0.33518720E-03 0.40279115E-01 ) :: navier-stokes
FlowSolve: iter:    1 Assembly: (s)    0.01    0.01
FlowSolve: iter:    1 Solve:    (s)    0.01    0.01
FlowSolve:  Result Norm     :    3.3518719703216107E-004
FlowSolve:  Relative Change :    4.0279115412162218E-002
ComputeChange: SS (ITER=15) (NRM,RELC): ( 0.34576641E-03 0.92102438E-02 ) :: navier-stokes
SolveEquations: -------------------------------------
SolveEquations:  Coupled system iteration:           16
SolveEquations: -------------------------------------
HeatSolver: ------------------------------------------------
HeatSolver: Solving energy equation for temperature
HeatSolver: Heat solver iteration: 1
IterSolver: "Linear System GCR Restart" not given, setting it to 200
   gcr:    10  0.3935E-06  0.7014E-06
ComputeChange: NS (ITER=1) (NRM,RELC): (  294.98210     0.15001037E-04 ) :: heat equation
ComputeChange: SS (ITER=16) (NRM,RELC): (  294.98564     0.30076824E-05 ) :: heat equation
FlowSolve: 
FlowSolve: 
FlowSolve: -------------------------------------
FlowSolve:  NAVIER-STOKES ITERATION           1
FlowSolve: -------------------------------------
FlowSolve: 
FlowSolve: Starting Assembly...
FlowSolve: Assembly:
FlowSolve: Assembly done
FlowSolve: Dirichlet conditions done
      10 0.1865E-07 0.1865E-07
BiCGStabl:       12 0.8511E-10 0.8511E-10
ComputeChange: NS (ITER=1) (NRM,RELC): ( 0.32522171E-03 0.61237142E-01 ) :: navier-stokes
FlowSolve: iter:    1 Assembly: (s)    0.01    0.01
FlowSolve: iter:    1 Solve:    (s)    0.01    0.01
FlowSolve:  Result Norm     :    3.2522171082543714E-004
FlowSolve:  Relative Change :    6.1237142273765935E-002
ComputeChange: SS (ITER=16) (NRM,RELC): ( 0.34120051E-03 0.13292919E-01 ) :: navier-stokes
SolveEquations: -------------------------------------
SolveEquations:  Coupled system iteration:           17
SolveEquations: -------------------------------------
HeatSolver: ------------------------------------------------
HeatSolver: Solving energy equation for temperature
HeatSolver: Heat solver iteration: 1
IterSolver: "Linear System GCR Restart" not given, setting it to 200
   gcr:    10  0.3662E-06  0.6744E-06
ComputeChange: NS (ITER=1) (NRM,RELC): (  294.98192     0.12619961E-04 ) :: heat equation
ComputeChange: SS (ITER=17) (NRM,RELC): (  294.98489     0.25301632E-05 ) :: heat equation
FlowSolve: 
FlowSolve: 
FlowSolve: -------------------------------------
FlowSolve:  NAVIER-STOKES ITERATION           1
FlowSolve: -------------------------------------
FlowSolve: 
FlowSolve: Starting Assembly...
FlowSolve: Assembly:
FlowSolve: Assembly done
FlowSolve: Dirichlet conditions done
      10 0.1199E-07 0.1199E-07
BiCGStabl:       13 0.1675E-10 0.1675E-10
ComputeChange: NS (ITER=1) (NRM,RELC): ( 0.31577963E-03 0.77387058E-01 ) :: navier-stokes
FlowSolve: iter:    1 Assembly: (s)    0.01    0.01
FlowSolve: iter:    1 Solve:    (s)    0.01    0.01
FlowSolve:  Result Norm     :    3.1577963048756030E-004
FlowSolve:  Relative Change :    7.7387057957597080E-002
ComputeChange: SS (ITER=17) (NRM,RELC): ( 0.33565219E-03 0.16394470E-01 ) :: navier-stokes
SolveEquations: -------------------------------------
SolveEquations:  Coupled system iteration:           18
SolveEquations: -------------------------------------
HeatSolver: ------------------------------------------------
HeatSolver: Solving energy equation for temperature
HeatSolver: Heat solver iteration: 1
IterSolver: "Linear System GCR Restart" not given, setting it to 200
   gcr:    10  0.3443E-06  0.6575E-06
ComputeChange: NS (ITER=1) (NRM,RELC): (  294.98185     0.10298402E-04 ) :: heat equation
ComputeChange: SS (ITER=18) (NRM,RELC): (  294.98428     0.20648928E-05 ) :: heat equation
FlowSolve: 
FlowSolve: 
FlowSolve: -------------------------------------
FlowSolve:  NAVIER-STOKES ITERATION           1
FlowSolve: -------------------------------------
FlowSolve: 
FlowSolve: Starting Assembly...
FlowSolve: Assembly:
FlowSolve: Assembly done
FlowSolve: Dirichlet conditions done
      10 0.7157E-08 0.7157E-08
BiCGStabl:       12 0.6022E-10 0.6022E-10
ComputeChange: NS (ITER=1) (NRM,RELC): ( 0.30698873E-03 0.89205228E-01 ) :: navier-stokes
FlowSolve: iter:    1 Assembly: (s)    0.01    0.01
FlowSolve: iter:    1 Solve:    (s)    0.01    0.01
FlowSolve:  Result Norm     :    3.0698872530525971E-004
FlowSolve:  Relative Change :    8.9205228333242140E-002
ComputeChange: SS (ITER=18) (NRM,RELC): ( 0.32945544E-03 0.18633831E-01 ) :: navier-stokes
SolveEquations: -------------------------------------
SolveEquations:  Coupled system iteration:           19
SolveEquations: -------------------------------------
HeatSolver: ------------------------------------------------
HeatSolver: Solving energy equation for temperature
HeatSolver: Heat solver iteration: 1
IterSolver: "Linear System GCR Restart" not given, setting it to 200
   gcr:    10  0.3231E-06  0.6338E-06
ComputeChange: NS (ITER=1) (NRM,RELC): (  294.98191     0.80454508E-05 ) :: heat equation
ComputeChange: SS (ITER=19) (NRM,RELC): (  294.98381     0.16136227E-05 ) :: heat equation
FlowSolve: 
FlowSolve: 
FlowSolve: -------------------------------------
FlowSolve:  NAVIER-STOKES ITERATION           1
FlowSolve: -------------------------------------
FlowSolve: 
FlowSolve: Starting Assembly...
FlowSolve: Assembly:
FlowSolve: Assembly done
FlowSolve: Dirichlet conditions done
      10 0.3269E-08 0.3269E-08
BiCGStabl:       13 0.3575E-11 0.3575E-11
ComputeChange: NS (ITER=1) (NRM,RELC): ( 0.29896909E-03 0.97024710E-01 ) :: navier-stokes
FlowSolve: iter:    1 Assembly: (s)    0.01    0.01
FlowSolve: iter:    1 Solve:    (s)    0.01    0.01
FlowSolve:  Result Norm     :    2.9896908502203423E-004
FlowSolve:  Relative Change :    9.7024709551459726E-002
ComputeChange: SS (ITER=19) (NRM,RELC): ( 0.32290285E-03 0.20088922E-01 ) :: navier-stokes
SolveEquations: -------------------------------------
SolveEquations:  Coupled system iteration:           20
SolveEquations: -------------------------------------
HeatSolver: ------------------------------------------------
HeatSolver: Solving energy equation for temperature
HeatSolver: Heat solver iteration: 1
IterSolver: "Linear System GCR Restart" not given, setting it to 200
   gcr:    10  0.3026E-06  0.6022E-06
ComputeChange: NS (ITER=1) (NRM,RELC): (  294.98208     0.58697365E-05 ) :: heat equation
ComputeChange: SS (ITER=20) (NRM,RELC): (  294.98346     0.11780266E-05 ) :: heat equation
FlowSolve: 
FlowSolve: 
FlowSolve: -------------------------------------
FlowSolve:  NAVIER-STOKES ITERATION           1
FlowSolve: -------------------------------------
FlowSolve: 
FlowSolve: Starting Assembly...
FlowSolve: Assembly:
FlowSolve: Assembly done
FlowSolve: Dirichlet conditions done
      10 0.1434E-08 0.1434E-08
BiCGStabl:       13 0.4053E-11 0.4053E-11
ComputeChange: NS (ITER=1) (NRM,RELC): ( 0.29183843E-03 0.10106503     ) :: navier-stokes
FlowSolve: iter:    1 Assembly: (s)    0.01    0.01
FlowSolve: iter:    1 Solve:    (s)    0.01    0.01
FlowSolve:  Result Norm     :    2.9183842897432817E-004
FlowSolve:  Relative Change :   0.10106502689336890
ComputeChange: SS (ITER=20) (NRM,RELC): ( 0.31625354E-03 0.20806532E-01 ) :: navier-stokes
SolveEquations: -------------------------------------
SolveEquations:  Coupled system iteration:           21
SolveEquations: -------------------------------------
HeatSolver: ------------------------------------------------
HeatSolver: Solving energy equation for temperature
HeatSolver: Heat solver iteration: 1
IterSolver: "Linear System GCR Restart" not given, setting it to 200
   gcr:    10  0.2840E-06  0.5656E-06
ComputeChange: NS (ITER=1) (NRM,RELC): (  294.98234     0.37837593E-05 ) :: heat equation
ComputeChange: SS (ITER=21) (NRM,RELC): (  294.98324     0.76056107E-06 ) :: heat equation
FlowSolve: 
FlowSolve: 
FlowSolve: -------------------------------------
FlowSolve:  NAVIER-STOKES ITERATION           1
FlowSolve: -------------------------------------
FlowSolve: 
FlowSolve: Starting Assembly...
FlowSolve: Assembly:
FlowSolve: Assembly done
FlowSolve: Dirichlet conditions done
      10 0.8780E-09 0.8780E-09
BiCGStabl:       12 0.7508E-10 0.7508E-10
ComputeChange: NS (ITER=1) (NRM,RELC): ( 0.28571327E-03 0.10146828     ) :: navier-stokes
FlowSolve: iter:    1 Assembly: (s)    0.01    0.01
FlowSolve: iter:    1 Solve:    (s)    0.01    0.01
FlowSolve:  Result Norm     :    2.8571326869253344E-004
FlowSolve:  Relative Change :   0.10146828098738386
ComputeChange: SS (ITER=21) (NRM,RELC): ( 0.30973930E-03 0.20812505E-01 ) :: navier-stokes
SolveEquations: -------------------------------------
SolveEquations:  Coupled system iteration:           22
SolveEquations: -------------------------------------
HeatSolver: ------------------------------------------------
HeatSolver: Solving energy equation for temperature
HeatSolver: Heat solver iteration: 1
IterSolver: "Linear System GCR Restart" not given, setting it to 200
   gcr:    10  0.2682E-06  0.5271E-06
ComputeChange: NS (ITER=1) (NRM,RELC): (  294.98270     0.18077104E-05 ) :: heat equation
ComputeChange: SS (ITER=22) (NRM,RELC): (  294.98313     0.36522283E-06 ) :: heat equation
FlowSolve: 
FlowSolve: 
FlowSolve: -------------------------------------
FlowSolve:  NAVIER-STOKES ITERATION           1
FlowSolve: -------------------------------------
FlowSolve: 
FlowSolve: Starting Assembly...
FlowSolve: Assembly:
FlowSolve: Assembly done
FlowSolve: Dirichlet conditions done
      10 0.3754E-07 0.3754E-07
BiCGStabl:       12 0.5403E-10 0.5403E-10
ComputeChange: NS (ITER=1) (NRM,RELC): ( 0.28070490E-03 0.98347644E-01 ) :: navier-stokes
FlowSolve: iter:    1 Assembly: (s)    0.01    0.01
FlowSolve: iter:    1 Solve:    (s)    0.01    0.01
FlowSolve:  Result Norm     :    2.8070489978240278E-004
FlowSolve:  Relative Change :    9.8347644496308978E-002
ComputeChange: SS (ITER=22) (NRM,RELC): ( 0.30356812E-03 0.20124260E-01 ) :: navier-stokes
SolveEquations: -------------------------------------
SolveEquations:  Coupled system iteration:           23
SolveEquations: -------------------------------------
HeatSolver: ------------------------------------------------
HeatSolver: Solving energy equation for temperature
HeatSolver: Heat solver iteration: 1
IterSolver: "Linear System GCR Restart" not given, setting it to 200
   gcr:    10  0.2557E-06  0.4876E-06
ComputeChange: NS (ITER=1) (NRM,RELC): (  294.98314     0.28180969E-07 ) :: heat equation
ComputeChange: SS (ITER=23) (NRM,RELC): (  294.98313     0.19864603E-08 ) :: heat equation
FlowSolve: 
FlowSolve: 
FlowSolve: -------------------------------------
FlowSolve:  NAVIER-STOKES ITERATION           1
FlowSolve: -------------------------------------
FlowSolve: 
FlowSolve: Starting Assembly...
FlowSolve: Assembly:
FlowSolve: Assembly done
FlowSolve: Dirichlet conditions done
      10 0.2008E-08 0.2008E-08
BiCGStabl:       12 0.5573E-10 0.5573E-10
ComputeChange: NS (ITER=1) (NRM,RELC): ( 0.27690939E-03 0.91851022E-01 ) :: navier-stokes
FlowSolve: iter:    1 Assembly: (s)    0.01    0.01
FlowSolve: iter:    1 Solve:    (s)    0.01    0.01
FlowSolve:  Result Norm     :    2.7690939250381064E-004
FlowSolve:  Relative Change :    9.1851021721984241E-002
ComputeChange: SS (ITER=23) (NRM,RELC): ( 0.29792417E-03 0.18766496E-01 ) :: navier-stokes
SolveEquations: -------------------------------------
SolveEquations:  Coupled system iteration:           24
SolveEquations: -------------------------------------
HeatSolver: ------------------------------------------------
HeatSolver: Solving energy equation for temperature
HeatSolver: Heat solver iteration: 1
IterSolver: "Linear System GCR Restart" not given, setting it to 200
   gcr:    10  0.2462E-06  0.4459E-06
ComputeChange: NS (ITER=1) (NRM,RELC): (  294.98362     0.16838269E-05 ) :: heat equation
ComputeChange: SS (ITER=24) (NRM,RELC): (  294.98323     0.33309979E-06 ) :: heat equation
FlowSolve: 
FlowSolve: 
FlowSolve: -------------------------------------
FlowSolve:  NAVIER-STOKES ITERATION           1
FlowSolve: -------------------------------------
FlowSolve: 
FlowSolve: Starting Assembly...
FlowSolve: Assembly:
FlowSolve: Assembly done
FlowSolve: Dirichlet conditions done
      10 0.3184E-08 0.3184E-08
BiCGStabl:       12 0.5985E-10 0.5985E-10
ComputeChange: NS (ITER=1) (NRM,RELC): ( 0.27439162E-03 0.82236244E-01 ) :: navier-stokes
FlowSolve: iter:    1 Assembly: (s)    0.01    0.01
FlowSolve: iter:    1 Solve:    (s)    0.01    0.01
FlowSolve:  Result Norm     :    2.7439161704372311E-004
FlowSolve:  Relative Change :    8.2236244231567529E-002
ComputeChange: SS (ITER=24) (NRM,RELC): ( 0.29296399E-03 0.16788873E-01 ) :: navier-stokes
SolveEquations: -------------------------------------
SolveEquations:  Coupled system iteration:           25
SolveEquations: -------------------------------------
HeatSolver: ------------------------------------------------
HeatSolver: Solving energy equation for temperature
HeatSolver: Heat solver iteration: 1
IterSolver: "Linear System GCR Restart" not given, setting it to 200
   gcr:    10  0.2385E-06  0.3994E-06
ComputeChange: NS (ITER=1) (NRM,RELC): (  294.98414     0.30879569E-05 ) :: heat equation
ComputeChange: SS (ITER=25) (NRM,RELC): (  294.98341     0.61391924E-06 ) :: heat equation
FlowSolve: 
FlowSolve: 
FlowSolve: -------------------------------------
FlowSolve:  NAVIER-STOKES ITERATION           1
FlowSolve: -------------------------------------
FlowSolve: 
FlowSolve: Starting Assembly...
FlowSolve: Assembly:
FlowSolve: Assembly done
FlowSolve: Dirichlet conditions done
      10 0.4048E-08 0.4048E-08
BiCGStabl:       12 0.4709E-10 0.4709E-10
ComputeChange: NS (ITER=1) (NRM,RELC): ( 0.27316545E-03 0.69943528E-01 ) :: navier-stokes
FlowSolve: iter:    1 Assembly: (s)    0.01    0.01
FlowSolve: iter:    1 Solve:    (s)    0.01    0.01
FlowSolve:  Result Norm     :    2.7316544885678265E-004
FlowSolve:  Relative Change :    6.9943528253280693E-002
ComputeChange: SS (ITER=25) (NRM,RELC): ( 0.28880967E-03 0.14281575E-01 ) :: navier-stokes
SolveEquations: -------------------------------------
SolveEquations:  Coupled system iteration:           26
SolveEquations: -------------------------------------
HeatSolver: ------------------------------------------------
HeatSolver: Solving energy equation for temperature
HeatSolver: Heat solver iteration: 1
IterSolver: "Linear System GCR Restart" not given, setting it to 200
   gcr:    10  0.2306E-06  0.3455E-06
ComputeChange: NS (ITER=1) (NRM,RELC): (  294.98466     0.42508897E-05 ) :: heat equation
ComputeChange: SS (ITER=26) (NRM,RELC): (  294.98366     0.84656485E-06 ) :: heat equation
FlowSolve: 
FlowSolve: 
FlowSolve: -------------------------------------
FlowSolve:  NAVIER-STOKES ITERATION           1
FlowSolve: -------------------------------------
FlowSolve: 
FlowSolve: Starting Assembly...
FlowSolve: Assembly:
FlowSolve: Assembly done
FlowSolve: Dirichlet conditions done
      10 0.5789E-08 0.5789E-08
BiCGStabl:       13 0.6137E-10 0.6137E-10
ComputeChange: NS (ITER=1) (NRM,RELC): ( 0.27317425E-03 0.55643662E-01 ) :: navier-stokes
FlowSolve: iter:    1 Assembly: (s)    0.01    0.01
FlowSolve: iter:    1 Solve:    (s)    0.01    0.01
FlowSolve:  Result Norm     :    2.7317425042499720E-004
FlowSolve:  Relative Change :    5.5643662074445217E-002
ComputeChange: SS (ITER=26) (NRM,RELC): ( 0.28554065E-03 0.11383370E-01 ) :: navier-stokes
SolveEquations: -------------------------------------
SolveEquations:  Coupled system iteration:           27
SolveEquations: -------------------------------------
HeatSolver: ------------------------------------------------
HeatSolver: Solving energy equation for temperature
HeatSolver: Heat solver iteration: 1
IterSolver: "Linear System GCR Restart" not given, setting it to 200
   gcr:    10  0.2204E-06  0.2838E-06
ComputeChange: NS (ITER=1) (NRM,RELC): (  294.98516     0.51008765E-05 ) :: heat equation
ComputeChange: SS (ITER=27) (NRM,RELC): (  294.98396     0.10167290E-05 ) :: heat equation
FlowSolve: 
FlowSolve: 
FlowSolve: -------------------------------------
FlowSolve:  NAVIER-STOKES ITERATION           1
FlowSolve: -------------------------------------
FlowSolve: 
FlowSolve: Starting Assembly...
FlowSolve: Assembly:
FlowSolve: Assembly done
FlowSolve: Dirichlet conditions done
      10 0.2016E-08 0.2016E-08
BiCGStabl:       13 0.6062E-10 0.6062E-10
ComputeChange: NS (ITER=1) (NRM,RELC): ( 0.27428050E-03 0.40227674E-01 ) :: navier-stokes
FlowSolve: iter:    1 Assembly: (s)    0.01    0.01
FlowSolve: iter:    1 Solve:    (s)    0.01    0.01
FlowSolve:  Result Norm     :    2.7428049971442285E-004
FlowSolve:  Relative Change :    4.0227674007717339E-002
ComputeChange: SS (ITER=27) (NRM,RELC): ( 0.28318731E-03 0.82758201E-02 ) :: navier-stokes
SolveEquations: -------------------------------------
SolveEquations:  Coupled system iteration:           28
SolveEquations: -------------------------------------
HeatSolver: ------------------------------------------------
HeatSolver: Solving energy equation for temperature
HeatSolver: Heat solver iteration: 1
IterSolver: "Linear System GCR Restart" not given, setting it to 200
   gcr:    10  0.2076E-06  0.2198E-06
ComputeChange: NS (ITER=1) (NRM,RELC): (  294.98561     0.56190638E-05 ) :: heat equation
ComputeChange: SS (ITER=28) (NRM,RELC): (  294.98429     0.11206581E-05 ) :: heat equation
FlowSolve: 
FlowSolve: 
FlowSolve: -------------------------------------
FlowSolve:  NAVIER-STOKES ITERATION           1
FlowSolve: -------------------------------------
FlowSolve: 
FlowSolve: Starting Assembly...
FlowSolve: Assembly:
FlowSolve: Assembly done
FlowSolve: Dirichlet conditions done
      10 0.2078E-08 0.2078E-08
BiCGStabl:       12 0.4611E-10 0.4611E-10
ComputeChange: NS (ITER=1) (NRM,RELC): ( 0.27627013E-03 0.24728157E-01 ) :: navier-stokes
FlowSolve: iter:    1 Assembly: (s)    0.01    0.01
FlowSolve: iter:    1 Solve:    (s)    0.01    0.01
FlowSolve:  Result Norm     :    2.7627013044614809E-004
FlowSolve:  Relative Change :    2.4728156531819066E-002
ComputeChange: SS (ITER=28) (NRM,RELC): ( 0.28172862E-03 0.51642432E-02 ) :: navier-stokes
SolveEquations: -------------------------------------
SolveEquations:  Coupled system iteration:           29
SolveEquations: -------------------------------------
HeatSolver: ------------------------------------------------
HeatSolver: Solving energy equation for temperature
HeatSolver: Heat solver iteration: 1
IterSolver: "Linear System GCR Restart" not given, setting it to 200
   gcr:    10  0.1956E-06  0.1706E-06
ComputeChange: NS (ITER=1) (NRM,RELC): (  294.98600     0.57970545E-05 ) :: heat equation
ComputeChange: SS (ITER=29) (NRM,RELC): (  294.98463     0.11566578E-05 ) :: heat equation
FlowSolve: 
FlowSolve: 
FlowSolve: -------------------------------------
FlowSolve:  NAVIER-STOKES ITERATION           1
FlowSolve: -------------------------------------
FlowSolve: 
FlowSolve: Starting Assembly...
FlowSolve: Assembly:
FlowSolve: Assembly done
FlowSolve: Dirichlet conditions done
      10 0.3303E-08 0.3303E-08
BiCGStabl:       12 0.6954E-10 0.6954E-10
ComputeChange: NS (ITER=1) (NRM,RELC): ( 0.27887535E-03 0.10179302E-01 ) :: navier-stokes
FlowSolve: iter:    1 Assembly: (s)    0.01    0.01
FlowSolve: iter:    1 Solve:    (s)    0.01    0.01
FlowSolve:  Result Norm     :    2.7887534572498341E-004
FlowSolve:  Relative Change :    1.0179302246852274E-002
ComputeChange: SS (ITER=29) (NRM,RELC): ( 0.28109560E-03 0.22494630E-02 ) :: navier-stokes
SolveEquations: -------------------------------------
SolveEquations:  Coupled system iteration:           30
SolveEquations: -------------------------------------
HeatSolver: ------------------------------------------------
HeatSolver: Solving energy equation for temperature
HeatSolver: Heat solver iteration: 1
IterSolver: "Linear System GCR Restart" not given, setting it to 200
   gcr:    10  0.1865E-06  0.1612E-06
ComputeChange: NS (ITER=1) (NRM,RELC): (  294.98631     0.56999182E-05 ) :: heat equation
ComputeChange: SS (ITER=30) (NRM,RELC): (  294.98496     0.11377005E-05 ) :: heat equation
FlowSolve: 
FlowSolve: 
FlowSolve: -------------------------------------
FlowSolve:  NAVIER-STOKES ITERATION           1
FlowSolve: -------------------------------------
FlowSolve: 
FlowSolve: Starting Assembly...
FlowSolve: Assembly:
FlowSolve: Assembly done
FlowSolve: Dirichlet conditions done
      10 0.2952E-08 0.2952E-08
BiCGStabl:       12 0.8589E-10 0.8589E-10
ComputeChange: NS (ITER=1) (NRM,RELC): ( 0.28181115E-03 0.25423620E-02 ) :: navier-stokes
FlowSolve: iter:    1 Assembly: (s)    0.01    0.01
FlowSolve: iter:    1 Solve:    (s)    0.01    0.01
FlowSolve:  Result Norm     :    2.8181115458426534E-004
FlowSolve:  Relative Change :    2.5423619547257810E-003
ComputeChange: SS (ITER=30) (NRM,RELC): ( 0.28118023E-03 0.30104040E-03 ) :: navier-stokes
SolveEquations: -------------------------------------
SolveEquations:  Coupled system iteration:           31
SolveEquations: -------------------------------------
HeatSolver: ------------------------------------------------
HeatSolver: Solving energy equation for temperature
HeatSolver: Heat solver iteration: 1
IterSolver: "Linear System GCR Restart" not given, setting it to 200
   gcr:    10  0.1757E-06  0.1759E-06
ComputeChange: NS (ITER=1) (NRM,RELC): (  294.98653     0.53161829E-05 ) :: heat equation
ComputeChange: SS (ITER=31) (NRM,RELC): (  294.98528     0.10614380E-05 ) :: heat equation
FlowSolve: 
FlowSolve: 
FlowSolve: -------------------------------------
FlowSolve:  NAVIER-STOKES ITERATION           1
FlowSolve: -------------------------------------
FlowSolve: 
FlowSolve: Starting Assembly...
FlowSolve: Assembly:
FlowSolve: Assembly done
FlowSolve: Dirichlet conditions done
      10 0.3111E-08 0.3111E-08
BiCGStabl:       12 0.7648E-10 0.7648E-10
ComputeChange: NS (ITER=1) (NRM,RELC): ( 0.28481405E-03 0.12840466E-01 ) :: navier-stokes
FlowSolve: iter:    1 Assembly: (s)    0.01    0.01
FlowSolve: iter:    1 Solve:    (s)    0.01    0.01
FlowSolve:  Result Norm     :    2.8481404730585047E-004
FlowSolve:  Relative Change :    1.2840466202516373E-002
ComputeChange: SS (ITER=31) (NRM,RELC): ( 0.28184848E-03 0.23737614E-02 ) :: navier-stokes
SolveEquations: -------------------------------------
SolveEquations:  Coupled system iteration:           32
SolveEquations: -------------------------------------
HeatSolver: ------------------------------------------------
HeatSolver: Solving energy equation for temperature
HeatSolver: Heat solver iteration: 1
IterSolver: "Linear System GCR Restart" not given, setting it to 200
   gcr:    10  0.1637E-06  0.1813E-06
ComputeChange: NS (ITER=1) (NRM,RELC): (  294.98668     0.47377896E-05 ) :: heat equation
ComputeChange: SS (ITER=32) (NRM,RELC): (  294.98556     0.94620879E-06 ) :: heat equation
FlowSolve: 
FlowSolve: 
FlowSolve: -------------------------------------
FlowSolve:  NAVIER-STOKES ITERATION           1
FlowSolve: -------------------------------------
FlowSolve: 
FlowSolve: Starting Assembly...
FlowSolve: Assembly:
FlowSolve: Assembly done
FlowSolve: Dirichlet conditions done
      10 0.3660E-08 0.3660E-08
BiCGStabl:       12 0.4980E-10 0.4980E-10
ComputeChange: NS (ITER=1) (NRM,RELC): ( 0.28767163E-03 0.20449326E-01 ) :: navier-stokes
FlowSolve: iter:    1 Assembly: (s)    0.01    0.01
FlowSolve: iter:    1 Solve:    (s)    0.01    0.01
FlowSolve:  Result Norm     :    2.8767163125567260E-004
FlowSolve:  Relative Change :    2.0449326086919316E-002
ComputeChange: SS (ITER=32) (NRM,RELC): ( 0.28295470E-03 0.39171839E-02 ) :: navier-stokes
SolveEquations: -------------------------------------
SolveEquations:  Coupled system iteration:           33
SolveEquations: -------------------------------------
HeatSolver: ------------------------------------------------
HeatSolver: Solving energy equation for temperature
HeatSolver: Heat solver iteration: 1
IterSolver: "Linear System GCR Restart" not given, setting it to 200
   gcr:    10  0.1514E-06  0.1751E-06
ComputeChange: NS (ITER=1) (NRM,RELC): (  294.98675     0.40303139E-05 ) :: heat equation
ComputeChange: SS (ITER=33) (NRM,RELC): (  294.98579     0.80509440E-06 ) :: heat equation
FlowSolve: 
FlowSolve: 
FlowSolve: -------------------------------------
FlowSolve:  NAVIER-STOKES ITERATION           1
FlowSolve: -------------------------------------
FlowSolve: 
FlowSolve: Starting Assembly...
FlowSolve: Assembly:
FlowSolve: Assembly done
FlowSolve: Dirichlet conditions done
      10 0.4598E-08 0.4598E-08
BiCGStabl:       12 0.6878E-10 0.6878E-10
ComputeChange: NS (ITER=1) (NRM,RELC): ( 0.29023613E-03 0.25406649E-01 ) :: navier-stokes
FlowSolve: iter:    1 Assembly: (s)    0.01    0.01
FlowSolve: iter:    1 Solve:    (s)    0.01    0.01
FlowSolve:  Result Norm     :    2.9023612798143115E-004
FlowSolve:  Relative Change :    2.5406648749113411E-002
ComputeChange: SS (ITER=33) (NRM,RELC): ( 0.28435503E-03 0.49367505E-02 ) :: navier-stokes
SolveEquations: -------------------------------------
SolveEquations:  Coupled system iteration:           34
SolveEquations: -------------------------------------
HeatSolver: ------------------------------------------------
HeatSolver: Solving energy equation for temperature
HeatSolver: Heat solver iteration: 1
IterSolver: "Linear System GCR Restart" not given, setting it to 200
   gcr:    10  0.1392E-06  0.1687E-06
ComputeChange: NS (ITER=1) (NRM,RELC): (  294.98675     0.32524193E-05 ) :: heat equation
ComputeChange: SS (ITER=34) (NRM,RELC): (  294.98599     0.64981330E-06 ) :: heat equation
FlowSolve: 
FlowSolve: 
FlowSolve: -------------------------------------
FlowSolve:  NAVIER-STOKES ITERATION           1
FlowSolve: -------------------------------------
FlowSolve: 
FlowSolve: Starting Assembly...
FlowSolve: Assembly:
FlowSolve: Assembly done
FlowSolve: Dirichlet conditions done
      10 0.2968E-08 0.2968E-08
BiCGStabl:       11 0.8753E-10 0.8753E-10
ComputeChange: NS (ITER=1) (NRM,RELC): ( 0.29242304E-03 0.27976118E-01 ) :: navier-stokes
FlowSolve: iter:    1 Assembly: (s)    0.01    0.01
FlowSolve: iter:    1 Solve:    (s)    0.01    0.01
FlowSolve:  Result Norm     :    2.9242303802089913E-004
FlowSolve:  Relative Change :    2.7976118178799032E-002
ComputeChange: SS (ITER=34) (NRM,RELC): ( 0.28591794E-03 0.54812580E-02 ) :: navier-stokes
SolveEquations: -------------------------------------
SolveEquations:  Coupled system iteration:           35
SolveEquations: -------------------------------------
HeatSolver: ------------------------------------------------
HeatSolver: Solving energy equation for temperature
HeatSolver: Heat solver iteration: 1
IterSolver: "Linear System GCR Restart" not given, setting it to 200
   gcr:    10  0.1268E-06  0.1669E-06
ComputeChange: NS (ITER=1) (NRM,RELC): (  294.98671     0.24564585E-05 ) :: heat equation
ComputeChange: SS (ITER=35) (NRM,RELC): (  294.98613     0.49083823E-06 ) :: heat equation
FlowSolve: 
FlowSolve: 
FlowSolve: -------------------------------------
FlowSolve:  NAVIER-STOKES ITERATION           1
FlowSolve: -------------------------------------
FlowSolve: 
FlowSolve: Starting Assembly...
FlowSolve: Assembly:
FlowSolve: Assembly done
FlowSolve: Dirichlet conditions done
      10 0.3553E-08 0.3553E-08
BiCGStabl:       12 0.7417E-10 0.7417E-10
ComputeChange: NS (ITER=1) (NRM,RELC): ( 0.29419993E-03 0.28552795E-01 ) :: navier-stokes
FlowSolve: iter:    1 Assembly: (s)    0.01    0.01
FlowSolve: iter:    1 Solve:    (s)    0.01    0.01
FlowSolve:  Result Norm     :    2.9419993235050190E-004
FlowSolve:  Relative Change :    2.8552795272222140E-002
ComputeChange: SS (ITER=35) (NRM,RELC): ( 0.28753100E-03 0.56258285E-02 ) :: navier-stokes
SolveEquations: -------------------------------------
SolveEquations:  Coupled system iteration:           36
SolveEquations: -------------------------------------
HeatSolver: ------------------------------------------------
HeatSolver: Solving energy equation for temperature
HeatSolver: Heat solver iteration: 1
IterSolver: "Linear System GCR Restart" not given, setting it to 200
   gcr:    10  0.1141E-06  0.1670E-06
ComputeChange: NS (ITER=1) (NRM,RELC): (  294.98663     0.16863756E-05 ) :: heat equation
ComputeChange: SS (ITER=36) (NRM,RELC): (  294.98623     0.33697025E-06 ) :: heat equation
FlowSolve: 
FlowSolve: 
FlowSolve: -------------------------------------
FlowSolve:  NAVIER-STOKES ITERATION           1
FlowSolve: -------------------------------------
FlowSolve: 
FlowSolve: Starting Assembly...
FlowSolve: Assembly:
FlowSolve: Assembly done
FlowSolve: Dirichlet conditions done
      10 0.2245E-08 0.2245E-08
BiCGStabl:       12 0.9625E-10 0.9625E-10
ComputeChange: NS (ITER=1) (NRM,RELC): ( 0.29557161E-03 0.27578709E-01 ) :: navier-stokes
FlowSolve: iter:    1 Assembly: (s)    0.01    0.01
FlowSolve: iter:    1 Solve:    (s)    0.01    0.01
FlowSolve:  Result Norm     :    2.9557161016586782E-004
FlowSolve:  Relative Change :    2.7578708671539241E-002
ComputeChange: SS (ITER=36) (NRM,RELC): ( 0.28910410E-03 0.54561370E-02 ) :: navier-stokes
SolveEquations: -------------------------------------
SolveEquations:  Coupled system iteration:           37
SolveEquations: -------------------------------------
HeatSolver: ------------------------------------------------
HeatSolver: Solving energy equation for temperature
HeatSolver: Heat solver iteration: 1
IterSolver: "Linear System GCR Restart" not given, setting it to 200
   gcr:    10  0.1016E-06  0.1653E-06
ComputeChange: NS (ITER=1) (NRM,RELC): (  294.98652     0.97618625E-06 ) :: heat equation
ComputeChange: SS (ITER=37) (NRM,RELC): (  294.98629     0.19502868E-06 ) :: heat equation
FlowSolve: 
FlowSolve: 
FlowSolve: -------------------------------------
FlowSolve:  NAVIER-STOKES ITERATION           1
FlowSolve: -------------------------------------
FlowSolve: 
FlowSolve: Starting Assembly...
FlowSolve: Assembly:
FlowSolve: Assembly done
FlowSolve: Dirichlet conditions done
      10 0.1714E-08 0.1714E-08
BiCGStabl:       12 0.6593E-10 0.6593E-10
ComputeChange: NS (ITER=1) (NRM,RELC): ( 0.29656614E-03 0.25482041E-01 ) :: navier-stokes
FlowSolve: iter:    1 Assembly: (s)    0.01    0.01
FlowSolve: iter:    1 Solve:    (s)    0.01    0.01
FlowSolve:  Result Norm     :    2.9656613810353545E-004
FlowSolve:  Relative Change :    2.5482040545367558E-002
ComputeChange: SS (ITER=37) (NRM,RELC): ( 0.29056967E-03 0.50565251E-02 ) :: navier-stokes
SolveEquations: -------------------------------------
SolveEquations:  Coupled system iteration:           38
SolveEquations: -------------------------------------
HeatSolver: ------------------------------------------------
HeatSolver: Solving energy equation for temperature
HeatSolver: Heat solver iteration: 1
IterSolver: "Linear System GCR Restart" not given, setting it to 200
   gcr:    10  0.8999E-07  0.1604E-06
ComputeChange: NS (ITER=1) (NRM,RELC): (  294.98639     0.34953109E-06 ) :: heat equation
ComputeChange: SS (ITER=38) (NRM,RELC): (  294.98631     0.69757433E-07 ) :: heat equation
FlowSolve: 
FlowSolve: 
FlowSolve: -------------------------------------
FlowSolve:  NAVIER-STOKES ITERATION           1
FlowSolve: -------------------------------------
FlowSolve: 
FlowSolve: Starting Assembly...
FlowSolve: Assembly:
FlowSolve: Assembly done
FlowSolve: Dirichlet conditions done
      10 0.1426E-08 0.1426E-08
BiCGStabl:       12 0.8393E-10 0.8393E-10
ComputeChange: NS (ITER=1) (NRM,RELC): ( 0.29722395E-03 0.22641549E-01 ) :: navier-stokes
FlowSolve: iter:    1 Assembly: (s)    0.01    0.01
FlowSolve: iter:    1 Solve:    (s)    0.01    0.01
FlowSolve:  Result Norm     :    2.9722394805420079E-004
FlowSolve:  Relative Change :    2.2641548526697402E-002
ComputeChange: SS (ITER=38) (NRM,RELC): ( 0.29188095E-03 0.45026423E-02 ) :: navier-stokes
SolveEquations: -------------------------------------
SolveEquations:  Coupled system iteration:           39
SolveEquations: -------------------------------------
HeatSolver: ------------------------------------------------
HeatSolver: Solving energy equation for temperature
HeatSolver: Heat solver iteration: 1
IterSolver: "Linear System GCR Restart" not given, setting it to 200
   gcr:    10  0.7949E-07  0.1522E-06
ComputeChange: NS (ITER=1) (NRM,RELC): (  294.98625     0.20694989E-06 ) :: heat equation
ComputeChange: SS (ITER=39) (NRM,RELC): (  294.98630     0.41502465E-07 ) :: heat equation
FlowSolve: 
FlowSolve: 
FlowSolve: -------------------------------------
FlowSolve:  NAVIER-STOKES ITERATION           1
FlowSolve: -------------------------------------
FlowSolve: 
FlowSolve: Starting Assembly...
FlowSolve: Assembly:
FlowSolve: Assembly done
FlowSolve: Dirichlet conditions done
      10 0.9619E-09 0.9619E-09
BiCGStabl:       11 0.9503E-10 0.9503E-10
ComputeChange: NS (ITER=1) (NRM,RELC): ( 0.29759057E-03 0.19371988E-01 ) :: navier-stokes
FlowSolve: iter:    1 Assembly: (s)    0.01    0.01
FlowSolve: iter:    1 Solve:    (s)    0.01    0.01
FlowSolve:  Result Norm     :    2.9759057014493140E-004
FlowSolve:  Relative Change :    1.9371987668330395E-002
ComputeChange: SS (ITER=39) (NRM,RELC): ( 0.29300924E-03 0.38581034E-02 ) :: navier-stokes
SolveEquations: -------------------------------------
SolveEquations:  Coupled system iteration:           40
SolveEquations: -------------------------------------
HeatSolver: ------------------------------------------------
HeatSolver: Solving energy equation for temperature
HeatSolver: Heat solver iteration: 1
IterSolver: "Linear System GCR Restart" not given, setting it to 200
   gcr:    10  0.6983E-07  0.1391E-06
ComputeChange: NS (ITER=1) (NRM,RELC): (  294.98611     0.61671793E-06 ) :: heat equation
ComputeChange: SS (ITER=40) (NRM,RELC): (  294.98626     0.12343361E-06 ) :: heat equation
FlowSolve: 
FlowSolve: 
FlowSolve: -------------------------------------
FlowSolve:  NAVIER-STOKES ITERATION           1
FlowSolve: -------------------------------------
FlowSolve: 
FlowSolve: Starting Assembly...
FlowSolve: Assembly:
FlowSolve: Assembly done
FlowSolve: Dirichlet conditions done
      10 0.8573E-09 0.8573E-09
BiCGStabl:       12 0.2576E-10 0.2576E-10
ComputeChange: NS (ITER=1) (NRM,RELC): ( 0.29771141E-03 0.15920117E-01 ) :: navier-stokes
FlowSolve: iter:    1 Assembly: (s)    0.01    0.01
FlowSolve: iter:    1 Solve:    (s)    0.01    0.01
FlowSolve:  Result Norm     :    2.9771140685875311E-004
FlowSolve:  Relative Change :    1.5920116913792564E-002
ComputeChange: SS (ITER=40) (NRM,RELC): ( 0.29394052E-03 0.31732838E-02 ) :: navier-stokes
SolveEquations: -------------------------------------
SolveEquations:  Coupled system iteration:           41
SolveEquations: -------------------------------------
HeatSolver: ------------------------------------------------
HeatSolver: Solving energy equation for temperature
HeatSolver: Heat solver iteration: 1
IterSolver: "Linear System GCR Restart" not given, setting it to 200
   gcr:    10  0.6073E-07  0.1199E-06
ComputeChange: NS (ITER=1) (NRM,RELC): (  294.98599     0.91468866E-06 ) :: heat equation
ComputeChange: SS (ITER=41) (NRM,RELC): (  294.98621     0.18301276E-06 ) :: heat equation
FlowSolve: 
FlowSolve: 
FlowSolve: -------------------------------------
FlowSolve:  NAVIER-STOKES ITERATION           1
FlowSolve: -------------------------------------
FlowSolve: 
FlowSolve: Starting Assembly...
FlowSolve: Assembly:
FlowSolve: Assembly done
FlowSolve: Dirichlet conditions done
      10 0.8748E-08 0.8748E-08
BiCGStabl:       11 0.8611E-10 0.8611E-10
ComputeChange: NS (ITER=1) (NRM,RELC): ( 0.29762981E-03 0.12472890E-01 ) :: navier-stokes
FlowSolve: iter:    1 Assembly: (s)    0.01    0.01
FlowSolve: iter:    1 Solve:    (s)    0.01    0.01
FlowSolve:  Result Norm     :    2.9762981081978094E-004
FlowSolve:  Relative Change :    1.2472889779937466E-002
ComputeChange: SS (ITER=41) (NRM,RELC): ( 0.29467236E-03 0.24866661E-02 ) :: navier-stokes
SolveEquations: -------------------------------------
SolveEquations:  Coupled system iteration:           42
SolveEquations: -------------------------------------
HeatSolver: ------------------------------------------------
HeatSolver: Solving energy equation for temperature
HeatSolver: Heat solver iteration: 1
IterSolver: "Linear System GCR Restart" not given, setting it to 200
   gcr:    10  0.5535E-07  0.1025E-06
ComputeChange: NS (ITER=1) (NRM,RELC): (  294.98587     0.11241538E-05 ) :: heat equation
ComputeChange: SS (ITER=42) (NRM,RELC): (  294.98614     0.22489437E-06 ) :: heat equation
FlowSolve: 
FlowSolve: 
FlowSolve: -------------------------------------
FlowSolve:  NAVIER-STOKES ITERATION           1
FlowSolve: -------------------------------------
FlowSolve: 
FlowSolve: Starting Assembly...
FlowSolve: Assembly:
FlowSolve: Assembly done
FlowSolve: Dirichlet conditions done
      10 0.1516E-08 0.1516E-08
BiCGStabl:       11 0.5812E-10 0.5812E-10
ComputeChange: NS (ITER=1) (NRM,RELC): ( 0.29738675E-03 0.91693284E-02 ) :: navier-stokes
FlowSolve: iter:    1 Assembly: (s)    0.01    0.01
FlowSolve: iter:    1 Solve:    (s)    0.01    0.01
FlowSolve:  Result Norm     :    2.9738674909891719E-004
FlowSolve:  Relative Change :    9.1693283500746160E-003
ComputeChange: SS (ITER=42) (NRM,RELC): ( 0.29521123E-03 0.18270376E-02 ) :: navier-stokes
SolveEquations: -------------------------------------
SolveEquations:  Coupled system iteration:           43
SolveEquations: -------------------------------------
HeatSolver: ------------------------------------------------
HeatSolver: Solving energy equation for temperature
HeatSolver: Heat solver iteration: 1
IterSolver: "Linear System GCR Restart" not given, setting it to 200
   gcr:    10  0.5085E-07  0.8274E-07
ComputeChange: NS (ITER=1) (NRM,RELC): (  294.98577     0.12617839E-05 ) :: heat equation
ComputeChange: SS (ITER=43) (NRM,RELC): (  294.98606     0.25241048E-06 ) :: heat equation
FlowSolve: 
FlowSolve: 
FlowSolve: -------------------------------------
FlowSolve:  NAVIER-STOKES ITERATION           1
FlowSolve: -------------------------------------
FlowSolve: 
FlowSolve: Starting Assembly...
FlowSolve: Assembly:
FlowSolve: Assembly done
FlowSolve: Dirichlet conditions done
      10 0.4997E-09 0.4997E-09
BiCGStabl:       11 0.5162E-10 0.5162E-10
ComputeChange: NS (ITER=1) (NRM,RELC): ( 0.29701947E-03 0.61065374E-02 ) :: navier-stokes
FlowSolve: iter:    1 Assembly: (s)    0.01    0.01
FlowSolve: iter:    1 Solve:    (s)    0.01    0.01
FlowSolve:  Result Norm     :    2.9701946609498513E-004
FlowSolve:  Relative Change :    6.1065373688236266E-003
ComputeChange: SS (ITER=43) (NRM,RELC): ( 0.29557001E-03 0.12146094E-02 ) :: navier-stokes
SolveEquations: -------------------------------------
SolveEquations:  Coupled system iteration:           44
SolveEquations: -------------------------------------
HeatSolver: ------------------------------------------------
HeatSolver: Solving energy equation for temperature
HeatSolver: Heat solver iteration: 1
IterSolver: "Linear System GCR Restart" not given, setting it to 200
   gcr:    10  0.4474E-07  0.6890E-07
ComputeChange: NS (ITER=1) (NRM,RELC): (  294.98567     0.13511253E-05 ) :: heat equation
ComputeChange: SS (ITER=44) (NRM,RELC): (  294.98599     0.27026949E-06 ) :: heat equation
FlowSolve: 
FlowSolve: 
FlowSolve: -------------------------------------
FlowSolve:  NAVIER-STOKES ITERATION           1
FlowSolve: -------------------------------------
FlowSolve: 
FlowSolve: Starting Assembly...
FlowSolve: Assembly:
FlowSolve: Assembly done
FlowSolve: Dirichlet conditions done
      10 0.7388E-09 0.7388E-09
BiCGStabl:       12 0.7223E-10 0.7223E-10
ComputeChange: NS (ITER=1) (NRM,RELC): ( 0.29656158E-03 0.33491346E-02 ) :: navier-stokes
FlowSolve: iter:    1 Assembly: (s)    0.01    0.01
FlowSolve: iter:    1 Solve:    (s)    0.01    0.01
FlowSolve:  Result Norm     :    2.9656157506373592E-004
FlowSolve:  Relative Change :    3.3491345738389344E-003
ComputeChange: SS (ITER=44) (NRM,RELC): ( 0.29576600E-03 0.66287868E-03 ) :: navier-stokes
SolveEquations: -------------------------------------
SolveEquations:  Coupled system iteration:           45
SolveEquations: -------------------------------------
HeatSolver: ------------------------------------------------
HeatSolver: Solving energy equation for temperature
HeatSolver: Heat solver iteration: 1
IterSolver: "Linear System GCR Restart" not given, setting it to 200
   gcr:    10  0.3954E-07  0.5948E-07
ComputeChange: NS (ITER=1) (NRM,RELC): (  294.98558     0.13734008E-05 ) :: heat equation
ComputeChange: SS (ITER=45) (NRM,RELC): (  294.98590     0.27471581E-06 ) :: heat equation
FlowSolve: 
FlowSolve: 
FlowSolve: -------------------------------------
FlowSolve:  NAVIER-STOKES ITERATION           1
FlowSolve: -------------------------------------
FlowSolve: 
FlowSolve: Starting Assembly...
FlowSolve: Assembly:
FlowSolve: Assembly done
FlowSolve: Dirichlet conditions done
      10 0.8025E-09 0.8025E-09
BiCGStabl:       11 0.8930E-10 0.8930E-10
ComputeChange: NS (ITER=1) (NRM,RELC): ( 0.29604272E-03 0.93514740E-03 ) :: navier-stokes
FlowSolve: iter:    1 Assembly: (s)    0.01    0.01
FlowSolve: iter:    1 Solve:    (s)    0.01    0.01
FlowSolve:  Result Norm     :    2.9604271709009379E-004
FlowSolve:  Relative Change :    9.3514739540042464E-004
ComputeChange: SS (ITER=45) (NRM,RELC): ( 0.29581919E-03 0.17982592E-03 ) :: navier-stokes
SolveEquations: -------------------------------------
SolveEquations:  Coupled system iteration:           46
SolveEquations: -------------------------------------
HeatSolver: ------------------------------------------------
HeatSolver: Solving energy equation for temperature
HeatSolver: Heat solver iteration: 1
IterSolver: "Linear System GCR Restart" not given, setting it to 200
   gcr:    10  0.3517E-07  0.5131E-07
ComputeChange: NS (ITER=1) (NRM,RELC): (  294.98551     0.13472174E-05 ) :: heat equation
ComputeChange: SS (ITER=46) (NRM,RELC): (  294.98582     0.26947096E-06 ) :: heat equation
FlowSolve: 
FlowSolve: 
FlowSolve: -------------------------------------
FlowSolve:  NAVIER-STOKES ITERATION           1
FlowSolve: -------------------------------------
FlowSolve: 
FlowSolve: Starting Assembly...
FlowSolve: Assembly:
FlowSolve: Assembly done
FlowSolve: Dirichlet conditions done
      10 0.5570E-09 0.5570E-09
BiCGStabl:       12 0.5199E-10 0.5199E-10
ComputeChange: NS (ITER=1) (NRM,RELC): ( 0.29542754E-03 0.13248478E-02 ) :: navier-stokes
FlowSolve: iter:    1 Assembly: (s)    0.01    0.01
FlowSolve: iter:    1 Solve:    (s)    0.01    0.01
FlowSolve:  Result Norm     :    2.9542753811685903E-004
FlowSolve:  Relative Change :    1.3248477735980473E-003
ComputeChange: SS (ITER=46) (NRM,RELC): ( 0.29573874E-03 0.27202109E-03 ) :: navier-stokes
SolveEquations: -------------------------------------
SolveEquations:  Coupled system iteration:           47
SolveEquations: -------------------------------------
HeatSolver: ------------------------------------------------
HeatSolver: Solving energy equation for temperature
HeatSolver: Heat solver iteration: 1
IterSolver: "Linear System GCR Restart" not given, setting it to 200
   gcr:    10  0.3127E-07  0.4351E-07
ComputeChange: NS (ITER=1) (NRM,RELC): (  294.98545     0.12815956E-05 ) :: heat equation
ComputeChange: SS (ITER=47) (NRM,RELC): (  294.98575     0.25633917E-06 ) :: heat equation
FlowSolve: 
FlowSolve: 
FlowSolve: -------------------------------------
FlowSolve:  NAVIER-STOKES ITERATION           1
FlowSolve: -------------------------------------
FlowSolve: 
FlowSolve: Starting Assembly...
FlowSolve: Assembly:
FlowSolve: Assembly done
FlowSolve: Dirichlet conditions done
      10 0.3485E-09 0.3485E-09
BiCGStabl:       12 0.2252E-10 0.2252E-10
ComputeChange: NS (ITER=1) (NRM,RELC): ( 0.29486161E-03 0.29702806E-02 ) :: navier-stokes
FlowSolve: iter:    1 Assembly: (s)    0.01    0.01
FlowSolve: iter:    1 Solve:    (s)    0.01    0.01
FlowSolve:  Result Norm     :    2.9486161159583457E-004
FlowSolve:  Relative Change :    2.9702805555074717E-003
ComputeChange: SS (ITER=47) (NRM,RELC): ( 0.29556112E-03 0.60075717E-03 ) :: navier-stokes
SolveEquations: -------------------------------------
SolveEquations:  Coupled system iteration:           48
SolveEquations: -------------------------------------
HeatSolver: ------------------------------------------------
HeatSolver: Solving energy equation for temperature
HeatSolver: Heat solver iteration: 1
IterSolver: "Linear System GCR Restart" not given, setting it to 200
   gcr:    10  0.2761E-07  0.3625E-07
ComputeChange: NS (ITER=1) (NRM,RELC): (  294.98540     0.11808904E-05 ) :: heat equation
ComputeChange: SS (ITER=48) (NRM,RELC): (  294.98568     0.23619187E-06 ) :: heat equation
FlowSolve: 
FlowSolve: 
FlowSolve: -------------------------------------
FlowSolve:  NAVIER-STOKES ITERATION           1
FlowSolve: -------------------------------------
FlowSolve: 
FlowSolve: Starting Assembly...
FlowSolve: Assembly:
FlowSolve: Assembly done
FlowSolve: Dirichlet conditions done
      10 0.1378E-08 0.1378E-08
BiCGStabl:       12 0.9386E-10 0.9386E-10
ComputeChange: NS (ITER=1) (NRM,RELC): ( 0.29431070E-03 0.42396280E-02 ) :: navier-stokes
FlowSolve: iter:    1 Assembly: (s)    0.01    0.01
FlowSolve: iter:    1 Solve:    (s)    0.01    0.01
FlowSolve:  Result Norm     :    2.9431070359225455E-004
FlowSolve:  Relative Change :    4.2396279906469787E-003
ComputeChange: SS (ITER=48) (NRM,RELC): ( 0.29530880E-03 0.85405836E-03 ) :: navier-stokes
SolveEquations: -------------------------------------
SolveEquations:  Coupled system iteration:           49
SolveEquations: -------------------------------------
HeatSolver: ------------------------------------------------
HeatSolver: Solving energy equation for temperature
HeatSolver: Heat solver iteration: 1
IterSolver: "Linear System GCR Restart" not given, setting it to 200
   gcr:    10  0.2409E-07  0.2961E-07
ComputeChange: NS (ITER=1) (NRM,RELC): (  294.98537     0.10541495E-05 ) :: heat equation
ComputeChange: SS (ITER=49) (NRM,RELC): (  294.98562     0.21083878E-06 ) :: heat equation
FlowSolve: 
FlowSolve: 
FlowSolve: -------------------------------------
FlowSolve:  NAVIER-STOKES ITERATION           1
FlowSolve: -------------------------------------
FlowSolve: 
FlowSolve: Starting Assembly...
FlowSolve: Assembly:
FlowSolve: Assembly done
FlowSolve: Dirichlet conditions done
      10 0.1592E-07 0.1592E-07
BiCGStabl:       12 0.4227E-10 0.4227E-10
ComputeChange: NS (ITER=1) (NRM,RELC): ( 0.29379095E-03 0.51531271E-02 ) :: navier-stokes
FlowSolve: iter:    1 Assembly: (s)    0.01    0.01
FlowSolve: iter:    1 Solve:    (s)    0.01    0.01
FlowSolve:  Result Norm     :    2.9379095049015592E-004
FlowSolve:  Relative Change :    5.1531271026051080E-003
ComputeChange: SS (ITER=49) (NRM,RELC): ( 0.29500302E-03 0.10360189E-02 ) :: navier-stokes
SolveEquations: -------------------------------------
SolveEquations:  Coupled system iteration:           50
SolveEquations: -------------------------------------
HeatSolver: ------------------------------------------------
HeatSolver: Solving energy equation for temperature
HeatSolver: Heat solver iteration: 1
IterSolver: "Linear System GCR Restart" not given, setting it to 200
   gcr:    10  0.2068E-07  0.2368E-07
ComputeChange: NS (ITER=1) (NRM,RELC): (  294.98536     0.87913807E-06 ) :: heat equation
ComputeChange: SS (ITER=50) (NRM,RELC): (  294.98557     0.17583293E-06 ) :: heat equation
FlowSolve: 
FlowSolve: 
FlowSolve: -------------------------------------
FlowSolve:  NAVIER-STOKES ITERATION           1
FlowSolve: -------------------------------------
FlowSolve: 
FlowSolve: Starting Assembly...
FlowSolve: Assembly:
FlowSolve: Assembly done
FlowSolve: Dirichlet conditions done
      10 0.8869E-09 0.8869E-09
BiCGStabl:       11 0.7399E-10 0.7399E-10
ComputeChange: NS (ITER=1) (NRM,RELC): ( 0.29331476E-03 0.57392802E-02 ) :: navier-stokes
FlowSolve: iter:    1 Assembly: (s)    0.01    0.01
FlowSolve: iter:    1 Solve:    (s)    0.01    0.01
FlowSolve:  Result Norm     :    2.9331475608584766E-004
FlowSolve:  Relative Change :    5.7392801522555955E-003
ComputeChange: SS (ITER=50) (NRM,RELC): ( 0.29466325E-03 0.11524069E-02 ) :: navier-stokes
SolveEquations: -------------------------------------
SolveEquations:  Coupled system iteration:           51
SolveEquations: -------------------------------------
HeatSolver: ------------------------------------------------
HeatSolver: Solving energy equation for temperature
HeatSolver: Heat solver iteration: 1
IterSolver: "Linear System GCR Restart" not given, setting it to 200
   gcr:    10  0.1746E-07  0.1870E-07
ComputeChange: NS (ITER=1) (NRM,RELC): (  294.98535     0.71270398E-06 ) :: heat equation
ComputeChange: SS (ITER=51) (NRM,RELC): (  294.98552     0.14254377E-06 ) :: heat equation
FlowSolve: 
FlowSolve: 
FlowSolve: -------------------------------------
FlowSolve:  NAVIER-STOKES ITERATION           1
FlowSolve: -------------------------------------
FlowSolve: 
FlowSolve: Starting Assembly...
FlowSolve: Assembly:
FlowSolve: Assembly done
FlowSolve: Dirichlet conditions done
      10 0.3163E-09 0.3163E-09
BiCGStabl:       11 0.3950E-10 0.3950E-10
ComputeChange: NS (ITER=1) (NRM,RELC): ( 0.29289169E-03 0.60302702E-02 ) :: navier-stokes
FlowSolve: iter:    1 Assembly: (s)    0.01    0.01
FlowSolve: iter:    1 Solve:    (s)    0.01    0.01
FlowSolve:  Result Norm     :    2.9289169109634452E-004
FlowSolve:  Relative Change :    6.0302701506214276E-003
ComputeChange: SS (ITER=51) (NRM,RELC): ( 0.29430700E-03 0.12097322E-02 ) :: navier-stokes
SolveEquations: -------------------------------------
SolveEquations:  Coupled system iteration:           52
SolveEquations: -------------------------------------
HeatSolver: ------------------------------------------------
HeatSolver: Solving energy equation for temperature
HeatSolver: Heat solver iteration: 1
IterSolver: "Linear System GCR Restart" not given, setting it to 200
   gcr:    10  0.1448E-07  0.1497E-07
ComputeChange: NS (ITER=1) (NRM,RELC): (  294.98535     0.57496108E-06 ) :: heat equation
ComputeChange: SS (ITER=52) (NRM,RELC): (  294.98549     0.11499389E-06 ) :: heat equation
FlowSolve: 
FlowSolve: 
FlowSolve: -------------------------------------
FlowSolve:  NAVIER-STOKES ITERATION           1
FlowSolve: -------------------------------------
FlowSolve: 
FlowSolve: Starting Assembly...
FlowSolve: Assembly:
FlowSolve: Assembly done
FlowSolve: Dirichlet conditions done
      10 0.2448E-09 0.2448E-09
BiCGStabl:       11 0.7841E-10 0.7841E-10
ComputeChange: NS (ITER=1) (NRM,RELC): ( 0.29252808E-03 0.60627728E-02 ) :: navier-stokes
FlowSolve: iter:    1 Assembly: (s)    0.01    0.01
FlowSolve: iter:    1 Solve:    (s)    0.01    0.01
FlowSolve:  Result Norm     :    2.9252807659493982E-004
FlowSolve:  Relative Change :    6.0627728007825246E-003
ComputeChange: SS (ITER=52) (NRM,RELC): ( 0.29394952E-03 0.12153954E-02 ) :: navier-stokes
SolveEquations: -------------------------------------
SolveEquations:  Coupled system iteration:           53
SolveEquations: -------------------------------------
HeatSolver: ------------------------------------------------
HeatSolver: Solving energy equation for temperature
HeatSolver: Heat solver iteration: 1
IterSolver: "Linear System GCR Restart" not given, setting it to 200
   gcr:    10  0.1184E-07  0.1270E-07
ComputeChange: NS (ITER=1) (NRM,RELC): (  294.98537     0.41889717E-06 ) :: heat equation
ComputeChange: SS (ITER=53) (NRM,RELC): (  294.98546     0.83780622E-07 ) :: heat equation
FlowSolve: 
FlowSolve: 
FlowSolve: -------------------------------------
FlowSolve:  NAVIER-STOKES ITERATION           1
FlowSolve: -------------------------------------
FlowSolve: 
FlowSolve: Starting Assembly...
FlowSolve: Assembly:
FlowSolve: Assembly done
FlowSolve: Dirichlet conditions done
      10 0.1974E-09 0.1974E-09
BiCGStabl:       11 0.5114E-10 0.5114E-10
ComputeChange: NS (ITER=1) (NRM,RELC): ( 0.29222724E-03 0.58763015E-02 ) :: navier-stokes
FlowSolve: iter:    1 Assembly: (s)    0.01    0.01
FlowSolve: iter:    1 Solve:    (s)    0.01    0.01
FlowSolve:  Result Norm     :    2.9222724264327450E-004
FlowSolve:  Relative Change :    5.8763014600059539E-003
ComputeChange: SS (ITER=53) (NRM,RELC): ( 0.29360364E-03 0.11773496E-02 ) :: navier-stokes
SolveEquations: -------------------------------------
SolveEquations:  Coupled system iteration:           54
SolveEquations: -------------------------------------
HeatSolver: ------------------------------------------------
HeatSolver: Solving energy equation for temperature
HeatSolver: Heat solver iteration: 1
IterSolver: "Linear System GCR Restart" not given, setting it to 200
   gcr:    10  0.9654E-08  0.1141E-07
ComputeChange: NS (ITER=1) (NRM,RELC): (  294.98538     0.28479487E-06 ) :: heat equation
ComputeChange: SS (ITER=54) (NRM,RELC): (  294.98545     0.56960230E-07 ) :: heat equation
FlowSolve: 
FlowSolve: 
FlowSolve: -------------------------------------
FlowSolve:  NAVIER-STOKES ITERATION           1
FlowSolve: -------------------------------------
FlowSolve: 
FlowSolve: Starting Assembly...
FlowSolve: Assembly:
FlowSolve: Assembly done
FlowSolve: Dirichlet conditions done
      10 0.5586E-10 0.5586E-10
BiCGStabl:       10 0.5586E-10 0.5586E-10
ComputeChange: NS (ITER=1) (NRM,RELC): ( 0.29198913E-03 0.55141117E-02 ) :: navier-stokes
FlowSolve: iter:    1 Assembly: (s)    0.01    0.01
FlowSolve: iter:    1 Solve:    (s)    0.01    0.01
FlowSolve:  Result Norm     :    2.9198912860595069E-004
FlowSolve:  Relative Change :    5.5141117492777973E-003
ComputeChange: SS (ITER=54) (NRM,RELC): ( 0.29327960E-03 0.11042777E-02 ) :: navier-stokes
SolveEquations: -------------------------------------
SolveEquations:  Coupled system iteration:           55
SolveEquations: -------------------------------------
HeatSolver: ------------------------------------------------
HeatSolver: Solving energy equation for temperature
HeatSolver: Heat solver iteration: 1
IterSolver: "Linear System GCR Restart" not given, setting it to 200
   gcr:    10  0.7814E-08  0.1054E-07
ComputeChange: NS (ITER=1) (NRM,RELC): (  294.98539     0.17854720E-06 ) :: heat equation
ComputeChange: SS (ITER=55) (NRM,RELC): (  294.98544     0.35711075E-07 ) :: heat equation
FlowSolve: 
FlowSolve: 
FlowSolve: -------------------------------------
FlowSolve:  NAVIER-STOKES ITERATION           1
FlowSolve: -------------------------------------
FlowSolve: 
FlowSolve: Starting Assembly...
FlowSolve: Assembly:
FlowSolve: Assembly done
FlowSolve: Dirichlet conditions done
      10 0.3136E-09 0.3136E-09
BiCGStabl:       11 0.6155E-11 0.6155E-11
ComputeChange: NS (ITER=1) (NRM,RELC): ( 0.29181203E-03 0.50165580E-02 ) :: navier-stokes
FlowSolve: iter:    1 Assembly: (s)    0.01    0.01
FlowSolve: iter:    1 Solve:    (s)    0.01    0.01
FlowSolve:  Result Norm     :    2.9181202651036087E-004
FlowSolve:  Relative Change :    5.0165580003534221E-003
ComputeChange: SS (ITER=55) (NRM,RELC): ( 0.29298522E-03 0.10042661E-02 ) :: navier-stokes
SolveEquations: -------------------------------------
SolveEquations:  Coupled system iteration:           56
SolveEquations: -------------------------------------
HeatSolver: ------------------------------------------------
HeatSolver: Solving energy equation for temperature
HeatSolver: Heat solver iteration: 1
IterSolver: "Linear System GCR Restart" not given, setting it to 200
   gcr:    10  0.6422E-08  0.9958E-08
ComputeChange: NS (ITER=1) (NRM,RELC): (  294.98541     0.84923429E-07 ) :: heat equation
ComputeChange: SS (ITER=56) (NRM,RELC): (  294.98543     0.16986810E-07 ) :: heat equation
FlowSolve: 
FlowSolve: 
FlowSolve: -------------------------------------
FlowSolve:  NAVIER-STOKES ITERATION           1
FlowSolve: -------------------------------------
FlowSolve: 
FlowSolve: Starting Assembly...
FlowSolve: Assembly:
FlowSolve: Assembly done
FlowSolve: Dirichlet conditions done
      10 0.2294E-09 0.2294E-09
BiCGStabl:       12 0.9811E-11 0.9811E-11
ComputeChange: NS (ITER=1) (NRM,RELC): ( 0.29169220E-03 0.44230082E-02 ) :: navier-stokes
FlowSolve: iter:    1 Assembly: (s)    0.01    0.01
FlowSolve: iter:    1 Solve:    (s)    0.01    0.01
FlowSolve:  Result Norm     :    2.9169220009459321E-004
FlowSolve:  Relative Change :    4.4230082217480409E-003
ComputeChange: SS (ITER=56) (NRM,RELC): ( 0.29272598E-03 0.88518738E-03 ) :: navier-stokes
SolveEquations: -------------------------------------
SolveEquations:  Coupled system iteration:           57
SolveEquations: -------------------------------------
HeatSolver: ------------------------------------------------
HeatSolver: Solving energy equation for temperature
HeatSolver: Heat solver iteration: 1
IterSolver: "Linear System GCR Restart" not given, setting it to 200
   gcr:    10  0.5564E-08  0.9576E-08
ComputeChange: NS (ITER=1) (NRM,RELC): (  294.98543     0.46382599E-08 ) :: heat equation
ComputeChange: SS (ITER=57) (NRM,RELC): (  294.98543     0.93022432E-09 ) :: heat equation
FlowSolve: 
FlowSolve: 
FlowSolve: -------------------------------------
FlowSolve:  NAVIER-STOKES ITERATION           1
FlowSolve: -------------------------------------
FlowSolve: 
FlowSolve: Starting Assembly...
FlowSolve: Assembly:
FlowSolve: Assembly done
FlowSolve: Dirichlet conditions done
      10 0.2902E-10 0.2902E-10
BiCGStabl:       10 0.2902E-10 0.2902E-10
ComputeChange: NS (ITER=1) (NRM,RELC): ( 0.29162430E-03 0.37706417E-02 ) :: navier-stokes
FlowSolve: iter:    1 Assembly: (s)    0.01    0.01
FlowSolve: iter:    1 Solve:    (s)    0.01    0.01
FlowSolve:  Result Norm     :    2.9162429674214923E-004
FlowSolve:  Relative Change :    3.7706417375456352E-003
ComputeChange: SS (ITER=57) (NRM,RELC): ( 0.29250522E-03 0.75446424E-03 ) :: navier-stokes
SolveEquations: -------------------------------------
SolveEquations:  Coupled system iteration:           58
SolveEquations: -------------------------------------
HeatSolver: ------------------------------------------------
HeatSolver: Solving energy equation for temperature
HeatSolver: Heat solver iteration: 1
IterSolver: "Linear System GCR Restart" not given, setting it to 200
   gcr:    10  0.5198E-08  0.9285E-08
ComputeChange: NS (ITER=1) (NRM,RELC): (  294.98545     0.61827230E-07 ) :: heat equation
ComputeChange: SS (ITER=58) (NRM,RELC): (  294.98544     0.12362565E-07 ) :: heat equation
FlowSolve: 
FlowSolve: 
FlowSolve: -------------------------------------
FlowSolve:  NAVIER-STOKES ITERATION           1
FlowSolve: -------------------------------------
FlowSolve: 
FlowSolve: Starting Assembly...
FlowSolve: Assembly:
FlowSolve: Assembly done
FlowSolve: Dirichlet conditions done
      10 0.7665E-10 0.7665E-10
BiCGStabl:       10 0.7665E-10 0.7665E-10
ComputeChange: NS (ITER=1) (NRM,RELC): ( 0.29160183E-03 0.30932156E-02 ) :: navier-stokes
FlowSolve: iter:    1 Assembly: (s)    0.01    0.01
FlowSolve: iter:    1 Solve:    (s)    0.01    0.01
FlowSolve:  Result Norm     :    2.9160183198514099E-004
FlowSolve:  Relative Change :    3.0932156454793764E-003
ComputeChange: SS (ITER=58) (NRM,RELC): ( 0.29232426E-03 0.61882729E-03 ) :: navier-stokes
SolveEquations: -------------------------------------
SolveEquations:  Coupled system iteration:           59
SolveEquations: -------------------------------------
HeatSolver: ------------------------------------------------
HeatSolver: Solving energy equation for temperature
HeatSolver: Heat solver iteration: 1
IterSolver: "Linear System GCR Restart" not given, setting it to 200
   gcr:    10  0.5164E-08  0.8975E-08
ComputeChange: NS (ITER=1) (NRM,RELC): (  294.98547     0.11445492E-06 ) :: heat equation
ComputeChange: SS (ITER=59) (NRM,RELC): (  294.98544     0.22887974E-07 ) :: heat equation
FlowSolve: 
FlowSolve: 
FlowSolve: -------------------------------------
FlowSolve:  NAVIER-STOKES ITERATION           1
FlowSolve: -------------------------------------
FlowSolve: 
FlowSolve: Starting Assembly...
FlowSolve: Assembly:
FlowSolve: Assembly done
FlowSolve: Dirichlet conditions done
      10 0.9051E-10 0.9051E-10
BiCGStabl:       10 0.9051E-10 0.9051E-10
ComputeChange: NS (ITER=1) (NRM,RELC): ( 0.29161764E-03 0.24201915E-02 ) :: navier-stokes
FlowSolve: iter:    1 Assembly: (s)    0.01    0.01
FlowSolve: iter:    1 Solve:    (s)    0.01    0.01
FlowSolve:  Result Norm     :    2.9161763669337205E-004
FlowSolve:  Relative Change :    2.4201914671190586E-003
ComputeChange: SS (ITER=59) (NRM,RELC): ( 0.29218277E-03 0.48414470E-03 ) :: navier-stokes
SolveEquations: -------------------------------------
SolveEquations:  Coupled system iteration:           60
SolveEquations: -------------------------------------
HeatSolver: ------------------------------------------------
HeatSolver: Solving energy equation for temperature
HeatSolver: Heat solver iteration: 1
IterSolver: "Linear System GCR Restart" not given, setting it to 200
   gcr:    10  0.5271E-08  0.8568E-08
ComputeChange: NS (ITER=1) (NRM,RELC): (  294.98549     0.15372635E-06 ) :: heat equation
ComputeChange: SS (ITER=60) (NRM,RELC): (  294.98545     0.30742317E-07 ) :: heat equation
FlowSolve: 
FlowSolve: 
FlowSolve: -------------------------------------
FlowSolve:  NAVIER-STOKES ITERATION           1
FlowSolve: -------------------------------------
FlowSolve: 
FlowSolve: Starting Assembly...
FlowSolve: Assembly:
FlowSolve: Assembly done
FlowSolve: Dirichlet conditions done
      10 0.3181E-09 0.3181E-09
BiCGStabl:       11 0.8923E-10 0.8923E-10
ComputeChange: NS (ITER=1) (NRM,RELC): ( 0.29166427E-03 0.17761625E-02 ) :: navier-stokes
FlowSolve: iter:    1 Assembly: (s)    0.01    0.01
FlowSolve: iter:    1 Solve:    (s)    0.01    0.01
FlowSolve:  Result Norm     :    2.9166426569949714E-004
FlowSolve:  Relative Change :    1.7761624939330854E-003
ComputeChange: SS (ITER=60) (NRM,RELC): ( 0.29207897E-03 0.35531126E-03 ) :: navier-stokes
SolveEquations: -------------------------------------
SolveEquations:  Coupled system iteration:           61
SolveEquations: -------------------------------------
HeatSolver: ------------------------------------------------
HeatSolver: Solving energy equation for temperature
HeatSolver: Heat solver iteration: 1
IterSolver: "Linear System GCR Restart" not given, setting it to 200
ComputeChange: NS (ITER=1) (NRM,RELC): (  294.98550     0.17632958E-06 ) :: heat equation
ComputeChange: SS (ITER=61) (NRM,RELC): (  294.98546     0.35263174E-07 ) :: heat equation
FlowSolve: 
FlowSolve: 
FlowSolve: -------------------------------------
FlowSolve:  NAVIER-STOKES ITERATION           1
FlowSolve: -------------------------------------
FlowSolve: 
FlowSolve: Starting Assembly...
FlowSolve: Assembly:
FlowSolve: Assembly done
FlowSolve: Dirichlet conditions done
      10 0.1623E-08 0.1623E-08
BiCGStabl:       11 0.9120E-10 0.9120E-10
ComputeChange: NS (ITER=1) (NRM,RELC): ( 0.29173440E-03 0.11804315E-02 ) :: navier-stokes
FlowSolve: iter:    1 Assembly: (s)    0.01    0.01
FlowSolve: iter:    1 Solve:    (s)    0.01    0.01
FlowSolve:  Result Norm     :    2.9173439606865117E-004
FlowSolve:  Relative Change :    1.1804315073456540E-003
ComputeChange: SS (ITER=61) (NRM,RELC): ( 0.29201000E-03 0.23616656E-03 ) :: navier-stokes
SolveEquations: -------------------------------------
SolveEquations:  Coupled system iteration:           62
SolveEquations: -------------------------------------
HeatSolver: ------------------------------------------------
HeatSolver: Solving energy equation for temperature
HeatSolver: Heat solver iteration: 1
IterSolver: "Linear System GCR Restart" not given, setting it to 200
ComputeChange: NS (ITER=1) (NRM,RELC): (  294.98552     0.19190063E-06 ) :: heat equation
ComputeChange: SS (ITER=62) (NRM,RELC): (  294.98547     0.38377712E-07 ) :: heat equation
FlowSolve: 
FlowSolve: 
FlowSolve: -------------------------------------
FlowSolve:  NAVIER-STOKES ITERATION           1
FlowSolve: -------------------------------------
FlowSolve: 
FlowSolve: Starting Assembly...
FlowSolve: Assembly:
FlowSolve: Assembly done
FlowSolve: Dirichlet conditions done
      10 0.2105E-09 0.2105E-09
BiCGStabl:       11 0.8910E-10 0.8910E-10
ComputeChange: NS (ITER=1) (NRM,RELC): ( 0.29182099E-03 0.64749978E-03 ) :: navier-stokes
FlowSolve: iter:    1 Assembly: (s)    0.01    0.01
FlowSolve: iter:    1 Solve:    (s)    0.01    0.01
FlowSolve:  Result Norm     :    2.9182098555730968E-004
FlowSolve:  Relative Change :    6.4749977985073656E-004
ComputeChange: SS (ITER=62) (NRM,RELC): ( 0.29197216E-03 0.12959438E-03 ) :: navier-stokes
SolveEquations: -------------------------------------
SolveEquations:  Coupled system iteration:           63
SolveEquations: -------------------------------------
HeatSolver: ------------------------------------------------
HeatSolver: Solving energy equation for temperature
HeatSolver: Heat solver iteration: 1
IterSolver: "Linear System GCR Restart" not given, setting it to 200
ComputeChange: NS (ITER=1) (NRM,RELC): (  294.98553     0.19798230E-06 ) :: heat equation
ComputeChange: SS (ITER=63) (NRM,RELC): (  294.98548     0.39594438E-07 ) :: heat equation
FlowSolve: 
FlowSolve: 
FlowSolve: -------------------------------------
FlowSolve:  NAVIER-STOKES ITERATION           1
FlowSolve: -------------------------------------
FlowSolve: 
FlowSolve: Starting Assembly...
FlowSolve: Assembly:
FlowSolve: Assembly done
FlowSolve: Dirichlet conditions done
      10 0.1189E-09 0.1189E-09
BiCGStabl:       12 0.1880E-11 0.1880E-11
ComputeChange: NS (ITER=1) (NRM,RELC): ( 0.29191765E-03 0.18669801E-03 ) :: navier-stokes
FlowSolve: iter:    1 Assembly: (s)    0.01    0.01
FlowSolve: iter:    1 Solve:    (s)    0.01    0.01
FlowSolve:  Result Norm     :    2.9191765483801459E-004
FlowSolve:  Relative Change :    1.8669801460967776E-004
ComputeChange: SS (ITER=63) (NRM,RELC): ( 0.29196123E-03 0.37449361E-04 ) :: navier-stokes
SolveEquations: -------------------------------------
SolveEquations:  Coupled system iteration:           64
SolveEquations: -------------------------------------
HeatSolver: ------------------------------------------------
HeatSolver: Solving energy equation for temperature
HeatSolver: Heat solver iteration: 1
IterSolver: "Linear System GCR Restart" not given, setting it to 200
ComputeChange: NS (ITER=1) (NRM,RELC): (  294.98554     0.19606757E-06 ) :: heat equation
ComputeChange: SS (ITER=64) (NRM,RELC): (  294.98550     0.39211901E-07 ) :: heat equation
FlowSolve: 
FlowSolve: 
FlowSolve: -------------------------------------
FlowSolve:  NAVIER-STOKES ITERATION           1
FlowSolve: -------------------------------------
FlowSolve: 
FlowSolve: Starting Assembly...
FlowSolve: Assembly:
FlowSolve: Assembly done
FlowSolve: Dirichlet conditions done
      10 0.8523E-10 0.8523E-10
BiCGStabl:       10 0.8523E-10 0.8523E-10
ComputeChange: NS (ITER=1) (NRM,RELC): ( 0.29201880E-03 0.19716114E-03 ) :: navier-stokes
FlowSolve: iter:    1 Assembly: (s)    0.01    0.01
FlowSolve: iter:    1 Solve:    (s)    0.01    0.01
FlowSolve:  Result Norm     :    2.9201879548994844E-004
FlowSolve:  Relative Change :    1.9716114022300140E-004
ComputeChange: SS (ITER=64) (NRM,RELC): ( 0.29197270E-03 0.39312721E-04 ) :: navier-stokes
SolveEquations: -------------------------------------
SolveEquations:  Coupled system iteration:           65
SolveEquations: -------------------------------------
HeatSolver: ------------------------------------------------
HeatSolver: Solving energy equation for temperature
HeatSolver: Heat solver iteration: 1
IterSolver: "Linear System GCR Restart" not given, setting it to 200
ComputeChange: NS (ITER=1) (NRM,RELC): (  294.98555     0.18768224E-06 ) :: heat equation
ComputeChange: SS (ITER=65) (NRM,RELC): (  294.98551     0.37535222E-07 ) :: heat equation
FlowSolve: 
FlowSolve: 
FlowSolve: -------------------------------------
FlowSolve:  NAVIER-STOKES ITERATION           1
FlowSolve: -------------------------------------
FlowSolve: 
FlowSolve: Starting Assembly...
FlowSolve: Assembly:
FlowSolve: Assembly done
FlowSolve: Dirichlet conditions done
      10 0.1640E-09 0.1640E-09
BiCGStabl:       11 0.3644E-10 0.3644E-10
ComputeChange: NS (ITER=1) (NRM,RELC): ( 0.29211967E-03 0.50321556E-03 ) :: navier-stokes
FlowSolve: iter:    1 Assembly: (s)    0.01    0.01
FlowSolve: iter:    1 Solve:    (s)    0.01    0.01
FlowSolve:  Result Norm     :    2.9211966660794780E-004
FlowSolve:  Relative Change :    5.0321556295887049E-004
ComputeChange: SS (ITER=65) (NRM,RELC): ( 0.29200206E-03 0.10052228E-03 ) :: navier-stokes
SolveEquations: -------------------------------------
SolveEquations:  Coupled system iteration:           66
SolveEquations: -------------------------------------
HeatSolver: ------------------------------------------------
HeatSolver: Solving energy equation for temperature
HeatSolver: Heat solver iteration: 1
IterSolver: "Linear System GCR Restart" not given, setting it to 200
ComputeChange: NS (ITER=1) (NRM,RELC): (  294.98556     0.17430451E-06 ) :: heat equation
ComputeChange: SS (ITER=66) (NRM,RELC): (  294.98552     0.34860019E-07 ) :: heat equation
FlowSolve: 
FlowSolve: 
FlowSolve: -------------------------------------
FlowSolve:  NAVIER-STOKES ITERATION           1
FlowSolve: -------------------------------------
FlowSolve: 
FlowSolve: Starting Assembly...
FlowSolve: Assembly:
FlowSolve: Assembly done
FlowSolve: Dirichlet conditions done
      10 0.1292E-09 0.1292E-09
BiCGStabl:       11 0.2635E-10 0.2635E-10
ComputeChange: NS (ITER=1) (NRM,RELC): ( 0.29221644E-03 0.73390130E-03 ) :: navier-stokes
FlowSolve: iter:    1 Assembly: (s)    0.01    0.01
FlowSolve: iter:    1 Solve:    (s)    0.01    0.01
FlowSolve:  Result Norm     :    2.9221643501339562E-004
FlowSolve:  Relative Change :    7.3390129930773216E-004
ComputeChange: SS (ITER=66) (NRM,RELC): ( 0.29204489E-03 0.14666649E-03 ) :: navier-stokes
SolveEquations: -------------------------------------
SolveEquations:  Coupled system iteration:           67
SolveEquations: -------------------------------------
HeatSolver: ------------------------------------------------
HeatSolver: Solving energy equation for temperature
HeatSolver: Heat solver iteration: 1
IterSolver: "Linear System GCR Restart" not given, setting it to 200
ComputeChange: NS (ITER=1) (NRM,RELC): (  294.98556     0.15729369E-06 ) :: heat equation
ComputeChange: SS (ITER=67) (NRM,RELC): (  294.98553     0.31458131E-07 ) :: heat equation
FlowSolve: 
FlowSolve: 
FlowSolve: -------------------------------------
FlowSolve:  NAVIER-STOKES ITERATION           1
FlowSolve: -------------------------------------
FlowSolve: 
FlowSolve: Starting Assembly...
FlowSolve: Assembly:
FlowSolve: Assembly done
FlowSolve: Dirichlet conditions done
      10 0.1142E-09 0.1142E-09
BiCGStabl:       11 0.9188E-10 0.9188E-10
ComputeChange: NS (ITER=1) (NRM,RELC): ( 0.29230616E-03 0.89423096E-03 ) :: navier-stokes
FlowSolve: iter:    1 Assembly: (s)    0.01    0.01
FlowSolve: iter:    1 Solve:    (s)    0.01    0.01
FlowSolve:  Result Norm     :    2.9230615811536600E-004
FlowSolve:  Relative Change :    8.9423096129751976E-004
ComputeChange: SS (ITER=67) (NRM,RELC): ( 0.29209709E-03 0.17874611E-03 ) :: navier-stokes
SolveEquations: -------------------------------------
SolveEquations:  Coupled system iteration:           68
SolveEquations: -------------------------------------
HeatSolver: ------------------------------------------------
HeatSolver: Solving energy equation for temperature
HeatSolver: Heat solver iteration: 1
IterSolver: "Linear System GCR Restart" not given, setting it to 200
ComputeChange: NS (ITER=1) (NRM,RELC): (  294.98557     0.13341231E-06 ) :: heat equation
ComputeChange: SS (ITER=68) (NRM,RELC): (  294.98553     0.26682071E-07 ) :: heat equation
FlowSolve: 
FlowSolve: 
FlowSolve: -------------------------------------
FlowSolve:  NAVIER-STOKES ITERATION           1
FlowSolve: -------------------------------------
FlowSolve: 
FlowSolve: Starting Assembly...
FlowSolve: Assembly:
FlowSolve: Assembly done
FlowSolve: Dirichlet conditions done
      10 0.9943E-10 0.9943E-10
BiCGStabl:       10 0.9943E-10 0.9943E-10
ComputeChange: NS (ITER=1) (NRM,RELC): ( 0.29238665E-03 0.99081140E-03 ) :: navier-stokes
FlowSolve: iter:    1 Assembly: (s)    0.01    0.01
FlowSolve: iter:    1 Solve:    (s)    0.01    0.01
FlowSolve:  Result Norm     :    2.9238664884773932E-004
FlowSolve:  Relative Change :    9.9081139633657930E-004
ComputeChange: SS (ITER=68) (NRM,RELC): ( 0.29215496E-03 0.19807993E-03 ) :: navier-stokes
SolveEquations: -------------------------------------
SolveEquations:  Coupled system iteration:           69
SolveEquations: -------------------------------------
HeatSolver: ------------------------------------------------
HeatSolver: Solving energy equation for temperature
HeatSolver: Heat solver iteration: 1
IterSolver: "Linear System GCR Restart" not given, setting it to 200
ComputeChange: NS (ITER=1) (NRM,RELC): (  294.98557     0.11360945E-06 ) :: heat equation
ComputeChange: SS (ITER=69) (NRM,RELC): (  294.98554     0.22721652E-07 ) :: heat equation
FlowSolve: 
FlowSolve: 
FlowSolve: -------------------------------------
FlowSolve:  NAVIER-STOKES ITERATION           1
FlowSolve: -------------------------------------
FlowSolve: 
FlowSolve: Starting Assembly...
FlowSolve: Assembly:
FlowSolve: Assembly done
FlowSolve: Dirichlet conditions done
      10 0.6274E-10 0.6274E-10
BiCGStabl:       10 0.6274E-10 0.6274E-10
ComputeChange: NS (ITER=1) (NRM,RELC): ( 0.29245663E-03 0.10320517E-02 ) :: navier-stokes
FlowSolve: iter:    1 Assembly: (s)    0.01    0.01
FlowSolve: iter:    1 Solve:    (s)    0.01    0.01
FlowSolve:  Result Norm     :    2.9245663125624478E-004
FlowSolve:  Relative Change :    1.0320516701093499E-003
ComputeChange: SS (ITER=69) (NRM,RELC): ( 0.29221525E-03 0.20634709E-03 ) :: navier-stokes
SolveEquations: -------------------------------------
SolveEquations:  Coupled system iteration:           70
SolveEquations: -------------------------------------
HeatSolver: ------------------------------------------------
HeatSolver: Solving energy equation for temperature
HeatSolver: Heat solver iteration: 1
IterSolver: "Linear System GCR Restart" not given, setting it to 200
ComputeChange: NS (ITER=1) (NRM,RELC): (  294.98557     0.93816130E-07 ) :: heat equation
ComputeChange: SS (ITER=70) (NRM,RELC): (  294.98555     0.18763089E-07 ) :: heat equation
FlowSolve: 
FlowSolve: 
FlowSolve: -------------------------------------
FlowSolve:  NAVIER-STOKES ITERATION           1
FlowSolve: -------------------------------------
FlowSolve: 
FlowSolve: Starting Assembly...
FlowSolve: Assembly:
FlowSolve: Assembly done
FlowSolve: Dirichlet conditions done
      10 0.6172E-08 0.6172E-08
BiCGStabl:       11 0.4777E-10 0.4777E-10
ComputeChange: NS (ITER=1) (NRM,RELC): ( 0.29251542E-03 0.10267177E-02 ) :: navier-stokes
FlowSolve: iter:    1 Assembly: (s)    0.01    0.01
FlowSolve: iter:    1 Solve:    (s)    0.01    0.01
FlowSolve:  Result Norm     :    2.9251542479175421E-004
FlowSolve:  Relative Change :    1.0267177269668029E-003
ComputeChange: SS (ITER=70) (NRM,RELC): ( 0.29227525E-03 0.20529855E-03 ) :: navier-stokes
SolveEquations: -------------------------------------
SolveEquations:  Coupled system iteration:           71
SolveEquations: -------------------------------------
HeatSolver: ------------------------------------------------
HeatSolver: Solving energy equation for temperature
HeatSolver: Heat solver iteration: 1
IterSolver: "Linear System GCR Restart" not given, setting it to 200
ComputeChange: NS (ITER=1) (NRM,RELC): (  294.98557     0.74777071E-07 ) :: heat equation
ComputeChange: SS (ITER=71) (NRM,RELC): (  294.98555     0.14955337E-07 ) :: heat equation
FlowSolve: 
FlowSolve: 
FlowSolve: -------------------------------------
FlowSolve:  NAVIER-STOKES ITERATION           1
FlowSolve: -------------------------------------
FlowSolve: 
FlowSolve: Starting Assembly...
FlowSolve: Assembly:
FlowSolve: Assembly done
FlowSolve: Dirichlet conditions done
      10 0.6219E-09 0.6219E-09
BiCGStabl:       11 0.9153E-10 0.9153E-10
ComputeChange: NS (ITER=1) (NRM,RELC): ( 0.29256292E-03 0.98375893E-03 ) :: navier-stokes
FlowSolve: iter:    1 Assembly: (s)    0.01    0.01
FlowSolve: iter:    1 Solve:    (s)    0.01    0.01
FlowSolve:  Result Norm     :    2.9256291552402959E-004
FlowSolve:  Relative Change :    9.8375892830047137E-004
ComputeChange: SS (ITER=71) (NRM,RELC): ( 0.29233275E-03 0.19672260E-03 ) :: navier-stokes
SolveEquations: -------------------------------------
SolveEquations:  Coupled system iteration:           72
SolveEquations: -------------------------------------
HeatSolver: ------------------------------------------------
HeatSolver: Solving energy equation for temperature
HeatSolver: Heat solver iteration: 1
IterSolver: "Linear System GCR Restart" not given, setting it to 200
ComputeChange: NS (ITER=1) (NRM,RELC): (  294.98557     0.57072193E-07 ) :: heat equation
ComputeChange: SS (ITER=72) (NRM,RELC): (  294.98555     0.11414391E-07 ) :: heat equation
FlowSolve: 
FlowSolve: 
FlowSolve: -------------------------------------
FlowSolve:  NAVIER-STOKES ITERATION           1
FlowSolve: -------------------------------------
FlowSolve: 
FlowSolve: Starting Assembly...
FlowSolve: Assembly:
FlowSolve: Assembly done
FlowSolve: Dirichlet conditions done
      10 0.1169E-09 0.1169E-09
BiCGStabl:       11 0.2909E-10 0.2909E-10
ComputeChange: NS (ITER=1) (NRM,RELC): ( 0.29259946E-03 0.91192922E-03 ) :: navier-stokes
FlowSolve: iter:    1 Assembly: (s)    0.01    0.01
FlowSolve: iter:    1 Solve:    (s)    0.01    0.01
FlowSolve:  Result Norm     :    2.9259945683123728E-004
FlowSolve:  Relative Change :    9.1192922018093622E-004
ComputeChange: SS (ITER=72) (NRM,RELC): ( 0.29238607E-03 0.18236918E-03 ) :: navier-stokes
SolveEquations: -------------------------------------
SolveEquations:  Coupled system iteration:           73
SolveEquations: -------------------------------------
HeatSolver: ------------------------------------------------
HeatSolver: Solving energy equation for temperature
HeatSolver: Heat solver iteration: 1
IterSolver: "Linear System GCR Restart" not given, setting it to 200
ComputeChange: NS (ITER=1) (NRM,RELC): (  294.98557     0.41057884E-07 ) :: heat equation
ComputeChange: SS (ITER=73) (NRM,RELC): (  294.98556     0.82115409E-08 ) :: heat equation
FlowSolve: 
FlowSolve: 
FlowSolve: -------------------------------------
FlowSolve:  NAVIER-STOKES ITERATION           1
FlowSolve: -------------------------------------
FlowSolve: 
FlowSolve: Starting Assembly...
FlowSolve: Assembly:
FlowSolve: Assembly done
FlowSolve: Dirichlet conditions done
      10 0.8759E-10 0.8759E-10
BiCGStabl:       10 0.8759E-10 0.8759E-10
ComputeChange: NS (ITER=1) (NRM,RELC): ( 0.29262581E-03 0.81961530E-03 ) :: navier-stokes
FlowSolve: iter:    1 Assembly: (s)    0.01    0.01
FlowSolve: iter:    1 Solve:    (s)    0.01    0.01
FlowSolve:  Result Norm     :    2.9262580813357126E-004
FlowSolve:  Relative Change :    8.1961529764127436E-004
ComputeChange: SS (ITER=73) (NRM,RELC): ( 0.29243400E-03 0.16391540E-03 ) :: navier-stokes
SolveEquations: -------------------------------------
SolveEquations:  Coupled system iteration:           74
SolveEquations: -------------------------------------
HeatSolver: ------------------------------------------------
HeatSolver: Solving energy equation for temperature
HeatSolver: Heat solver iteration: 1
IterSolver: "Linear System GCR Restart" not given, setting it to 200
ComputeChange: NS (ITER=1) (NRM,RELC): (  294.98556     0.23665765E-07 ) :: heat equation
ComputeChange: SS (ITER=74) (NRM,RELC): (  294.98556     0.47331173E-08 ) :: heat equation
FlowSolve: 
FlowSolve: 
FlowSolve: -------------------------------------
FlowSolve:  NAVIER-STOKES ITERATION           1
FlowSolve: -------------------------------------
FlowSolve: 
FlowSolve: Starting Assembly...
FlowSolve: Assembly:
FlowSolve: Assembly done
FlowSolve: Dirichlet conditions done
BiCGStabl:       10 0.9558E-10 0.9558E-10
ComputeChange: NS (ITER=1) (NRM,RELC): ( 0.29264400E-03 0.71787495E-03 ) :: navier-stokes
FlowSolve: iter:    1 Assembly: (s)    0.01    0.01
FlowSolve: iter:    1 Solve:    (s)    0.01    0.01
FlowSolve:  Result Norm     :    2.9264400272194192E-004
FlowSolve:  Relative Change :    7.1787495313020775E-004
ComputeChange: SS (ITER=74) (NRM,RELC): ( 0.29247599E-03 0.14357323E-03 ) :: navier-stokes
SolveEquations: -------------------------------------
SolveEquations:  Coupled system iteration:           75
SolveEquations: -------------------------------------
HeatSolver: ------------------------------------------------
HeatSolver: Solving energy equation for temperature
HeatSolver: Heat solver iteration: 1
IterSolver: "Linear System GCR Restart" not given, setting it to 200
ComputeChange: NS (ITER=1) (NRM,RELC): (  294.98556     0.11319028E-07 ) :: heat equation
ComputeChange: SS (ITER=75) (NRM,RELC): (  294.98556     0.22637666E-08 ) :: heat equation
FlowSolve: 
FlowSolve: 
FlowSolve: -------------------------------------
FlowSolve:  NAVIER-STOKES ITERATION           1
FlowSolve: -------------------------------------
FlowSolve: 
FlowSolve: Starting Assembly...
FlowSolve: Assembly:
FlowSolve: Assembly done
FlowSolve: Dirichlet conditions done
BiCGStabl:       10 0.5868E-10 0.5868E-10
ComputeChange: NS (ITER=1) (NRM,RELC): ( 0.29265336E-03 0.60628067E-03 ) :: navier-stokes
FlowSolve: iter:    1 Assembly: (s)    0.01    0.01
FlowSolve: iter:    1 Solve:    (s)    0.01    0.01
FlowSolve:  Result Norm     :    2.9265336131728537E-004
FlowSolve:  Relative Change :    6.0628067459625955E-004
ComputeChange: SS (ITER=75) (NRM,RELC): ( 0.29251145E-03 0.12125739E-03 ) :: navier-stokes
SolveEquations: -------------------------------------
SolveEquations:  Coupled system iteration:           76
SolveEquations: -------------------------------------
HeatSolver: ------------------------------------------------
HeatSolver: Solving energy equation for temperature
HeatSolver: Heat solver iteration: 1
IterSolver: "Linear System GCR Restart" not given, setting it to 200
ComputeChange: NS (ITER=1) (NRM,RELC): (  294.98556     0.20719866E-08 ) :: heat equation
ComputeChange: SS (ITER=76) (NRM,RELC): (  294.98556     0.41435293E-09 ) :: heat equation
FlowSolve: 
FlowSolve: 
FlowSolve: -------------------------------------
FlowSolve:  NAVIER-STOKES ITERATION           1
FlowSolve: -------------------------------------
FlowSolve: 
FlowSolve: Starting Assembly...
FlowSolve: Assembly:
FlowSolve: Assembly done
FlowSolve: Dirichlet conditions done
BiCGStabl:       10 0.6929E-10 0.6929E-10
ComputeChange: NS (ITER=1) (NRM,RELC): ( 0.29265533E-03 0.49174686E-03 ) :: navier-stokes
FlowSolve: iter:    1 Assembly: (s)    0.01    0.01
FlowSolve: iter:    1 Solve:    (s)    0.01    0.01
FlowSolve:  Result Norm     :    2.9265532899983400E-004
FlowSolve:  Relative Change :    4.9174686272468948E-004
ComputeChange: SS (ITER=76) (NRM,RELC): ( 0.29254022E-03 0.98351526E-04 ) :: navier-stokes
SolveEquations: -------------------------------------
SolveEquations:  Coupled system iteration:           77
SolveEquations: -------------------------------------
HeatSolver: ------------------------------------------------
HeatSolver: Solving energy equation for temperature
HeatSolver: Heat solver iteration: 1
IterSolver: "Linear System GCR Restart" not given, setting it to 200
ComputeChange: NS (ITER=1) (NRM,RELC): (  294.98556     0.52671070E-08 ) :: heat equation
ComputeChange: SS (ITER=77) (NRM,RELC): (  294.98556     0.10534674E-08 ) :: heat equation
FlowSolve: 
FlowSolve: 
FlowSolve: -------------------------------------
FlowSolve:  NAVIER-STOKES ITERATION           1
FlowSolve: -------------------------------------
FlowSolve: 
FlowSolve: Starting Assembly...
FlowSolve: Assembly:
FlowSolve: Assembly done
FlowSolve: Dirichlet conditions done
BiCGStabl:       10 0.4470E-10 0.4470E-10
ComputeChange: NS (ITER=1) (NRM,RELC): ( 0.29265136E-03 0.37983725E-03 ) :: navier-stokes
FlowSolve: iter:    1 Assembly: (s)    0.01    0.01
FlowSolve: iter:    1 Solve:    (s)    0.01    0.01
FlowSolve:  Result Norm     :    2.9265136117863344E-004
FlowSolve:  Relative Change :    3.7983724951006517E-004
ComputeChange: SS (ITER=77) (NRM,RELC): ( 0.29256245E-03 0.75969146E-04 ) :: navier-stokes
SolveEquations: -------------------------------------
SolveEquations:  Coupled system iteration:           78
SolveEquations: -------------------------------------
HeatSolver: ------------------------------------------------
HeatSolver: Solving energy equation for temperature
HeatSolver: Heat solver iteration: 1
IterSolver: "Linear System GCR Restart" not given, setting it to 200
ComputeChange: NS (ITER=1) (NRM,RELC): (  294.98556     0.10895642E-07 ) :: heat equation
ComputeChange: SS (ITER=78) (NRM,RELC): (  294.98556     0.21791733E-08 ) :: heat equation
FlowSolve: 
FlowSolve: 
FlowSolve: -------------------------------------
FlowSolve:  NAVIER-STOKES ITERATION           1
FlowSolve: -------------------------------------
FlowSolve: 
FlowSolve: Starting Assembly...
FlowSolve: Assembly:
FlowSolve: Assembly done
FlowSolve: Dirichlet conditions done
BiCGStabl:       10 0.9517E-10 0.9517E-10
ComputeChange: NS (ITER=1) (NRM,RELC): ( 0.29264277E-03 0.27451176E-03 ) :: navier-stokes
FlowSolve: iter:    1 Assembly: (s)    0.01    0.01
FlowSolve: iter:    1 Solve:    (s)    0.01    0.01
FlowSolve:  Result Norm     :    2.9264277013031506E-004
FlowSolve:  Relative Change :    2.7451176106944489E-004
ComputeChange: SS (ITER=78) (NRM,RELC): ( 0.29257851E-03 0.54902889E-04 ) :: navier-stokes
SolveEquations: -------------------------------------
SolveEquations:  Coupled system iteration:           79
SolveEquations: -------------------------------------
HeatSolver: ------------------------------------------------
HeatSolver: Solving energy equation for temperature
HeatSolver: Heat solver iteration: 1
IterSolver: "Linear System GCR Restart" not given, setting it to 200
ComputeChange: NS (ITER=1) (NRM,RELC): (  294.98555     0.14911452E-07 ) :: heat equation
ComputeChange: SS (ITER=79) (NRM,RELC): (  294.98556     0.29823319E-08 ) :: heat equation
FlowSolve: 
FlowSolve: 
FlowSolve: -------------------------------------
FlowSolve:  NAVIER-STOKES ITERATION           1
FlowSolve: -------------------------------------
FlowSolve: 
FlowSolve: Starting Assembly...
FlowSolve: Assembly:
FlowSolve: Assembly done
FlowSolve: Dirichlet conditions done
      10 0.1336E-09 0.1336E-09
BiCGStabl:       11 0.6385E-10 0.6385E-10
ComputeChange: NS (ITER=1) (NRM,RELC): ( 0.29263076E-03 0.17858422E-03 ) :: navier-stokes
FlowSolve: iter:    1 Assembly: (s)    0.01    0.01
FlowSolve: iter:    1 Solve:    (s)    0.01    0.01
FlowSolve:  Result Norm     :    2.9263076480834350E-004
FlowSolve:  Relative Change :    1.7858421996923279E-004
ComputeChange: SS (ITER=79) (NRM,RELC): ( 0.29258896E-03 0.35716020E-04 ) :: navier-stokes
SolveEquations: -------------------------------------
SolveEquations:  Coupled system iteration:           80
SolveEquations: -------------------------------------
HeatSolver: ------------------------------------------------
HeatSolver: Solving energy equation for temperature
HeatSolver: Heat solver iteration: 1
IterSolver: "Linear System GCR Restart" not given, setting it to 200
ComputeChange: NS (ITER=1) (NRM,RELC): (  294.98555     0.17459890E-07 ) :: heat equation
ComputeChange: SS (ITER=80) (NRM,RELC): (  294.98556     0.34920154E-08 ) :: heat equation
FlowSolve: 
FlowSolve: 
FlowSolve: -------------------------------------
FlowSolve:  NAVIER-STOKES ITERATION           1
FlowSolve: -------------------------------------
FlowSolve: 
FlowSolve: Starting Assembly...
FlowSolve: Assembly:
FlowSolve: Assembly done
FlowSolve: Dirichlet conditions done
      10 0.4549E-10 0.4549E-10
BiCGStabl:       10 0.4549E-10 0.4549E-10
ComputeChange: NS (ITER=1) (NRM,RELC): ( 0.29261645E-03 0.93935299E-04 ) :: navier-stokes
FlowSolve: iter:    1 Assembly: (s)    0.01    0.01
FlowSolve: iter:    1 Solve:    (s)    0.01    0.01
FlowSolve:  Result Norm     :    2.9261644588635024E-004
FlowSolve:  Relative Change :    9.3935299499471570E-005
ComputeChange: SS (ITER=80) (NRM,RELC): ( 0.29259446E-03 0.18785013E-04 ) :: navier-stokes
SolveEquations: -------------------------------------
SolveEquations:  Coupled system iteration:           81
SolveEquations: -------------------------------------
HeatSolver: ------------------------------------------------
HeatSolver: Solving energy equation for temperature
HeatSolver: Heat solver iteration: 1
IterSolver: "Linear System GCR Restart" not given, setting it to 200
ComputeChange: NS (ITER=1) (NRM,RELC): (  294.98555     0.18722776E-07 ) :: heat equation
ComputeChange: SS (ITER=81) (NRM,RELC): (  294.98556     0.37445840E-08 ) :: heat equation
FlowSolve: 
FlowSolve: 
FlowSolve: -------------------------------------
FlowSolve:  NAVIER-STOKES ITERATION           1
FlowSolve: -------------------------------------
FlowSolve: 
FlowSolve: Starting Assembly...
FlowSolve: Assembly:
FlowSolve: Assembly done
FlowSolve: Dirichlet conditions done
BiCGStabl:       10 0.5873E-10 0.5873E-10
ComputeChange: NS (ITER=1) (NRM,RELC): ( 0.29260079E-03 0.21649262E-04 ) :: navier-stokes
FlowSolve: iter:    1 Assembly: (s)    0.01    0.01
FlowSolve: iter:    1 Solve:    (s)    0.01    0.01
FlowSolve:  Result Norm     :    2.9260079102553268E-004
FlowSolve:  Relative Change :    2.1649261845442961E-005
ComputeChange: SS (ITER=81) (NRM,RELC): ( 0.29259572E-03 0.43269155E-05 ) :: navier-stokes
SolveEquations: -------------------------------------
SolveEquations:  Coupled system iteration:           82
SolveEquations: -------------------------------------
HeatSolver: ------------------------------------------------
HeatSolver: Solving energy equation for temperature
HeatSolver: Heat solver iteration: 1
IterSolver: "Linear System GCR Restart" not given, setting it to 200
ComputeChange: NS (ITER=1) (NRM,RELC): (  294.98555     0.18902075E-07 ) :: heat equation
ComputeChange: SS (ITER=82) (NRM,RELC): (  294.98555     0.37804382E-08 ) :: heat equation
FlowSolve: 
FlowSolve: 
FlowSolve: -------------------------------------
FlowSolve:  NAVIER-STOKES ITERATION           1
FlowSolve: -------------------------------------
FlowSolve: 
FlowSolve: Starting Assembly...
FlowSolve: Assembly:
FlowSolve: Assembly done
FlowSolve: Dirichlet conditions done
      10 0.5808E-10 0.5808E-10
BiCGStabl:       10 0.5808E-10 0.5808E-10
ComputeChange: NS (ITER=1) (NRM,RELC): ( 0.29258464E-03 0.37865526E-04 ) :: navier-stokes
FlowSolve: iter:    1 Assembly: (s)    0.01    0.01
FlowSolve: iter:    1 Solve:    (s)    0.01    0.01
FlowSolve:  Result Norm     :    2.9258464345586962E-004
FlowSolve:  Relative Change :    3.7865526429689809E-005
ComputeChange: SS (ITER=82) (NRM,RELC): ( 0.29259351E-03 0.75765297E-05 ) :: navier-stokes
SolveEquations: -------------------------------------
SolveEquations:  Coupled system iteration:           83
SolveEquations: -------------------------------------
HeatSolver: ------------------------------------------------
HeatSolver: Solving energy equation for temperature
HeatSolver: Heat solver iteration: 1
IterSolver: "Linear System GCR Restart" not given, setting it to 200
ComputeChange: NS (ITER=1) (NRM,RELC): (  294.98555     0.18899180E-07 ) :: heat equation
ComputeChange: SS (ITER=83) (NRM,RELC): (  294.98555     0.37798530E-08 ) :: heat equation
FlowSolve: 
FlowSolve: 
FlowSolve: -------------------------------------
FlowSolve:  NAVIER-STOKES ITERATION           1
FlowSolve: -------------------------------------
FlowSolve: 
FlowSolve: Starting Assembly...
FlowSolve: Assembly:
FlowSolve: Assembly done
FlowSolve: Dirichlet conditions done
      10 0.1203E-09 0.1203E-09
BiCGStabl:       11 0.1099E-11 0.1099E-11
ComputeChange: NS (ITER=1) (NRM,RELC): ( 0.29256825E-03 0.86321007E-04 ) :: navier-stokes
FlowSolve: iter:    1 Assembly: (s)    0.01    0.01
FlowSolve: iter:    1 Solve:    (s)    0.01    0.01
FlowSolve:  Result Norm     :    2.9256824980953373E-004
FlowSolve:  Relative Change :    8.6321006579686166E-005
ComputeChange: SS (ITER=83) (NRM,RELC): ( 0.29258845E-03 0.17267721E-04 ) :: navier-stokes
SolveEquations: -------------------------------------
SolveEquations:  Coupled system iteration:           84
SolveEquations: -------------------------------------
HeatSolver: ------------------------------------------------
HeatSolver: Solving energy equation for temperature
HeatSolver: Heat solver iteration: 1
IterSolver: "Linear System GCR Restart" not given, setting it to 200
ComputeChange: NS (ITER=1) (NRM,RELC): (  294.98555     0.17164767E-07 ) :: heat equation
ComputeChange: SS (ITER=84) (NRM,RELC): (  294.98555     0.34329632E-08 ) :: heat equation
FlowSolve: 
FlowSolve: 
FlowSolve: -------------------------------------
FlowSolve:  NAVIER-STOKES ITERATION           1
FlowSolve: -------------------------------------
FlowSolve: 
FlowSolve: Starting Assembly...
FlowSolve: Assembly:
FlowSolve: Assembly done
FlowSolve: Dirichlet conditions done
      10 0.2135E-09 0.2135E-09
BiCGStabl:       11 0.2235E-11 0.2235E-11
ComputeChange: NS (ITER=1) (NRM,RELC): ( 0.29255277E-03 0.12195467E-03 ) :: navier-stokes
FlowSolve: iter:    1 Assembly: (s)    0.01    0.01
FlowSolve: iter:    1 Solve:    (s)    0.01    0.01
FlowSolve:  Result Norm     :    2.9255277295357226E-004
FlowSolve:  Relative Change :    1.2195466952563935E-004
ComputeChange: SS (ITER=84) (NRM,RELC): ( 0.29258132E-03 0.24394229E-04 ) :: navier-stokes
SolveEquations: -------------------------------------
SolveEquations:  Coupled system iteration:           85
SolveEquations: -------------------------------------
HeatSolver: ------------------------------------------------
HeatSolver: Solving energy equation for temperature
HeatSolver: Heat solver iteration: 1
IterSolver: "Linear System GCR Restart" not given, setting it to 200
ComputeChange: NS (ITER=1) (NRM,RELC): (  294.98555     0.15079243E-07 ) :: heat equation
ComputeChange: SS (ITER=85) (NRM,RELC): (  294.98555     0.30158549E-08 ) :: heat equation
FlowSolve: 
FlowSolve: 
FlowSolve: -------------------------------------
FlowSolve:  NAVIER-STOKES ITERATION           1
FlowSolve: -------------------------------------
FlowSolve: 
FlowSolve: Starting Assembly...
FlowSolve: Assembly:
FlowSolve: Assembly done
FlowSolve: Dirichlet conditions done
      10 0.7790E-09 0.7790E-09
BiCGStabl:       11 0.2094E-11 0.2094E-11
ComputeChange: NS (ITER=1) (NRM,RELC): ( 0.29253861E-03 0.14596340E-03 ) :: navier-stokes
FlowSolve: iter:    1 Assembly: (s)    0.01    0.01
FlowSolve: iter:    1 Solve:    (s)    0.01    0.01
FlowSolve:  Result Norm     :    2.9253861287573292E-004
FlowSolve:  Relative Change :    1.4596340120832919E-004
ComputeChange: SS (ITER=85) (NRM,RELC): ( 0.29257277E-03 0.29195536E-04 ) :: navier-stokes
SolveEquations: -------------------------------------
SolveEquations:  Coupled system iteration:           86
SolveEquations: -------------------------------------
HeatSolver: ------------------------------------------------
HeatSolver: Solving energy equation for temperature
HeatSolver: Heat solver iteration: 1
IterSolver: "Linear System GCR Restart" not given, setting it to 200
ComputeChange: NS (ITER=1) (NRM,RELC): (  294.98555     0.12785387E-07 ) :: heat equation
ComputeChange: SS (ITER=86) (NRM,RELC): (  294.98555     0.25570821E-08 ) :: heat equation
FlowSolve: 
FlowSolve: 
FlowSolve: -------------------------------------
FlowSolve:  NAVIER-STOKES ITERATION           1
FlowSolve: -------------------------------------
FlowSolve: 
FlowSolve: Starting Assembly...
FlowSolve: Assembly:
FlowSolve: Assembly done
FlowSolve: Dirichlet conditions done
      10 0.2047E-09 0.2047E-09
BiCGStabl:       11 0.1939E-10 0.1939E-10
ComputeChange: NS (ITER=1) (NRM,RELC): ( 0.29252604E-03 0.15975755E-03 ) :: navier-stokes
FlowSolve: iter:    1 Assembly: (s)    0.01    0.01
FlowSolve: iter:    1 Solve:    (s)    0.01    0.01
FlowSolve:  Result Norm     :    2.9252603700199851E-004
FlowSolve:  Relative Change :    1.5975755427883191E-004
ComputeChange: SS (ITER=86) (NRM,RELC): ( 0.29256343E-03 0.31953815E-04 ) :: navier-stokes
SolveEquations: -------------------------------------
SolveEquations:  Coupled system iteration:           87
SolveEquations: -------------------------------------
HeatSolver: ------------------------------------------------
HeatSolver: Solving energy equation for temperature
HeatSolver: Heat solver iteration: 1
IterSolver: "Linear System GCR Restart" not given, setting it to 200
ComputeChange: NS (ITER=1) (NRM,RELC): (  294.98555     0.98521911E-08 ) :: heat equation
ComputeChange: SS (ITER=87) (NRM,RELC): (  294.98555     0.19704399E-08 ) :: heat equation
FlowSolve: 
FlowSolve: 
FlowSolve: -------------------------------------
FlowSolve:  NAVIER-STOKES ITERATION           1
FlowSolve: -------------------------------------
FlowSolve: 
FlowSolve: Starting Assembly...
FlowSolve: Assembly:
FlowSolve: Assembly done
FlowSolve: Dirichlet conditions done
      10 0.7594E-10 0.7594E-10
BiCGStabl:       10 0.7594E-10 0.7594E-10
ComputeChange: NS (ITER=1) (NRM,RELC): ( 0.29251442E-03 0.16752728E-03 ) :: navier-stokes
FlowSolve: iter:    1 Assembly: (s)    0.01    0.01
FlowSolve: iter:    1 Solve:    (s)    0.01    0.01
FlowSolve:  Result Norm     :    2.9251441706427760E-004
FlowSolve:  Relative Change :    1.6752727524800749E-004
ComputeChange: SS (ITER=87) (NRM,RELC): ( 0.29255362E-03 0.33507150E-04 ) :: navier-stokes
SolveEquations: -------------------------------------
SolveEquations:  Coupled system iteration:           88
SolveEquations: -------------------------------------
HeatSolver: ------------------------------------------------
HeatSolver: Solving energy equation for temperature
HeatSolver: Heat solver iteration: 1
IterSolver: "Linear System GCR Restart" not given, setting it to 200
ComputeChange: NS (ITER=1) (NRM,RELC): (  294.98555     0.71340685E-08 ) :: heat equation
ComputeChange: SS (ITER=88) (NRM,RELC): (  294.98555     0.14268150E-08 ) :: heat equation
FlowSolve: 
FlowSolve: 
FlowSolve: -------------------------------------
FlowSolve:  NAVIER-STOKES ITERATION           1
FlowSolve: -------------------------------------
FlowSolve: 
FlowSolve: Starting Assembly...
FlowSolve: Assembly:
FlowSolve: Assembly done
FlowSolve: Dirichlet conditions done
      10 0.4613E-09 0.4613E-09
BiCGStabl:       11 0.1923E-10 0.1923E-10
ComputeChange: NS (ITER=1) (NRM,RELC): ( 0.29250488E-03 0.16661597E-03 ) :: navier-stokes
FlowSolve: iter:    1 Assembly: (s)    0.01    0.01
FlowSolve: iter:    1 Solve:    (s)    0.01    0.01
FlowSolve:  Result Norm     :    2.9250488246508664E-004
FlowSolve:  Relative Change :    1.6661597052773736E-004
ComputeChange: SS (ITER=88) (NRM,RELC): ( 0.29254387E-03 0.33324344E-04 ) :: navier-stokes
SolveEquations: -------------------------------------
SolveEquations:  Coupled system iteration:           89
SolveEquations: -------------------------------------
HeatSolver: ------------------------------------------------
HeatSolver: Solving energy equation for temperature
HeatSolver: Heat solver iteration: 1
IterSolver: "Linear System GCR Restart" not given, setting it to 200
ComputeChange: NS (ITER=1) (NRM,RELC): (  294.98555     0.34291983E-08 ) :: heat equation
ComputeChange: SS (ITER=89) (NRM,RELC): (  294.98555     0.68584020E-09 ) :: heat equation
FlowSolve: 
FlowSolve: 
FlowSolve: -------------------------------------
FlowSolve:  NAVIER-STOKES ITERATION           1
FlowSolve: -------------------------------------
FlowSolve: 
FlowSolve: Starting Assembly...
FlowSolve: Assembly:
FlowSolve: Assembly done
FlowSolve: Dirichlet conditions done
      10 0.4456E-10 0.4456E-10
BiCGStabl:       10 0.4456E-10 0.4456E-10
ComputeChange: NS (ITER=1) (NRM,RELC): ( 0.29249789E-03 0.15719946E-03 ) :: navier-stokes
FlowSolve: iter:    1 Assembly: (s)    0.01    0.01
FlowSolve: iter:    1 Solve:    (s)    0.01    0.01
FlowSolve:  Result Norm     :    2.9249788939036855E-004
FlowSolve:  Relative Change :    1.5719946129609310E-004
ComputeChange: SS (ITER=89) (NRM,RELC): ( 0.29253468E-03 0.31440604E-04 ) :: navier-stokes
SolveEquations: -------------------------------------
SolveEquations:  Coupled system iteration:           90
SolveEquations: -------------------------------------
HeatSolver: ------------------------------------------------
HeatSolver: Solving energy equation for temperature
HeatSolver: Heat solver iteration: 1
IterSolver: "Linear System GCR Restart" not given, setting it to 200
ComputeChange: NS (ITER=1) (NRM,RELC): (  294.98555     0.17539014E-08 ) :: heat equation
ComputeChange: SS (ITER=90) (NRM,RELC): (  294.98555     0.35078096E-09 ) :: heat equation
FlowSolve: 
FlowSolve: 
FlowSolve: -------------------------------------
FlowSolve:  NAVIER-STOKES ITERATION           1
FlowSolve: -------------------------------------
FlowSolve: 
FlowSolve: Starting Assembly...
FlowSolve: Assembly:
FlowSolve: Assembly done
FlowSolve: Dirichlet conditions done
      10 0.5794E-10 0.5794E-10
BiCGStabl:       10 0.5794E-10 0.5794E-10
ComputeChange: NS (ITER=1) (NRM,RELC): ( 0.29249331E-03 0.14141357E-03 ) :: navier-stokes
FlowSolve: iter:    1 Assembly: (s)    0.01    0.01
FlowSolve: iter:    1 Solve:    (s)    0.01    0.01
FlowSolve:  Result Norm     :    2.9249331045448331E-004
FlowSolve:  Relative Change :    1.4141357430799044E-004
ComputeChange: SS (ITER=90) (NRM,RELC): ( 0.29252640E-03 0.28283115E-04 ) :: navier-stokes
SolveEquations: -------------------------------------
SolveEquations:  Coupled system iteration:           91
SolveEquations: -------------------------------------
HeatSolver: ------------------------------------------------
HeatSolver: Solving energy equation for temperature
HeatSolver: Heat solver iteration: 1
IterSolver: "Linear System GCR Restart" not given, setting it to 200
ComputeChange: NS (ITER=1) (NRM,RELC): (  294.98555     0.28275610E-09 ) :: heat equation
ComputeChange: SS (ITER=91) (NRM,RELC): (  294.98555     0.56551374E-10 ) :: heat equation
FlowSolve: 
FlowSolve: 
FlowSolve: -------------------------------------
FlowSolve:  NAVIER-STOKES ITERATION           1
FlowSolve: -------------------------------------
FlowSolve: 
FlowSolve: Starting Assembly...
FlowSolve: Assembly:
FlowSolve: Assembly done
FlowSolve: Dirichlet conditions done
      10 0.2656E-10 0.2656E-10
BiCGStabl:       10 0.2656E-10 0.2656E-10
ComputeChange: NS (ITER=1) (NRM,RELC): ( 0.29249079E-03 0.12173637E-03 ) :: navier-stokes
FlowSolve: iter:    1 Assembly: (s)    0.01    0.01
FlowSolve: iter:    1 Solve:    (s)    0.01    0.01
FlowSolve:  Result Norm     :    2.9249079329461117E-004
FlowSolve:  Relative Change :    1.2173636825147833E-004
ComputeChange: SS (ITER=91) (NRM,RELC): ( 0.29251928E-03 0.24347470E-04 ) :: navier-stokes
SolveEquations: -------------------------------------
SolveEquations:  Coupled system iteration:           92
SolveEquations: -------------------------------------
HeatSolver: ------------------------------------------------
HeatSolver: Solving energy equation for temperature
HeatSolver: Heat solver iteration: 1
IterSolver: "Linear System GCR Restart" not given, setting it to 200
ComputeChange: NS (ITER=1) (NRM,RELC): (  294.98555     0.10045836E-08 ) :: heat equation
ComputeChange: SS (ITER=92) (NRM,RELC): (  294.98555     0.20091568E-09 ) :: heat equation
FlowSolve: 
FlowSolve: 
FlowSolve: -------------------------------------
FlowSolve:  NAVIER-STOKES ITERATION           1
FlowSolve: -------------------------------------
FlowSolve: 
FlowSolve: Starting Assembly...
FlowSolve: Assembly:
FlowSolve: Assembly done
FlowSolve: Dirichlet conditions done
BiCGStabl:       10 0.1520E-10 0.1520E-10
ComputeChange: NS (ITER=1) (NRM,RELC): ( 0.29248996E-03 0.10022432E-03 ) :: navier-stokes
FlowSolve: iter:    1 Assembly: (s)    0.01    0.01
FlowSolve: iter:    1 Solve:    (s)    0.01    0.01
FlowSolve:  Result Norm     :    2.9248996395967776E-004
FlowSolve:  Relative Change :    1.0022432485870985E-004
ComputeChange: SS (ITER=92) (NRM,RELC): ( 0.29251342E-03 0.20044943E-04 ) :: navier-stokes
SolveEquations: -------------------------------------
SolveEquations:  Coupled system iteration:           93
SolveEquations: -------------------------------------
HeatSolver: ------------------------------------------------
HeatSolver: Solving energy equation for temperature
HeatSolver: Heat solver iteration: 1
IterSolver: "Linear System GCR Restart" not given, setting it to 200
ComputeChange: NS (ITER=1) (NRM,RELC): (  294.98555     0.20428730E-08 ) :: heat equation
ComputeChange: SS (ITER=93) (NRM,RELC): (  294.98555     0.40857313E-09 ) :: heat equation
FlowSolve: 
FlowSolve: 
FlowSolve: -------------------------------------
FlowSolve:  NAVIER-STOKES ITERATION           1
FlowSolve: -------------------------------------
FlowSolve: 
FlowSolve: Starting Assembly...
FlowSolve: Assembly:
FlowSolve: Assembly done
FlowSolve: Dirichlet conditions done
BiCGStabl:       10 0.4665E-11 0.4665E-11
ComputeChange: NS (ITER=1) (NRM,RELC): ( 0.29249044E-03 0.78550347E-04 ) :: navier-stokes
FlowSolve: iter:    1 Assembly: (s)    0.01    0.01
FlowSolve: iter:    1 Solve:    (s)    0.01    0.01
FlowSolve:  Result Norm     :    2.9249044043653963E-004
FlowSolve:  Relative Change :    7.8550346678526501E-005
ComputeChange: SS (ITER=93) (NRM,RELC): ( 0.29250882E-03 0.15710091E-04 ) :: navier-stokes
SolveEquations: -------------------------------------
SolveEquations:  Coupled system iteration:           94
SolveEquations: -------------------------------------
HeatSolver: ------------------------------------------------
HeatSolver: Solving energy equation for temperature
HeatSolver: Heat solver iteration: 1
IterSolver: "Linear System GCR Restart" not given, setting it to 200
ComputeChange: NS (ITER=1) (NRM,RELC): (  294.98555     0.28039451E-08 ) :: heat equation
ComputeChange: SS (ITER=94) (NRM,RELC): (  294.98555     0.56078760E-09 ) :: heat equation
FlowSolve: 
FlowSolve: 
FlowSolve: -------------------------------------
FlowSolve:  NAVIER-STOKES ITERATION           1
FlowSolve: -------------------------------------
FlowSolve: 
FlowSolve: Starting Assembly...
FlowSolve: Assembly:
FlowSolve: Assembly done
FlowSolve: Dirichlet conditions done
BiCGStabl:        9 0.2949E-10 0.2949E-10
ComputeChange: NS (ITER=1) (NRM,RELC): ( 0.29249186E-03 0.57976897E-04 ) :: navier-stokes
FlowSolve: iter:    1 Assembly: (s)    0.01    0.01
FlowSolve: iter:    1 Solve:    (s)    0.01    0.01
FlowSolve:  Result Norm     :    2.9249186292590838E-004
FlowSolve:  Relative Change :    5.7976896973075556E-005
ComputeChange: SS (ITER=94) (NRM,RELC): ( 0.29250543E-03 0.11595386E-04 ) :: navier-stokes
SolveEquations: -------------------------------------
SolveEquations:  Coupled system iteration:           95
SolveEquations: -------------------------------------
HeatSolver: ------------------------------------------------
HeatSolver: Solving energy equation for temperature
HeatSolver: Heat solver iteration: 1
IterSolver: "Linear System GCR Restart" not given, setting it to 200
ComputeChange: NS (ITER=1) (NRM,RELC): (  294.98555     0.32970574E-08 ) :: heat equation
ComputeChange: SS (ITER=95) (NRM,RELC): (  294.98555     0.65940999E-09 ) :: heat equation
FlowSolve: 
FlowSolve: 
FlowSolve: -------------------------------------
FlowSolve:  NAVIER-STOKES ITERATION           1
FlowSolve: -------------------------------------
FlowSolve: 
FlowSolve: Starting Assembly...
FlowSolve: Assembly:
FlowSolve: Assembly done
FlowSolve: Dirichlet conditions done
BiCGStabl:        8 0.9723E-10 0.9723E-10
ComputeChange: NS (ITER=1) (NRM,RELC): ( 0.29249391E-03 0.39371532E-04 ) :: navier-stokes
FlowSolve: iter:    1 Assembly: (s)    0.01    0.01
FlowSolve: iter:    1 Solve:    (s)    0.00    0.00
FlowSolve:  Result Norm     :    2.9249391329491214E-004
FlowSolve:  Relative Change :    3.9371532198847342E-005
ComputeChange: SS (ITER=95) (NRM,RELC): ( 0.29250313E-03 0.78743210E-05 ) :: navier-stokes
SolveEquations: -------------------------------------
SolveEquations:  Coupled system iteration:           96
SolveEquations: -------------------------------------
HeatSolver: ------------------------------------------------
HeatSolver: Solving energy equation for temperature
HeatSolver: Heat solver iteration: 1
IterSolver: "Linear System GCR Restart" not given, setting it to 200
ComputeChange: NS (ITER=1) (NRM,RELC): (  294.98555     0.35520745E-08 ) :: heat equation
ComputeChange: SS (ITER=96) (NRM,RELC): (  294.98555     0.71041433E-09 ) :: heat equation
FlowSolve: 
FlowSolve: 
FlowSolve: -------------------------------------
FlowSolve:  NAVIER-STOKES ITERATION           1
FlowSolve: -------------------------------------
FlowSolve: 
FlowSolve: Starting Assembly...
FlowSolve: Assembly:
FlowSolve: Assembly done
FlowSolve: Dirichlet conditions done
BiCGStabl:        9 0.6711E-10 0.6711E-10
ComputeChange: NS (ITER=1) (NRM,RELC): ( 0.29249632E-03 0.23256514E-04 ) :: navier-stokes
FlowSolve: iter:    1 Assembly: (s)    0.01    0.01
FlowSolve: iter:    1 Solve:    (s)    0.00    0.00
FlowSolve:  Result Norm     :    2.9249632365865418E-004
FlowSolve:  Relative Change :    2.3256513904388756E-005
ComputeChange: SS (ITER=96) (NRM,RELC): ( 0.29250177E-03 0.46513360E-05 ) :: navier-stokes
SolveEquations: -------------------------------------
SolveEquations:  Coupled system iteration:           97
SolveEquations: -------------------------------------
HeatSolver: ------------------------------------------------
HeatSolver: Solving energy equation for temperature
HeatSolver: Heat solver iteration: 1
IterSolver: "Linear System GCR Restart" not given, setting it to 200
ComputeChange: NS (ITER=1) (NRM,RELC): (  294.98555     0.36079060E-08 ) :: heat equation
ComputeChange: SS (ITER=97) (NRM,RELC): (  294.98555     0.72157931E-09 ) :: heat equation
FlowSolve: 
FlowSolve: 
FlowSolve: -------------------------------------
FlowSolve:  NAVIER-STOKES ITERATION           1
FlowSolve: -------------------------------------
FlowSolve: 
FlowSolve: Starting Assembly...
FlowSolve: Assembly:
FlowSolve: Assembly done
FlowSolve: Dirichlet conditions done
BiCGStabl:        9 0.9069E-10 0.9069E-10
ComputeChange: NS (ITER=1) (NRM,RELC): ( 0.29249888E-03 0.98732260E-05 ) :: navier-stokes
FlowSolve: iter:    1 Assembly: (s)    0.01    0.01
FlowSolve: iter:    1 Solve:    (s)    0.00    0.00
FlowSolve:  Result Norm     :    2.9249887773366448E-004
FlowSolve:  Relative Change :    9.8732259508857280E-006
ComputeChange: SS (ITER=97) (NRM,RELC): ( 0.29250119E-03 0.19746986E-05 ) :: navier-stokes
SolveEquations: -------------------------------------
SolveEquations:  Coupled system iteration:           98
SolveEquations: -------------------------------------
HeatSolver: ------------------------------------------------
HeatSolver: Solving energy equation for temperature
HeatSolver: Heat solver iteration: 1
IterSolver: "Linear System GCR Restart" not given, setting it to 200
ComputeChange: NS (ITER=1) (NRM,RELC): (  294.98555     0.35057092E-08 ) :: heat equation
ComputeChange: SS (ITER=98) (NRM,RELC): (  294.98555     0.70114165E-09 ) :: heat equation
FlowSolve: 
FlowSolve: 
FlowSolve: -------------------------------------
FlowSolve:  NAVIER-STOKES ITERATION           1
FlowSolve: -------------------------------------
FlowSolve: 
FlowSolve: Starting Assembly...
FlowSolve: Assembly:
FlowSolve: Assembly done
FlowSolve: Dirichlet conditions done
BiCGStabl:        9 0.6043E-10 0.6043E-10
ComputeChange: NS (ITER=1) (NRM,RELC): ( 0.29250141E-03 0.75701025E-06 ) :: navier-stokes
FlowSolve: iter:    1 Assembly: (s)    0.01    0.01
FlowSolve: iter:    1 Solve:    (s)    0.00    0.00
FlowSolve:  Result Norm     :    2.9250140947964775E-004
FlowSolve:  Relative Change :    7.5701025171139760E-007
ComputeChange: SS (ITER=98) (NRM,RELC): ( 0.29250123E-03 0.15133204E-06 ) :: navier-stokes
SolveEquations: -------------------------------------
SolveEquations:  Coupled system iteration:           99
SolveEquations: -------------------------------------
HeatSolver: ------------------------------------------------
HeatSolver: Solving energy equation for temperature
HeatSolver: Heat solver iteration: 1
IterSolver: "Linear System GCR Restart" not given, setting it to 200
ComputeChange: NS (ITER=1) (NRM,RELC): (  294.98555     0.32848958E-08 ) :: heat equation
ComputeChange: SS (ITER=99) (NRM,RELC): (  294.98555     0.65697793E-09 ) :: heat equation
FlowSolve: 
FlowSolve: 
FlowSolve: -------------------------------------
FlowSolve:  NAVIER-STOKES ITERATION           1
FlowSolve: -------------------------------------
FlowSolve: 
FlowSolve: Starting Assembly...
FlowSolve: Assembly:
FlowSolve: Assembly done
FlowSolve: Dirichlet conditions done
BiCGStabl:        9 0.8344E-10 0.8344E-10
ComputeChange: NS (ITER=1) (NRM,RELC): ( 0.29250380E-03 0.87728071E-05 ) :: navier-stokes
FlowSolve: iter:    1 Assembly: (s)    0.01    0.01
FlowSolve: iter:    1 Solve:    (s)    0.01    0.01
FlowSolve:  Result Norm     :    2.9250379838610403E-004
FlowSolve:  Relative Change :    8.7728070631396241E-006
ComputeChange: SS (ITER=99) (NRM,RELC): ( 0.29250175E-03 0.17544811E-05 ) :: navier-stokes
SolveEquations: -------------------------------------
SolveEquations:  Coupled system iteration:          100
SolveEquations: -------------------------------------
HeatSolver: ------------------------------------------------
HeatSolver: Solving energy equation for temperature
HeatSolver: Heat solver iteration: 1
IterSolver: "Linear System GCR Restart" not given, setting it to 200
ComputeChange: NS (ITER=1) (NRM,RELC): (  294.98555     0.23443808E-08 ) :: heat equation
ComputeChange: SS (ITER=100) (NRM,RELC): (  294.98555     0.46887616E-09 ) :: heat equation
FlowSolve: 
FlowSolve: 
FlowSolve: -------------------------------------
FlowSolve:  NAVIER-STOKES ITERATION           1
FlowSolve: -------------------------------------
FlowSolve: 
FlowSolve: Starting Assembly...
FlowSolve: Assembly:
FlowSolve: Assembly done
FlowSolve: Dirichlet conditions done
BiCGStabl:        9 0.5411E-10 0.5411E-10
ComputeChange: NS (ITER=1) (NRM,RELC): ( 0.29250650E-03 0.16265838E-04 ) :: navier-stokes
FlowSolve: iter:    1 Assembly: (s)    0.01    0.01
FlowSolve: iter:    1 Solve:    (s)    0.01    0.01
FlowSolve:  Result Norm     :    2.9250650333096300E-004
FlowSolve:  Relative Change :    1.6265837886637054E-005
ComputeChange: SS (ITER=100) (NRM,RELC): ( 0.29250270E-03 0.32530862E-05 ) :: navier-stokes
SolveEquations: -------------------------------------
SolveEquations:  Coupled system iteration:          101
SolveEquations: -------------------------------------
HeatSolver: ------------------------------------------------
HeatSolver: Solving energy equation for temperature
HeatSolver: Heat solver iteration: 1
IterSolver: "Linear System GCR Restart" not given, setting it to 200
ComputeChange: NS (ITER=1) (NRM,RELC): (  294.98555     0.21177061E-08 ) :: heat equation
ComputeChange: SS (ITER=101) (NRM,RELC): (  294.98555     0.42354102E-09 ) :: heat equation
FlowSolve: 
FlowSolve: 
FlowSolve: -------------------------------------
FlowSolve:  NAVIER-STOKES ITERATION           1
FlowSolve: -------------------------------------
FlowSolve: 
FlowSolve: Starting Assembly...
FlowSolve: Assembly:
FlowSolve: Assembly done
FlowSolve: Dirichlet conditions done
BiCGStabl:        9 0.6685E-10 0.6685E-10
ComputeChange: NS (ITER=1) (NRM,RELC): ( 0.29250883E-03 0.20959282E-04 ) :: navier-stokes
FlowSolve: iter:    1 Assembly: (s)    0.01    0.01
FlowSolve: iter:    1 Solve:    (s)    0.01    0.01
FlowSolve:  Result Norm     :    2.9250882775187103E-004
FlowSolve:  Relative Change :    2.0959281555121334E-005
ComputeChange: SS (ITER=101) (NRM,RELC): ( 0.29250392E-03 0.41917794E-05 ) :: navier-stokes
SolveEquations: -------------------------------------
SolveEquations:  Coupled system iteration:          102
SolveEquations: -------------------------------------
HeatSolver: ------------------------------------------------
HeatSolver: Solving energy equation for temperature
HeatSolver: Heat solver iteration: 1
IterSolver: "Linear System GCR Restart" not given, setting it to 200
ComputeChange: NS (ITER=1) (NRM,RELC): (  294.98555     0.18334544E-08 ) :: heat equation
ComputeChange: SS (ITER=102) (NRM,RELC): (  294.98555     0.36669115E-09 ) :: heat equation
FlowSolve: 
FlowSolve: 
FlowSolve: -------------------------------------
FlowSolve:  NAVIER-STOKES ITERATION           1
FlowSolve: -------------------------------------
FlowSolve: 
FlowSolve: Starting Assembly...
FlowSolve: Assembly:
FlowSolve: Assembly done
FlowSolve: Dirichlet conditions done
BiCGStabl:        9 0.5700E-10 0.5700E-10
ComputeChange: NS (ITER=1) (NRM,RELC): ( 0.29251073E-03 0.23268862E-04 ) :: navier-stokes
FlowSolve: iter:    1 Assembly: (s)    0.01    0.01
FlowSolve: iter:    1 Solve:    (s)    0.01    0.01
FlowSolve:  Result Norm     :    2.9251072946321623E-004
FlowSolve:  Relative Change :    2.3268862101914658E-005
ComputeChange: SS (ITER=102) (NRM,RELC): ( 0.29250528E-03 0.46537033E-05 ) :: navier-stokes
SolveEquations: -------------------------------------
SolveEquations:  Coupled system iteration:          103
SolveEquations: -------------------------------------
HeatSolver: ------------------------------------------------
HeatSolver: Solving energy equation for temperature
HeatSolver: Heat solver iteration: 1
IterSolver: "Linear System GCR Restart" not given, setting it to 200
ComputeChange: NS (ITER=1) (NRM,RELC): (  294.98555     0.88844295E-09 ) :: heat equation
ComputeChange: SS (ITER=103) (NRM,RELC): (  294.98555     0.17768793E-09 ) :: heat equation
FlowSolve: 
FlowSolve: 
FlowSolve: -------------------------------------
FlowSolve:  NAVIER-STOKES ITERATION           1
FlowSolve: -------------------------------------
FlowSolve: 
FlowSolve: Starting Assembly...
FlowSolve: Assembly:
FlowSolve: Assembly done
FlowSolve: Dirichlet conditions done
BiCGStabl:       10 0.2154E-10 0.2154E-10
ComputeChange: NS (ITER=1) (NRM,RELC): ( 0.29251231E-03 0.24010445E-04 ) :: navier-stokes
FlowSolve: iter:    1 Assembly: (s)    0.01    0.01
FlowSolve: iter:    1 Solve:    (s)    0.01    0.01
FlowSolve:  Result Norm     :    2.9251230764666469E-004
FlowSolve:  Relative Change :    2.4010445314246865E-005
ComputeChange: SS (ITER=103) (NRM,RELC): ( 0.29250669E-03 0.48020312E-05 ) :: navier-stokes
SolveEquations: -------------------------------------
SolveEquations:  Coupled system iteration:          104
SolveEquations: -------------------------------------
HeatSolver: ------------------------------------------------
HeatSolver: Solving energy equation for temperature
HeatSolver: Heat solver iteration: 1
IterSolver: "Linear System GCR Restart" not given, setting it to 200
ComputeChange: NS (ITER=1) (NRM,RELC): (  294.98555     0.35486310E-09 ) :: heat equation
ComputeChange: SS (ITER=104) (NRM,RELC): (  294.98555     0.70972581E-10 ) :: heat equation
FlowSolve: 
FlowSolve: 
FlowSolve: -------------------------------------
FlowSolve:  NAVIER-STOKES ITERATION           1
FlowSolve: -------------------------------------
FlowSolve: 
FlowSolve: Starting Assembly...
FlowSolve: Assembly:
FlowSolve: Assembly done
FlowSolve: Dirichlet conditions done
BiCGStabl:       10 0.1726E-10 0.1726E-10
ComputeChange: NS (ITER=1) (NRM,RELC): ( 0.29251331E-03 0.22632305E-04 ) :: navier-stokes
FlowSolve: iter:    1 Assembly: (s)    0.01    0.01
FlowSolve: iter:    1 Solve:    (s)    0.01    0.01
FlowSolve:  Result Norm     :    2.9251330917849368E-004
FlowSolve:  Relative Change :    2.2632304631803493E-005
ComputeChange: SS (ITER=104) (NRM,RELC): ( 0.29250801E-03 0.45264166E-05 ) :: navier-stokes
SolveEquations: -------------------------------------
SolveEquations:  Coupled system iteration:          105
SolveEquations: -------------------------------------
HeatSolver: ------------------------------------------------
HeatSolver: Solving energy equation for temperature
HeatSolver: Heat solver iteration: 1
IterSolver: "Linear System GCR Restart" not given, setting it to 200
ComputeChange: NS (ITER=1) (NRM,RELC): (  294.98555     0.38977225E-09 ) :: heat equation
ComputeChange: SS (ITER=105) (NRM,RELC): (  294.98555     0.77955029E-10 ) :: heat equation
FlowSolve: 
FlowSolve: 
FlowSolve: -------------------------------------
FlowSolve:  NAVIER-STOKES ITERATION           1
FlowSolve: -------------------------------------
FlowSolve: 
FlowSolve: Starting Assembly...
FlowSolve: Assembly:
FlowSolve: Assembly done
FlowSolve: Dirichlet conditions done
BiCGStabl:        9 0.9244E-10 0.9244E-10
ComputeChange: NS (ITER=1) (NRM,RELC): ( 0.29251406E-03 0.20675393E-04 ) :: navier-stokes
FlowSolve: iter:    1 Assembly: (s)    0.01    0.01
FlowSolve: iter:    1 Solve:    (s)    0.01    0.01
FlowSolve:  Result Norm     :    2.9251406079371903E-004
FlowSolve:  Relative Change :    2.0675392528368175E-005
ComputeChange: SS (ITER=105) (NRM,RELC): ( 0.29250922E-03 0.41350454E-05 ) :: navier-stokes
SolveEquations: -------------------------------------
SolveEquations:  Coupled system iteration:          106
SolveEquations: -------------------------------------
HeatSolver: ------------------------------------------------
HeatSolver: Solving energy equation for temperature
HeatSolver: Heat solver iteration: 1
IterSolver: "Linear System GCR Restart" not given, setting it to 200
ComputeChange: NS (ITER=1) (NRM,RELC): (  294.98555     0.41177039E-09 ) :: heat equation
ComputeChange: SS (ITER=106) (NRM,RELC): (  294.98555     0.82353769E-10 ) :: heat equation
FlowSolve: 
FlowSolve: 
FlowSolve: -------------------------------------
FlowSolve:  NAVIER-STOKES ITERATION           1
FlowSolve: -------------------------------------
FlowSolve: 
FlowSolve: Starting Assembly...
FlowSolve: Assembly:
FlowSolve: Assembly done
FlowSolve: Dirichlet conditions done
BiCGStabl:        9 0.6223E-10 0.6223E-10
ComputeChange: NS (ITER=1) (NRM,RELC): ( 0.29251457E-03 0.18297009E-04 ) :: navier-stokes
FlowSolve: iter:    1 Assembly: (s)    0.01    0.01
FlowSolve: iter:    1 Solve:    (s)    0.01    0.01
FlowSolve:  Result Norm     :    2.9251457464247451E-004
FlowSolve:  Relative Change :    1.8297009040827455E-005
ComputeChange: SS (ITER=106) (NRM,RELC): ( 0.29251029E-03 0.36593778E-05 ) :: navier-stokes
SolveEquations: -------------------------------------
SolveEquations:  Coupled system iteration:          107
SolveEquations: -------------------------------------
HeatSolver: ------------------------------------------------
HeatSolver: Solving energy equation for temperature
HeatSolver: Heat solver iteration: 1
IterSolver: "Linear System GCR Restart" not given, setting it to 200
ComputeChange: NS (ITER=1) (NRM,RELC): (  294.98555     0.41472870E-09 ) :: heat equation
ComputeChange: SS (ITER=107) (NRM,RELC): (  294.98555     0.82945740E-10 ) :: heat equation
FlowSolve: 
FlowSolve: 
FlowSolve: -------------------------------------
FlowSolve:  NAVIER-STOKES ITERATION           1
FlowSolve: -------------------------------------
FlowSolve: 
FlowSolve: Starting Assembly...
FlowSolve: Assembly:
FlowSolve: Assembly done
FlowSolve: Dirichlet conditions done
BiCGStabl:        9 0.5332E-10 0.5332E-10
ComputeChange: NS (ITER=1) (NRM,RELC): ( 0.29251486E-03 0.15608080E-04 ) :: navier-stokes
FlowSolve: iter:    1 Assembly: (s)    0.01    0.01
FlowSolve: iter:    1 Solve:    (s)    0.01    0.01
FlowSolve:  Result Norm     :    2.9251485851299562E-004
FlowSolve:  Relative Change :    1.5608079961738508E-005
ComputeChange: SS (ITER=107) (NRM,RELC): ( 0.29251121E-03 0.31215991E-05 ) :: navier-stokes
SolveEquations: -------------------------------------
SolveEquations:  Coupled system iteration:          108
SolveEquations: -------------------------------------
HeatSolver: ------------------------------------------------
HeatSolver: Solving energy equation for temperature
HeatSolver: Heat solver iteration: 1
IterSolver: "Linear System GCR Restart" not given, setting it to 200
ComputeChange: NS (ITER=1) (NRM,RELC): (  294.98555     0.39496472E-09 ) :: heat equation
ComputeChange: SS (ITER=108) (NRM,RELC): (  294.98555     0.78993291E-10 ) :: heat equation
FlowSolve: 
FlowSolve: 
FlowSolve: -------------------------------------
FlowSolve:  NAVIER-STOKES ITERATION           1
FlowSolve: -------------------------------------
FlowSolve: 
FlowSolve: Starting Assembly...
FlowSolve: Assembly:
FlowSolve: Assembly done
FlowSolve: Dirichlet conditions done
BiCGStabl:        9 0.1964E-10 0.1964E-10
ComputeChange: NS (ITER=1) (NRM,RELC): ( 0.29251493E-03 0.12730151E-04 ) :: navier-stokes
FlowSolve: iter:    1 Assembly: (s)    0.01    0.01
FlowSolve: iter:    1 Solve:    (s)    0.01    0.01
FlowSolve:  Result Norm     :    2.9251492979014219E-004
FlowSolve:  Relative Change :    1.2730151005612164E-005
ComputeChange: SS (ITER=108) (NRM,RELC): ( 0.29251195E-03 0.25460188E-05 ) :: navier-stokes
SolveEquations: -------------------------------------
SolveEquations:  Coupled system iteration:          109
SolveEquations: -------------------------------------
HeatSolver: ------------------------------------------------
HeatSolver: Solving energy equation for temperature
HeatSolver: Heat solver iteration: 1
IterSolver: "Linear System GCR Restart" not given, setting it to 200
ComputeChange: NS (ITER=1) (NRM,RELC): (  294.98555     0.35548494E-09 ) :: heat equation
ComputeChange: SS (ITER=109) (NRM,RELC): (  294.98555     0.71097643E-10 ) :: heat equation
FlowSolve: 
FlowSolve: 
FlowSolve: -------------------------------------
FlowSolve:  NAVIER-STOKES ITERATION           1
FlowSolve: -------------------------------------
FlowSolve: 
FlowSolve: Starting Assembly...
FlowSolve: Assembly:
FlowSolve: Assembly done
FlowSolve: Dirichlet conditions done
BiCGStabl:        9 0.1309E-10 0.1309E-10
ComputeChange: NS (ITER=1) (NRM,RELC): ( 0.29251482E-03 0.97998334E-05 ) :: navier-stokes
FlowSolve: iter:    1 Assembly: (s)    0.01    0.01
FlowSolve: iter:    1 Solve:    (s)    0.01    0.01
FlowSolve:  Result Norm     :    2.9251481737700360E-004
FlowSolve:  Relative Change :    9.7998333535600742E-006
ComputeChange: SS (ITER=109) (NRM,RELC): ( 0.29251252E-03 0.19599593E-05 ) :: navier-stokes
SolveEquations: -------------------------------------
SolveEquations:  Coupled system iteration:          110
SolveEquations: -------------------------------------
HeatSolver: ------------------------------------------------
HeatSolver: Solving energy equation for temperature
HeatSolver: Heat solver iteration: 1
IterSolver: "Linear System GCR Restart" not given, setting it to 200
ComputeChange: NS (ITER=1) (NRM,RELC): (  294.98555     0.30195547E-09 ) :: heat equation
ComputeChange: SS (ITER=110) (NRM,RELC): (  294.98555     0.60390323E-10 ) :: heat equation
FlowSolve: 
FlowSolve: 
FlowSolve: -------------------------------------
FlowSolve:  NAVIER-STOKES ITERATION           1
FlowSolve: -------------------------------------
FlowSolve: 
FlowSolve: Starting Assembly...
FlowSolve: Assembly:
FlowSolve: Assembly done
FlowSolve: Dirichlet conditions done
BiCGStabl:        8 0.8733E-10 0.8733E-10
ComputeChange: NS (ITER=1) (NRM,RELC): ( 0.29251456E-03 0.69496583E-05 ) :: navier-stokes
FlowSolve: iter:    1 Assembly: (s)    0.01    0.01
FlowSolve: iter:    1 Solve:    (s)    0.00    0.00
FlowSolve:  Result Norm     :    2.9251455697582235E-004
FlowSolve:  Relative Change :    6.9496583423471171E-006
ComputeChange: SS (ITER=110) (NRM,RELC): ( 0.29251293E-03 0.13899271E-05 ) :: navier-stokes
SolveEquations: -------------------------------------
SolveEquations:  Coupled system iteration:          111
SolveEquations: -------------------------------------
HeatSolver: ------------------------------------------------
HeatSolver: Solving energy equation for temperature
HeatSolver: Heat solver iteration: 1
IterSolver: "Linear System GCR Restart" not given, setting it to 200
ComputeChange: NS (ITER=1) (NRM,RELC): (  294.98555     0.24009832E-09 ) :: heat equation
ComputeChange: SS (ITER=111) (NRM,RELC): (  294.98555     0.48019433E-10 ) :: heat equation
FlowSolve: 
FlowSolve: 
FlowSolve: -------------------------------------
FlowSolve:  NAVIER-STOKES ITERATION           1
FlowSolve: -------------------------------------
FlowSolve: 
FlowSolve: Starting Assembly...
FlowSolve: Assembly:
FlowSolve: Assembly done
FlowSolve: Dirichlet conditions done
BiCGStabl:        8 0.5869E-10 0.5869E-10
ComputeChange: NS (ITER=1) (NRM,RELC): ( 0.29251419E-03 0.42945603E-05 ) :: navier-stokes
FlowSolve: iter:    1 Assembly: (s)    0.01    0.01
FlowSolve: iter:    1 Solve:    (s)    0.00    0.00
FlowSolve:  Result Norm     :    2.9251418689514450E-004
FlowSolve:  Relative Change :    4.2945603055243607E-006
ComputeChange: SS (ITER=111) (NRM,RELC): ( 0.29251318E-03 0.85890946E-06 ) :: navier-stokes
SolveEquations: -------------------------------------
SolveEquations:  Coupled system iteration:          112
SolveEquations: -------------------------------------
HeatSolver: ------------------------------------------------
HeatSolver: Solving energy equation for temperature
HeatSolver: Heat solver iteration: 1
IterSolver: "Linear System GCR Restart" not given, setting it to 200
ComputeChange: NS (ITER=1) (NRM,RELC): (  294.98555     0.17495238E-09 ) :: heat equation
ComputeChange: SS (ITER=112) (NRM,RELC): (  294.98555     0.34990091E-10 ) :: heat equation
FlowSolve: 
FlowSolve: 
FlowSolve: -------------------------------------
FlowSolve:  NAVIER-STOKES ITERATION           1
FlowSolve: -------------------------------------
FlowSolve: 
FlowSolve: Starting Assembly...
FlowSolve: Assembly:
FlowSolve: Assembly done
FlowSolve: Dirichlet conditions done
BiCGStabl:        8 0.5995E-10 0.5995E-10
ComputeChange: NS (ITER=1) (NRM,RELC): ( 0.29251374E-03 0.19241201E-05 ) :: navier-stokes
FlowSolve: iter:    1 Assembly: (s)    0.01    0.01
FlowSolve: iter:    1 Solve:    (s)    0.00    0.00
FlowSolve:  Result Norm     :    2.9251374475128896E-004
FlowSolve:  Relative Change :    1.9241200861128326E-006
ComputeChange: SS (ITER=112) (NRM,RELC): ( 0.29251329E-03 0.38482272E-06 ) :: navier-stokes
SolveEquations: -------------------------------------
SolveEquations:  Coupled system iteration:          113
SolveEquations: -------------------------------------
HeatSolver: ------------------------------------------------
HeatSolver: Solving energy equation for temperature
HeatSolver: Heat solver iteration: 1
IterSolver: "Linear System GCR Restart" not given, setting it to 200
ComputeChange: NS (ITER=1) (NRM,RELC): (  294.98555     0.11075587E-09 ) :: heat equation
ComputeChange: SS (ITER=113) (NRM,RELC): (  294.98555     0.22152098E-10 ) :: heat equation
FlowSolve: 
FlowSolve: 
FlowSolve: -------------------------------------
FlowSolve:  NAVIER-STOKES ITERATION           1
FlowSolve: -------------------------------------
FlowSolve: 
FlowSolve: Starting Assembly...
FlowSolve: Assembly:
FlowSolve: Assembly done
FlowSolve: Dirichlet conditions done
BiCGStabl:        8 0.9056E-10 0.9056E-10
ComputeChange: NS (ITER=1) (NRM,RELC): ( 0.29251327E-03 0.99113025E-07 ) :: navier-stokes
FlowSolve: iter:    1 Assembly: (s)    0.01    0.01
FlowSolve: iter:    1 Solve:    (s)    0.00    0.00
FlowSolve:  Result Norm     :    2.9251326549412261E-004
FlowSolve:  Relative Change :    9.9113025113419201E-008
ComputeChange: SS (ITER=113) (NRM,RELC): ( 0.29251329E-03 0.19823062E-07 ) :: navier-stokes
MAIN: 
MAIN: -------------------------------------
MAIN: Time: 2/3:   2.000E+02
MAIN: Estimated time left:  4.3 seconds
MAIN: -------------------------------------
MAIN: 
SolveEquations: -------------------------------------
SolveEquations:  Coupled system iteration:            1
SolveEquations: -------------------------------------
HeatSolver: ------------------------------------------------
HeatSolver: Solving energy equation for temperature
HeatSolver: Heat solver iteration: 1
IterSolver: "Linear System GCR Restart" not given, setting it to 200
   gcr:    10  0.2839E-06  0.3032E-06
ComputeChange: NS (ITER=1) (NRM,RELC): (  294.97551     0.34027383E-04 ) :: heat equation
ComputeChange: SS (ITER=1) (NRM,RELC): (  294.98354     0.68106435E-05 ) :: heat equation
FlowSolve: 
FlowSolve: 
FlowSolve: -------------------------------------
FlowSolve:  NAVIER-STOKES ITERATION           1
FlowSolve: -------------------------------------
FlowSolve: 
FlowSolve: Starting Assembly...
FlowSolve: Assembly:
FlowSolve: Assembly done
FlowSolve: Dirichlet conditions done
      10 0.1037E-09 0.1037E-09
BiCGStabl:       11 0.7769E-10 0.7769E-10
ComputeChange: NS (ITER=1) (NRM,RELC): ( 0.28951028E-03 0.10319204E-01 ) :: navier-stokes
FlowSolve: iter:    1 Assembly: (s)    0.01    0.01
FlowSolve: iter:    1 Solve:    (s)    0.01    0.01
FlowSolve:  Result Norm     :    2.8951027877441125E-004
FlowSolve:  Relative Change :    1.0319203829404986E-002
ComputeChange: SS (ITER=1) (NRM,RELC): ( 0.29190910E-03 0.20676465E-02 ) :: navier-stokes
SolveEquations: -------------------------------------
SolveEquations:  Coupled system iteration:            2
SolveEquations: -------------------------------------
HeatSolver: ------------------------------------------------
HeatSolver: Solving energy equation for temperature
HeatSolver: Heat solver iteration: 1
IterSolver: "Linear System GCR Restart" not given, setting it to 200
   gcr:    10  0.2456E-06  0.2636E-06
ComputeChange: NS (ITER=1) (NRM,RELC): (  294.97490     0.29293433E-04 ) :: heat equation
ComputeChange: SS (ITER=2) (NRM,RELC): (  294.98181     0.58625859E-05 ) :: heat equation
FlowSolve: 
FlowSolve: 
FlowSolve: -------------------------------------
FlowSolve:  NAVIER-STOKES ITERATION           1
FlowSolve: -------------------------------------
FlowSolve: 
FlowSolve: Starting Assembly...
FlowSolve: Assembly:
FlowSolve: Assembly done
FlowSolve: Dirichlet conditions done
      10 0.1659E-09 0.1659E-09
BiCGStabl:       11 0.7451E-10 0.7451E-10
ComputeChange: NS (ITER=1) (NRM,RELC): ( 0.28325340E-03 0.30098260E-01 ) :: navier-stokes
FlowSolve: iter:    1 Assembly: (s)    0.01    0.01
FlowSolve: iter:    1 Solve:    (s)    0.01    0.01
FlowSolve:  Result Norm     :    2.8325340394434327E-004
FlowSolve:  Relative Change :    3.0098260050844951E-002
ComputeChange: SS (ITER=2) (NRM,RELC): ( 0.29015973E-03 0.60108623E-02 ) :: navier-stokes
SolveEquations: -------------------------------------
SolveEquations:  Coupled system iteration:            3
SolveEquations: -------------------------------------
HeatSolver: ------------------------------------------------
HeatSolver: Solving energy equation for temperature
HeatSolver: Heat solver iteration: 1
IterSolver: "Linear System GCR Restart" not given, setting it to 200
   gcr:    10  0.2101E-06  0.2310E-06
ComputeChange: NS (ITER=1) (NRM,RELC): (  294.97443     0.25043093E-04 ) :: heat equation
ComputeChange: SS (ITER=3) (NRM,RELC): (  294.98033     0.50116708E-05 ) :: heat equation
FlowSolve: 
FlowSolve: 
FlowSolve: -------------------------------------
FlowSolve:  NAVIER-STOKES ITERATION           1
FlowSolve: -------------------------------------
FlowSolve: 
FlowSolve: Starting Assembly...
FlowSolve: Assembly:
FlowSolve: Assembly done
FlowSolve: Dirichlet conditions done
      10 0.3751E-09 0.3751E-09
BiCGStabl:       11 0.3726E-10 0.3726E-10
ComputeChange: NS (ITER=1) (NRM,RELC): ( 0.27795884E-03 0.42951920E-01 ) :: navier-stokes
FlowSolve: iter:    1 Assembly: (s)    0.01    0.01
FlowSolve: iter:    1 Solve:    (s)    0.01    0.01
FlowSolve:  Result Norm     :    2.7795883969903727E-004
FlowSolve:  Relative Change :    4.2951920146334491E-002
ComputeChange: SS (ITER=3) (NRM,RELC): ( 0.28768540E-03 0.85640079E-02 ) :: navier-stokes
SolveEquations: -------------------------------------
SolveEquations:  Coupled system iteration:            4
SolveEquations: -------------------------------------
HeatSolver: ------------------------------------------------
HeatSolver: Solving energy equation for temperature
HeatSolver: Heat solver iteration: 1
IterSolver: "Linear System GCR Restart" not given, setting it to 200
   gcr:    10  0.1750E-06  0.2032E-06
ComputeChange: NS (ITER=1) (NRM,RELC): (  294.97407     0.21240125E-04 ) :: heat equation
ComputeChange: SS (ITER=4) (NRM,RELC): (  294.97908     0.42505129E-05 ) :: heat equation
FlowSolve: 
FlowSolve: 
FlowSolve: -------------------------------------
FlowSolve:  NAVIER-STOKES ITERATION           1
FlowSolve: -------------------------------------
FlowSolve: 
FlowSolve: Starting Assembly...
FlowSolve: Assembly:
FlowSolve: Assembly done
FlowSolve: Dirichlet conditions done
      10 0.7929E-09 0.7929E-09
BiCGStabl:       12 0.8456E-10 0.8456E-10
ComputeChange: NS (ITER=1) (NRM,RELC): ( 0.27372278E-03 0.49741398E-01 ) :: navier-stokes
FlowSolve: iter:    1 Assembly: (s)    0.01    0.01
FlowSolve: iter:    1 Solve:    (s)    0.01    0.01
FlowSolve:  Result Norm     :    2.7372278261364458E-004
FlowSolve:  Relative Change :    4.9741397561267046E-002
ComputeChange: SS (ITER=4) (NRM,RELC): ( 0.28484816E-03 0.99111515E-02 ) :: navier-stokes
SolveEquations: -------------------------------------
SolveEquations:  Coupled system iteration:            5
SolveEquations: -------------------------------------
HeatSolver: ------------------------------------------------
HeatSolver: Solving energy equation for temperature
HeatSolver: Heat solver iteration: 1
IterSolver: "Linear System GCR Restart" not given, setting it to 200
   gcr:    10  0.1413E-06  0.1792E-06
ComputeChange: NS (ITER=1) (NRM,RELC): (  294.97380     0.17900005E-04 ) :: heat equation
ComputeChange: SS (ITER=5) (NRM,RELC): (  294.97802     0.35821160E-05 ) :: heat equation
FlowSolve: 
FlowSolve: 
FlowSolve: -------------------------------------
FlowSolve:  NAVIER-STOKES ITERATION           1
FlowSolve: -------------------------------------
FlowSolve: 
FlowSolve: Starting Assembly...
FlowSolve: Assembly:
FlowSolve: Assembly done
FlowSolve: Dirichlet conditions done
      10 0.8090E-09 0.8090E-09
BiCGStabl:       12 0.9636E-10 0.9636E-10
ComputeChange: NS (ITER=1) (NRM,RELC): ( 0.27057826E-03 0.51383598E-01 ) :: navier-stokes
FlowSolve: iter:    1 Assembly: (s)    0.01    0.01
FlowSolve: iter:    1 Solve:    (s)    0.01    0.01
FlowSolve:  Result Norm     :    2.7057825901539040E-004
FlowSolve:  Relative Change :    5.1383597648616962E-002
ComputeChange: SS (ITER=5) (NRM,RELC): ( 0.28194680E-03 0.10237784E-01 ) :: navier-stokes
SolveEquations: -------------------------------------
SolveEquations:  Coupled system iteration:            6
SolveEquations: -------------------------------------
HeatSolver: ------------------------------------------------
HeatSolver: Solving energy equation for temperature
HeatSolver: Heat solver iteration: 1
IterSolver: "Linear System GCR Restart" not given, setting it to 200
   gcr:    10  0.1128E-06  0.1560E-06
ComputeChange: NS (ITER=1) (NRM,RELC): (  294.97361     0.14970148E-04 ) :: heat equation
ComputeChange: SS (ITER=6) (NRM,RELC): (  294.97714     0.29958941E-05 ) :: heat equation
FlowSolve: 
FlowSolve: 
FlowSolve: -------------------------------------
FlowSolve:  NAVIER-STOKES ITERATION           1
FlowSolve: -------------------------------------
FlowSolve: 
FlowSolve: Starting Assembly...
FlowSolve: Assembly:
FlowSolve: Assembly done
FlowSolve: Dirichlet conditions done
      10 0.6747E-09 0.6747E-09
BiCGStabl:       12 0.6031E-10 0.6031E-10
ComputeChange: NS (ITER=1) (NRM,RELC): ( 0.26850352E-03 0.48844659E-01 ) :: navier-stokes
FlowSolve: iter:    1 Assembly: (s)    0.01    0.01
FlowSolve: iter:    1 Solve:    (s)    0.01    0.01
FlowSolve:  Result Norm     :    2.6850352142957358E-004
FlowSolve:  Relative Change :    4.8844659232669153E-002
ComputeChange: SS (ITER=6) (NRM,RELC): ( 0.27921528E-03 0.97352252E-02 ) :: navier-stokes
SolveEquations: -------------------------------------
SolveEquations:  Coupled system iteration:            7
SolveEquations: -------------------------------------
HeatSolver: ------------------------------------------------
HeatSolver: Solving energy equation for temperature
HeatSolver: Heat solver iteration: 1
IterSolver: "Linear System GCR Restart" not given, setting it to 200
   gcr:    10  0.9101E-07  0.1315E-06
ComputeChange: NS (ITER=1) (NRM,RELC): (  294.97348     0.12400900E-04 ) :: heat equation
ComputeChange: SS (ITER=7) (NRM,RELC): (  294.97641     0.24818606E-05 ) :: heat equation
FlowSolve: 
FlowSolve: 
FlowSolve: -------------------------------------
FlowSolve:  NAVIER-STOKES ITERATION           1
FlowSolve: -------------------------------------
FlowSolve: 
FlowSolve: Starting Assembly...
FlowSolve: Assembly:
FlowSolve: Assembly done
FlowSolve: Dirichlet conditions done
      10 0.3959E-08 0.3959E-08
BiCGStabl:       12 0.7479E-10 0.7479E-10
ComputeChange: NS (ITER=1) (NRM,RELC): ( 0.26742520E-03 0.43136520E-01 ) :: navier-stokes
FlowSolve: iter:    1 Assembly: (s)    0.01    0.01
FlowSolve: iter:    1 Solve:    (s)    0.01    0.01
FlowSolve:  Result Norm     :    2.6742519702803062E-004
FlowSolve:  Relative Change :    4.3136520079296997E-002
ComputeChange: SS (ITER=7) (NRM,RELC): ( 0.27682337E-03 0.86033916E-02 ) :: navier-stokes
SolveEquations: -------------------------------------
SolveEquations:  Coupled system iteration:            8
SolveEquations: -------------------------------------
HeatSolver: ------------------------------------------------
HeatSolver: Solving energy equation for temperature
HeatSolver: Heat solver iteration: 1
IterSolver: "Linear System GCR Restart" not given, setting it to 200
   gcr:    10  0.7401E-07  0.1083E-06
ComputeChange: NS (ITER=1) (NRM,RELC): (  294.97339     0.10229086E-04 ) :: heat equation
ComputeChange: SS (ITER=8) (NRM,RELC): (  294.97580     0.20473375E-05 ) :: heat equation
FlowSolve: 
FlowSolve: 
FlowSolve: -------------------------------------
FlowSolve:  NAVIER-STOKES ITERATION           1
FlowSolve: -------------------------------------
FlowSolve: 
FlowSolve: Starting Assembly...
FlowSolve: Assembly:
FlowSolve: Assembly done
FlowSolve: Dirichlet conditions done
      10 0.1044E-07 0.1044E-07
BiCGStabl:       13 0.8633E-11 0.8633E-11
ComputeChange: NS (ITER=1) (NRM,RELC): ( 0.26722206E-03 0.35295998E-01 ) :: navier-stokes
FlowSolve: iter:    1 Assembly: (s)    0.01    0.01
FlowSolve: iter:    1 Solve:    (s)    0.01    0.01
FlowSolve:  Result Norm     :    2.6722205867753062E-004
FlowSolve:  Relative Change :    3.5295997897613958E-002
ComputeChange: SS (ITER=8) (NRM,RELC): ( 0.27487924E-03 0.70477688E-02 ) :: navier-stokes
SolveEquations: -------------------------------------
SolveEquations:  Coupled system iteration:            9
SolveEquations: -------------------------------------
HeatSolver: ------------------------------------------------
HeatSolver: Solving energy equation for temperature
HeatSolver: Heat solver iteration: 1
IterSolver: "Linear System GCR Restart" not given, setting it to 200
   gcr:    10  0.5995E-07  0.8914E-07
ComputeChange: NS (ITER=1) (NRM,RELC): (  294.97333     0.84046983E-05 ) :: heat equation
ComputeChange: SS (ITER=9) (NRM,RELC): (  294.97531     0.16822940E-05 ) :: heat equation
FlowSolve: 
FlowSolve: 
FlowSolve: -------------------------------------
FlowSolve:  NAVIER-STOKES ITERATION           1
FlowSolve: -------------------------------------
FlowSolve: 
FlowSolve: Starting Assembly...
FlowSolve: Assembly:
FlowSolve: Assembly done
FlowSolve: Dirichlet conditions done
      10 0.4927E-08 0.4927E-08
BiCGStabl:       13 0.8148E-11 0.8148E-11
ComputeChange: NS (ITER=1) (NRM,RELC): ( 0.26773316E-03 0.26339540E-01 ) :: navier-stokes
FlowSolve: iter:    1 Assembly: (s)    0.01    0.01
FlowSolve: iter:    1 Solve:    (s)    0.01    0.01
FlowSolve:  Result Norm     :    2.6773315529671579E-004
FlowSolve:  Relative Change :    2.6339539902233238E-002
ComputeChange: SS (ITER=9) (NRM,RELC): ( 0.27343441E-03 0.52700770E-02 ) :: navier-stokes
SolveEquations: -------------------------------------
SolveEquations:  Coupled system iteration:           10
SolveEquations: -------------------------------------
HeatSolver: ------------------------------------------------
HeatSolver: Solving energy equation for temperature
HeatSolver: Heat solver iteration: 1
IterSolver: "Linear System GCR Restart" not given, setting it to 200
   gcr:    10  0.4809E-07  0.7397E-07
ComputeChange: NS (ITER=1) (NRM,RELC): (  294.97327     0.69009414E-05 ) :: heat equation
ComputeChange: SS (ITER=10) (NRM,RELC): (  294.97490     0.13813585E-05 ) :: heat equation
FlowSolve: 
FlowSolve: 
FlowSolve: -------------------------------------
FlowSolve:  NAVIER-STOKES ITERATION           1
FlowSolve: -------------------------------------
FlowSolve: 
FlowSolve: Starting Assembly...
FlowSolve: Assembly:
FlowSolve: Assembly done
FlowSolve: Dirichlet conditions done
      10 0.2998E-09 0.2998E-09
BiCGStabl:       11 0.4999E-10 0.4999E-10
ComputeChange: NS (ITER=1) (NRM,RELC): ( 0.26877169E-03 0.17199074E-01 ) :: navier-stokes
FlowSolve: iter:    1 Assembly: (s)    0.01    0.01
FlowSolve: iter:    1 Solve:    (s)    0.01    0.01
FlowSolve:  Result Norm     :    2.6877168682053264E-004
FlowSolve:  Relative Change :    1.7199073612734723E-002
ComputeChange: SS (ITER=10) (NRM,RELC): ( 0.27249134E-03 0.34549317E-02 ) :: navier-stokes
SolveEquations: -------------------------------------
SolveEquations:  Coupled system iteration:           11
SolveEquations: -------------------------------------
HeatSolver: ------------------------------------------------
HeatSolver: Solving energy equation for temperature
HeatSolver: Heat solver iteration: 1
IterSolver: "Linear System GCR Restart" not given, setting it to 200
   gcr:    10  0.3855E-07  0.6242E-07
ComputeChange: NS (ITER=1) (NRM,RELC): (  294.97322     0.56849884E-05 ) :: heat equation
ComputeChange: SS (ITER=11) (NRM,RELC): (  294.97456     0.11379679E-05 ) :: heat equation
FlowSolve: 
FlowSolve: 
FlowSolve: -------------------------------------
FlowSolve:  NAVIER-STOKES ITERATION           1
FlowSolve: -------------------------------------
FlowSolve: 
FlowSolve: Starting Assembly...
FlowSolve: Assembly:
FlowSolve: Assembly done
FlowSolve: Dirichlet conditions done
      10 0.1166E-08 0.1166E-08
BiCGStabl:       12 0.1971E-10 0.1971E-10
ComputeChange: NS (ITER=1) (NRM,RELC): ( 0.27014354E-03 0.86533199E-02 ) :: navier-stokes
FlowSolve: iter:    1 Assembly: (s)    0.01    0.01
FlowSolve: iter:    1 Solve:    (s)    0.01    0.01
FlowSolve:  Result Norm     :    2.7014354338489543E-004
FlowSolve:  Relative Change :    8.6533199201553647E-003
ComputeChange: SS (ITER=11) (NRM,RELC): ( 0.27201322E-03 0.17561584E-02 ) :: navier-stokes
SolveEquations: -------------------------------------
SolveEquations:  Coupled system iteration:           12
SolveEquations: -------------------------------------
HeatSolver: ------------------------------------------------
HeatSolver: Solving energy equation for temperature
HeatSolver: Heat solver iteration: 1
IterSolver: "Linear System GCR Restart" not given, setting it to 200
   gcr:    10  0.3223E-07  0.5477E-07
ComputeChange: NS (ITER=1) (NRM,RELC): (  294.97318     0.47047428E-05 ) :: heat equation
ComputeChange: SS (ITER=12) (NRM,RELC): (  294.97429     0.94171569E-06 ) :: heat equation
FlowSolve: 
FlowSolve: 
FlowSolve: -------------------------------------
FlowSolve:  NAVIER-STOKES ITERATION           1
FlowSolve: -------------------------------------
FlowSolve: 
FlowSolve: Starting Assembly...
FlowSolve: Assembly:
FlowSolve: Assembly done
FlowSolve: Dirichlet conditions done
      10 0.1254E-08 0.1254E-08
BiCGStabl:       12 0.2049E-10 0.2049E-10
ComputeChange: NS (ITER=1) (NRM,RELC): ( 0.27166683E-03 0.12742653E-02 ) :: navier-stokes
FlowSolve: iter:    1 Assembly: (s)    0.01    0.01
FlowSolve: iter:    1 Solve:    (s)    0.01    0.01
FlowSolve:  Result Norm     :    2.7166682557516411E-004
FlowSolve:  Relative Change :    1.2742652657063425E-003
ComputeChange: SS (ITER=12) (NRM,RELC): ( 0.27193526E-03 0.28666024E-03 ) :: navier-stokes
SolveEquations: -------------------------------------
SolveEquations:  Coupled system iteration:           13
SolveEquations: -------------------------------------
HeatSolver: ------------------------------------------------
HeatSolver: Solving energy equation for temperature
HeatSolver: Heat solver iteration: 1
IterSolver: "Linear System GCR Restart" not given, setting it to 200
   gcr:    10  0.3007E-07  0.5217E-07
ComputeChange: NS (ITER=1) (NRM,RELC): (  294.97312     0.39500993E-05 ) :: heat equation
ComputeChange: SS (ITER=13) (NRM,RELC): (  294.97405     0.79059636E-06 ) :: heat equation
FlowSolve: 
FlowSolve: 
FlowSolve: -------------------------------------
FlowSolve:  NAVIER-STOKES ITERATION           1
FlowSolve: -------------------------------------
FlowSolve: 
FlowSolve: Starting Assembly...
FlowSolve: Assembly:
FlowSolve: Assembly done
FlowSolve: Dirichlet conditions done
      10 0.1103E-08 0.1103E-08
BiCGStabl:       12 0.1038E-10 0.1038E-10
ComputeChange: NS (ITER=1) (NRM,RELC): ( 0.27318766E-03 0.45949521E-02 ) :: navier-stokes
FlowSolve: iter:    1 Assembly: (s)    0.01    0.01
FlowSolve: iter:    1 Solve:    (s)    0.01    0.01
FlowSolve:  Result Norm     :    2.7318766454082058E-004
FlowSolve:  Relative Change :    4.5949521283363487E-003
ComputeChange: SS (ITER=13) (NRM,RELC): ( 0.27217615E-03 0.88545490E-03 ) :: navier-stokes
SolveEquations: -------------------------------------
SolveEquations:  Coupled system iteration:           14
SolveEquations: -------------------------------------
HeatSolver: ------------------------------------------------
HeatSolver: Solving energy equation for temperature
HeatSolver: Heat solver iteration: 1
IterSolver: "Linear System GCR Restart" not given, setting it to 200
   gcr:    10  0.3003E-07  0.5485E-07
ComputeChange: NS (ITER=1) (NRM,RELC): (  294.97306     0.33651087E-05 ) :: heat equation
ComputeChange: SS (ITER=14) (NRM,RELC): (  294.97386     0.67343348E-06 ) :: heat equation
FlowSolve: 
FlowSolve: 
FlowSolve: -------------------------------------
FlowSolve:  NAVIER-STOKES ITERATION           1
FlowSolve: -------------------------------------
FlowSolve: 
FlowSolve: Starting Assembly...
FlowSolve: Assembly:
FlowSolve: Assembly done
FlowSolve: Dirichlet conditions done
      10 0.8317E-09 0.8317E-09
BiCGStabl:       11 0.9507E-10 0.9507E-10
ComputeChange: NS (ITER=1) (NRM,RELC): ( 0.27459000E-03 0.88295657E-02 ) :: navier-stokes
FlowSolve: iter:    1 Assembly: (s)    0.01    0.01
FlowSolve: iter:    1 Solve:    (s)    0.01    0.01
FlowSolve:  Result Norm     :    2.7459000456990122E-004
FlowSolve:  Relative Change :    8.8295656712119811E-003
ComputeChange: SS (ITER=14) (NRM,RELC): ( 0.27264870E-03 0.17346669E-02 ) :: navier-stokes
SolveEquations: -------------------------------------
SolveEquations:  Coupled system iteration:           15
SolveEquations: -------------------------------------
HeatSolver: ------------------------------------------------
HeatSolver: Solving energy equation for temperature
HeatSolver: Heat solver iteration: 1
IterSolver: "Linear System GCR Restart" not given, setting it to 200
   gcr:    10  0.3013E-07  0.5723E-07
ComputeChange: NS (ITER=1) (NRM,RELC): (  294.97300     0.29131759E-05 ) :: heat equation
ComputeChange: SS (ITER=15) (NRM,RELC): (  294.97368     0.58291547E-06 ) :: heat equation
FlowSolve: 
FlowSolve: 
FlowSolve: -------------------------------------
FlowSolve:  NAVIER-STOKES ITERATION           1
FlowSolve: -------------------------------------
FlowSolve: 
FlowSolve: Starting Assembly...
FlowSolve: Assembly:
FlowSolve: Assembly done
FlowSolve: Dirichlet conditions done
      10 0.7376E-09 0.7376E-09
BiCGStabl:       11 0.9164E-10 0.9164E-10
ComputeChange: NS (ITER=1) (NRM,RELC): ( 0.27579780E-03 0.11483716E-01 ) :: navier-stokes
FlowSolve: iter:    1 Assembly: (s)    0.01    0.01
FlowSolve: iter:    1 Solve:    (s)    0.01    0.01
FlowSolve:  Result Norm     :    2.7579779745360672E-004
FlowSolve:  Relative Change :    1.1483716092133577E-002
ComputeChange: SS (ITER=15) (NRM,RELC): ( 0.27326845E-03 0.22704967E-02 ) :: navier-stokes
SolveEquations: -------------------------------------
SolveEquations:  Coupled system iteration:           16
SolveEquations: -------------------------------------
HeatSolver: ------------------------------------------------
HeatSolver: Solving energy equation for temperature
HeatSolver: Heat solver iteration: 1
IterSolver: "Linear System GCR Restart" not given, setting it to 200
   gcr:    10  0.3013E-07  0.5871E-07
ComputeChange: NS (ITER=1) (NRM,RELC): (  294.97293     0.25614699E-05 ) :: heat equation
ComputeChange: SS (ITER=16) (NRM,RELC): (  294.97353     0.51247718E-06 ) :: heat equation
FlowSolve: 
FlowSolve: 
FlowSolve: -------------------------------------
FlowSolve:  NAVIER-STOKES ITERATION           1
FlowSolve: -------------------------------------
FlowSolve: 
FlowSolve: Starting Assembly...
FlowSolve: Assembly:
FlowSolve: Assembly done
FlowSolve: Dirichlet conditions done
      10 0.7050E-09 0.7050E-09
BiCGStabl:       11 0.9161E-10 0.9161E-10
ComputeChange: NS (ITER=1) (NRM,RELC): ( 0.27677138E-03 0.12737031E-01 ) :: navier-stokes
FlowSolve: iter:    1 Assembly: (s)    0.01    0.01
FlowSolve: iter:    1 Solve:    (s)    0.01    0.01
FlowSolve:  Result Norm     :    2.7677138421832332E-004
FlowSolve:  Relative Change :    1.2737030852895336E-002
ComputeChange: SS (ITER=16) (NRM,RELC): ( 0.27395997E-03 0.25273513E-02 ) :: navier-stokes
SolveEquations: -------------------------------------
SolveEquations:  Coupled system iteration:           17
SolveEquations: -------------------------------------
HeatSolver: ------------------------------------------------
HeatSolver: Solving energy equation for temperature
HeatSolver: Heat solver iteration: 1
IterSolver: "Linear System GCR Restart" not given, setting it to 200
   gcr:    10  0.3009E-07  0.5987E-07
ComputeChange: NS (ITER=1) (NRM,RELC): (  294.97286     0.22818162E-05 ) :: heat equation
ComputeChange: SS (ITER=17) (NRM,RELC): (  294.97340     0.45647982E-06 ) :: heat equation
FlowSolve: 
FlowSolve: 
FlowSolve: -------------------------------------
FlowSolve:  NAVIER-STOKES ITERATION           1
FlowSolve: -------------------------------------
FlowSolve: 
FlowSolve: Starting Assembly...
FlowSolve: Assembly:
FlowSolve: Assembly done
FlowSolve: Dirichlet conditions done
      10 0.6520E-09 0.6520E-09
BiCGStabl:       12 0.8501E-10 0.8501E-10
ComputeChange: NS (ITER=1) (NRM,RELC): ( 0.27750040E-03 0.12840206E-01 ) :: navier-stokes
FlowSolve: iter:    1 Assembly: (s)    0.01    0.01
FlowSolve: iter:    1 Solve:    (s)    0.01    0.01
FlowSolve:  Result Norm     :    2.7750039872345136E-004
FlowSolve:  Relative Change :    1.2840206366312895E-002
ComputeChange: SS (ITER=17) (NRM,RELC): ( 0.27466058E-03 0.25540776E-02 ) :: navier-stokes
SolveEquations: -------------------------------------
SolveEquations:  Coupled system iteration:           18
SolveEquations: -------------------------------------
HeatSolver: ------------------------------------------------
HeatSolver: Solving energy equation for temperature
HeatSolver: Heat solver iteration: 1
IterSolver: "Linear System GCR Restart" not given, setting it to 200
   gcr:    10  0.2971E-07  0.6053E-07
ComputeChange: NS (ITER=1) (NRM,RELC): (  294.97279     0.20530201E-05 ) :: heat equation
ComputeChange: SS (ITER=18) (NRM,RELC): (  294.97328     0.41067800E-06 ) :: heat equation
FlowSolve: 
FlowSolve: 
FlowSolve: -------------------------------------
FlowSolve:  NAVIER-STOKES ITERATION           1
FlowSolve: -------------------------------------
FlowSolve: 
FlowSolve: Starting Assembly...
FlowSolve: Assembly:
FlowSolve: Assembly done
FlowSolve: Dirichlet conditions done
      10 0.6203E-09 0.6203E-09
BiCGStabl:       12 0.4135E-10 0.4135E-10
ComputeChange: NS (ITER=1) (NRM,RELC): ( 0.27799565E-03 0.12069270E-01 ) :: navier-stokes
FlowSolve: iter:    1 Assembly: (s)    0.01    0.01
FlowSolve: iter:    1 Solve:    (s)    0.01    0.01
FlowSolve:  Result Norm     :    2.7799565456481865E-004
FlowSolve:  Relative Change :    1.2069269717087841E-002
ComputeChange: SS (ITER=18) (NRM,RELC): ( 0.27532194E-03 0.24050335E-02 ) :: navier-stokes
SolveEquations: -------------------------------------
SolveEquations:  Coupled system iteration:           19
SolveEquations: -------------------------------------
HeatSolver: ------------------------------------------------
HeatSolver: Solving energy equation for temperature
HeatSolver: Heat solver iteration: 1
IterSolver: "Linear System GCR Restart" not given, setting it to 200
   gcr:    10  0.2886E-07  0.6042E-07
ComputeChange: NS (ITER=1) (NRM,RELC): (  294.97273     0.18595478E-05 ) :: heat equation
ComputeChange: SS (ITER=19) (NRM,RELC): (  294.97317     0.37195800E-06 ) :: heat equation
FlowSolve: 
FlowSolve: 
FlowSolve: -------------------------------------
FlowSolve:  NAVIER-STOKES ITERATION           1
FlowSolve: -------------------------------------
FlowSolve: 
FlowSolve: Starting Assembly...
FlowSolve: Assembly:
FlowSolve: Assembly done
FlowSolve: Dirichlet conditions done
      10 0.1780E-08 0.1780E-08
BiCGStabl:       12 0.4930E-10 0.4930E-10
ComputeChange: NS (ITER=1) (NRM,RELC): ( 0.27828161E-03 0.10692370E-01 ) :: navier-stokes
FlowSolve: iter:    1 Assembly: (s)    0.01    0.01
FlowSolve: iter:    1 Solve:    (s)    0.01    0.01
FlowSolve:  Result Norm     :    2.7828160618314178E-004
FlowSolve:  Relative Change :    1.0692370071366442E-002
ComputeChange: SS (ITER=19) (NRM,RELC): ( 0.27590996E-03 0.21334643E-02 ) :: navier-stokes
SolveEquations: -------------------------------------
SolveEquations:  Coupled system iteration:           20
SolveEquations: -------------------------------------
HeatSolver: ------------------------------------------------
HeatSolver: Solving energy equation for temperature
HeatSolver: Heat solver iteration: 1
IterSolver: "Linear System GCR Restart" not given, setting it to 200
   gcr:    10  0.2759E-07  0.5900E-07
ComputeChange: NS (ITER=1) (NRM,RELC): (  294.97267     0.16761727E-05 ) :: heat equation
ComputeChange: SS (ITER=20) (NRM,RELC): (  294.97307     0.33526833E-06 ) :: heat equation
FlowSolve: 
FlowSolve: 
FlowSolve: -------------------------------------
FlowSolve:  NAVIER-STOKES ITERATION           1
FlowSolve: -------------------------------------
FlowSolve: 
FlowSolve: Starting Assembly...
FlowSolve: Assembly:
FlowSolve: Assembly done
FlowSolve: Dirichlet conditions done
      10 0.2271E-08 0.2271E-08
BiCGStabl:       12 0.1633E-10 0.1633E-10
ComputeChange: NS (ITER=1) (NRM,RELC): ( 0.27838981E-03 0.89476853E-02 ) :: navier-stokes
FlowSolve: iter:    1 Assembly: (s)    0.01    0.01
FlowSolve: iter:    1 Solve:    (s)    0.01    0.01
FlowSolve:  Result Norm     :    2.7838980589963059E-004
FlowSolve:  Relative Change :    8.9476853039350043E-003
ComputeChange: SS (ITER=20) (NRM,RELC): ( 0.27640344E-03 0.17869856E-02 ) :: navier-stokes
SolveEquations: -------------------------------------
SolveEquations:  Coupled system iteration:           21
SolveEquations: -------------------------------------
HeatSolver: ------------------------------------------------
HeatSolver: Solving energy equation for temperature
HeatSolver: Heat solver iteration: 1
IterSolver: "Linear System GCR Restart" not given, setting it to 200
   gcr:    10  0.2590E-07  0.5532E-07
ComputeChange: NS (ITER=1) (NRM,RELC): (  294.97262     0.15260985E-05 ) :: heat equation
ComputeChange: SS (ITER=21) (NRM,RELC): (  294.97298     0.30524509E-06 ) :: heat equation
FlowSolve: 
FlowSolve: 
FlowSolve: -------------------------------------
FlowSolve:  NAVIER-STOKES ITERATION           1
FlowSolve: -------------------------------------
FlowSolve: 
FlowSolve: Starting Assembly...
FlowSolve: Assembly:
FlowSolve: Assembly done
FlowSolve: Dirichlet conditions done
      10 0.3209E-09 0.3209E-09
BiCGStabl:       11 0.2904E-10 0.2904E-10
ComputeChange: NS (ITER=1) (NRM,RELC): ( 0.27835553E-03 0.70375908E-02 ) :: navier-stokes
FlowSolve: iter:    1 Assembly: (s)    0.01    0.01
FlowSolve: iter:    1 Solve:    (s)    0.01    0.01
FlowSolve:  Result Norm     :    2.7835552732473703E-004
FlowSolve:  Relative Change :    7.0375907666675895E-003
ComputeChange: SS (ITER=21) (NRM,RELC): ( 0.27679242E-03 0.14062787E-02 ) :: navier-stokes
SolveEquations: -------------------------------------
SolveEquations:  Coupled system iteration:           22
SolveEquations: -------------------------------------
HeatSolver: ------------------------------------------------
HeatSolver: Solving energy equation for temperature
HeatSolver: Heat solver iteration: 1
IterSolver: "Linear System GCR Restart" not given, setting it to 200
   gcr:    10  0.2358E-07  0.4770E-07
ComputeChange: NS (ITER=1) (NRM,RELC): (  294.97257     0.13864040E-05 ) :: heat equation
ComputeChange: SS (ITER=22) (NRM,RELC): (  294.97290     0.27730093E-06 ) :: heat equation
FlowSolve: 
FlowSolve: 
FlowSolve: -------------------------------------
FlowSolve:  NAVIER-STOKES ITERATION           1
FlowSolve: -------------------------------------
FlowSolve: 
FlowSolve: Starting Assembly...
FlowSolve: Assembly:
FlowSolve: Assembly done
FlowSolve: Dirichlet conditions done
      10 0.5049E-09 0.5049E-09
BiCGStabl:       11 0.4542E-10 0.4542E-10
ComputeChange: NS (ITER=1) (NRM,RELC): ( 0.27821340E-03 0.51206141E-02 ) :: navier-stokes
FlowSolve: iter:    1 Assembly: (s)    0.01    0.01
FlowSolve: iter:    1 Solve:    (s)    0.01    0.01
FlowSolve:  Result Norm     :    2.7821340311154813E-004
FlowSolve:  Relative Change :    5.1206140970838677E-003
ComputeChange: SS (ITER=22) (NRM,RELC): ( 0.27707582E-03 0.10233572E-02 ) :: navier-stokes
SolveEquations: -------------------------------------
SolveEquations:  Coupled system iteration:           23
SolveEquations: -------------------------------------
HeatSolver: ------------------------------------------------
HeatSolver: Solving energy equation for temperature
HeatSolver: Heat solver iteration: 1
IterSolver: "Linear System GCR Restart" not given, setting it to 200
   gcr:    10  0.2055E-07  0.3769E-07
ComputeChange: NS (ITER=1) (NRM,RELC): (  294.97253     0.12446567E-05 ) :: heat equation
ComputeChange: SS (ITER=23) (NRM,RELC): (  294.97282     0.24894757E-06 ) :: heat equation
FlowSolve: 
FlowSolve: 
FlowSolve: -------------------------------------
FlowSolve:  NAVIER-STOKES ITERATION           1
FlowSolve: -------------------------------------
FlowSolve: 
FlowSolve: Starting Assembly...
FlowSolve: Assembly:
FlowSolve: Assembly done
FlowSolve: Dirichlet conditions done
      10 0.1423E-09 0.1423E-09
BiCGStabl:       12 0.1264E-10 0.1264E-10
ComputeChange: NS (ITER=1) (NRM,RELC): ( 0.27799578E-03 0.33147245E-02 ) :: navier-stokes
FlowSolve: iter:    1 Assembly: (s)    0.01    0.01
FlowSolve: iter:    1 Solve:    (s)    0.01    0.01
FlowSolve:  Result Norm     :    2.7799577502923741E-004
FlowSolve:  Relative Change :    3.3147245226247341E-003
ComputeChange: SS (ITER=23) (NRM,RELC): ( 0.27725934E-03 0.66213243E-03 ) :: navier-stokes
SolveEquations: -------------------------------------
SolveEquations:  Coupled system iteration:           24
SolveEquations: -------------------------------------
HeatSolver: ------------------------------------------------
HeatSolver: Solving energy equation for temperature
HeatSolver: Heat solver iteration: 1
IterSolver: "Linear System GCR Restart" not given, setting it to 200
   gcr:    10  0.1856E-07  0.3088E-07
ComputeChange: NS (ITER=1) (NRM,RELC): (  294.97249     0.11193079E-05 ) :: heat equation
ComputeChange: SS (ITER=24) (NRM,RELC): (  294.97276     0.22387443E-06 ) :: heat equation
FlowSolve: 
FlowSolve: 
FlowSolve: -------------------------------------
FlowSolve:  NAVIER-STOKES ITERATION           1
FlowSolve: -------------------------------------
FlowSolve: 
FlowSolve: Starting Assembly...
FlowSolve: Assembly:
FlowSolve: Assembly done
FlowSolve: Dirichlet conditions done
      10 0.9034E-10 0.9034E-10
BiCGStabl:       10 0.9034E-10 0.9034E-10
ComputeChange: NS (ITER=1) (NRM,RELC): ( 0.27773228E-03 0.17043050E-02 ) :: navier-stokes
FlowSolve: iter:    1 Assembly: (s)    0.01    0.01
FlowSolve: iter:    1 Solve:    (s)    0.01    0.01
FlowSolve:  Result Norm     :    2.7773227944465924E-004
FlowSolve:  Relative Change :    1.7043049591731021E-003
ComputeChange: SS (ITER=24) (NRM,RELC): ( 0.27735356E-03 0.33975369E-03 ) :: navier-stokes
SolveEquations: -------------------------------------
SolveEquations:  Coupled system iteration:           25
SolveEquations: -------------------------------------
HeatSolver: ------------------------------------------------
HeatSolver: Solving energy equation for temperature
HeatSolver: Heat solver iteration: 1
IterSolver: "Linear System GCR Restart" not given, setting it to 200
   gcr:    10  0.1697E-07  0.2378E-07
ComputeChange: NS (ITER=1) (NRM,RELC): (  294.97246     0.99439577E-06 ) :: heat equation
ComputeChange: SS (ITER=25) (NRM,RELC): (  294.97270     0.19888889E-06 ) :: heat equation
FlowSolve: 
FlowSolve: 
FlowSolve: -------------------------------------
FlowSolve:  NAVIER-STOKES ITERATION           1
FlowSolve: -------------------------------------
FlowSolve: 
FlowSolve: Starting Assembly...
FlowSolve: Assembly:
FlowSolve: Assembly done
FlowSolve: Dirichlet conditions done
      10 0.1373E-08 0.1373E-08
BiCGStabl:       11 0.7346E-10 0.7346E-10
ComputeChange: NS (ITER=1) (NRM,RELC): ( 0.27744770E-03 0.33935932E-03 ) :: navier-stokes
FlowSolve: iter:    1 Assembly: (s)    0.01    0.01
FlowSolve: iter:    1 Solve:    (s)    0.01    0.01
FlowSolve:  Result Norm     :    2.7744769633775216E-004
FlowSolve:  Relative Change :    3.3935932445110239E-004
ComputeChange: SS (ITER=25) (NRM,RELC): ( 0.27737198E-03 0.66422821E-04 ) :: navier-stokes
SolveEquations: -------------------------------------
SolveEquations:  Coupled system iteration:           26
SolveEquations: -------------------------------------
HeatSolver: ------------------------------------------------
HeatSolver: Solving energy equation for temperature
HeatSolver: Heat solver iteration: 1
IterSolver: "Linear System GCR Restart" not given, setting it to 200
   gcr:    10  0.1432E-07  0.1752E-07
ComputeChange: NS (ITER=1) (NRM,RELC): (  294.97244     0.87381986E-06 ) :: heat equation
ComputeChange: SS (ITER=26) (NRM,RELC): (  294.97265     0.17477095E-06 ) :: heat equation
FlowSolve: 
FlowSolve: 
FlowSolve: -------------------------------------
FlowSolve:  NAVIER-STOKES ITERATION           1
FlowSolve: -------------------------------------
FlowSolve: 
FlowSolve: Starting Assembly...
FlowSolve: Assembly:
FlowSolve: Assembly done
FlowSolve: Dirichlet conditions done
      10 0.1664E-08 0.1664E-08
BiCGStabl:       11 0.5633E-10 0.5633E-10
ComputeChange: NS (ITER=1) (NRM,RELC): ( 0.27716228E-03 0.75632492E-03 ) :: navier-stokes
FlowSolve: iter:    1 Assembly: (s)    0.01    0.01
FlowSolve: iter:    1 Solve:    (s)    0.01    0.01
FlowSolve:  Result Norm     :    2.7716227702645311E-004
FlowSolve:  Relative Change :    7.5632492071004971E-004
ComputeChange: SS (ITER=26) (NRM,RELC): ( 0.27732955E-03 0.15297627E-03 ) :: navier-stokes
SolveEquations: -------------------------------------
SolveEquations:  Coupled system iteration:           27
SolveEquations: -------------------------------------
HeatSolver: ------------------------------------------------
HeatSolver: Solving energy equation for temperature
HeatSolver: Heat solver iteration: 1
IterSolver: "Linear System GCR Restart" not given, setting it to 200
   gcr:    10  0.1140E-07  0.1270E-07
ComputeChange: NS (ITER=1) (NRM,RELC): (  294.97242     0.75981256E-06 ) :: heat equation
ComputeChange: SS (ITER=27) (NRM,RELC): (  294.97260     0.15196718E-06 ) :: heat equation
FlowSolve: 
FlowSolve: 
FlowSolve: -------------------------------------
FlowSolve:  NAVIER-STOKES ITERATION           1
FlowSolve: -------------------------------------
FlowSolve: 
FlowSolve: Starting Assembly...
FlowSolve: Assembly:
FlowSolve: Assembly done
FlowSolve: Dirichlet conditions done
      10 0.7623E-09 0.7623E-09
BiCGStabl:       11 0.6854E-10 0.6854E-10
ComputeChange: NS (ITER=1) (NRM,RELC): ( 0.27689208E-03 0.15786871E-02 ) :: navier-stokes
FlowSolve: iter:    1 Assembly: (s)    0.01    0.01
FlowSolve: iter:    1 Solve:    (s)    0.01    0.01
FlowSolve:  Result Norm     :    2.7689208171881102E-004
FlowSolve:  Relative Change :    1.5786870611974931E-003
ComputeChange: SS (ITER=27) (NRM,RELC): ( 0.27724150E-03 0.31757081E-03 ) :: navier-stokes
SolveEquations: -------------------------------------
SolveEquations:  Coupled system iteration:           28
SolveEquations: -------------------------------------
HeatSolver: ------------------------------------------------
HeatSolver: Solving energy equation for temperature
HeatSolver: Heat solver iteration: 1
IterSolver: "Linear System GCR Restart" not given, setting it to 200
   gcr:    10  0.8402E-08  0.8866E-08
ComputeChange: NS (ITER=1) (NRM,RELC): (  294.97241     0.64292732E-06 ) :: heat equation
ComputeChange: SS (ITER=28) (NRM,RELC): (  294.97256     0.12858838E-06 ) :: heat equation
FlowSolve: 
FlowSolve: 
FlowSolve: -------------------------------------
FlowSolve:  NAVIER-STOKES ITERATION           1
FlowSolve: -------------------------------------
FlowSolve: 
FlowSolve: Starting Assembly...
FlowSolve: Assembly:
FlowSolve: Assembly done
FlowSolve: Dirichlet conditions done
      10 0.5280E-09 0.5280E-09
BiCGStabl:       11 0.2865E-10 0.2865E-10
ComputeChange: NS (ITER=1) (NRM,RELC): ( 0.27664915E-03 0.21388529E-02 ) :: navier-stokes
FlowSolve: iter:    1 Assembly: (s)    0.01    0.01
FlowSolve: iter:    1 Solve:    (s)    0.01    0.01
FlowSolve:  Result Norm     :    2.7664914989951783E-004
FlowSolve:  Relative Change :    2.1388528507810230E-003
ComputeChange: SS (ITER=28) (NRM,RELC): ( 0.27712242E-03 0.42957626E-03 ) :: navier-stokes
SolveEquations: -------------------------------------
SolveEquations:  Coupled system iteration:           29
SolveEquations: -------------------------------------
HeatSolver: ------------------------------------------------
HeatSolver: Solving energy equation for temperature
HeatSolver: Heat solver iteration: 1
IterSolver: "Linear System GCR Restart" not given, setting it to 200
ComputeChange: NS (ITER=1) (NRM,RELC): (  294.97241     0.53674682E-06 ) :: heat equation
ComputeChange: SS (ITER=29) (NRM,RELC): (  294.97253     0.10735113E-06 ) :: heat equation
FlowSolve: 
FlowSolve: 
FlowSolve: -------------------------------------
FlowSolve:  NAVIER-STOKES ITERATION           1
FlowSolve: -------------------------------------
FlowSolve: 
FlowSolve: Starting Assembly...
FlowSolve: Assembly:
FlowSolve: Assembly done
FlowSolve: Dirichlet conditions done
      10 0.2861E-09 0.2861E-09
BiCGStabl:       11 0.4064E-10 0.4064E-10
ComputeChange: NS (ITER=1) (NRM,RELC): ( 0.27644006E-03 0.24653465E-02 ) :: navier-stokes
FlowSolve: iter:    1 Assembly: (s)    0.01    0.01
FlowSolve: iter:    1 Solve:    (s)    0.01    0.01
FlowSolve:  Result Norm     :    2.7644006272953980E-004
FlowSolve:  Relative Change :    2.4653465063460560E-003
ComputeChange: SS (ITER=29) (NRM,RELC): ( 0.27698536E-03 0.49472073E-03 ) :: navier-stokes
SolveEquations: -------------------------------------
SolveEquations:  Coupled system iteration:           30
SolveEquations: -------------------------------------
HeatSolver: ------------------------------------------------
HeatSolver: Solving energy equation for temperature
HeatSolver: Heat solver iteration: 1
IterSolver: "Linear System GCR Restart" not given, setting it to 200
   gcr:    10  0.6313E-08  0.9125E-08
ComputeChange: NS (ITER=1) (NRM,RELC): (  294.97240     0.45945165E-06 ) :: heat equation
ComputeChange: SS (ITER=30) (NRM,RELC): (  294.97250     0.91891444E-07 ) :: heat equation
FlowSolve: 
FlowSolve: 
FlowSolve: -------------------------------------
FlowSolve:  NAVIER-STOKES ITERATION           1
FlowSolve: -------------------------------------
FlowSolve: 
FlowSolve: Starting Assembly...
FlowSolve: Assembly:
FlowSolve: Assembly done
FlowSolve: Dirichlet conditions done
      10 0.1345E-09 0.1345E-09
BiCGStabl:       11 0.3525E-10 0.3525E-10
ComputeChange: NS (ITER=1) (NRM,RELC): ( 0.27627097E-03 0.25824981E-02 ) :: navier-stokes
FlowSolve: iter:    1 Assembly: (s)    0.01    0.01
FlowSolve: iter:    1 Solve:    (s)    0.01    0.01
FlowSolve:  Result Norm     :    2.7627096837897598E-004
FlowSolve:  Relative Change :    2.5824981410126988E-003
ComputeChange: SS (ITER=30) (NRM,RELC): ( 0.27684194E-03 0.51791120E-03 ) :: navier-stokes
SolveEquations: -------------------------------------
SolveEquations:  Coupled system iteration:           31
SolveEquations: -------------------------------------
HeatSolver: ------------------------------------------------
HeatSolver: Solving energy equation for temperature
HeatSolver: Heat solver iteration: 1
IterSolver: "Linear System GCR Restart" not given, setting it to 200
   gcr:    10  0.6105E-08  0.9977E-08
ComputeChange: NS (ITER=1) (NRM,RELC): (  294.97239     0.37520271E-06 ) :: heat equation
ComputeChange: SS (ITER=31) (NRM,RELC): (  294.97248     0.75041412E-07 ) :: heat equation
FlowSolve: 
FlowSolve: 
FlowSolve: -------------------------------------
FlowSolve:  NAVIER-STOKES ITERATION           1
FlowSolve: -------------------------------------
FlowSolve: 
FlowSolve: Starting Assembly...
FlowSolve: Assembly:
FlowSolve: Assembly done
FlowSolve: Dirichlet conditions done
      10 0.4480E-09 0.4480E-09
BiCGStabl:       11 0.6375E-10 0.6375E-10
ComputeChange: NS (ITER=1) (NRM,RELC): ( 0.27614307E-03 0.25276223E-02 ) :: navier-stokes
FlowSolve: iter:    1 Assembly: (s)    0.01    0.01
FlowSolve: iter:    1 Solve:    (s)    0.01    0.01
FlowSolve:  Result Norm     :    2.7614307479029951E-004
FlowSolve:  Relative Change :    2.5276222776573908E-003
ComputeChange: SS (ITER=31) (NRM,RELC): ( 0.27670172E-03 0.50665575E-03 ) :: navier-stokes
SolveEquations: -------------------------------------
SolveEquations:  Coupled system iteration:           32
SolveEquations: -------------------------------------
HeatSolver: ------------------------------------------------
HeatSolver: Solving energy equation for temperature
HeatSolver: Heat solver iteration: 1
IterSolver: "Linear System GCR Restart" not given, setting it to 200
   gcr:    10  0.5408E-08  0.9320E-08
ComputeChange: NS (ITER=1) (NRM,RELC): (  294.97239     0.30024767E-06 ) :: heat equation
ComputeChange: SS (ITER=32) (NRM,RELC): (  294.97246     0.60050427E-07 ) :: heat equation
FlowSolve: 
FlowSolve: 
FlowSolve: -------------------------------------
FlowSolve:  NAVIER-STOKES ITERATION           1
FlowSolve: -------------------------------------
FlowSolve: 
FlowSolve: Starting Assembly...
FlowSolve: Assembly:
FlowSolve: Assembly done
FlowSolve: Dirichlet conditions done
      10 0.4527E-09 0.4527E-09
BiCGStabl:       11 0.8208E-10 0.8208E-10
ComputeChange: NS (ITER=1) (NRM,RELC): ( 0.27605517E-03 0.23393544E-02 ) :: navier-stokes
FlowSolve: iter:    1 Assembly: (s)    0.01    0.01
FlowSolve: iter:    1 Solve:    (s)    0.01    0.01
FlowSolve:  Result Norm     :    2.7605516824957479E-004
FlowSolve:  Relative Change :    2.3393544121531927E-003
ComputeChange: SS (ITER=32) (NRM,RELC): ( 0.27657205E-03 0.46872132E-03 ) :: navier-stokes
SolveEquations: -------------------------------------
SolveEquations:  Coupled system iteration:           33
SolveEquations: -------------------------------------
HeatSolver: ------------------------------------------------
HeatSolver: Solving energy equation for temperature
HeatSolver: Heat solver iteration: 1
IterSolver: "Linear System GCR Restart" not given, setting it to 200
   gcr:    10  0.4801E-08  0.8837E-08
ComputeChange: NS (ITER=1) (NRM,RELC): (  294.97240     0.23479491E-06 ) :: heat equation
ComputeChange: SS (ITER=33) (NRM,RELC): (  294.97245     0.46960027E-07 ) :: heat equation
FlowSolve: 
FlowSolve: 
FlowSolve: -------------------------------------
FlowSolve:  NAVIER-STOKES ITERATION           1
FlowSolve: -------------------------------------
FlowSolve: 
FlowSolve: Starting Assembly...
FlowSolve: Assembly:
FlowSolve: Assembly done
FlowSolve: Dirichlet conditions done
      10 0.1974E-09 0.1974E-09
BiCGStabl:       11 0.6333E-10 0.6333E-10
ComputeChange: NS (ITER=1) (NRM,RELC): ( 0.27600399E-03 0.20560294E-02 ) :: navier-stokes
FlowSolve: iter:    1 Assembly: (s)    0.01    0.01
FlowSolve: iter:    1 Solve:    (s)    0.01    0.01
FlowSolve:  Result Norm     :    2.7600399348142411E-004
FlowSolve:  Relative Change :    2.0560293834423439E-003
ComputeChange: SS (ITER=33) (NRM,RELC): ( 0.27645818E-03 0.41180418E-03 ) :: navier-stokes
SolveEquations: -------------------------------------
SolveEquations:  Coupled system iteration:           34
SolveEquations: -------------------------------------
HeatSolver: ------------------------------------------------
HeatSolver: Solving energy equation for temperature
HeatSolver: Heat solver iteration: 1
IterSolver: "Linear System GCR Restart" not given, setting it to 200
ComputeChange: NS (ITER=1) (NRM,RELC): (  294.97240     0.17491982E-06 ) :: heat equation
ComputeChange: SS (ITER=34) (NRM,RELC): (  294.97244     0.34985184E-07 ) :: heat equation
FlowSolve: 
FlowSolve: 
FlowSolve: -------------------------------------
FlowSolve:  NAVIER-STOKES ITERATION           1
FlowSolve: -------------------------------------
FlowSolve: 
FlowSolve: Starting Assembly...
FlowSolve: Assembly:
FlowSolve: Assembly done
FlowSolve: Dirichlet conditions done
      10 0.4348E-10 0.4348E-10
BiCGStabl:       10 0.4348E-10 0.4348E-10
ComputeChange: NS (ITER=1) (NRM,RELC): ( 0.27598482E-03 0.17136896E-02 ) :: navier-stokes
FlowSolve: iter:    1 Assembly: (s)    0.01    0.01
FlowSolve: iter:    1 Solve:    (s)    0.01    0.01
FlowSolve:  Result Norm     :    2.7598482177389861E-004
FlowSolve:  Relative Change :    1.7136896181047809E-003
ComputeChange: SS (ITER=34) (NRM,RELC): ( 0.27636333E-03 0.34312987E-03 ) :: navier-stokes
SolveEquations: -------------------------------------
SolveEquations:  Coupled system iteration:           35
SolveEquations: -------------------------------------
HeatSolver: ------------------------------------------------
HeatSolver: Solving energy equation for temperature
HeatSolver: Heat solver iteration: 1
IterSolver: "Linear System GCR Restart" not given, setting it to 200
ComputeChange: NS (ITER=1) (NRM,RELC): (  294.97240     0.12787691E-06 ) :: heat equation
ComputeChange: SS (ITER=35) (NRM,RELC): (  294.97243     0.25576716E-07 ) :: heat equation
FlowSolve: 
FlowSolve: 
FlowSolve: -------------------------------------
FlowSolve:  NAVIER-STOKES ITERATION           1
FlowSolve: -------------------------------------
FlowSolve: 
FlowSolve: Starting Assembly...
FlowSolve: Assembly:
FlowSolve: Assembly done
FlowSolve: Dirichlet conditions done
      10 0.7195E-10 0.7195E-10
BiCGStabl:       10 0.7195E-10 0.7195E-10
ComputeChange: NS (ITER=1) (NRM,RELC): ( 0.27599225E-03 0.13436372E-02 ) :: navier-stokes
FlowSolve: iter:    1 Assembly: (s)    0.01    0.01
FlowSolve: iter:    1 Solve:    (s)    0.01    0.01
FlowSolve:  Result Norm     :    2.7599225215787381E-004
FlowSolve:  Relative Change :    1.3436371578851539E-003
ComputeChange: SS (ITER=35) (NRM,RELC): ( 0.27628901E-03 0.26896489E-03 ) :: navier-stokes
SolveEquations: -------------------------------------
SolveEquations:  Coupled system iteration:           36
SolveEquations: -------------------------------------
HeatSolver: ------------------------------------------------
HeatSolver: Solving energy equation for temperature
HeatSolver: Heat solver iteration: 1
IterSolver: "Linear System GCR Restart" not given, setting it to 200
ComputeChange: NS (ITER=1) (NRM,RELC): (  294.97241     0.88825869E-07 ) :: heat equation
ComputeChange: SS (ITER=36) (NRM,RELC): (  294.97243     0.17766535E-07 ) :: heat equation
FlowSolve: 
FlowSolve: 
FlowSolve: -------------------------------------
FlowSolve:  NAVIER-STOKES ITERATION           1
FlowSolve: -------------------------------------
FlowSolve: 
FlowSolve: Starting Assembly...
FlowSolve: Assembly:
FlowSolve: Assembly done
FlowSolve: Dirichlet conditions done
      10 0.3800E-10 0.3800E-10
BiCGStabl:       10 0.3800E-10 0.3800E-10
ComputeChange: NS (ITER=1) (NRM,RELC): ( 0.27602037E-03 0.97278691E-03 ) :: navier-stokes
FlowSolve: iter:    1 Assembly: (s)    0.01    0.01
FlowSolve: iter:    1 Solve:    (s)    0.01    0.01
FlowSolve:  Result Norm     :    2.7602037319568538E-004
FlowSolve:  Relative Change :    9.7278690801155571E-004
ComputeChange: SS (ITER=36) (NRM,RELC): ( 0.27623523E-03 0.19468947E-03 ) :: navier-stokes
SolveEquations: -------------------------------------
SolveEquations:  Coupled system iteration:           37
SolveEquations: -------------------------------------
HeatSolver: ------------------------------------------------
HeatSolver: Solving energy equation for temperature
HeatSolver: Heat solver iteration: 1
IterSolver: "Linear System GCR Restart" not given, setting it to 200
ComputeChange: NS (ITER=1) (NRM,RELC): (  294.97241     0.57312453E-07 ) :: heat equation
ComputeChange: SS (ITER=37) (NRM,RELC): (  294.97242     0.11463785E-07 ) :: heat equation
FlowSolve: 
FlowSolve: 
FlowSolve: -------------------------------------
FlowSolve:  NAVIER-STOKES ITERATION           1
FlowSolve: -------------------------------------
FlowSolve: 
FlowSolve: Starting Assembly...
FlowSolve: Assembly:
FlowSolve: Assembly done
FlowSolve: Dirichlet conditions done
      10 0.1549E-08 0.1549E-08
BiCGStabl:       11 0.7094E-10 0.7094E-10
ComputeChange: NS (ITER=1) (NRM,RELC): ( 0.27606333E-03 0.62247870E-03 ) :: navier-stokes
FlowSolve: iter:    1 Assembly: (s)    0.01    0.01
FlowSolve: iter:    1 Solve:    (s)    0.01    0.01
FlowSolve:  Result Norm     :    2.7606333049757126E-004
FlowSolve:  Relative Change :    6.2247869780990251E-004
ComputeChange: SS (ITER=37) (NRM,RELC): ( 0.27620082E-03 0.12456346E-03 ) :: navier-stokes
SolveEquations: -------------------------------------
SolveEquations:  Coupled system iteration:           38
SolveEquations: -------------------------------------
HeatSolver: ------------------------------------------------
HeatSolver: Solving energy equation for temperature
HeatSolver: Heat solver iteration: 1
IterSolver: "Linear System GCR Restart" not given, setting it to 200
ComputeChange: NS (ITER=1) (NRM,RELC): (  294.97241     0.32706655E-07 ) :: heat equation
ComputeChange: SS (ITER=38) (NRM,RELC): (  294.97242     0.65424825E-08 ) :: heat equation
FlowSolve: 
FlowSolve: 
FlowSolve: -------------------------------------
FlowSolve:  NAVIER-STOKES ITERATION           1
FlowSolve: -------------------------------------
FlowSolve: 
FlowSolve: Starting Assembly...
FlowSolve: Assembly:
FlowSolve: Assembly done
FlowSolve: Dirichlet conditions done
      10 0.8943E-10 0.8943E-10
BiCGStabl:       10 0.8943E-10 0.8943E-10
ComputeChange: NS (ITER=1) (NRM,RELC): ( 0.27611566E-03 0.30836913E-03 ) :: navier-stokes
FlowSolve: iter:    1 Assembly: (s)    0.01    0.01
FlowSolve: iter:    1 Solve:    (s)    0.01    0.01
FlowSolve:  Result Norm     :    2.7611566219111217E-004
FlowSolve:  Relative Change :    3.0836913275528849E-004
ComputeChange: SS (ITER=38) (NRM,RELC): ( 0.27618378E-03 0.61707728E-04 ) :: navier-stokes
SolveEquations: -------------------------------------
SolveEquations:  Coupled system iteration:           39
SolveEquations: -------------------------------------
HeatSolver: ------------------------------------------------
HeatSolver: Solving energy equation for temperature
HeatSolver: Heat solver iteration: 1
IterSolver: "Linear System GCR Restart" not given, setting it to 200
ComputeChange: NS (ITER=1) (NRM,RELC): (  294.97242     0.14258124E-07 ) :: heat equation
ComputeChange: SS (ITER=39) (NRM,RELC): (  294.97242     0.28525900E-08 ) :: heat equation
FlowSolve: 
FlowSolve: 
FlowSolve: -------------------------------------
FlowSolve:  NAVIER-STOKES ITERATION           1
FlowSolve: -------------------------------------
FlowSolve: 
FlowSolve: Starting Assembly...
FlowSolve: Assembly:
FlowSolve: Assembly done
FlowSolve: Dirichlet conditions done
      10 0.1709E-09 0.1709E-09
BiCGStabl:       11 0.7366E-10 0.7366E-10
ComputeChange: NS (ITER=1) (NRM,RELC): ( 0.27617254E-03 0.40687228E-04 ) :: navier-stokes
FlowSolve: iter:    1 Assembly: (s)    0.01    0.01
FlowSolve: iter:    1 Solve:    (s)    0.01    0.01
FlowSolve:  Result Norm     :    2.7617254074570395E-004
FlowSolve:  Relative Change :    4.0687227696643589E-005
ComputeChange: SS (ITER=39) (NRM,RELC): ( 0.27618152E-03 0.81576661E-05 ) :: navier-stokes
SolveEquations: -------------------------------------
SolveEquations:  Coupled system iteration:           40
SolveEquations: -------------------------------------
HeatSolver: ------------------------------------------------
HeatSolver: Solving energy equation for temperature
HeatSolver: Heat solver iteration: 1
IterSolver: "Linear System GCR Restart" not given, setting it to 200
ComputeChange: NS (ITER=1) (NRM,RELC): (  294.97242     0.11508082E-08 ) :: heat equation
ComputeChange: SS (ITER=40) (NRM,RELC): (  294.97242     0.23092129E-09 ) :: heat equation
FlowSolve: 
FlowSolve: 
FlowSolve: -------------------------------------
FlowSolve:  NAVIER-STOKES ITERATION           1
FlowSolve: -------------------------------------
FlowSolve: 
FlowSolve: Starting Assembly...
FlowSolve: Assembly:
FlowSolve: Assembly done
FlowSolve: Dirichlet conditions done
BiCGStabl:       10 0.3722E-10 0.3722E-10
ComputeChange: NS (ITER=1) (NRM,RELC): ( 0.27622992E-03 0.17522418E-03 ) :: navier-stokes
FlowSolve: iter:    1 Assembly: (s)    0.01    0.01
FlowSolve: iter:    1 Solve:    (s)    0.01    0.01
FlowSolve:  Result Norm     :    2.7622992258474505E-004
FlowSolve:  Relative Change :    1.7522417932240971E-004
ComputeChange: SS (ITER=40) (NRM,RELC): ( 0.27619120E-03 0.35026975E-04 ) :: navier-stokes
SolveEquations: -------------------------------------
SolveEquations:  Coupled system iteration:           41
SolveEquations: -------------------------------------
HeatSolver: ------------------------------------------------
HeatSolver: Solving energy equation for temperature
HeatSolver: Heat solver iteration: 1
IterSolver: "Linear System GCR Restart" not given, setting it to 200
ComputeChange: NS (ITER=1) (NRM,RELC): (  294.97242     0.74524386E-08 ) :: heat equation
ComputeChange: SS (ITER=41) (NRM,RELC): (  294.97242     0.14899242E-08 ) :: heat equation
FlowSolve: 
FlowSolve: 
FlowSolve: -------------------------------------
FlowSolve:  NAVIER-STOKES ITERATION           1
FlowSolve: -------------------------------------
FlowSolve: 
FlowSolve: Starting Assembly...
FlowSolve: Assembly:
FlowSolve: Assembly done
FlowSolve: Dirichlet conditions done
      10 0.5351E-10 0.5351E-10
BiCGStabl:       10 0.5351E-10 0.5351E-10
ComputeChange: NS (ITER=1) (NRM,RELC): ( 0.27628462E-03 0.33817943E-03 ) :: navier-stokes
FlowSolve: iter:    1 Assembly: (s)    0.01    0.01
FlowSolve: iter:    1 Solve:    (s)    0.01    0.01
FlowSolve:  Result Norm     :    2.7628461661424644E-004
FlowSolve:  Relative Change :    3.3817942966935655E-004
ComputeChange: SS (ITER=41) (NRM,RELC): ( 0.27620987E-03 0.67615577E-04 ) :: navier-stokes
SolveEquations: -------------------------------------
SolveEquations:  Coupled system iteration:           42
SolveEquations: -------------------------------------
HeatSolver: ------------------------------------------------
HeatSolver: Solving energy equation for temperature
HeatSolver: Heat solver iteration: 1
IterSolver: "Linear System GCR Restart" not given, setting it to 200
ComputeChange: NS (ITER=1) (NRM,RELC): (  294.97243     0.12373787E-07 ) :: heat equation
ComputeChange: SS (ITER=42) (NRM,RELC): (  294.97242     0.24743658E-08 ) :: heat equation
FlowSolve: 
FlowSolve: 
FlowSolve: -------------------------------------
FlowSolve:  NAVIER-STOKES ITERATION           1
FlowSolve: -------------------------------------
FlowSolve: 
FlowSolve: Starting Assembly...
FlowSolve: Assembly:
FlowSolve: Assembly done
FlowSolve: Dirichlet conditions done
      10 0.9359E-10 0.9359E-10
BiCGStabl:       10 0.9359E-10 0.9359E-10
ComputeChange: NS (ITER=1) (NRM,RELC): ( 0.27633428E-03 0.45031473E-03 ) :: navier-stokes
FlowSolve: iter:    1 Assembly: (s)    0.01    0.01
FlowSolve: iter:    1 Solve:    (s)    0.01    0.01
FlowSolve:  Result Norm     :    2.7633428348136960E-004
FlowSolve:  Relative Change :    4.5031473009928485E-004
ComputeChange: SS (ITER=42) (NRM,RELC): ( 0.27623475E-03 0.90039529E-04 ) :: navier-stokes
SolveEquations: -------------------------------------
SolveEquations:  Coupled system iteration:           43
SolveEquations: -------------------------------------
HeatSolver: ------------------------------------------------
HeatSolver: Solving energy equation for temperature
HeatSolver: Heat solver iteration: 1
IterSolver: "Linear System GCR Restart" not given, setting it to 200
ComputeChange: NS (ITER=1) (NRM,RELC): (  294.97243     0.15089839E-07 ) :: heat equation
ComputeChange: SS (ITER=43) (NRM,RELC): (  294.97242     0.30177102E-08 ) :: heat equation
FlowSolve: 
FlowSolve: 
FlowSolve: -------------------------------------
FlowSolve:  NAVIER-STOKES ITERATION           1
FlowSolve: -------------------------------------
FlowSolve: 
FlowSolve: Starting Assembly...
FlowSolve: Assembly:
FlowSolve: Assembly done
FlowSolve: Dirichlet conditions done
      10 0.1361E-09 0.1361E-09
BiCGStabl:       11 0.7878E-10 0.7878E-10
ComputeChange: NS (ITER=1) (NRM,RELC): ( 0.27637740E-03 0.51628637E-03 ) :: navier-stokes
FlowSolve: iter:    1 Assembly: (s)    0.01    0.01
FlowSolve: iter:    1 Solve:    (s)    0.01    0.01
FlowSolve:  Result Norm     :    2.7637739807886925E-004
FlowSolve:  Relative Change :    5.1628636556723731E-004
ComputeChange: SS (ITER=43) (NRM,RELC): ( 0.27626326E-03 0.10323223E-03 ) :: navier-stokes
SolveEquations: -------------------------------------
SolveEquations:  Coupled system iteration:           44
SolveEquations: -------------------------------------
HeatSolver: ------------------------------------------------
HeatSolver: Solving energy equation for temperature
HeatSolver: Heat solver iteration: 1
IterSolver: "Linear System GCR Restart" not given, setting it to 200
ComputeChange: NS (ITER=1) (NRM,RELC): (  294.97243     0.14394560E-07 ) :: heat equation
ComputeChange: SS (ITER=44) (NRM,RELC): (  294.97242     0.28787564E-08 ) :: heat equation
FlowSolve: 
FlowSolve: 
FlowSolve: -------------------------------------
FlowSolve:  NAVIER-STOKES ITERATION           1
FlowSolve: -------------------------------------
FlowSolve: 
FlowSolve: Starting Assembly...
FlowSolve: Assembly:
FlowSolve: Assembly done
FlowSolve: Dirichlet conditions done
      10 0.1400E-09 0.1400E-09
BiCGStabl:       11 0.6346E-10 0.6346E-10
ComputeChange: NS (ITER=1) (NRM,RELC): ( 0.27641314E-03 0.54236093E-03 ) :: navier-stokes
FlowSolve: iter:    1 Assembly: (s)    0.01    0.01
FlowSolve: iter:    1 Solve:    (s)    0.01    0.01
FlowSolve:  Result Norm     :    2.7641313786547006E-004
FlowSolve:  Relative Change :    5.4236092661356157E-004
ComputeChange: SS (ITER=44) (NRM,RELC): ( 0.27629322E-03 0.10844765E-03 ) :: navier-stokes
SolveEquations: -------------------------------------
SolveEquations:  Coupled system iteration:           45
SolveEquations: -------------------------------------
HeatSolver: ------------------------------------------------
HeatSolver: Solving energy equation for temperature
HeatSolver: Heat solver iteration: 1
IterSolver: "Linear System GCR Restart" not given, setting it to 200
ComputeChange: NS (ITER=1) (NRM,RELC): (  294.97243     0.12309161E-07 ) :: heat equation
ComputeChange: SS (ITER=45) (NRM,RELC): (  294.97243     0.24617444E-08 ) :: heat equation
FlowSolve: 
FlowSolve: 
FlowSolve: -------------------------------------
FlowSolve:  NAVIER-STOKES ITERATION           1
FlowSolve: -------------------------------------
FlowSolve: 
FlowSolve: Starting Assembly...
FlowSolve: Assembly:
FlowSolve: Assembly done
FlowSolve: Dirichlet conditions done
      10 0.1210E-09 0.1210E-09
BiCGStabl:       11 0.4535E-10 0.4535E-10
ComputeChange: NS (ITER=1) (NRM,RELC): ( 0.27644125E-03 0.53559650E-03 ) :: navier-stokes
FlowSolve: iter:    1 Assembly: (s)    0.01    0.01
FlowSolve: iter:    1 Solve:    (s)    0.01    0.01
FlowSolve:  Result Norm     :    2.7644124587546744E-004
FlowSolve:  Relative Change :    5.3559650378863272E-004
ComputeChange: SS (ITER=45) (NRM,RELC): ( 0.27632282E-03 0.10709716E-03 ) :: navier-stokes
SolveEquations: -------------------------------------
SolveEquations:  Coupled system iteration:           46
SolveEquations: -------------------------------------
HeatSolver: ------------------------------------------------
HeatSolver: Solving energy equation for temperature
HeatSolver: Heat solver iteration: 1
IterSolver: "Linear System GCR Restart" not given, setting it to 200
ComputeChange: NS (ITER=1) (NRM,RELC): (  294.97243     0.93398126E-08 ) :: heat equation
ComputeChange: SS (ITER=46) (NRM,RELC): (  294.97243     0.18679172E-08 ) :: heat equation
FlowSolve: 
FlowSolve: 
FlowSolve: -------------------------------------
FlowSolve:  NAVIER-STOKES ITERATION           1
FlowSolve: -------------------------------------
FlowSolve: 
FlowSolve: Starting Assembly...
FlowSolve: Assembly:
FlowSolve: Assembly done
FlowSolve: Dirichlet conditions done
      10 0.1061E-09 0.1061E-09
BiCGStabl:       11 0.3113E-10 0.3113E-10
ComputeChange: NS (ITER=1) (NRM,RELC): ( 0.27646194E-03 0.50335029E-03 ) :: navier-stokes
FlowSolve: iter:    1 Assembly: (s)    0.01    0.01
FlowSolve: iter:    1 Solve:    (s)    0.01    0.01
FlowSolve:  Result Norm     :    2.7646193853996930E-004
FlowSolve:  Relative Change :    5.0335029440378614E-004
ComputeChange: SS (ITER=46) (NRM,RELC): ( 0.27635063E-03 0.10065153E-03 ) :: navier-stokes
SolveEquations: -------------------------------------
SolveEquations:  Coupled system iteration:           47
SolveEquations: -------------------------------------
HeatSolver: ------------------------------------------------
HeatSolver: Solving energy equation for temperature
HeatSolver: Heat solver iteration: 1
IterSolver: "Linear System GCR Restart" not given, setting it to 200
ComputeChange: NS (ITER=1) (NRM,RELC): (  294.97243     0.59466033E-08 ) :: heat equation
ComputeChange: SS (ITER=47) (NRM,RELC): (  294.97243     0.11892978E-08 ) :: heat equation
FlowSolve: 
FlowSolve: 
FlowSolve: -------------------------------------
FlowSolve:  NAVIER-STOKES ITERATION           1
FlowSolve: -------------------------------------
FlowSolve: 
FlowSolve: Starting Assembly...
FlowSolve: Assembly:
FlowSolve: Assembly done
FlowSolve: Dirichlet conditions done
      10 0.8010E-10 0.8010E-10
BiCGStabl:       10 0.8010E-10 0.8010E-10
ComputeChange: NS (ITER=1) (NRM,RELC): ( 0.27647580E-03 0.45282611E-03 ) :: navier-stokes
FlowSolve: iter:    1 Assembly: (s)    0.01    0.01
FlowSolve: iter:    1 Solve:    (s)    0.01    0.01
FlowSolve:  Result Norm     :    2.7647579718981848E-004
FlowSolve:  Relative Change :    4.5282611181057873E-004
ComputeChange: SS (ITER=47) (NRM,RELC): ( 0.27637565E-03 0.90550771E-04 ) :: navier-stokes
SolveEquations: -------------------------------------
SolveEquations:  Coupled system iteration:           48
SolveEquations: -------------------------------------
HeatSolver: ------------------------------------------------
HeatSolver: Solving energy equation for temperature
HeatSolver: Heat solver iteration: 1
IterSolver: "Linear System GCR Restart" not given, setting it to 200
ComputeChange: NS (ITER=1) (NRM,RELC): (  294.97243     0.57615458E-09 ) :: heat equation
ComputeChange: SS (ITER=48) (NRM,RELC): (  294.97243     0.11521639E-09 ) :: heat equation
FlowSolve: 
FlowSolve: 
FlowSolve: -------------------------------------
FlowSolve:  NAVIER-STOKES ITERATION           1
FlowSolve: -------------------------------------
FlowSolve: 
FlowSolve: Starting Assembly...
FlowSolve: Assembly:
FlowSolve: Assembly done
FlowSolve: Dirichlet conditions done
      10 0.7091E-10 0.7091E-10
BiCGStabl:       10 0.7091E-10 0.7091E-10
ComputeChange: NS (ITER=1) (NRM,RELC): ( 0.27648439E-03 0.39334042E-03 ) :: navier-stokes
FlowSolve: iter:    1 Assembly: (s)    0.01    0.01
FlowSolve: iter:    1 Solve:    (s)    0.01    0.01
FlowSolve:  Result Norm     :    2.7648438606431026E-004
FlowSolve:  Relative Change :    3.9334041760593876E-004
ComputeChange: SS (ITER=48) (NRM,RELC): ( 0.27639739E-03 0.78657600E-04 ) :: navier-stokes
SolveEquations: -------------------------------------
SolveEquations:  Coupled system iteration:           49
SolveEquations: -------------------------------------
HeatSolver: ------------------------------------------------
HeatSolver: Solving energy equation for temperature
HeatSolver: Heat solver iteration: 1
IterSolver: "Linear System GCR Restart" not given, setting it to 200
ComputeChange: NS (ITER=1) (NRM,RELC): (  294.97242     0.53497498E-08 ) :: heat equation
ComputeChange: SS (ITER=49) (NRM,RELC): (  294.97243     0.10699596E-08 ) :: heat equation
FlowSolve: 
FlowSolve: 
FlowSolve: -------------------------------------
FlowSolve:  NAVIER-STOKES ITERATION           1
FlowSolve: -------------------------------------
FlowSolve: 
FlowSolve: Starting Assembly...
FlowSolve: Assembly:
FlowSolve: Assembly done
FlowSolve: Dirichlet conditions done
      10 0.8218E-10 0.8218E-10
BiCGStabl:       10 0.8218E-10 0.8218E-10
ComputeChange: NS (ITER=1) (NRM,RELC): ( 0.27648801E-03 0.32777191E-03 ) :: navier-stokes
FlowSolve: iter:    1 Assembly: (s)    0.01    0.01
FlowSolve: iter:    1 Solve:    (s)    0.01    0.01
FlowSolve:  Result Norm     :    2.7648800501769961E-004
FlowSolve:  Relative Change :    3.2777191248303740E-004
ComputeChange: SS (ITER=49) (NRM,RELC): ( 0.27641551E-03 0.65547341E-04 ) :: navier-stokes
SolveEquations: -------------------------------------
SolveEquations:  Coupled system iteration:           50
SolveEquations: -------------------------------------
HeatSolver: ------------------------------------------------
HeatSolver: Solving energy equation for temperature
HeatSolver: Heat solver iteration: 1
IterSolver: "Linear System GCR Restart" not given, setting it to 200
ComputeChange: NS (ITER=1) (NRM,RELC): (  294.97242     0.78969924E-08 ) :: heat equation
ComputeChange: SS (ITER=50) (NRM,RELC): (  294.97243     0.15794085E-08 ) :: heat equation
FlowSolve: 
FlowSolve: 
FlowSolve: -------------------------------------
FlowSolve:  NAVIER-STOKES ITERATION           1
FlowSolve: -------------------------------------
FlowSolve: 
FlowSolve: Starting Assembly...
FlowSolve: Assembly:
FlowSolve: Assembly done
FlowSolve: Dirichlet conditions done
      10 0.5652E-10 0.5652E-10
BiCGStabl:       10 0.5652E-10 0.5652E-10
ComputeChange: NS (ITER=1) (NRM,RELC): ( 0.27648605E-03 0.25516164E-03 ) :: navier-stokes
FlowSolve: iter:    1 Assembly: (s)    0.01    0.01
FlowSolve: iter:    1 Solve:    (s)    0.01    0.01
FlowSolve:  Result Norm     :    2.7648605220777575E-004
FlowSolve:  Relative Change :    2.5516163759346403E-004
ComputeChange: SS (ITER=50) (NRM,RELC): ( 0.27642962E-03 0.51027890E-04 ) :: navier-stokes
SolveEquations: -------------------------------------
SolveEquations:  Coupled system iteration:           51
SolveEquations: -------------------------------------
HeatSolver: ------------------------------------------------
HeatSolver: Solving energy equation for temperature
HeatSolver: Heat solver iteration: 1
IterSolver: "Linear System GCR Restart" not given, setting it to 200
ComputeChange: NS (ITER=1) (NRM,RELC): (  294.97242     0.97202268E-08 ) :: heat equation
ComputeChange: SS (ITER=51) (NRM,RELC): (  294.97242     0.19440580E-08 ) :: heat equation
FlowSolve: 
FlowSolve: 
FlowSolve: -------------------------------------
FlowSolve:  NAVIER-STOKES ITERATION           1
FlowSolve: -------------------------------------
FlowSolve: 
FlowSolve: Starting Assembly...
FlowSolve: Assembly:
FlowSolve: Assembly done
FlowSolve: Dirichlet conditions done
BiCGStabl:       10 0.6388E-10 0.6388E-10
ComputeChange: NS (ITER=1) (NRM,RELC): ( 0.27648029E-03 0.18328543E-03 ) :: navier-stokes
FlowSolve: iter:    1 Assembly: (s)    0.01    0.01
FlowSolve: iter:    1 Solve:    (s)    0.01    0.01
FlowSolve:  Result Norm     :    2.7648028799924930E-004
FlowSolve:  Relative Change :    1.8328543271354180E-004
ComputeChange: SS (ITER=51) (NRM,RELC): ( 0.27643975E-03 0.36654481E-04 ) :: navier-stokes
SolveEquations: -------------------------------------
SolveEquations:  Coupled system iteration:           52
SolveEquations: -------------------------------------
HeatSolver: ------------------------------------------------
HeatSolver: Solving energy equation for temperature
HeatSolver: Heat solver iteration: 1
IterSolver: "Linear System GCR Restart" not given, setting it to 200
ComputeChange: NS (ITER=1) (NRM,RELC): (  294.97242     0.10148119E-07 ) :: heat equation
ComputeChange: SS (ITER=52) (NRM,RELC): (  294.97242     0.20296358E-08 ) :: heat equation
FlowSolve: 
FlowSolve: 
FlowSolve: -------------------------------------
FlowSolve:  NAVIER-STOKES ITERATION           1
FlowSolve: -------------------------------------
FlowSolve: 
FlowSolve: Starting Assembly...
FlowSolve: Assembly:
FlowSolve: Assembly done
FlowSolve: Dirichlet conditions done
BiCGStabl:       10 0.9194E-10 0.9194E-10
ComputeChange: NS (ITER=1) (NRM,RELC): ( 0.27647295E-03 0.12010231E-03 ) :: navier-stokes
FlowSolve: iter:    1 Assembly: (s)    0.01    0.01
FlowSolve: iter:    1 Solve:    (s)    0.00    0.00
FlowSolve:  Result Norm     :    2.7647295345035918E-004
FlowSolve:  Relative Change :    1.2010231128966238E-004
ComputeChange: SS (ITER=52) (NRM,RELC): ( 0.27644639E-03 0.24019051E-04 ) :: navier-stokes
SolveEquations: -------------------------------------
SolveEquations:  Coupled system iteration:           53
SolveEquations: -------------------------------------
HeatSolver: ------------------------------------------------
HeatSolver: Solving energy equation for temperature
HeatSolver: Heat solver iteration: 1
IterSolver: "Linear System GCR Restart" not given, setting it to 200
ComputeChange: NS (ITER=1) (NRM,RELC): (  294.97242     0.10639038E-07 ) :: heat equation
ComputeChange: SS (ITER=53) (NRM,RELC): (  294.97242     0.21278196E-08 ) :: heat equation
FlowSolve: 
FlowSolve: 
FlowSolve: -------------------------------------
FlowSolve:  NAVIER-STOKES ITERATION           1
FlowSolve: -------------------------------------
FlowSolve: 
FlowSolve: Starting Assembly...
FlowSolve: Assembly:
FlowSolve: Assembly done
FlowSolve: Dirichlet conditions done
BiCGStabl:       10 0.3596E-10 0.3596E-10
ComputeChange: NS (ITER=1) (NRM,RELC): ( 0.27646445E-03 0.65342032E-04 ) :: navier-stokes
FlowSolve: iter:    1 Assembly: (s)    0.01    0.01
FlowSolve: iter:    1 Solve:    (s)    0.01    0.01
FlowSolve:  Result Norm     :    2.7646445446277110E-004
FlowSolve:  Relative Change :    6.5342031525114291E-005
ComputeChange: SS (ITER=53) (NRM,RELC): ( 0.27645000E-03 0.13067676E-04 ) :: navier-stokes
SolveEquations: -------------------------------------
SolveEquations:  Coupled system iteration:           54
SolveEquations: -------------------------------------
HeatSolver: ------------------------------------------------
HeatSolver: Solving energy equation for temperature
HeatSolver: Heat solver iteration: 1
IterSolver: "Linear System GCR Restart" not given, setting it to 200
ComputeChange: NS (ITER=1) (NRM,RELC): (  294.97242     0.10804352E-07 ) :: heat equation
ComputeChange: SS (ITER=54) (NRM,RELC): (  294.97242     0.21608795E-08 ) :: heat equation
FlowSolve: 
FlowSolve: 
FlowSolve: -------------------------------------
FlowSolve:  NAVIER-STOKES ITERATION           1
FlowSolve: -------------------------------------
FlowSolve: 
FlowSolve: Starting Assembly...
FlowSolve: Assembly:
FlowSolve: Assembly done
FlowSolve: Dirichlet conditions done
BiCGStabl:       10 0.4907E-10 0.4907E-10
ComputeChange: NS (ITER=1) (NRM,RELC): ( 0.27645557E-03 0.20121594E-04 ) :: navier-stokes
FlowSolve: iter:    1 Assembly: (s)    0.01    0.01
FlowSolve: iter:    1 Solve:    (s)    0.01    0.01
FlowSolve:  Result Norm     :    2.7645556550988468E-004
FlowSolve:  Relative Change :    2.0121593807688638E-005
ComputeChange: SS (ITER=54) (NRM,RELC): ( 0.27645112E-03 0.40239187E-05 ) :: navier-stokes
SolveEquations: -------------------------------------
SolveEquations:  Coupled system iteration:           55
SolveEquations: -------------------------------------
HeatSolver: ------------------------------------------------
HeatSolver: Solving energy equation for temperature
HeatSolver: Heat solver iteration: 1
IterSolver: "Linear System GCR Restart" not given, setting it to 200
ComputeChange: NS (ITER=1) (NRM,RELC): (  294.97242     0.11133760E-07 ) :: heat equation
ComputeChange: SS (ITER=55) (NRM,RELC): (  294.97242     0.22267593E-08 ) :: heat equation
FlowSolve: 
FlowSolve: 
FlowSolve: -------------------------------------
FlowSolve:  NAVIER-STOKES ITERATION           1
FlowSolve: -------------------------------------
FlowSolve: 
FlowSolve: Starting Assembly...
FlowSolve: Assembly:
FlowSolve: Assembly done
FlowSolve: Dirichlet conditions done
BiCGStabl:       10 0.4839E-10 0.4839E-10
ComputeChange: NS (ITER=1) (NRM,RELC): ( 0.27644615E-03 0.17964173E-04 ) :: navier-stokes
FlowSolve: iter:    1 Assembly: (s)    0.01    0.01
FlowSolve: iter:    1 Solve:    (s)    0.01    0.01
FlowSolve:  Result Norm     :    2.7644614908287036E-004
FlowSolve:  Relative Change :    1.7964172633441948E-005
ComputeChange: SS (ITER=55) (NRM,RELC): ( 0.27645012E-03 0.35931052E-05 ) :: navier-stokes
SolveEquations: -------------------------------------
SolveEquations:  Coupled system iteration:           56
SolveEquations: -------------------------------------
HeatSolver: ------------------------------------------------
HeatSolver: Solving energy equation for temperature
HeatSolver: Heat solver iteration: 1
IterSolver: "Linear System GCR Restart" not given, setting it to 200
ComputeChange: NS (ITER=1) (NRM,RELC): (  294.97242     0.10583486E-07 ) :: heat equation
ComputeChange: SS (ITER=56) (NRM,RELC): (  294.97242     0.21167036E-08 ) :: heat equation
FlowSolve: 
FlowSolve: 
FlowSolve: -------------------------------------
FlowSolve:  NAVIER-STOKES ITERATION           1
FlowSolve: -------------------------------------
FlowSolve: 
FlowSolve: Starting Assembly...
FlowSolve: Assembly:
FlowSolve: Assembly done
FlowSolve: Dirichlet conditions done
BiCGStabl:        9 0.5953E-10 0.5953E-10
ComputeChange: NS (ITER=1) (NRM,RELC): ( 0.27643757E-03 0.45417248E-04 ) :: navier-stokes
FlowSolve: iter:    1 Assembly: (s)    0.01    0.01
FlowSolve: iter:    1 Solve:    (s)    0.00    0.00
FlowSolve:  Result Norm     :    2.7643756661915934E-004
FlowSolve:  Relative Change :    4.5417247530911189E-005
ComputeChange: SS (ITER=56) (NRM,RELC): ( 0.27644761E-03 0.90836899E-05 ) :: navier-stokes
SolveEquations: -------------------------------------
SolveEquations:  Coupled system iteration:           57
SolveEquations: -------------------------------------
HeatSolver: ------------------------------------------------
HeatSolver: Solving energy equation for temperature
HeatSolver: Heat solver iteration: 1
IterSolver: "Linear System GCR Restart" not given, setting it to 200
ComputeChange: NS (ITER=1) (NRM,RELC): (  294.97242     0.98498043E-08 ) :: heat equation
ComputeChange: SS (ITER=57) (NRM,RELC): (  294.97242     0.19699641E-08 ) :: heat equation
FlowSolve: 
FlowSolve: 
FlowSolve: -------------------------------------
FlowSolve:  NAVIER-STOKES ITERATION           1
FlowSolve: -------------------------------------
FlowSolve: 
FlowSolve: Starting Assembly...
FlowSolve: Assembly:
FlowSolve: Assembly done
FlowSolve: Dirichlet conditions done
BiCGStabl:       10 0.4382E-10 0.4382E-10
ComputeChange: NS (ITER=1) (NRM,RELC): ( 0.27643013E-03 0.63225884E-04 ) :: navier-stokes
FlowSolve: iter:    1 Assembly: (s)    0.01    0.01
FlowSolve: iter:    1 Solve:    (s)    0.01    0.01
FlowSolve:  Result Norm     :    2.7643013266971862E-004
FlowSolve:  Relative Change :    6.3225884441344318E-005
ComputeChange: SS (ITER=57) (NRM,RELC): ( 0.27644411E-03 0.12645421E-04 ) :: navier-stokes
SolveEquations: -------------------------------------
SolveEquations:  Coupled system iteration:           58
SolveEquations: -------------------------------------
HeatSolver: ------------------------------------------------
HeatSolver: Solving energy equation for temperature
HeatSolver: Heat solver iteration: 1
IterSolver: "Linear System GCR Restart" not given, setting it to 200
ComputeChange: NS (ITER=1) (NRM,RELC): (  294.97242     0.88355441E-08 ) :: heat equation
ComputeChange: SS (ITER=58) (NRM,RELC): (  294.97242     0.17671111E-08 ) :: heat equation
FlowSolve: 
FlowSolve: 
FlowSolve: -------------------------------------
FlowSolve:  NAVIER-STOKES ITERATION           1
FlowSolve: -------------------------------------
FlowSolve: 
FlowSolve: Starting Assembly...
FlowSolve: Assembly:
FlowSolve: Assembly done
FlowSolve: Dirichlet conditions done
BiCGStabl:       10 0.1459E-10 0.1459E-10
ComputeChange: NS (ITER=1) (NRM,RELC): ( 0.27642368E-03 0.73936162E-04 ) :: navier-stokes
FlowSolve: iter:    1 Assembly: (s)    0.01    0.01
FlowSolve: iter:    1 Solve:    (s)    0.00    0.00
FlowSolve:  Result Norm     :    2.7642367652628278E-004
FlowSolve:  Relative Change :    7.3936161523360298E-005
ComputeChange: SS (ITER=58) (NRM,RELC): ( 0.27644003E-03 0.14787468E-04 ) :: navier-stokes
SolveEquations: -------------------------------------
SolveEquations:  Coupled system iteration:           59
SolveEquations: -------------------------------------
HeatSolver: ------------------------------------------------
HeatSolver: Solving energy equation for temperature
HeatSolver: Heat solver iteration: 1
IterSolver: "Linear System GCR Restart" not given, setting it to 200
ComputeChange: NS (ITER=1) (NRM,RELC): (  294.97242     0.72241664E-08 ) :: heat equation
ComputeChange: SS (ITER=59) (NRM,RELC): (  294.97242     0.14448337E-08 ) :: heat equation
FlowSolve: 
FlowSolve: 
FlowSolve: -------------------------------------
FlowSolve:  NAVIER-STOKES ITERATION           1
FlowSolve: -------------------------------------
FlowSolve: 
FlowSolve: Starting Assembly...
FlowSolve: Assembly:
FlowSolve: Assembly done
FlowSolve: Dirichlet conditions done
BiCGStabl:       10 0.6865E-11 0.6865E-11
ComputeChange: NS (ITER=1) (NRM,RELC): ( 0.27641857E-03 0.77625951E-04 ) :: navier-stokes
FlowSolve: iter:    1 Assembly: (s)    0.01    0.01
FlowSolve: iter:    1 Solve:    (s)    0.01    0.01
FlowSolve:  Result Norm     :    2.7641856902199983E-004
FlowSolve:  Relative Change :    7.7625950671779393E-005
ComputeChange: SS (ITER=59) (NRM,RELC): ( 0.27643574E-03 0.15525405E-04 ) :: navier-stokes
SolveEquations: -------------------------------------
SolveEquations:  Coupled system iteration:           60
SolveEquations: -------------------------------------
HeatSolver: ------------------------------------------------
HeatSolver: Solving energy equation for temperature
HeatSolver: Heat solver iteration: 1
IterSolver: "Linear System GCR Restart" not given, setting it to 200
ComputeChange: NS (ITER=1) (NRM,RELC): (  294.97242     0.64424448E-08 ) :: heat equation
ComputeChange: SS (ITER=60) (NRM,RELC): (  294.97242     0.12884900E-08 ) :: heat equation
FlowSolve: 
FlowSolve: 
FlowSolve: -------------------------------------
FlowSolve:  NAVIER-STOKES ITERATION           1
FlowSolve: -------------------------------------
FlowSolve: 
FlowSolve: Starting Assembly...
FlowSolve: Assembly:
FlowSolve: Assembly done
FlowSolve: Dirichlet conditions done
BiCGStabl:       10 0.1070E-10 0.1070E-10
ComputeChange: NS (ITER=1) (NRM,RELC): ( 0.27641504E-03 0.74876777E-04 ) :: navier-stokes
FlowSolve: iter:    1 Assembly: (s)    0.01    0.01
FlowSolve: iter:    1 Solve:    (s)    0.01    0.01
FlowSolve:  Result Norm     :    2.7641503745688554E-004
FlowSolve:  Relative Change :    7.4876777493185968E-005
ComputeChange: SS (ITER=60) (NRM,RELC): ( 0.27643160E-03 0.14975544E-04 ) :: navier-stokes
SolveEquations: -------------------------------------
SolveEquations:  Coupled system iteration:           61
SolveEquations: -------------------------------------
HeatSolver: ------------------------------------------------
HeatSolver: Solving energy equation for temperature
HeatSolver: Heat solver iteration: 1
IterSolver: "Linear System GCR Restart" not given, setting it to 200
ComputeChange: NS (ITER=1) (NRM,RELC): (  294.97242     0.43565337E-08 ) :: heat equation
ComputeChange: SS (ITER=61) (NRM,RELC): (  294.97242     0.87130705E-09 ) :: heat equation
FlowSolve: 
FlowSolve: 
FlowSolve: -------------------------------------
FlowSolve:  NAVIER-STOKES ITERATION           1
FlowSolve: -------------------------------------
FlowSolve: 
FlowSolve: Starting Assembly...
FlowSolve: Assembly:
FlowSolve: Assembly done
FlowSolve: Dirichlet conditions done
BiCGStabl:       10 0.1832E-10 0.1832E-10
ComputeChange: NS (ITER=1) (NRM,RELC): ( 0.27641297E-03 0.67379364E-04 ) :: navier-stokes
FlowSolve: iter:    1 Assembly: (s)    0.01    0.01
FlowSolve: iter:    1 Solve:    (s)    0.01    0.01
FlowSolve:  Result Norm     :    2.7641297039688879E-004
FlowSolve:  Relative Change :    6.7379364422877799E-005
ComputeChange: SS (ITER=61) (NRM,RELC): ( 0.27642787E-03 0.13476030E-04 ) :: navier-stokes
SolveEquations: -------------------------------------
SolveEquations:  Coupled system iteration:           62
SolveEquations: -------------------------------------
HeatSolver: ------------------------------------------------
HeatSolver: Solving energy equation for temperature
HeatSolver: Heat solver iteration: 1
IterSolver: "Linear System GCR Restart" not given, setting it to 200
ComputeChange: NS (ITER=1) (NRM,RELC): (  294.97242     0.39123462E-08 ) :: heat equation
ComputeChange: SS (ITER=62) (NRM,RELC): (  294.97242     0.78246925E-09 ) :: heat equation
FlowSolve: 
FlowSolve: 
FlowSolve: -------------------------------------
FlowSolve:  NAVIER-STOKES ITERATION           1
FlowSolve: -------------------------------------
FlowSolve: 
FlowSolve: Starting Assembly...
FlowSolve: Assembly:
FlowSolve: Assembly done
FlowSolve: Dirichlet conditions done
BiCGStabl:       10 0.1582E-10 0.1582E-10
ComputeChange: NS (ITER=1) (NRM,RELC): ( 0.27641202E-03 0.57353795E-04 ) :: navier-stokes
FlowSolve: iter:    1 Assembly: (s)    0.01    0.01
FlowSolve: iter:    1 Solve:    (s)    0.01    0.01
FlowSolve:  Result Norm     :    2.7641201664639132E-004
FlowSolve:  Relative Change :    5.7353795412691487E-005
ComputeChange: SS (ITER=62) (NRM,RELC): ( 0.27642470E-03 0.11470883E-04 ) :: navier-stokes
SolveEquations: -------------------------------------
SolveEquations:  Coupled system iteration:           63
SolveEquations: -------------------------------------
HeatSolver: ------------------------------------------------
HeatSolver: Solving energy equation for temperature
HeatSolver: Heat solver iteration: 1
IterSolver: "Linear System GCR Restart" not given, setting it to 200
ComputeChange: NS (ITER=1) (NRM,RELC): (  294.97242     0.35173447E-08 ) :: heat equation
ComputeChange: SS (ITER=63) (NRM,RELC): (  294.97242     0.70346839E-09 ) :: heat equation
FlowSolve: 
FlowSolve: 
FlowSolve: -------------------------------------
FlowSolve:  NAVIER-STOKES ITERATION           1
FlowSolve: -------------------------------------
FlowSolve: 
FlowSolve: Starting Assembly...
FlowSolve: Assembly:
FlowSolve: Assembly done
FlowSolve: Dirichlet conditions done
BiCGStabl:        9 0.8795E-10 0.8795E-10
ComputeChange: NS (ITER=1) (NRM,RELC): ( 0.27641190E-03 0.46312101E-04 ) :: navier-stokes
FlowSolve: iter:    1 Assembly: (s)    0.01    0.01
FlowSolve: iter:    1 Solve:    (s)    0.00    0.00
FlowSolve:  Result Norm     :    2.7641189801342079E-004
FlowSolve:  Relative Change :    4.6312101412352054E-005
ComputeChange: SS (ITER=63) (NRM,RELC): ( 0.27642214E-03 0.92625133E-05 ) :: navier-stokes
SolveEquations: -------------------------------------
SolveEquations:  Coupled system iteration:           64
SolveEquations: -------------------------------------
HeatSolver: ------------------------------------------------
HeatSolver: Solving energy equation for temperature
HeatSolver: Heat solver iteration: 1
IterSolver: "Linear System GCR Restart" not given, setting it to 200
ComputeChange: NS (ITER=1) (NRM,RELC): (  294.97242     0.32107155E-08 ) :: heat equation
ComputeChange: SS (ITER=64) (NRM,RELC): (  294.97242     0.64214345E-09 ) :: heat equation
FlowSolve: 
FlowSolve: 
FlowSolve: -------------------------------------
FlowSolve:  NAVIER-STOKES ITERATION           1
FlowSolve: -------------------------------------
FlowSolve: 
FlowSolve: Starting Assembly...
FlowSolve: Assembly:
FlowSolve: Assembly done
FlowSolve: Dirichlet conditions done
BiCGStabl:        9 0.4071E-10 0.4071E-10
ComputeChange: NS (ITER=1) (NRM,RELC): ( 0.27641240E-03 0.35220558E-04 ) :: navier-stokes
FlowSolve: iter:    1 Assembly: (s)    0.01    0.01
FlowSolve: iter:    1 Solve:    (s)    0.00    0.00
FlowSolve:  Result Norm     :    2.7641240357959544E-004
FlowSolve:  Relative Change :    3.5220557928278642E-005
ComputeChange: SS (ITER=64) (NRM,RELC): ( 0.27642019E-03 0.70441782E-05 ) :: navier-stokes
SolveEquations: -------------------------------------
SolveEquations:  Coupled system iteration:           65
SolveEquations: -------------------------------------
HeatSolver: ------------------------------------------------
HeatSolver: Solving energy equation for temperature
HeatSolver: Heat solver iteration: 1
IterSolver: "Linear System GCR Restart" not given, setting it to 200
ComputeChange: NS (ITER=1) (NRM,RELC): (  294.97242     0.28949530E-08 ) :: heat equation
ComputeChange: SS (ITER=65) (NRM,RELC): (  294.97242     0.57899087E-09 ) :: heat equation
FlowSolve: 
FlowSolve: 
FlowSolve: -------------------------------------
FlowSolve:  NAVIER-STOKES ITERATION           1
FlowSolve: -------------------------------------
FlowSolve: 
FlowSolve: Starting Assembly...
FlowSolve: Assembly:
FlowSolve: Assembly done
FlowSolve: Dirichlet conditions done
BiCGStabl:        9 0.1705E-10 0.1705E-10
ComputeChange: NS (ITER=1) (NRM,RELC): ( 0.27641334E-03 0.24788510E-04 ) :: navier-stokes
FlowSolve: iter:    1 Assembly: (s)    0.01    0.01
FlowSolve: iter:    1 Solve:    (s)    0.00    0.00
FlowSolve:  Result Norm     :    2.7641334003041218E-004
FlowSolve:  Relative Change :    2.4788509939540685E-005
ComputeChange: SS (ITER=65) (NRM,RELC): ( 0.27641882E-03 0.49577476E-05 ) :: navier-stokes
SolveEquations: -------------------------------------
SolveEquations:  Coupled system iteration:           66
SolveEquations: -------------------------------------
HeatSolver: ------------------------------------------------
HeatSolver: Solving energy equation for temperature
HeatSolver: Heat solver iteration: 1
IterSolver: "Linear System GCR Restart" not given, setting it to 200
ComputeChange: NS (ITER=1) (NRM,RELC): (  294.97242     0.27106594E-08 ) :: heat equation
ComputeChange: SS (ITER=66) (NRM,RELC): (  294.97242     0.54213188E-09 ) :: heat equation
FlowSolve: 
FlowSolve: 
FlowSolve: -------------------------------------
FlowSolve:  NAVIER-STOKES ITERATION           1
FlowSolve: -------------------------------------
FlowSolve: 
FlowSolve: Starting Assembly...
FlowSolve: Assembly:
FlowSolve: Assembly done
FlowSolve: Dirichlet conditions done
BiCGStabl:        8 0.9146E-10 0.9146E-10
ComputeChange: NS (ITER=1) (NRM,RELC): ( 0.27641442E-03 0.15908204E-04 ) :: navier-stokes
FlowSolve: iter:    1 Assembly: (s)    0.01    0.01
FlowSolve: iter:    1 Solve:    (s)    0.00    0.00
FlowSolve:  Result Norm     :    2.7641442427991995E-004
FlowSolve:  Relative Change :    1.5908204237858993E-005
ComputeChange: SS (ITER=66) (NRM,RELC): ( 0.27641794E-03 0.31816698E-05 ) :: navier-stokes
SolveEquations: -------------------------------------
SolveEquations:  Coupled system iteration:           67
SolveEquations: -------------------------------------
HeatSolver: ------------------------------------------------
HeatSolver: Solving energy equation for temperature
HeatSolver: Heat solver iteration: 1
IterSolver: "Linear System GCR Restart" not given, setting it to 200
ComputeChange: NS (ITER=1) (NRM,RELC): (  294.97242     0.21596709E-08 ) :: heat equation
ComputeChange: SS (ITER=67) (NRM,RELC): (  294.97242     0.43193360E-09 ) :: heat equation
FlowSolve: 
FlowSolve: 
FlowSolve: -------------------------------------
FlowSolve:  NAVIER-STOKES ITERATION           1
FlowSolve: -------------------------------------
FlowSolve: 
FlowSolve: Starting Assembly...
FlowSolve: Assembly:
FlowSolve: Assembly done
FlowSolve: Dirichlet conditions done
BiCGStabl:        9 0.8411E-10 0.8411E-10
ComputeChange: NS (ITER=1) (NRM,RELC): ( 0.27641562E-03 0.83904921E-05 ) :: navier-stokes
FlowSolve: iter:    1 Assembly: (s)    0.01    0.01
FlowSolve: iter:    1 Solve:    (s)    0.00    0.00
FlowSolve:  Result Norm     :    2.7641562282717765E-004
FlowSolve:  Relative Change :    8.3904920785933752E-006
ComputeChange: SS (ITER=67) (NRM,RELC): ( 0.27641748E-03 0.16781169E-05 ) :: navier-stokes
SolveEquations: -------------------------------------
SolveEquations:  Coupled system iteration:           68
SolveEquations: -------------------------------------
HeatSolver: ------------------------------------------------
HeatSolver: Solving energy equation for temperature
HeatSolver: Heat solver iteration: 1
IterSolver: "Linear System GCR Restart" not given, setting it to 200
ComputeChange: NS (ITER=1) (NRM,RELC): (  294.97242     0.18085286E-08 ) :: heat equation
ComputeChange: SS (ITER=68) (NRM,RELC): (  294.97242     0.36170633E-09 ) :: heat equation
FlowSolve: 
FlowSolve: 
FlowSolve: -------------------------------------
FlowSolve:  NAVIER-STOKES ITERATION           1
FlowSolve: -------------------------------------
FlowSolve: 
FlowSolve: Starting Assembly...
FlowSolve: Assembly:
FlowSolve: Assembly done
FlowSolve: Dirichlet conditions done
BiCGStabl:        9 0.1783E-10 0.1783E-10
ComputeChange: NS (ITER=1) (NRM,RELC): ( 0.27641676E-03 0.25991987E-05 ) :: navier-stokes
FlowSolve: iter:    1 Assembly: (s)    0.01    0.01
FlowSolve: iter:    1 Solve:    (s)    0.00    0.00
FlowSolve:  Result Norm     :    2.7641675977576740E-004
FlowSolve:  Relative Change :    2.5991986539882330E-006
ComputeChange: SS (ITER=68) (NRM,RELC): ( 0.27641733E-03 0.51985166E-06 ) :: navier-stokes
SolveEquations: -------------------------------------
SolveEquations:  Coupled system iteration:           69
SolveEquations: -------------------------------------
HeatSolver: ------------------------------------------------
HeatSolver: Solving energy equation for temperature
HeatSolver: Heat solver iteration: 1
IterSolver: "Linear System GCR Restart" not given, setting it to 200
ComputeChange: NS (ITER=1) (NRM,RELC): (  294.97242     0.14886142E-08 ) :: heat equation
ComputeChange: SS (ITER=69) (NRM,RELC): (  294.97242     0.29772337E-09 ) :: heat equation
FlowSolve: 
FlowSolve: 
FlowSolve: -------------------------------------
FlowSolve:  NAVIER-STOKES ITERATION           1
FlowSolve: -------------------------------------
FlowSolve: 
FlowSolve: Starting Assembly...
FlowSolve: Assembly:
FlowSolve: Assembly done
FlowSolve: Dirichlet conditions done
BiCGStabl:        9 0.2982E-10 0.2982E-10
ComputeChange: NS (ITER=1) (NRM,RELC): ( 0.27641774E-03 0.14672861E-05 ) :: navier-stokes
FlowSolve: iter:    1 Assembly: (s)    0.01    0.01
FlowSolve: iter:    1 Solve:    (s)    0.00    0.00
FlowSolve:  Result Norm     :    2.7641774012633489E-004
FlowSolve:  Relative Change :    1.4672861005497641E-006
ComputeChange: SS (ITER=69) (NRM,RELC): ( 0.27641742E-03 0.29344904E-06 ) :: navier-stokes
SolveEquations: -------------------------------------
SolveEquations:  Coupled system iteration:           70
SolveEquations: -------------------------------------
HeatSolver: ------------------------------------------------
HeatSolver: Solving energy equation for temperature
HeatSolver: Heat solver iteration: 1
IterSolver: "Linear System GCR Restart" not given, setting it to 200
ComputeChange: NS (ITER=1) (NRM,RELC): (  294.97242     0.12109461E-08 ) :: heat equation
ComputeChange: SS (ITER=70) (NRM,RELC): (  294.97242     0.24218910E-09 ) :: heat equation
FlowSolve: 
FlowSolve: 
FlowSolve: -------------------------------------
FlowSolve:  NAVIER-STOKES ITERATION           1
FlowSolve: -------------------------------------
FlowSolve: 
FlowSolve: Starting Assembly...
FlowSolve: Assembly:
FlowSolve: Assembly done
FlowSolve: Dirichlet conditions done
BiCGStabl:        9 0.9534E-10 0.9534E-10
ComputeChange: NS (ITER=1) (NRM,RELC): ( 0.27641851E-03 0.39595341E-05 ) :: navier-stokes
FlowSolve: iter:    1 Assembly: (s)    0.01    0.01
FlowSolve: iter:    1 Solve:    (s)    0.00    0.00
FlowSolve:  Result Norm     :    2.7641851014347516E-004
FlowSolve:  Relative Change :    3.9595340588523570E-006
ComputeChange: SS (ITER=70) (NRM,RELC): ( 0.27641763E-03 0.79190055E-06 ) :: navier-stokes
SolveEquations: -------------------------------------
SolveEquations:  Coupled system iteration:           71
SolveEquations: -------------------------------------
HeatSolver: ------------------------------------------------
HeatSolver: Solving energy equation for temperature
HeatSolver: Heat solver iteration: 1
IterSolver: "Linear System GCR Restart" not given, setting it to 200
ComputeChange: NS (ITER=1) (NRM,RELC): (  294.97242     0.70448454E-09 ) :: heat equation
ComputeChange: SS (ITER=71) (NRM,RELC): (  294.97242     0.14089641E-09 ) :: heat equation
FlowSolve: 
FlowSolve: 
FlowSolve: -------------------------------------
FlowSolve:  NAVIER-STOKES ITERATION           1
FlowSolve: -------------------------------------
FlowSolve: 
FlowSolve: Starting Assembly...
FlowSolve: Assembly:
FlowSolve: Assembly done
FlowSolve: Dirichlet conditions done
BiCGStabl:        9 0.7095E-10 0.7095E-10
ComputeChange: NS (ITER=1) (NRM,RELC): ( 0.27641906E-03 0.51413085E-05 ) :: navier-stokes
FlowSolve: iter:    1 Assembly: (s)    0.01    0.01
FlowSolve: iter:    1 Solve:    (s)    0.00    0.00
FlowSolve:  Result Norm     :    2.7641905570431483E-004
FlowSolve:  Relative Change :    5.1413085063246495E-006
ComputeChange: SS (ITER=71) (NRM,RELC): ( 0.27641792E-03 0.10282563E-05 ) :: navier-stokes
SolveEquations: -------------------------------------
SolveEquations:  Coupled system iteration:           72
SolveEquations: -------------------------------------
HeatSolver: ------------------------------------------------
HeatSolver: Solving energy equation for temperature
HeatSolver: Heat solver iteration: 1
IterSolver: "Linear System GCR Restart" not given, setting it to 200
ComputeChange: NS (ITER=1) (NRM,RELC): (  294.97242     0.57236809E-09 ) :: heat equation
ComputeChange: SS (ITER=72) (NRM,RELC): (  294.97242     0.11447350E-09 ) :: heat equation
FlowSolve: 
FlowSolve: 
FlowSolve: -------------------------------------
FlowSolve:  NAVIER-STOKES ITERATION           1
FlowSolve: -------------------------------------
FlowSolve: 
FlowSolve: Starting Assembly...
FlowSolve: Assembly:
FlowSolve: Assembly done
FlowSolve: Dirichlet conditions done
BiCGStabl:        9 0.5610E-10 0.5610E-10
ComputeChange: NS (ITER=1) (NRM,RELC): ( 0.27641948E-03 0.56430022E-05 ) :: navier-stokes
FlowSolve: iter:    1 Assembly: (s)    0.01    0.01
FlowSolve: iter:    1 Solve:    (s)    0.00    0.00
FlowSolve:  Result Norm     :    2.7641947861195890E-004
FlowSolve:  Relative Change :    5.6430021929539771E-006
ComputeChange: SS (ITER=72) (NRM,RELC): ( 0.27641823E-03 0.11285957E-05 ) :: navier-stokes
SolveEquations: -------------------------------------
SolveEquations:  Coupled system iteration:           73
SolveEquations: -------------------------------------
HeatSolver: ------------------------------------------------
HeatSolver: Solving energy equation for temperature
HeatSolver: Heat solver iteration: 1
IterSolver: "Linear System GCR Restart" not given, setting it to 200
ComputeChange: NS (ITER=1) (NRM,RELC): (  294.97242     0.45143137E-09 ) :: heat equation
ComputeChange: SS (ITER=73) (NRM,RELC): (  294.97242     0.90286196E-10 ) :: heat equation
FlowSolve: 
FlowSolve: 
FlowSolve: -------------------------------------
FlowSolve:  NAVIER-STOKES ITERATION           1
FlowSolve: -------------------------------------
FlowSolve: 
FlowSolve: Starting Assembly...
FlowSolve: Assembly:
FlowSolve: Assembly done
FlowSolve: Dirichlet conditions done
BiCGStabl:        9 0.4967E-10 0.4967E-10
ComputeChange: NS (ITER=1) (NRM,RELC): ( 0.27641977E-03 0.55704994E-05 ) :: navier-stokes
FlowSolve: iter:    1 Assembly: (s)    0.01    0.01
FlowSolve: iter:    1 Solve:    (s)    0.00    0.00
FlowSolve:  Result Norm     :    2.7641977053674164E-004
FlowSolve:  Relative Change :    5.5704993596351944E-006
ComputeChange: SS (ITER=73) (NRM,RELC): ( 0.27641854E-03 0.11140957E-05 ) :: navier-stokes
SolveEquations: -------------------------------------
SolveEquations:  Coupled system iteration:           74
SolveEquations: -------------------------------------
HeatSolver: ------------------------------------------------
HeatSolver: Solving energy equation for temperature
HeatSolver: Heat solver iteration: 1
IterSolver: "Linear System GCR Restart" not given, setting it to 200
ComputeChange: NS (ITER=1) (NRM,RELC): (  294.97242     0.34605771E-09 ) :: heat equation
ComputeChange: SS (ITER=74) (NRM,RELC): (  294.97242     0.69211696E-10 ) :: heat equation
FlowSolve: 
FlowSolve: 
FlowSolve: -------------------------------------
FlowSolve:  NAVIER-STOKES ITERATION           1
FlowSolve: -------------------------------------
FlowSolve: 
FlowSolve: Starting Assembly...
FlowSolve: Assembly:
FlowSolve: Assembly done
FlowSolve: Dirichlet conditions done
BiCGStabl:        9 0.4551E-10 0.4551E-10
ComputeChange: NS (ITER=1) (NRM,RELC): ( 0.27641994E-03 0.50523539E-05 ) :: navier-stokes
FlowSolve: iter:    1 Assembly: (s)    0.01    0.01
FlowSolve: iter:    1 Solve:    (s)    0.00    0.00
FlowSolve:  Result Norm     :    2.7641993526921475E-004
FlowSolve:  Relative Change :    5.0523538749013585E-006
ComputeChange: SS (ITER=74) (NRM,RELC): ( 0.27641882E-03 0.10104672E-05 ) :: navier-stokes
SolveEquations: -------------------------------------
SolveEquations:  Coupled system iteration:           75
SolveEquations: -------------------------------------
HeatSolver: ------------------------------------------------
HeatSolver: Solving energy equation for temperature
HeatSolver: Heat solver iteration: 1
IterSolver: "Linear System GCR Restart" not given, setting it to 200
ComputeChange: NS (ITER=1) (NRM,RELC): (  294.97242     0.25884712E-09 ) :: heat equation
ComputeChange: SS (ITER=75) (NRM,RELC): (  294.97242     0.51769155E-10 ) :: heat equation
FlowSolve: 
FlowSolve: 
FlowSolve: -------------------------------------
FlowSolve:  NAVIER-STOKES ITERATION           1
FlowSolve: -------------------------------------
FlowSolve: 
FlowSolve: Starting Assembly...
FlowSolve: Assembly:
FlowSolve: Assembly done
FlowSolve: Dirichlet conditions done
BiCGStabl:        9 0.3362E-10 0.3362E-10
ComputeChange: NS (ITER=1) (NRM,RELC): ( 0.27641999E-03 0.42234255E-05 ) :: navier-stokes
FlowSolve: iter:    1 Assembly: (s)    0.01    0.01
FlowSolve: iter:    1 Solve:    (s)    0.00    0.00
FlowSolve:  Result Norm     :    2.7641998545017765E-004
FlowSolve:  Relative Change :    4.2234255086450942E-006
ComputeChange: SS (ITER=75) (NRM,RELC): ( 0.27641905E-03 0.84468214E-06 ) :: navier-stokes
SolveEquations: -------------------------------------
SolveEquations:  Coupled system iteration:           76
SolveEquations: -------------------------------------
HeatSolver: ------------------------------------------------
HeatSolver: Solving energy equation for temperature
HeatSolver: Heat solver iteration: 1
IterSolver: "Linear System GCR Restart" not given, setting it to 200
ComputeChange: NS (ITER=1) (NRM,RELC): (  294.97242      0.0000000     ) :: heat equation
ComputeChange: SS (ITER=76) (NRM,RELC): (  294.97242      0.0000000     ) :: heat equation
FlowSolve: 
FlowSolve: 
FlowSolve: -------------------------------------
FlowSolve:  NAVIER-STOKES ITERATION           1
FlowSolve: -------------------------------------
FlowSolve: 
FlowSolve: Starting Assembly...
FlowSolve: Assembly:
FlowSolve: Assembly done
FlowSolve: Dirichlet conditions done
BiCGStabl:        9 0.2893E-10 0.2893E-10
ComputeChange: NS (ITER=1) (NRM,RELC): ( 0.27642006E-03 0.36322284E-05 ) :: navier-stokes
FlowSolve: iter:    1 Assembly: (s)    0.01    0.01
FlowSolve: iter:    1 Solve:    (s)    0.00    0.00
FlowSolve:  Result Norm     :    2.7642005551851674E-004
FlowSolve:  Relative Change :    3.6322284015241098E-006
ComputeChange: SS (ITER=76) (NRM,RELC): ( 0.27641925E-03 0.72644349E-06 ) :: navier-stokes
SolveEquations: -------------------------------------
SolveEquations:  Coupled system iteration:           77
SolveEquations: -------------------------------------
HeatSolver: ------------------------------------------------
HeatSolver: Solving energy equation for temperature
HeatSolver: Heat solver iteration: 1
IterSolver: "Linear System GCR Restart" not given, setting it to 200
ComputeChange: NS (ITER=1) (NRM,RELC): (  294.97242      0.0000000     ) :: heat equation
ComputeChange: SS (ITER=77) (NRM,RELC): (  294.97242      0.0000000     ) :: heat equation
FlowSolve: 
FlowSolve: 
FlowSolve: -------------------------------------
FlowSolve:  NAVIER-STOKES ITERATION           1
FlowSolve: -------------------------------------
FlowSolve: 
FlowSolve: Starting Assembly...
FlowSolve: Assembly:
FlowSolve: Assembly done
FlowSolve: Dirichlet conditions done
BiCGStabl:        8 0.9754E-10 0.9754E-10
ComputeChange: NS (ITER=1) (NRM,RELC): ( 0.27642012E-03 0.31236373E-05 ) :: navier-stokes
FlowSolve: iter:    1 Assembly: (s)    0.01    0.01
FlowSolve: iter:    1 Solve:    (s)    0.00    0.00
FlowSolve:  Result Norm     :    2.7642011573728427E-004
FlowSolve:  Relative Change :    3.1236372666541652E-006
ComputeChange: SS (ITER=77) (NRM,RELC): ( 0.27641942E-03 0.62472584E-06 ) :: navier-stokes
SolveEquations: -------------------------------------
SolveEquations:  Coupled system iteration:           78
SolveEquations: -------------------------------------
HeatSolver: ------------------------------------------------
HeatSolver: Solving energy equation for temperature
HeatSolver: Heat solver iteration: 1
IterSolver: "Linear System GCR Restart" not given, setting it to 200
ComputeChange: NS (ITER=1) (NRM,RELC): (  294.97242      0.0000000     ) :: heat equation
ComputeChange: SS (ITER=78) (NRM,RELC): (  294.97242      0.0000000     ) :: heat equation
FlowSolve: 
FlowSolve: 
FlowSolve: -------------------------------------
FlowSolve:  NAVIER-STOKES ITERATION           1
FlowSolve: -------------------------------------
FlowSolve: 
FlowSolve: Starting Assembly...
FlowSolve: Assembly:
FlowSolve: Assembly done
FlowSolve: Dirichlet conditions done
BiCGStabl:        8 0.8387E-10 0.8387E-10
ComputeChange: NS (ITER=1) (NRM,RELC): ( 0.27642017E-03 0.26864093E-05 ) :: navier-stokes
FlowSolve: iter:    1 Assembly: (s)    0.01    0.01
FlowSolve: iter:    1 Solve:    (s)    0.00    0.00
FlowSolve:  Result Norm     :    2.7642016756546518E-004
FlowSolve:  Relative Change :    2.6864092763257905E-006
ComputeChange: SS (ITER=78) (NRM,RELC): ( 0.27641957E-03 0.53728066E-06 ) :: navier-stokes
SolveEquations: -------------------------------------
SolveEquations:  Coupled system iteration:           79
SolveEquations: -------------------------------------
HeatSolver: ------------------------------------------------
HeatSolver: Solving energy equation for temperature
HeatSolver: Heat solver iteration: 1
IterSolver: "Linear System GCR Restart" not given, setting it to 200
ComputeChange: NS (ITER=1) (NRM,RELC): (  294.97242      0.0000000     ) :: heat equation
ComputeChange: SS (ITER=79) (NRM,RELC): (  294.97242      0.0000000     ) :: heat equation
FlowSolve: 
FlowSolve: 
FlowSolve: -------------------------------------
FlowSolve:  NAVIER-STOKES ITERATION           1
FlowSolve: -------------------------------------
FlowSolve: 
FlowSolve: Starting Assembly...
FlowSolve: Assembly:
FlowSolve: Assembly done
FlowSolve: Dirichlet conditions done
BiCGStabl:        8 0.7212E-10 0.7212E-10
ComputeChange: NS (ITER=1) (NRM,RELC): ( 0.27642021E-03 0.23103815E-05 ) :: navier-stokes
FlowSolve: iter:    1 Assembly: (s)    0.01    0.01
FlowSolve: iter:    1 Solve:    (s)    0.00    0.00
FlowSolve:  Result Norm     :    2.7642021213902861E-004
FlowSolve:  Relative Change :    2.3103815394040364E-006
ComputeChange: SS (ITER=79) (NRM,RELC): ( 0.27641970E-03 0.46207542E-06 ) :: navier-stokes
SolveEquations: -------------------------------------
SolveEquations:  Coupled system iteration:           80
SolveEquations: -------------------------------------
HeatSolver: ------------------------------------------------
HeatSolver: Solving energy equation for temperature
HeatSolver: Heat solver iteration: 1
IterSolver: "Linear System GCR Restart" not given, setting it to 200
ComputeChange: NS (ITER=1) (NRM,RELC): (  294.97242      0.0000000     ) :: heat equation
ComputeChange: SS (ITER=80) (NRM,RELC): (  294.97242      0.0000000     ) :: heat equation
FlowSolve: 
FlowSolve: 
FlowSolve: -------------------------------------
FlowSolve:  NAVIER-STOKES ITERATION           1
FlowSolve: -------------------------------------
FlowSolve: 
FlowSolve: Starting Assembly...
FlowSolve: Assembly:
FlowSolve: Assembly done
FlowSolve: Dirichlet conditions done
BiCGStabl:        8 0.6202E-10 0.6202E-10
ComputeChange: NS (ITER=1) (NRM,RELC): ( 0.27642025E-03 0.19869877E-05 ) :: navier-stokes
FlowSolve: iter:    1 Assembly: (s)    0.01    0.01
FlowSolve: iter:    1 Solve:    (s)    0.00    0.00
FlowSolve:  Result Norm     :    2.7642025047343094E-004
FlowSolve:  Relative Change :    1.9869877248407375E-006
ComputeChange: SS (ITER=80) (NRM,RELC): ( 0.27641981E-03 0.39739689E-06 ) :: navier-stokes
SolveEquations: -------------------------------------
SolveEquations:  Coupled system iteration:           81
SolveEquations: -------------------------------------
HeatSolver: ------------------------------------------------
HeatSolver: Solving energy equation for temperature
HeatSolver: Heat solver iteration: 1
IterSolver: "Linear System GCR Restart" not given, setting it to 200
ComputeChange: NS (ITER=1) (NRM,RELC): (  294.97242      0.0000000     ) :: heat equation
ComputeChange: SS (ITER=81) (NRM,RELC): (  294.97242      0.0000000     ) :: heat equation
FlowSolve: 
FlowSolve: 
FlowSolve: -------------------------------------
FlowSolve:  NAVIER-STOKES ITERATION           1
FlowSolve: -------------------------------------
FlowSolve: 
FlowSolve: Starting Assembly...
FlowSolve: Assembly:
FlowSolve: Assembly done
FlowSolve: Dirichlet conditions done
BiCGStabl:        8 0.5333E-10 0.5333E-10
ComputeChange: NS (ITER=1) (NRM,RELC): ( 0.27642028E-03 0.17088605E-05 ) :: navier-stokes
FlowSolve: iter:    1 Assembly: (s)    0.01    0.01
FlowSolve: iter:    1 Solve:    (s)    0.00    0.00
FlowSolve:  Result Norm     :    2.7642028344199393E-004
FlowSolve:  Relative Change :    1.7088605364630092E-006
ComputeChange: SS (ITER=81) (NRM,RELC): ( 0.27641991E-03 0.34177162E-06 ) :: navier-stokes
SolveEquations: -------------------------------------
SolveEquations:  Coupled system iteration:           82
SolveEquations: -------------------------------------
HeatSolver: ------------------------------------------------
HeatSolver: Solving energy equation for temperature
HeatSolver: Heat solver iteration: 1
IterSolver: "Linear System GCR Restart" not given, setting it to 200
ComputeChange: NS (ITER=1) (NRM,RELC): (  294.97242      0.0000000     ) :: heat equation
ComputeChange: SS (ITER=82) (NRM,RELC): (  294.97242      0.0000000     ) :: heat equation
FlowSolve: 
FlowSolve: 
FlowSolve: -------------------------------------
FlowSolve:  NAVIER-STOKES ITERATION           1
FlowSolve: -------------------------------------
FlowSolve: 
FlowSolve: Starting Assembly...
FlowSolve: Assembly:
FlowSolve: Assembly done
FlowSolve: Dirichlet conditions done
BiCGStabl:        8 0.4586E-10 0.4586E-10
ComputeChange: NS (ITER=1) (NRM,RELC): ( 0.27642031E-03 0.14696639E-05 ) :: navier-stokes
FlowSolve: iter:    1 Assembly: (s)    0.01    0.01
FlowSolve: iter:    1 Solve:    (s)    0.00    0.00
FlowSolve:  Result Norm     :    2.7642031179579528E-004
FlowSolve:  Relative Change :    1.4696638742692605E-006
ComputeChange: SS (ITER=82) (NRM,RELC): ( 0.27641999E-03 0.29393242E-06 ) :: navier-stokes
SolveEquations: -------------------------------------
SolveEquations:  Coupled system iteration:           83
SolveEquations: -------------------------------------
HeatSolver: ------------------------------------------------
HeatSolver: Solving energy equation for temperature
HeatSolver: Heat solver iteration: 1
IterSolver: "Linear System GCR Restart" not given, setting it to 200
ComputeChange: NS (ITER=1) (NRM,RELC): (  294.97242      0.0000000     ) :: heat equation
ComputeChange: SS (ITER=83) (NRM,RELC): (  294.97242      0.0000000     ) :: heat equation
FlowSolve: 
FlowSolve: 
FlowSolve: -------------------------------------
FlowSolve:  NAVIER-STOKES ITERATION           1
FlowSolve: -------------------------------------
FlowSolve: 
FlowSolve: Starting Assembly...
FlowSolve: Assembly:
FlowSolve: Assembly done
FlowSolve: Dirichlet conditions done
BiCGStabl:        8 0.3943E-10 0.3943E-10
ComputeChange: NS (ITER=1) (NRM,RELC): ( 0.27642034E-03 0.12639485E-05 ) :: navier-stokes
FlowSolve: iter:    1 Assembly: (s)    0.01    0.01
FlowSolve: iter:    1 Solve:    (s)    0.00    0.00
FlowSolve:  Result Norm     :    2.7642033618078263E-004
FlowSolve:  Relative Change :    1.2639485138717163E-006
ComputeChange: SS (ITER=83) (NRM,RELC): ( 0.27642006E-03 0.25278944E-06 ) :: navier-stokes
SolveEquations: -------------------------------------
SolveEquations:  Coupled system iteration:           84
SolveEquations: -------------------------------------
HeatSolver: ------------------------------------------------
HeatSolver: Solving energy equation for temperature
HeatSolver: Heat solver iteration: 1
IterSolver: "Linear System GCR Restart" not given, setting it to 200
ComputeChange: NS (ITER=1) (NRM,RELC): (  294.97242      0.0000000     ) :: heat equation
ComputeChange: SS (ITER=84) (NRM,RELC): (  294.97242      0.0000000     ) :: heat equation
FlowSolve: 
FlowSolve: 
FlowSolve: -------------------------------------
FlowSolve:  NAVIER-STOKES ITERATION           1
FlowSolve: -------------------------------------
FlowSolve: 
FlowSolve: Starting Assembly...
FlowSolve: Assembly:
FlowSolve: Assembly done
FlowSolve: Dirichlet conditions done
BiCGStabl:        8 0.3391E-10 0.3391E-10
ComputeChange: NS (ITER=1) (NRM,RELC): ( 0.27642036E-03 0.10870280E-05 ) :: navier-stokes
FlowSolve: iter:    1 Assembly: (s)    0.01    0.01
FlowSolve: iter:    1 Solve:    (s)    0.00    0.00
FlowSolve:  Result Norm     :    2.7642035715249051E-004
FlowSolve:  Relative Change :    1.0870279768537825E-006
ComputeChange: SS (ITER=84) (NRM,RELC): ( 0.27642012E-03 0.21740540E-06 ) :: navier-stokes
SolveEquations: -------------------------------------
SolveEquations:  Coupled system iteration:           85
SolveEquations: -------------------------------------
HeatSolver: ------------------------------------------------
HeatSolver: Solving energy equation for temperature
HeatSolver: Heat solver iteration: 1
IterSolver: "Linear System GCR Restart" not given, setting it to 200
ComputeChange: NS (ITER=1) (NRM,RELC): (  294.97242      0.0000000     ) :: heat equation
ComputeChange: SS (ITER=85) (NRM,RELC): (  294.97242      0.0000000     ) :: heat equation
FlowSolve: 
FlowSolve: 
FlowSolve: -------------------------------------
FlowSolve:  NAVIER-STOKES ITERATION           1
FlowSolve: -------------------------------------
FlowSolve: 
FlowSolve: Starting Assembly...
FlowSolve: Assembly:
FlowSolve: Assembly done
FlowSolve: Dirichlet conditions done
BiCGStabl:        8 0.2916E-10 0.2916E-10
ComputeChange: NS (ITER=1) (NRM,RELC): ( 0.27642038E-03 0.93487174E-06 ) :: navier-stokes
FlowSolve: iter:    1 Assembly: (s)    0.01    0.01
FlowSolve: iter:    1 Solve:    (s)    0.00    0.00
FlowSolve:  Result Norm     :    2.7642037518868778E-004
FlowSolve:  Relative Change :    9.3487173920716744E-007
ComputeChange: SS (ITER=85) (NRM,RELC): ( 0.27642017E-03 0.18697420E-06 ) :: navier-stokes
SolveEquations: -------------------------------------
SolveEquations:  Coupled system iteration:           86
SolveEquations: -------------------------------------
HeatSolver: ------------------------------------------------
HeatSolver: Solving energy equation for temperature
HeatSolver: Heat solver iteration: 1
IterSolver: "Linear System GCR Restart" not given, setting it to 200
ComputeChange: NS (ITER=1) (NRM,RELC): (  294.97242      0.0000000     ) :: heat equation
ComputeChange: SS (ITER=86) (NRM,RELC): (  294.97242      0.0000000     ) :: heat equation
FlowSolve: 
FlowSolve: 
FlowSolve: -------------------------------------
FlowSolve:  NAVIER-STOKES ITERATION           1
FlowSolve: -------------------------------------
FlowSolve: 
FlowSolve: Starting Assembly...
FlowSolve: Assembly:
FlowSolve: Assembly done
FlowSolve: Dirichlet conditions done
BiCGStabl:        8 0.2507E-10 0.2507E-10
ComputeChange: NS (ITER=1) (NRM,RELC): ( 0.27642039E-03 0.80401346E-06 ) :: navier-stokes
FlowSolve: iter:    1 Assembly: (s)    0.01    0.01
FlowSolve: iter:    1 Solve:    (s)    0.00    0.00
FlowSolve:  Result Norm     :    2.7642039070027193E-004
FlowSolve:  Relative Change :    8.0401345544926865E-007
ComputeChange: SS (ITER=86) (NRM,RELC): ( 0.27642021E-03 0.16080258E-06 ) :: navier-stokes
SolveEquations: -------------------------------------
SolveEquations:  Coupled system iteration:           87
SolveEquations: -------------------------------------
HeatSolver: ------------------------------------------------
HeatSolver: Solving energy equation for temperature
HeatSolver: Heat solver iteration: 1
IterSolver: "Linear System GCR Restart" not given, setting it to 200
ComputeChange: NS (ITER=1) (NRM,RELC): (  294.97242      0.0000000     ) :: heat equation
ComputeChange: SS (ITER=87) (NRM,RELC): (  294.97242      0.0000000     ) :: heat equation
FlowSolve: 
FlowSolve: 
FlowSolve: -------------------------------------
FlowSolve:  NAVIER-STOKES ITERATION           1
FlowSolve: -------------------------------------
FlowSolve: 
FlowSolve: Starting Assembly...
FlowSolve: Assembly:
FlowSolve: Assembly done
FlowSolve: Dirichlet conditions done
BiCGStabl:        8 0.2156E-10 0.2156E-10
ComputeChange: NS (ITER=1) (NRM,RELC): ( 0.27642040E-03 0.69147197E-06 ) :: navier-stokes
FlowSolve: iter:    1 Assembly: (s)    0.01    0.01
FlowSolve: iter:    1 Solve:    (s)    0.00    0.00
FlowSolve:  Result Norm     :    2.7642040404062522E-004
FlowSolve:  Relative Change :    6.9147197477152986E-007
ComputeChange: SS (ITER=87) (NRM,RELC): ( 0.27642025E-03 0.13829432E-06 ) :: navier-stokes
SolveEquations: -------------------------------------
SolveEquations:  Coupled system iteration:           88
SolveEquations: -------------------------------------
HeatSolver: ------------------------------------------------
HeatSolver: Solving energy equation for temperature
HeatSolver: Heat solver iteration: 1
IterSolver: "Linear System GCR Restart" not given, setting it to 200
ComputeChange: NS (ITER=1) (NRM,RELC): (  294.97242     0.88492474E-10 ) :: heat equation
ComputeChange: SS (ITER=88) (NRM,RELC): (  294.97242     0.17698071E-10 ) :: heat equation
FlowSolve: 
FlowSolve: 
FlowSolve: -------------------------------------
FlowSolve:  NAVIER-STOKES ITERATION           1
FlowSolve: -------------------------------------
FlowSolve: 
FlowSolve: Starting Assembly...
FlowSolve: Assembly:
FlowSolve: Assembly done
FlowSolve: Dirichlet conditions done
BiCGStabl:        8 0.7730E-10 0.7730E-10
ComputeChange: NS (ITER=1) (NRM,RELC): ( 0.27642005E-03 0.71875589E-06 ) :: navier-stokes
FlowSolve: iter:    1 Assembly: (s)    0.01    0.01
FlowSolve: iter:    1 Solve:    (s)    0.00    0.00
FlowSolve:  Result Norm     :    2.7642005245246206E-004
FlowSolve:  Relative Change :    7.1875589461842658E-007
ComputeChange: SS (ITER=88) (NRM,RELC): ( 0.27642021E-03 0.14375121E-06 ) :: navier-stokes
SolveEquations: -------------------------------------
SolveEquations:  Coupled system iteration:           89
SolveEquations: -------------------------------------
HeatSolver: ------------------------------------------------
HeatSolver: Solving energy equation for temperature
HeatSolver: Heat solver iteration: 1
IterSolver: "Linear System GCR Restart" not given, setting it to 200
ComputeChange: NS (ITER=1) (NRM,RELC): (  294.97242      0.0000000     ) :: heat equation
ComputeChange: SS (ITER=89) (NRM,RELC): (  294.97242      0.0000000     ) :: heat equation
FlowSolve: 
FlowSolve: 
FlowSolve: -------------------------------------
FlowSolve:  NAVIER-STOKES ITERATION           1
FlowSolve: -------------------------------------
FlowSolve: 
FlowSolve: Starting Assembly...
FlowSolve: Assembly:
FlowSolve: Assembly done
FlowSolve: Dirichlet conditions done
BiCGStabl:        8 0.6645E-10 0.6645E-10
ComputeChange: NS (ITER=1) (NRM,RELC): ( 0.27642004E-03 0.61806572E-06 ) :: navier-stokes
FlowSolve: iter:    1 Assembly: (s)    0.01    0.01
FlowSolve: iter:    1 Solve:    (s)    0.00    0.00
FlowSolve:  Result Norm     :    2.7642004054952840E-004
FlowSolve:  Relative Change :    6.1806571846916129E-007
ComputeChange: SS (ITER=89) (NRM,RELC): ( 0.27642018E-03 0.12361317E-06 ) :: navier-stokes
SolveEquations: -------------------------------------
SolveEquations:  Coupled system iteration:           90
SolveEquations: -------------------------------------
HeatSolver: ------------------------------------------------
HeatSolver: Solving energy equation for temperature
HeatSolver: Heat solver iteration: 1
IterSolver: "Linear System GCR Restart" not given, setting it to 200
ComputeChange: NS (ITER=1) (NRM,RELC): (  294.97242      0.0000000     ) :: heat equation
ComputeChange: SS (ITER=90) (NRM,RELC): (  294.97242      0.0000000     ) :: heat equation
FlowSolve: 
FlowSolve: 
FlowSolve: -------------------------------------
FlowSolve:  NAVIER-STOKES ITERATION           1
FlowSolve: -------------------------------------
FlowSolve: 
FlowSolve: Starting Assembly...
FlowSolve: Assembly:
FlowSolve: Assembly done
FlowSolve: Dirichlet conditions done
BiCGStabl:        8 0.5713E-10 0.5713E-10
ComputeChange: NS (ITER=1) (NRM,RELC): ( 0.27642003E-03 0.53148117E-06 ) :: navier-stokes
FlowSolve: iter:    1 Assembly: (s)    0.01    0.01
FlowSolve: iter:    1 Solve:    (s)    0.00    0.00
FlowSolve:  Result Norm     :    2.7642003031407627E-004
FlowSolve:  Relative Change :    5.3148116899824304E-007
ComputeChange: SS (ITER=90) (NRM,RELC): ( 0.27642015E-03 0.10629625E-06 ) :: navier-stokes
SolveEquations: -------------------------------------
SolveEquations:  Coupled system iteration:           91
SolveEquations: -------------------------------------
HeatSolver: ------------------------------------------------
HeatSolver: Solving energy equation for temperature
HeatSolver: Heat solver iteration: 1
IterSolver: "Linear System GCR Restart" not given, setting it to 200
ComputeChange: NS (ITER=1) (NRM,RELC): (  294.97242      0.0000000     ) :: heat equation
ComputeChange: SS (ITER=91) (NRM,RELC): (  294.97242      0.0000000     ) :: heat equation
FlowSolve: 
FlowSolve: 
FlowSolve: -------------------------------------
FlowSolve:  NAVIER-STOKES ITERATION           1
FlowSolve: -------------------------------------
FlowSolve: 
FlowSolve: Starting Assembly...
FlowSolve: Assembly:
FlowSolve: Assembly done
FlowSolve: Dirichlet conditions done
BiCGStabl:        8 0.4912E-10 0.4912E-10
ComputeChange: NS (ITER=1) (NRM,RELC): ( 0.27642002E-03 0.45702622E-06 ) :: navier-stokes
FlowSolve: iter:    1 Assembly: (s)    0.01    0.01
FlowSolve: iter:    1 Solve:    (s)    0.00    0.00
FlowSolve:  Result Norm     :    2.7642002151250352E-004
FlowSolve:  Relative Change :    4.5702621636823836E-007
ComputeChange: SS (ITER=91) (NRM,RELC): ( 0.27642012E-03 0.91405257E-07 ) :: navier-stokes
MAIN: 
MAIN: -------------------------------------
MAIN: Time: 3/3:   3.000E+02
MAIN: Estimated time left:  1.6 seconds
MAIN: -------------------------------------
MAIN: 
SolveEquations: -------------------------------------
SolveEquations:  Coupled system iteration:            1
SolveEquations: -------------------------------------
HeatSolver: ------------------------------------------------
HeatSolver: Solving energy equation for temperature
HeatSolver: Heat solver iteration: 1
IterSolver: "Linear System GCR Restart" not given, setting it to 200
   gcr:    10  0.7321E-07  0.1041E-06
ComputeChange: NS (ITER=1) (NRM,RELC): (  294.97175     0.22815878E-05 ) :: heat equation
ComputeChange: SS (ITER=1) (NRM,RELC): (  294.97228     0.45644778E-06 ) :: heat equation
FlowSolve: 
FlowSolve: 
FlowSolve: -------------------------------------
FlowSolve:  NAVIER-STOKES ITERATION           1
FlowSolve: -------------------------------------
FlowSolve: 
FlowSolve: Starting Assembly...
FlowSolve: Assembly:
FlowSolve: Assembly done
FlowSolve: Dirichlet conditions done
      10 0.6203E-09 0.6203E-09
BiCGStabl:       11 0.3583E-10 0.3583E-10
ComputeChange: NS (ITER=1) (NRM,RELC): ( 0.27456713E-03 0.67260750E-02 ) :: navier-stokes
FlowSolve: iter:    1 Assembly: (s)    0.01    0.01
FlowSolve: iter:    1 Solve:    (s)    0.01    0.01
FlowSolve:  Result Norm     :    2.7456713178422847E-004
FlowSolve:  Relative Change :    6.7260749811484787E-003
ComputeChange: SS (ITER=1) (NRM,RELC): ( 0.27604922E-03 0.13427188E-02 ) :: navier-stokes
SolveEquations: -------------------------------------
SolveEquations:  Coupled system iteration:            2
SolveEquations: -------------------------------------
HeatSolver: ------------------------------------------------
HeatSolver: Solving energy equation for temperature
HeatSolver: Heat solver iteration: 1
IterSolver: "Linear System GCR Restart" not given, setting it to 200
   gcr:    10  0.6220E-07  0.8899E-07
ComputeChange: NS (ITER=1) (NRM,RELC): (  294.97173     0.18871095E-05 ) :: heat equation
ComputeChange: SS (ITER=2) (NRM,RELC): (  294.97217     0.37751220E-06 ) :: heat equation
FlowSolve: 
FlowSolve: 
FlowSolve: -------------------------------------
FlowSolve:  NAVIER-STOKES ITERATION           1
FlowSolve: -------------------------------------
FlowSolve: 
FlowSolve: Starting Assembly...
FlowSolve: Assembly:
FlowSolve: Assembly done
FlowSolve: Dirichlet conditions done
      10 0.2160E-08 0.2160E-08
BiCGStabl:       11 0.5895E-10 0.5895E-10
ComputeChange: NS (ITER=1) (NRM,RELC): ( 0.27455399E-03 0.54312244E-02 ) :: navier-stokes
FlowSolve: iter:    1 Assembly: (s)    0.01    0.01
FlowSolve: iter:    1 Solve:    (s)    0.01    0.01
FlowSolve:  Result Norm     :    2.7455399232078465E-004
FlowSolve:  Relative Change :    5.4312243699396806E-003
ComputeChange: SS (ITER=2) (NRM,RELC): ( 0.27575005E-03 0.10843341E-02 ) :: navier-stokes
SolveEquations: -------------------------------------
SolveEquations:  Coupled system iteration:            3
SolveEquations: -------------------------------------
HeatSolver: ------------------------------------------------
HeatSolver: Solving energy equation for temperature
HeatSolver: Heat solver iteration: 1
IterSolver: "Linear System GCR Restart" not given, setting it to 200
   gcr:    10  0.5323E-07  0.7617E-07
ComputeChange: NS (ITER=1) (NRM,RELC): (  294.97171     0.15688973E-05 ) :: heat equation
ComputeChange: SS (ITER=3) (NRM,RELC): (  294.97208     0.31384289E-06 ) :: heat equation
FlowSolve: 
FlowSolve: 
FlowSolve: -------------------------------------
FlowSolve:  NAVIER-STOKES ITERATION           1
FlowSolve: -------------------------------------
FlowSolve: 
FlowSolve: Starting Assembly...
FlowSolve: Assembly:
FlowSolve: Assembly done
FlowSolve: Dirichlet conditions done
      10 0.7375E-10 0.7375E-10
BiCGStabl:       10 0.7375E-10 0.7375E-10
ComputeChange: NS (ITER=1) (NRM,RELC): ( 0.27461292E-03 0.41322724E-02 ) :: navier-stokes
FlowSolve: iter:    1 Assembly: (s)    0.01    0.01
FlowSolve: iter:    1 Solve:    (s)    0.01    0.01
FlowSolve:  Result Norm     :    2.7461292484396674E-004
FlowSolve:  Relative Change :    4.1322724245961952E-003
ComputeChange: SS (ITER=3) (NRM,RELC): ( 0.27552259E-03 0.82521173E-03 ) :: navier-stokes
SolveEquations: -------------------------------------
SolveEquations:  Coupled system iteration:            4
SolveEquations: -------------------------------------
HeatSolver: ------------------------------------------------
HeatSolver: Solving energy equation for temperature
HeatSolver: Heat solver iteration: 1
IterSolver: "Linear System GCR Restart" not given, setting it to 200
   gcr:    10  0.4595E-07  0.6534E-07
ComputeChange: NS (ITER=1) (NRM,RELC): (  294.97168     0.13586009E-05 ) :: heat equation
ComputeChange: SS (ITER=4) (NRM,RELC): (  294.97200     0.27176541E-06 ) :: heat equation
FlowSolve: 
FlowSolve: 
FlowSolve: -------------------------------------
FlowSolve:  NAVIER-STOKES ITERATION           1
FlowSolve: -------------------------------------
FlowSolve: 
FlowSolve: Starting Assembly...
FlowSolve: Assembly:
FlowSolve: Assembly done
FlowSolve: Dirichlet conditions done
      10 0.9575E-08 0.9575E-08
BiCGStabl:       11 0.5896E-10 0.5896E-10
ComputeChange: NS (ITER=1) (NRM,RELC): ( 0.27471546E-03 0.29337654E-02 ) :: navier-stokes
FlowSolve: iter:    1 Assembly: (s)    0.01    0.01
FlowSolve: iter:    1 Solve:    (s)    0.01    0.01
FlowSolve:  Result Norm     :    2.7471545671633617E-004
FlowSolve:  Relative Change :    2.9337653989946096E-003
ComputeChange: SS (ITER=4) (NRM,RELC): ( 0.27536115E-03 0.58612022E-03 ) :: navier-stokes
SolveEquations: -------------------------------------
SolveEquations:  Coupled system iteration:            5
SolveEquations: -------------------------------------
HeatSolver: ------------------------------------------------
HeatSolver: Solving energy equation for temperature
HeatSolver: Heat solver iteration: 1
IterSolver: "Linear System GCR Restart" not given, setting it to 200
   gcr:    10  0.4000E-07  0.5622E-07
ComputeChange: NS (ITER=1) (NRM,RELC): (  294.97165     0.11804790E-05 ) :: heat equation
ComputeChange: SS (ITER=5) (NRM,RELC): (  294.97193     0.23612862E-06 ) :: heat equation
FlowSolve: 
FlowSolve: 
FlowSolve: -------------------------------------
FlowSolve:  NAVIER-STOKES ITERATION           1
FlowSolve: -------------------------------------
FlowSolve: 
FlowSolve: Starting Assembly...
FlowSolve: Assembly:
FlowSolve: Assembly done
FlowSolve: Dirichlet conditions done
      10 0.6456E-10 0.6456E-10
BiCGStabl:       10 0.6456E-10 0.6456E-10
ComputeChange: NS (ITER=1) (NRM,RELC): ( 0.27483780E-03 0.19023876E-02 ) :: navier-stokes
FlowSolve: iter:    1 Assembly: (s)    0.01    0.01
FlowSolve: iter:    1 Solve:    (s)    0.01    0.01
FlowSolve:  Result Norm     :    2.7483780350277354E-004
FlowSolve:  Relative Change :    1.9023876147645008E-003
ComputeChange: SS (ITER=5) (NRM,RELC): ( 0.27525644E-03 0.38032183E-03 ) :: navier-stokes
SolveEquations: -------------------------------------
SolveEquations:  Coupled system iteration:            6
SolveEquations: -------------------------------------
HeatSolver: ------------------------------------------------
HeatSolver: Solving energy equation for temperature
HeatSolver: Heat solver iteration: 1
IterSolver: "Linear System GCR Restart" not given, setting it to 200
   gcr:    10  0.3517E-07  0.4862E-07
ComputeChange: NS (ITER=1) (NRM,RELC): (  294.97161     0.10707697E-05 ) :: heat equation
ComputeChange: SS (ITER=6) (NRM,RELC): (  294.97187     0.21417818E-06 ) :: heat equation
FlowSolve: 
FlowSolve: 
FlowSolve: -------------------------------------
FlowSolve:  NAVIER-STOKES ITERATION           1
FlowSolve: -------------------------------------
FlowSolve: 
FlowSolve: Starting Assembly...
FlowSolve: Assembly:
FlowSolve: Assembly done
FlowSolve: Dirichlet conditions done
      10 0.7606E-10 0.7606E-10
BiCGStabl:       10 0.7606E-10 0.7606E-10
ComputeChange: NS (ITER=1) (NRM,RELC): ( 0.27496162E-03 0.10716448E-02 ) :: navier-stokes
FlowSolve: iter:    1 Assembly: (s)    0.01    0.01
FlowSolve: iter:    1 Solve:    (s)    0.01    0.01
FlowSolve:  Result Norm     :    2.7496162423583967E-004
FlowSolve:  Relative Change :    1.0716447727578669E-003
ComputeChange: SS (ITER=6) (NRM,RELC): ( 0.27519741E-03 0.21449494E-03 ) :: navier-stokes
SolveEquations: -------------------------------------
SolveEquations:  Coupled system iteration:            7
SolveEquations: -------------------------------------
HeatSolver: ------------------------------------------------
HeatSolver: Solving energy equation for temperature
HeatSolver: Heat solver iteration: 1
IterSolver: "Linear System GCR Restart" not given, setting it to 200
   gcr:    10  0.3118E-07  0.4231E-07
ComputeChange: NS (ITER=1) (NRM,RELC): (  294.97158     0.98705656E-06 ) :: heat equation
ComputeChange: SS (ITER=7) (NRM,RELC): (  294.97181     0.19742953E-06 ) :: heat equation
FlowSolve: 
FlowSolve: 
FlowSolve: -------------------------------------
FlowSolve:  NAVIER-STOKES ITERATION           1
FlowSolve: -------------------------------------
FlowSolve: 
FlowSolve: Starting Assembly...
FlowSolve: Assembly:
FlowSolve: Assembly done
FlowSolve: Dirichlet conditions done
      10 0.1119E-09 0.1119E-09
BiCGStabl:       11 0.4377E-10 0.4377E-10
ComputeChange: NS (ITER=1) (NRM,RELC): ( 0.27507382E-03 0.44919490E-03 ) :: navier-stokes
FlowSolve: iter:    1 Assembly: (s)    0.01    0.01
FlowSolve: iter:    1 Solve:    (s)    0.01    0.01
FlowSolve:  Result Norm     :    2.7507381909702255E-004
FlowSolve:  Relative Change :    4.4919489575108836E-004
ComputeChange: SS (ITER=7) (NRM,RELC): ( 0.27517259E-03 0.90183220E-04 ) :: navier-stokes
SolveEquations: -------------------------------------
SolveEquations:  Coupled system iteration:            8
SolveEquations: -------------------------------------
HeatSolver: ------------------------------------------------
HeatSolver: Solving energy equation for temperature
HeatSolver: Heat solver iteration: 1
IterSolver: "Linear System GCR Restart" not given, setting it to 200
   gcr:    10  0.2783E-07  0.3707E-07
ComputeChange: NS (ITER=1) (NRM,RELC): (  294.97154     0.91974132E-06 ) :: heat equation
ComputeChange: SS (ITER=8) (NRM,RELC): (  294.97175     0.18396222E-06 ) :: heat equation
FlowSolve: 
FlowSolve: 
FlowSolve: -------------------------------------
FlowSolve:  NAVIER-STOKES ITERATION           1
FlowSolve: -------------------------------------
FlowSolve: 
FlowSolve: Starting Assembly...
FlowSolve: Assembly:
FlowSolve: Assembly done
FlowSolve: Dirichlet conditions done
BiCGStabl:       10 0.8408E-10 0.8408E-10
ComputeChange: NS (ITER=1) (NRM,RELC): ( 0.27516610E-03 0.23584456E-04 ) :: navier-stokes
FlowSolve: iter:    1 Assembly: (s)    0.01    0.01
FlowSolve: iter:    1 Solve:    (s)    0.01    0.01
FlowSolve:  Result Norm     :    2.7516610182165389E-004
FlowSolve:  Relative Change :    2.3584456181491128E-005
ComputeChange: SS (ITER=8) (NRM,RELC): ( 0.27517118E-03 0.51266970E-05 ) :: navier-stokes
SolveEquations: -------------------------------------
SolveEquations:  Coupled system iteration:            9
SolveEquations: -------------------------------------
HeatSolver: ------------------------------------------------
HeatSolver: Solving energy equation for temperature
HeatSolver: Heat solver iteration: 1
IterSolver: "Linear System GCR Restart" not given, setting it to 200
   gcr:    10  0.2494E-07  0.3270E-07
ComputeChange: NS (ITER=1) (NRM,RELC): (  294.97151     0.83600396E-06 ) :: heat equation
ComputeChange: SS (ITER=9) (NRM,RELC): (  294.97170     0.16721167E-06 ) :: heat equation
FlowSolve: 
FlowSolve: 
FlowSolve: -------------------------------------
FlowSolve:  NAVIER-STOKES ITERATION           1
FlowSolve: -------------------------------------
FlowSolve: 
FlowSolve: Starting Assembly...
FlowSolve: Assembly:
FlowSolve: Assembly done
FlowSolve: Dirichlet conditions done
      10 0.1211E-09 0.1211E-09
BiCGStabl:       11 0.1717E-10 0.1717E-10
ComputeChange: NS (ITER=1) (NRM,RELC): ( 0.27523429E-03 0.22931095E-03 ) :: navier-stokes
FlowSolve: iter:    1 Assembly: (s)    0.01    0.01
FlowSolve: iter:    1 Solve:    (s)    0.01    0.01
FlowSolve:  Result Norm     :    2.7523428781730082E-004
FlowSolve:  Relative Change :    2.2931094521625616E-004
ComputeChange: SS (ITER=9) (NRM,RELC): ( 0.27518369E-03 0.45462947E-04 ) :: navier-stokes
SolveEquations: -------------------------------------
SolveEquations:  Coupled system iteration:           10
SolveEquations: -------------------------------------
HeatSolver: ------------------------------------------------
HeatSolver: Solving energy equation for temperature
HeatSolver: Heat solver iteration: 1
IterSolver: "Linear System GCR Restart" not given, setting it to 200
   gcr:    10  0.2244E-07  0.2906E-07
ComputeChange: NS (ITER=1) (NRM,RELC): (  294.97147     0.78759858E-06 ) :: heat equation
ComputeChange: SS (ITER=10) (NRM,RELC): (  294.97166     0.15752834E-06 ) :: heat equation
FlowSolve: 
FlowSolve: 
FlowSolve: -------------------------------------
FlowSolve:  NAVIER-STOKES ITERATION           1
FlowSolve: -------------------------------------
FlowSolve: 
FlowSolve: Starting Assembly...
FlowSolve: Assembly:
FlowSolve: Assembly done
FlowSolve: Dirichlet conditions done
      10 0.6399E-10 0.6399E-10
BiCGStabl:       10 0.6399E-10 0.6399E-10
ComputeChange: NS (ITER=1) (NRM,RELC): ( 0.27527744E-03 0.34060173E-03 ) :: navier-stokes
FlowSolve: iter:    1 Assembly: (s)    0.01    0.01
FlowSolve: iter:    1 Solve:    (s)    0.01    0.01
FlowSolve:  Result Norm     :    2.7527743520068326E-004
FlowSolve:  Relative Change :    3.4060172805331322E-004
ComputeChange: SS (ITER=10) (NRM,RELC): ( 0.27520234E-03 0.67774351E-04 ) :: navier-stokes
SolveEquations: -------------------------------------
SolveEquations:  Coupled system iteration:           11
SolveEquations: -------------------------------------
HeatSolver: ------------------------------------------------
HeatSolver: Solving energy equation for temperature
HeatSolver: Heat solver iteration: 1
IterSolver: "Linear System GCR Restart" not given, setting it to 200
   gcr:    10  0.2019E-07  0.2594E-07
ComputeChange: NS (ITER=1) (NRM,RELC): (  294.97144     0.73987008E-06 ) :: heat equation
ComputeChange: SS (ITER=11) (NRM,RELC): (  294.97161     0.14798093E-06 ) :: heat equation
FlowSolve: 
FlowSolve: 
FlowSolve: -------------------------------------
FlowSolve:  NAVIER-STOKES ITERATION           1
FlowSolve: -------------------------------------
FlowSolve: 
FlowSolve: Starting Assembly...
FlowSolve: Assembly:
FlowSolve: Assembly done
FlowSolve: Dirichlet conditions done
      10 0.1125E-09 0.1125E-09
BiCGStabl:       11 0.6388E-10 0.6388E-10
ComputeChange: NS (ITER=1) (NRM,RELC): ( 0.27529704E-03 0.34404425E-03 ) :: navier-stokes
FlowSolve: iter:    1 Assembly: (s)    0.01    0.01
FlowSolve: iter:    1 Solve:    (s)    0.01    0.01
FlowSolve:  Result Norm     :    2.7529704029688451E-004
FlowSolve:  Relative Change :    3.4404424945009703E-004
ComputeChange: SS (ITER=11) (NRM,RELC): ( 0.27522120E-03 0.68532626E-04 ) :: navier-stokes
SolveEquations: -------------------------------------
SolveEquations:  Coupled system iteration:           12
SolveEquations: -------------------------------------
HeatSolver: ------------------------------------------------
HeatSolver: Solving energy equation for temperature
HeatSolver: Heat solver iteration: 1
IterSolver: "Linear System GCR Restart" not given, setting it to 200
   gcr:    10  0.1816E-07  0.2322E-07
ComputeChange: NS (ITER=1) (NRM,RELC): (  294.97141     0.69093419E-06 ) :: heat equation
ComputeChange: SS (ITER=12) (NRM,RELC): (  294.97157     0.13819242E-06 ) :: heat equation
FlowSolve: 
FlowSolve: 
FlowSolve: -------------------------------------
FlowSolve:  NAVIER-STOKES ITERATION           1
FlowSolve: -------------------------------------
FlowSolve: 
FlowSolve: Starting Assembly...
FlowSolve: Assembly:
FlowSolve: Assembly done
FlowSolve: Dirichlet conditions done
      10 0.1285E-09 0.1285E-09
BiCGStabl:       11 0.1793E-10 0.1793E-10
ComputeChange: NS (ITER=1) (NRM,RELC): ( 0.27529622E-03 0.27252402E-03 ) :: navier-stokes
FlowSolve: iter:    1 Assembly: (s)    0.01    0.01
FlowSolve: iter:    1 Solve:    (s)    0.01    0.01
FlowSolve:  Result Norm     :    2.7529621782066999E-004
FlowSolve:  Relative Change :    2.7252402490097718E-004
ComputeChange: SS (ITER=12) (NRM,RELC): ( 0.27523615E-03 0.54297489E-04 ) :: navier-stokes
SolveEquations: -------------------------------------
SolveEquations:  Coupled system iteration:           13
SolveEquations: -------------------------------------
HeatSolver: ------------------------------------------------
HeatSolver: Solving energy equation for temperature
HeatSolver: Heat solver iteration: 1
IterSolver: "Linear System GCR Restart" not given, setting it to 200
   gcr:    10  0.1636E-07  0.2080E-07
ComputeChange: NS (ITER=1) (NRM,RELC): (  294.97139     0.62088058E-06 ) :: heat equation
ComputeChange: SS (ITER=13) (NRM,RELC): (  294.97154     0.12418062E-06 ) :: heat equation
FlowSolve: 
FlowSolve: 
FlowSolve: -------------------------------------
FlowSolve:  NAVIER-STOKES ITERATION           1
FlowSolve: -------------------------------------
FlowSolve: 
FlowSolve: Starting Assembly...
FlowSolve: Assembly:
FlowSolve: Assembly done
FlowSolve: Dirichlet conditions done
      10 0.1860E-09 0.1860E-09
BiCGStabl:       11 0.1821E-10 0.1821E-10
ComputeChange: NS (ITER=1) (NRM,RELC): ( 0.27527907E-03 0.15594982E-03 ) :: navier-stokes
FlowSolve: iter:    1 Assembly: (s)    0.01    0.01
FlowSolve: iter:    1 Solve:    (s)    0.01    0.01
FlowSolve:  Result Norm     :    2.7527907381018563E-004
FlowSolve:  Relative Change :    1.5594982169841868E-004
ComputeChange: SS (ITER=13) (NRM,RELC): ( 0.27524469E-03 0.31041216E-04 ) :: navier-stokes
SolveEquations: -------------------------------------
SolveEquations:  Coupled system iteration:           14
SolveEquations: -------------------------------------
HeatSolver: ------------------------------------------------
HeatSolver: Solving energy equation for temperature
HeatSolver: Heat solver iteration: 1
IterSolver: "Linear System GCR Restart" not given, setting it to 200
   gcr:    10  0.1481E-07  0.1865E-07
ComputeChange: NS (ITER=1) (NRM,RELC): (  294.97137     0.57197159E-06 ) :: heat equation
ComputeChange: SS (ITER=14) (NRM,RELC): (  294.97150     0.11439793E-06 ) :: heat equation
FlowSolve: 
FlowSolve: 
FlowSolve: -------------------------------------
FlowSolve:  NAVIER-STOKES ITERATION           1
FlowSolve: -------------------------------------
FlowSolve: 
FlowSolve: Starting Assembly...
FlowSolve: Assembly:
FlowSolve: Assembly done
FlowSolve: Dirichlet conditions done
      10 0.2124E-09 0.2124E-09
BiCGStabl:       11 0.3435E-10 0.3435E-10
ComputeChange: NS (ITER=1) (NRM,RELC): ( 0.27524992E-03 0.18987434E-04 ) :: navier-stokes
FlowSolve: iter:    1 Assembly: (s)    0.01    0.01
FlowSolve: iter:    1 Solve:    (s)    0.01    0.01
FlowSolve:  Result Norm     :    2.7524991747219775E-004
FlowSolve:  Relative Change :    1.8987433603504840E-005
ComputeChange: SS (ITER=14) (NRM,RELC): ( 0.27524571E-03 0.36936755E-05 ) :: navier-stokes
SolveEquations: -------------------------------------
SolveEquations:  Coupled system iteration:           15
SolveEquations: -------------------------------------
HeatSolver: ------------------------------------------------
HeatSolver: Solving energy equation for temperature
HeatSolver: Heat solver iteration: 1
IterSolver: "Linear System GCR Restart" not given, setting it to 200
   gcr:    10  0.1344E-07  0.1669E-07
ComputeChange: NS (ITER=1) (NRM,RELC): (  294.97135     0.52123752E-06 ) :: heat equation
ComputeChange: SS (ITER=15) (NRM,RELC): (  294.97147     0.10425036E-06 ) :: heat equation
FlowSolve: 
FlowSolve: 
FlowSolve: -------------------------------------
FlowSolve:  NAVIER-STOKES ITERATION           1
FlowSolve: -------------------------------------
FlowSolve: 
FlowSolve: Starting Assembly...
FlowSolve: Assembly:
FlowSolve: Assembly done
FlowSolve: Dirichlet conditions done
BiCGStabl:        9 0.6175E-10 0.6175E-10
ComputeChange: NS (ITER=1) (NRM,RELC): ( 0.27521309E-03 0.11850248E-03 ) :: navier-stokes
FlowSolve: iter:    1 Assembly: (s)    0.01    0.01
FlowSolve: iter:    1 Solve:    (s)    0.00    0.00
FlowSolve:  Result Norm     :    2.7521309253353016E-004
FlowSolve:  Relative Change :    1.1850247528022205E-004
ComputeChange: SS (ITER=15) (NRM,RELC): ( 0.27523916E-03 0.23772536E-04 ) :: navier-stokes
SolveEquations: -------------------------------------
SolveEquations:  Coupled system iteration:           16
SolveEquations: -------------------------------------
HeatSolver: ------------------------------------------------
HeatSolver: Solving energy equation for temperature
HeatSolver: Heat solver iteration: 1
IterSolver: "Linear System GCR Restart" not given, setting it to 200
   gcr:    10  0.1222E-07  0.1491E-07
ComputeChange: NS (ITER=1) (NRM,RELC): (  294.97133     0.46947304E-06 ) :: heat equation
ComputeChange: SS (ITER=16) (NRM,RELC): (  294.97145     0.93896832E-07 ) :: heat equation
FlowSolve: 
FlowSolve: 
FlowSolve: -------------------------------------
FlowSolve:  NAVIER-STOKES ITERATION           1
FlowSolve: -------------------------------------
FlowSolve: 
FlowSolve: Starting Assembly...
FlowSolve: Assembly:
FlowSolve: Assembly done
FlowSolve: Dirichlet conditions done
      10 0.6133E-10 0.6133E-10
BiCGStabl:       10 0.6133E-10 0.6133E-10
ComputeChange: NS (ITER=1) (NRM,RELC): ( 0.27517256E-03 0.24202851E-03 ) :: navier-stokes
FlowSolve: iter:    1 Assembly: (s)    0.01    0.01
FlowSolve: iter:    1 Solve:    (s)    0.01    0.01
FlowSolve:  Result Norm     :    2.7517255702222117E-004
FlowSolve:  Relative Change :    2.4202851485074836E-004
ComputeChange: SS (ITER=16) (NRM,RELC): ( 0.27522583E-03 0.48456665E-04 ) :: navier-stokes
SolveEquations: -------------------------------------
SolveEquations:  Coupled system iteration:           17
SolveEquations: -------------------------------------
HeatSolver: ------------------------------------------------
HeatSolver: Solving energy equation for temperature
HeatSolver: Heat solver iteration: 1
IterSolver: "Linear System GCR Restart" not given, setting it to 200
   gcr:    10  0.1110E-07  0.1330E-07
ComputeChange: NS (ITER=1) (NRM,RELC): (  294.97132     0.41765813E-06 ) :: heat equation
ComputeChange: SS (ITER=17) (NRM,RELC): (  294.97142     0.83533325E-07 ) :: heat equation
FlowSolve: 
FlowSolve: 
FlowSolve: -------------------------------------
FlowSolve:  NAVIER-STOKES ITERATION           1
FlowSolve: -------------------------------------
FlowSolve: 
FlowSolve: Starting Assembly...
FlowSolve: Assembly:
FlowSolve: Assembly done
FlowSolve: Dirichlet conditions done
      10 0.5338E-10 0.5338E-10
BiCGStabl:       10 0.5338E-10 0.5338E-10
ComputeChange: NS (ITER=1) (NRM,RELC): ( 0.27513168E-03 0.34212020E-03 ) :: navier-stokes
FlowSolve: iter:    1 Assembly: (s)    0.01    0.01
FlowSolve: iter:    1 Solve:    (s)    0.01    0.01
FlowSolve:  Result Norm     :    2.7513168362924188E-004
FlowSolve:  Relative Change :    3.4212019642314431E-004
ComputeChange: SS (ITER=17) (NRM,RELC): ( 0.27520699E-03 0.68461543E-04 ) :: navier-stokes
SolveEquations: -------------------------------------
SolveEquations:  Coupled system iteration:           18
SolveEquations: -------------------------------------
HeatSolver: ------------------------------------------------
HeatSolver: Solving energy equation for temperature
HeatSolver: Heat solver iteration: 1
IterSolver: "Linear System GCR Restart" not given, setting it to 200
   gcr:    10  0.1005E-07  0.1186E-07
ComputeChange: NS (ITER=1) (NRM,RELC): (  294.97131     0.36683968E-06 ) :: heat equation
ComputeChange: SS (ITER=18) (NRM,RELC): (  294.97140     0.73369208E-07 ) :: heat equation
FlowSolve: 
FlowSolve: 
FlowSolve: -------------------------------------
FlowSolve:  NAVIER-STOKES ITERATION           1
FlowSolve: -------------------------------------
FlowSolve: 
FlowSolve: Starting Assembly...
FlowSolve: Assembly:
FlowSolve: Assembly done
FlowSolve: Dirichlet conditions done
      10 0.2385E-10 0.2385E-10
BiCGStabl:       10 0.2385E-10 0.2385E-10
ComputeChange: NS (ITER=1) (NRM,RELC): ( 0.27509316E-03 0.41370517E-03 ) :: navier-stokes
FlowSolve: iter:    1 Assembly: (s)    0.01    0.01
FlowSolve: iter:    1 Solve:    (s)    0.01    0.01
FlowSolve:  Result Norm     :    2.7509315509185376E-004
FlowSolve:  Relative Change :    4.1370517229314665E-004
ComputeChange: SS (ITER=18) (NRM,RELC): ( 0.27518421E-03 0.82769914E-04 ) :: navier-stokes
SolveEquations: -------------------------------------
SolveEquations:  Coupled system iteration:           19
SolveEquations: -------------------------------------
HeatSolver: ------------------------------------------------
HeatSolver: Solving energy equation for temperature
HeatSolver: Heat solver iteration: 1
IterSolver: "Linear System GCR Restart" not given, setting it to 200
   gcr:    10  0.9063E-08  0.1058E-07
ComputeChange: NS (ITER=1) (NRM,RELC): (  294.97131     0.30150247E-06 ) :: heat equation
ComputeChange: SS (ITER=19) (NRM,RELC): (  294.97138     0.60301426E-07 ) :: heat equation
FlowSolve: 
FlowSolve: 
FlowSolve: -------------------------------------
FlowSolve:  NAVIER-STOKES ITERATION           1
FlowSolve: -------------------------------------
FlowSolve: 
FlowSolve: Starting Assembly...
FlowSolve: Assembly:
FlowSolve: Assembly done
FlowSolve: Dirichlet conditions done
BiCGStabl:       10 0.7870E-10 0.7870E-10
ComputeChange: NS (ITER=1) (NRM,RELC): ( 0.27505910E-03 0.45474217E-03 ) :: navier-stokes
FlowSolve: iter:    1 Assembly: (s)    0.01    0.01
FlowSolve: iter:    1 Solve:    (s)    0.01    0.01
FlowSolve:  Result Norm     :    2.7505909876668176E-004
FlowSolve:  Relative Change :    4.5474216594428799E-004
ComputeChange: SS (ITER=19) (NRM,RELC): ( 0.27515918E-03 0.90971436E-04 ) :: navier-stokes
SolveEquations: -------------------------------------
SolveEquations:  Coupled system iteration:           20
SolveEquations: -------------------------------------
HeatSolver: ------------------------------------------------
HeatSolver: Solving energy equation for temperature
HeatSolver: Heat solver iteration: 1
IterSolver: "Linear System GCR Restart" not given, setting it to 200
   gcr:    10  0.8136E-08  0.9463E-08
ComputeChange: NS (ITER=1) (NRM,RELC): (  294.97130     0.25977939E-06 ) :: heat equation
ComputeChange: SS (ITER=20) (NRM,RELC): (  294.97137     0.51956549E-07 ) :: heat equation
FlowSolve: 
FlowSolve: 
FlowSolve: -------------------------------------
FlowSolve:  NAVIER-STOKES ITERATION           1
FlowSolve: -------------------------------------
FlowSolve: 
FlowSolve: Starting Assembly...
FlowSolve: Assembly:
FlowSolve: Assembly done
FlowSolve: Dirichlet conditions done
BiCGStabl:       10 0.7456E-10 0.7456E-10
ComputeChange: NS (ITER=1) (NRM,RELC): ( 0.27503059E-03 0.46741992E-03 ) :: navier-stokes
FlowSolve: iter:    1 Assembly: (s)    0.01    0.01
FlowSolve: iter:    1 Solve:    (s)    0.01    0.01
FlowSolve:  Result Norm     :    2.7503059058995460E-004
FlowSolve:  Relative Change :    4.6741992381791643E-004
ComputeChange: SS (ITER=20) (NRM,RELC): ( 0.27513345E-03 0.93502509E-04 ) :: navier-stokes
SolveEquations: -------------------------------------
SolveEquations:  Coupled system iteration:           21
SolveEquations: -------------------------------------
HeatSolver: ------------------------------------------------
HeatSolver: Solving energy equation for temperature
HeatSolver: Heat solver iteration: 1
IterSolver: "Linear System GCR Restart" not given, setting it to 200
   gcr:    10  0.7240E-08  0.8437E-08
ComputeChange: NS (ITER=1) (NRM,RELC): (  294.97130     0.22110166E-06 ) :: heat equation
ComputeChange: SS (ITER=21) (NRM,RELC): (  294.97135     0.44220809E-07 ) :: heat equation
FlowSolve: 
FlowSolve: 
FlowSolve: -------------------------------------
FlowSolve:  NAVIER-STOKES ITERATION           1
FlowSolve: -------------------------------------
FlowSolve: 
FlowSolve: Starting Assembly...
FlowSolve: Assembly:
FlowSolve: Assembly done
FlowSolve: Dirichlet conditions done
BiCGStabl:       10 0.6270E-10 0.6270E-10
ComputeChange: NS (ITER=1) (NRM,RELC): ( 0.27500828E-03 0.45505659E-03 ) :: navier-stokes
FlowSolve: iter:    1 Assembly: (s)    0.01    0.01
FlowSolve: iter:    1 Solve:    (s)    0.01    0.01
FlowSolve:  Result Norm     :    2.7500827574002590E-004
FlowSolve:  Relative Change :    4.5505659095692821E-004
ComputeChange: SS (ITER=21) (NRM,RELC): ( 0.27510841E-03 0.91026073E-04 ) :: navier-stokes
SolveEquations: -------------------------------------
SolveEquations:  Coupled system iteration:           22
SolveEquations: -------------------------------------
HeatSolver: ------------------------------------------------
HeatSolver: Solving energy equation for temperature
HeatSolver: Heat solver iteration: 1
IterSolver: "Linear System GCR Restart" not given, setting it to 200
ComputeChange: NS (ITER=1) (NRM,RELC): (  294.97130     0.17554914E-06 ) :: heat equation
ComputeChange: SS (ITER=22) (NRM,RELC): (  294.97134     0.35110160E-07 ) :: heat equation
FlowSolve: 
FlowSolve: 
FlowSolve: -------------------------------------
FlowSolve:  NAVIER-STOKES ITERATION           1
FlowSolve: -------------------------------------
FlowSolve: 
FlowSolve: Starting Assembly...
FlowSolve: Assembly:
FlowSolve: Assembly done
FlowSolve: Dirichlet conditions done
BiCGStabl:       10 0.8677E-10 0.8677E-10
ComputeChange: NS (ITER=1) (NRM,RELC): ( 0.27499242E-03 0.42168204E-03 ) :: navier-stokes
FlowSolve: iter:    1 Assembly: (s)    0.01    0.01
FlowSolve: iter:    1 Solve:    (s)    0.01    0.01
FlowSolve:  Result Norm     :    2.7499242155121879E-004
FlowSolve:  Relative Change :    4.2168204214194558E-004
ComputeChange: SS (ITER=22) (NRM,RELC): ( 0.27508520E-03 0.84347852E-04 ) :: navier-stokes
SolveEquations: -------------------------------------
SolveEquations:  Coupled system iteration:           23
SolveEquations: -------------------------------------
HeatSolver: ------------------------------------------------
HeatSolver: Solving energy equation for temperature
HeatSolver: Heat solver iteration: 1
IterSolver: "Linear System GCR Restart" not given, setting it to 200
ComputeChange: NS (ITER=1) (NRM,RELC): (  294.97130     0.14716319E-06 ) :: heat equation
ComputeChange: SS (ITER=23) (NRM,RELC): (  294.97133     0.29432872E-07 ) :: heat equation
FlowSolve: 
FlowSolve: 
FlowSolve: -------------------------------------
FlowSolve:  NAVIER-STOKES ITERATION           1
FlowSolve: -------------------------------------
FlowSolve: 
FlowSolve: Starting Assembly...
FlowSolve: Assembly:
FlowSolve: Assembly done
FlowSolve: Dirichlet conditions done
      10 0.3639E-10 0.3639E-10
BiCGStabl:       10 0.3639E-10 0.3639E-10
ComputeChange: NS (ITER=1) (NRM,RELC): ( 0.27498255E-03 0.37324264E-03 ) :: navier-stokes
FlowSolve: iter:    1 Assembly: (s)    0.01    0.01
FlowSolve: iter:    1 Solve:    (s)    0.01    0.01
FlowSolve:  Result Norm     :    2.7498254717626350E-004
FlowSolve:  Relative Change :    3.7324264379028993E-004
ComputeChange: SS (ITER=23) (NRM,RELC): ( 0.27506467E-03 0.74657115E-04 ) :: navier-stokes
SolveEquations: -------------------------------------
SolveEquations:  Coupled system iteration:           24
SolveEquations: -------------------------------------
HeatSolver: ------------------------------------------------
HeatSolver: Solving energy equation for temperature
HeatSolver: Heat solver iteration: 1
IterSolver: "Linear System GCR Restart" not given, setting it to 200
ComputeChange: NS (ITER=1) (NRM,RELC): (  294.97130     0.12200585E-06 ) :: heat equation
ComputeChange: SS (ITER=24) (NRM,RELC): (  294.97133     0.24401336E-07 ) :: heat equation
FlowSolve: 
FlowSolve: 
FlowSolve: -------------------------------------
FlowSolve:  NAVIER-STOKES ITERATION           1
FlowSolve: -------------------------------------
FlowSolve: 
FlowSolve: Starting Assembly...
FlowSolve: Assembly:
FlowSolve: Assembly done
FlowSolve: Dirichlet conditions done
      10 0.1907E-10 0.1907E-10
BiCGStabl:       10 0.1907E-10 0.1907E-10
ComputeChange: NS (ITER=1) (NRM,RELC): ( 0.27497804E-03 0.31496668E-03 ) :: navier-stokes
FlowSolve: iter:    1 Assembly: (s)    0.01    0.01
FlowSolve: iter:    1 Solve:    (s)    0.01    0.01
FlowSolve:  Result Norm     :    2.7497804268199959E-004
FlowSolve:  Relative Change :    3.1496668296887418E-004
ComputeChange: SS (ITER=24) (NRM,RELC): ( 0.27504734E-03 0.62999583E-04 ) :: navier-stokes
SolveEquations: -------------------------------------
SolveEquations:  Coupled system iteration:           25
SolveEquations: -------------------------------------
HeatSolver: ------------------------------------------------
HeatSolver: Solving energy equation for temperature
HeatSolver: Heat solver iteration: 1
IterSolver: "Linear System GCR Restart" not given, setting it to 200
ComputeChange: NS (ITER=1) (NRM,RELC): (  294.97130     0.10002162E-06 ) :: heat equation
ComputeChange: SS (ITER=25) (NRM,RELC): (  294.97132     0.20004443E-07 ) :: heat equation
FlowSolve: 
FlowSolve: 
FlowSolve: -------------------------------------
FlowSolve:  NAVIER-STOKES ITERATION           1
FlowSolve: -------------------------------------
FlowSolve: 
FlowSolve: Starting Assembly...
FlowSolve: Assembly:
FlowSolve: Assembly done
FlowSolve: Dirichlet conditions done
      10 0.1258E-10 0.1258E-10
BiCGStabl:       10 0.1258E-10 0.1258E-10
ComputeChange: NS (ITER=1) (NRM,RELC): ( 0.27497810E-03 0.25176289E-03 ) :: navier-stokes
FlowSolve: iter:    1 Assembly: (s)    0.01    0.01
FlowSolve: iter:    1 Solve:    (s)    0.01    0.01
FlowSolve:  Result Norm     :    2.7497809883663749E-004
FlowSolve:  Relative Change :    2.5176288595970614E-004
ComputeChange: SS (ITER=25) (NRM,RELC): ( 0.27503349E-03 0.50357046E-04 ) :: navier-stokes
SolveEquations: -------------------------------------
SolveEquations:  Coupled system iteration:           26
SolveEquations: -------------------------------------
HeatSolver: ------------------------------------------------
HeatSolver: Solving energy equation for temperature
HeatSolver: Heat solver iteration: 1
IterSolver: "Linear System GCR Restart" not given, setting it to 200
ComputeChange: NS (ITER=1) (NRM,RELC): (  294.97130     0.77435249E-07 ) :: heat equation
ComputeChange: SS (ITER=26) (NRM,RELC): (  294.97132     0.15487136E-07 ) :: heat equation
FlowSolve: 
FlowSolve: 
FlowSolve: -------------------------------------
FlowSolve:  NAVIER-STOKES ITERATION           1
FlowSolve: -------------------------------------
FlowSolve: 
FlowSolve: Starting Assembly...
FlowSolve: Assembly:
FlowSolve: Assembly done
FlowSolve: Dirichlet conditions done
BiCGStabl:       10 0.9476E-10 0.9476E-10
ComputeChange: NS (ITER=1) (NRM,RELC): ( 0.27498168E-03 0.18839994E-03 ) :: navier-stokes
FlowSolve: iter:    1 Assembly: (s)    0.01    0.01
FlowSolve: iter:    1 Solve:    (s)    0.01    0.01
FlowSolve:  Result Norm     :    2.7498167519704496E-004
FlowSolve:  Relative Change :    1.8839994258799275E-004
ComputeChange: SS (ITER=26) (NRM,RELC): ( 0.27502312E-03 0.37683220E-04 ) :: navier-stokes
SolveEquations: -------------------------------------
SolveEquations:  Coupled system iteration:           27
SolveEquations: -------------------------------------
HeatSolver: ------------------------------------------------
HeatSolver: Solving energy equation for temperature
HeatSolver: Heat solver iteration: 1
IterSolver: "Linear System GCR Restart" not given, setting it to 200
ComputeChange: NS (ITER=1) (NRM,RELC): (  294.97130     0.62763721E-07 ) :: heat equation
ComputeChange: SS (ITER=27) (NRM,RELC): (  294.97131     0.12552808E-07 ) :: heat equation
FlowSolve: 
FlowSolve: 
FlowSolve: -------------------------------------
FlowSolve:  NAVIER-STOKES ITERATION           1
FlowSolve: -------------------------------------
FlowSolve: 
FlowSolve: Starting Assembly...
FlowSolve: Assembly:
FlowSolve: Assembly done
FlowSolve: Dirichlet conditions done
BiCGStabl:       10 0.7885E-10 0.7885E-10
ComputeChange: NS (ITER=1) (NRM,RELC): ( 0.27498797E-03 0.12782471E-03 ) :: navier-stokes
FlowSolve: iter:    1 Assembly: (s)    0.01    0.01
FlowSolve: iter:    1 Solve:    (s)    0.01    0.01
FlowSolve:  Result Norm     :    2.7498797015266884E-004
FlowSolve:  Relative Change :    1.2782471207208398E-004
ComputeChange: SS (ITER=27) (NRM,RELC): ( 0.27501609E-03 0.25567410E-04 ) :: navier-stokes
SolveEquations: -------------------------------------
SolveEquations:  Coupled system iteration:           28
SolveEquations: -------------------------------------
HeatSolver: ------------------------------------------------
HeatSolver: Solving energy equation for temperature
HeatSolver: Heat solver iteration: 1
IterSolver: "Linear System GCR Restart" not given, setting it to 200
ComputeChange: NS (ITER=1) (NRM,RELC): (  294.97130     0.49042312E-07 ) :: heat equation
ComputeChange: SS (ITER=28) (NRM,RELC): (  294.97131     0.98085095E-08 ) :: heat equation
FlowSolve: 
FlowSolve: 
FlowSolve: -------------------------------------
FlowSolve:  NAVIER-STOKES ITERATION           1
FlowSolve: -------------------------------------
FlowSolve: 
FlowSolve: Starting Assembly...
FlowSolve: Assembly:
FlowSolve: Assembly done
FlowSolve: Dirichlet conditions done
BiCGStabl:       10 0.9117E-10 0.9117E-10
ComputeChange: NS (ITER=1) (NRM,RELC): ( 0.27499554E-03 0.74731970E-04 ) :: navier-stokes
FlowSolve: iter:    1 Assembly: (s)    0.01    0.01
FlowSolve: iter:    1 Solve:    (s)    0.01    0.01
FlowSolve:  Result Norm     :    2.7499553939208541E-004
FlowSolve:  Relative Change :    7.4731969617488879E-005
ComputeChange: SS (ITER=28) (NRM,RELC): ( 0.27501198E-03 0.14948450E-04 ) :: navier-stokes
SolveEquations: -------------------------------------
SolveEquations:  Coupled system iteration:           29
SolveEquations: -------------------------------------
HeatSolver: ------------------------------------------------
HeatSolver: Solving energy equation for temperature
HeatSolver: Heat solver iteration: 1
IterSolver: "Linear System GCR Restart" not given, setting it to 200
ComputeChange: NS (ITER=1) (NRM,RELC): (  294.97130     0.39045909E-07 ) :: heat equation
ComputeChange: SS (ITER=29) (NRM,RELC): (  294.97131     0.78092168E-08 ) :: heat equation
FlowSolve: 
FlowSolve: 
FlowSolve: -------------------------------------
FlowSolve:  NAVIER-STOKES ITERATION           1
FlowSolve: -------------------------------------
FlowSolve: 
FlowSolve: Starting Assembly...
FlowSolve: Assembly:
FlowSolve: Assembly done
FlowSolve: Dirichlet conditions done
      10 0.6847E-10 0.6847E-10
BiCGStabl:       10 0.6847E-10 0.6847E-10
ComputeChange: NS (ITER=1) (NRM,RELC): ( 0.27500431E-03 0.27902641E-04 ) :: navier-stokes
FlowSolve: iter:    1 Assembly: (s)    0.01    0.01
FlowSolve: iter:    1 Solve:    (s)    0.01    0.01
FlowSolve:  Result Norm     :    2.7500430663107987E-004
FlowSolve:  Relative Change :    2.7902641210379499E-005
ComputeChange: SS (ITER=29) (NRM,RELC): ( 0.27501044E-03 0.55824114E-05 ) :: navier-stokes
SolveEquations: -------------------------------------
SolveEquations:  Coupled system iteration:           30
SolveEquations: -------------------------------------
HeatSolver: ------------------------------------------------
HeatSolver: Solving energy equation for temperature
HeatSolver: Heat solver iteration: 1
IterSolver: "Linear System GCR Restart" not given, setting it to 200
ComputeChange: NS (ITER=1) (NRM,RELC): (  294.97130     0.30981278E-07 ) :: heat equation
ComputeChange: SS (ITER=30) (NRM,RELC): (  294.97131     0.61962814E-08 ) :: heat equation
FlowSolve: 
FlowSolve: 
FlowSolve: -------------------------------------
FlowSolve:  NAVIER-STOKES ITERATION           1
FlowSolve: -------------------------------------
FlowSolve: 
FlowSolve: Starting Assembly...
FlowSolve: Assembly:
FlowSolve: Assembly done
FlowSolve: Dirichlet conditions done
      10 0.5589E-09 0.5589E-09
BiCGStabl:       11 0.1052E-10 0.1052E-10
ComputeChange: NS (ITER=1) (NRM,RELC): ( 0.27501354E-03 0.11272698E-04 ) :: navier-stokes
FlowSolve: iter:    1 Assembly: (s)    0.01    0.01
FlowSolve: iter:    1 Solve:    (s)    0.01    0.01
FlowSolve:  Result Norm     :    2.7501354498603455E-004
FlowSolve:  Relative Change :    1.1272697825299959E-005
ComputeChange: SS (ITER=30) (NRM,RELC): ( 0.27501106E-03 0.22527136E-05 ) :: navier-stokes
SolveEquations: -------------------------------------
SolveEquations:  Coupled system iteration:           31
SolveEquations: -------------------------------------
HeatSolver: ------------------------------------------------
HeatSolver: Solving energy equation for temperature
HeatSolver: Heat solver iteration: 1
IterSolver: "Linear System GCR Restart" not given, setting it to 200
ComputeChange: NS (ITER=1) (NRM,RELC): (  294.97130     0.21200110E-07 ) :: heat equation
ComputeChange: SS (ITER=31) (NRM,RELC): (  294.97130     0.42400397E-08 ) :: heat equation
FlowSolve: 
FlowSolve: 
FlowSolve: -------------------------------------
FlowSolve:  NAVIER-STOKES ITERATION           1
FlowSolve: -------------------------------------
FlowSolve: 
FlowSolve: Starting Assembly...
FlowSolve: Assembly:
FlowSolve: Assembly done
FlowSolve: Dirichlet conditions done
      10 0.5947E-10 0.5947E-10
BiCGStabl:       10 0.5947E-10 0.5947E-10
ComputeChange: NS (ITER=1) (NRM,RELC): ( 0.27502204E-03 0.39894262E-04 ) :: navier-stokes
FlowSolve: iter:    1 Assembly: (s)    0.01    0.01
FlowSolve: iter:    1 Solve:    (s)    0.01    0.01
FlowSolve:  Result Norm     :    2.7502203596167877E-004
FlowSolve:  Relative Change :    3.9894261977547980E-005
ComputeChange: SS (ITER=31) (NRM,RELC): ( 0.27501326E-03 0.79770477E-05 ) :: navier-stokes
SolveEquations: -------------------------------------
SolveEquations:  Coupled system iteration:           32
SolveEquations: -------------------------------------
HeatSolver: ------------------------------------------------
HeatSolver: Solving energy equation for temperature
HeatSolver: Heat solver iteration: 1
IterSolver: "Linear System GCR Restart" not given, setting it to 200
ComputeChange: NS (ITER=1) (NRM,RELC): (  294.97130     0.17131590E-07 ) :: heat equation
ComputeChange: SS (ITER=32) (NRM,RELC): (  294.97130     0.34263312E-08 ) :: heat equation
FlowSolve: 
FlowSolve: 
FlowSolve: -------------------------------------
FlowSolve:  NAVIER-STOKES ITERATION           1
FlowSolve: -------------------------------------
FlowSolve: 
FlowSolve: Starting Assembly...
FlowSolve: Assembly:
FlowSolve: Assembly done
FlowSolve: Dirichlet conditions done
BiCGStabl:       10 0.9033E-10 0.9033E-10
ComputeChange: NS (ITER=1) (NRM,RELC): ( 0.27503009E-03 0.61194877E-04 ) :: navier-stokes
FlowSolve: iter:    1 Assembly: (s)    0.01    0.01
FlowSolve: iter:    1 Solve:    (s)    0.01    0.01
FlowSolve:  Result Norm     :    2.7503008808205288E-004
FlowSolve:  Relative Change :    6.1194877350876530E-005
ComputeChange: SS (ITER=32) (NRM,RELC): ( 0.27501662E-03 0.12237226E-04 ) :: navier-stokes
SolveEquations: -------------------------------------
SolveEquations:  Coupled system iteration:           33
SolveEquations: -------------------------------------
HeatSolver: ------------------------------------------------
HeatSolver: Solving energy equation for temperature
HeatSolver: Heat solver iteration: 1
IterSolver: "Linear System GCR Restart" not given, setting it to 200
ComputeChange: NS (ITER=1) (NRM,RELC): (  294.97130     0.14271179E-07 ) :: heat equation
ComputeChange: SS (ITER=33) (NRM,RELC): (  294.97130     0.28542464E-08 ) :: heat equation
FlowSolve: 
FlowSolve: 
FlowSolve: -------------------------------------
FlowSolve:  NAVIER-STOKES ITERATION           1
FlowSolve: -------------------------------------
FlowSolve: 
FlowSolve: Starting Assembly...
FlowSolve: Assembly:
FlowSolve: Assembly done
FlowSolve: Dirichlet conditions done
BiCGStabl:       10 0.8638E-10 0.8638E-10
ComputeChange: NS (ITER=1) (NRM,RELC): ( 0.27503733E-03 0.75290280E-04 ) :: navier-stokes
FlowSolve: iter:    1 Assembly: (s)    0.01    0.01
FlowSolve: iter:    1 Solve:    (s)    0.01    0.01
FlowSolve:  Result Norm     :    2.7503733044250198E-004
FlowSolve:  Relative Change :    7.5290279624192852E-005
ComputeChange: SS (ITER=33) (NRM,RELC): ( 0.27502076E-03 0.15056421E-04 ) :: navier-stokes
SolveEquations: -------------------------------------
SolveEquations:  Coupled system iteration:           34
SolveEquations: -------------------------------------
HeatSolver: ------------------------------------------------
HeatSolver: Solving energy equation for temperature
HeatSolver: Heat solver iteration: 1
IterSolver: "Linear System GCR Restart" not given, setting it to 200
ComputeChange: NS (ITER=1) (NRM,RELC): (  294.97130     0.12296660E-07 ) :: heat equation
ComputeChange: SS (ITER=34) (NRM,RELC): (  294.97130     0.24593387E-08 ) :: heat equation
FlowSolve: 
FlowSolve: 
FlowSolve: -------------------------------------
FlowSolve:  NAVIER-STOKES ITERATION           1
FlowSolve: -------------------------------------
FlowSolve: 
FlowSolve: Starting Assembly...
FlowSolve: Assembly:
FlowSolve: Assembly done
FlowSolve: Dirichlet conditions done
BiCGStabl:       10 0.8590E-10 0.8590E-10
ComputeChange: NS (ITER=1) (NRM,RELC): ( 0.27504352E-03 0.82731765E-04 ) :: navier-stokes
FlowSolve: iter:    1 Assembly: (s)    0.01    0.01
FlowSolve: iter:    1 Solve:    (s)    0.01    0.01
FlowSolve:  Result Norm     :    2.7504351827608821E-004
FlowSolve:  Relative Change :    8.2731764945981779E-005
ComputeChange: SS (ITER=34) (NRM,RELC): ( 0.27502531E-03 0.16544890E-04 ) :: navier-stokes
SolveEquations: -------------------------------------
SolveEquations:  Coupled system iteration:           35
SolveEquations: -------------------------------------
HeatSolver: ------------------------------------------------
HeatSolver: Solving energy equation for temperature
HeatSolver: Heat solver iteration: 1
IterSolver: "Linear System GCR Restart" not given, setting it to 200
ComputeChange: NS (ITER=1) (NRM,RELC): (  294.97130     0.10928785E-07 ) :: heat equation
ComputeChange: SS (ITER=35) (NRM,RELC): (  294.97130     0.21857627E-08 ) :: heat equation
FlowSolve: 
FlowSolve: 
FlowSolve: -------------------------------------
FlowSolve:  NAVIER-STOKES ITERATION           1
FlowSolve: -------------------------------------
FlowSolve: 
FlowSolve: Starting Assembly...
FlowSolve: Assembly:
FlowSolve: Assembly done
FlowSolve: Dirichlet conditions done
BiCGStabl:       10 0.7494E-10 0.7494E-10
ComputeChange: NS (ITER=1) (NRM,RELC): ( 0.27504852E-03 0.84366169E-04 ) :: navier-stokes
FlowSolve: iter:    1 Assembly: (s)    0.01    0.01
FlowSolve: iter:    1 Solve:    (s)    0.01    0.01
FlowSolve:  Result Norm     :    2.7504851841833269E-004
FlowSolve:  Relative Change :    8.4366168651630596E-005
ComputeChange: SS (ITER=35) (NRM,RELC): ( 0.27502995E-03 0.16871984E-04 ) :: navier-stokes
SolveEquations: -------------------------------------
SolveEquations:  Coupled system iteration:           36
SolveEquations: -------------------------------------
HeatSolver: ------------------------------------------------
HeatSolver: Solving energy equation for temperature
HeatSolver: Heat solver iteration: 1
IterSolver: "Linear System GCR Restart" not given, setting it to 200
ComputeChange: NS (ITER=1) (NRM,RELC): (  294.97130     0.99743643E-08 ) :: heat equation
ComputeChange: SS (ITER=36) (NRM,RELC): (  294.97130     0.19948770E-08 ) :: heat equation
FlowSolve: 
FlowSolve: 
FlowSolve: -------------------------------------
FlowSolve:  NAVIER-STOKES ITERATION           1
FlowSolve: -------------------------------------
FlowSolve: 
FlowSolve: Starting Assembly...
FlowSolve: Assembly:
FlowSolve: Assembly done
FlowSolve: Dirichlet conditions done
BiCGStabl:       10 0.8257E-10 0.8257E-10
ComputeChange: NS (ITER=1) (NRM,RELC): ( 0.27505230E-03 0.81259431E-04 ) :: navier-stokes
FlowSolve: iter:    1 Assembly: (s)    0.01    0.01
FlowSolve: iter:    1 Solve:    (s)    0.01    0.01
FlowSolve:  Result Norm     :    2.7505230455485721E-004
FlowSolve:  Relative Change :    8.1259430604891956E-005
ComputeChange: SS (ITER=36) (NRM,RELC): ( 0.27503442E-03 0.16250868E-04 ) :: navier-stokes
SolveEquations: -------------------------------------
SolveEquations:  Coupled system iteration:           37
SolveEquations: -------------------------------------
HeatSolver: ------------------------------------------------
HeatSolver: Solving energy equation for temperature
HeatSolver: Heat solver iteration: 1
IterSolver: "Linear System GCR Restart" not given, setting it to 200
ComputeChange: NS (ITER=1) (NRM,RELC): (  294.97130     0.93226845E-08 ) :: heat equation
ComputeChange: SS (ITER=37) (NRM,RELC): (  294.97130     0.18645405E-08 ) :: heat equation
FlowSolve: 
FlowSolve: 
FlowSolve: -------------------------------------
FlowSolve:  NAVIER-STOKES ITERATION           1
FlowSolve: -------------------------------------
FlowSolve: 
FlowSolve: Starting Assembly...
FlowSolve: Assembly:
FlowSolve: Assembly done
FlowSolve: Dirichlet conditions done
      10 0.2569E-10 0.2569E-10
BiCGStabl:       10 0.2569E-10 0.2569E-10
ComputeChange: NS (ITER=1) (NRM,RELC): ( 0.27505496E-03 0.74662052E-04 ) :: navier-stokes
FlowSolve: iter:    1 Assembly: (s)    0.01    0.01
FlowSolve: iter:    1 Solve:    (s)    0.01    0.01
FlowSolve:  Result Norm     :    2.7505495978207928E-004
FlowSolve:  Relative Change :    7.4662051528516274E-005
ComputeChange: SS (ITER=37) (NRM,RELC): ( 0.27503853E-03 0.14931620E-04 ) :: navier-stokes
SolveEquations: -------------------------------------
SolveEquations:  Coupled system iteration:           38
SolveEquations: -------------------------------------
HeatSolver: ------------------------------------------------
HeatSolver: Solving energy equation for temperature
HeatSolver: Heat solver iteration: 1
IterSolver: "Linear System GCR Restart" not given, setting it to 200
ComputeChange: NS (ITER=1) (NRM,RELC): (  294.97130     0.88656637E-08 ) :: heat equation
ComputeChange: SS (ITER=38) (NRM,RELC): (  294.97130     0.17731355E-08 ) :: heat equation
FlowSolve: 
FlowSolve: 
FlowSolve: -------------------------------------
FlowSolve:  NAVIER-STOKES ITERATION           1
FlowSolve: -------------------------------------
FlowSolve: 
FlowSolve: Starting Assembly...
FlowSolve: Assembly:
FlowSolve: Assembly done
FlowSolve: Dirichlet conditions done
      10 0.3183E-10 0.3183E-10
BiCGStabl:       10 0.3183E-10 0.3183E-10
ComputeChange: NS (ITER=1) (NRM,RELC): ( 0.27505664E-03 0.65826495E-04 ) :: navier-stokes
FlowSolve: iter:    1 Assembly: (s)    0.01    0.01
FlowSolve: iter:    1 Solve:    (s)    0.01    0.01
FlowSolve:  Result Norm     :    2.7505663653964074E-004
FlowSolve:  Relative Change :    6.5826495142108537E-005
ComputeChange: SS (ITER=38) (NRM,RELC): ( 0.27504215E-03 0.13164714E-04 ) :: navier-stokes
SolveEquations: -------------------------------------
SolveEquations:  Coupled system iteration:           39
SolveEquations: -------------------------------------
HeatSolver: ------------------------------------------------
HeatSolver: Solving energy equation for temperature
HeatSolver: Heat solver iteration: 1
IterSolver: "Linear System GCR Restart" not given, setting it to 200
ComputeChange: NS (ITER=1) (NRM,RELC): (  294.97130     0.84894892E-08 ) :: heat equation
ComputeChange: SS (ITER=39) (NRM,RELC): (  294.97130     0.16979003E-08 ) :: heat equation
FlowSolve: 
FlowSolve: 
FlowSolve: -------------------------------------
FlowSolve:  NAVIER-STOKES ITERATION           1
FlowSolve: -------------------------------------
FlowSolve: 
FlowSolve: Starting Assembly...
FlowSolve: Assembly:
FlowSolve: Assembly done
FlowSolve: Dirichlet conditions done
      10 0.6969E-10 0.6969E-10
BiCGStabl:       10 0.6969E-10 0.6969E-10
ComputeChange: NS (ITER=1) (NRM,RELC): ( 0.27505749E-03 0.55765197E-04 ) :: navier-stokes
FlowSolve: iter:    1 Assembly: (s)    0.01    0.01
FlowSolve: iter:    1 Solve:    (s)    0.01    0.01
FlowSolve:  Result Norm     :    2.7505749015600052E-004
FlowSolve:  Relative Change :    5.5765196863902410E-005
ComputeChange: SS (ITER=39) (NRM,RELC): ( 0.27504522E-03 0.11152627E-04 ) :: navier-stokes
SolveEquations: -------------------------------------
SolveEquations:  Coupled system iteration:           40
SolveEquations: -------------------------------------
HeatSolver: ------------------------------------------------
HeatSolver: Solving energy equation for temperature
HeatSolver: Heat solver iteration: 1
IterSolver: "Linear System GCR Restart" not given, setting it to 200
ComputeChange: NS (ITER=1) (NRM,RELC): (  294.97130     0.62196532E-08 ) :: heat equation
ComputeChange: SS (ITER=40) (NRM,RELC): (  294.97130     0.12439331E-08 ) :: heat equation
FlowSolve: 
FlowSolve: 
FlowSolve: -------------------------------------
FlowSolve:  NAVIER-STOKES ITERATION           1
FlowSolve: -------------------------------------
FlowSolve: 
FlowSolve: Starting Assembly...
FlowSolve: Assembly:
FlowSolve: Assembly done
FlowSolve: Dirichlet conditions done
BiCGStabl:        9 0.7958E-10 0.7958E-10
ComputeChange: NS (ITER=1) (NRM,RELC): ( 0.27505689E-03 0.42433125E-04 ) :: navier-stokes
FlowSolve: iter:    1 Assembly: (s)    0.01    0.01
FlowSolve: iter:    1 Solve:    (s)    0.00    0.00
FlowSolve:  Result Norm     :    2.7505689068407405E-004
FlowSolve:  Relative Change :    4.2433125220320826E-005
ComputeChange: SS (ITER=40) (NRM,RELC): ( 0.27504755E-03 0.84863459E-05 ) :: navier-stokes
SolveEquations: -------------------------------------
SolveEquations:  Coupled system iteration:           41
SolveEquations: -------------------------------------
HeatSolver: ------------------------------------------------
HeatSolver: Solving energy equation for temperature
HeatSolver: Heat solver iteration: 1
IterSolver: "Linear System GCR Restart" not given, setting it to 200
ComputeChange: NS (ITER=1) (NRM,RELC): (  294.97130     0.62339672E-08 ) :: heat equation
ComputeChange: SS (ITER=41) (NRM,RELC): (  294.97130     0.12467944E-08 ) :: heat equation
FlowSolve: 
FlowSolve: 
FlowSolve: -------------------------------------
FlowSolve:  NAVIER-STOKES ITERATION           1
FlowSolve: -------------------------------------
FlowSolve: 
FlowSolve: Starting Assembly...
FlowSolve: Assembly:
FlowSolve: Assembly done
FlowSolve: Dirichlet conditions done
BiCGStabl:        9 0.8674E-10 0.8674E-10
ComputeChange: NS (ITER=1) (NRM,RELC): ( 0.27505592E-03 0.30430859E-04 ) :: navier-stokes
FlowSolve: iter:    1 Assembly: (s)    0.01    0.01
FlowSolve: iter:    1 Solve:    (s)    0.00    0.00
FlowSolve:  Result Norm     :    2.7505592360774309E-004
FlowSolve:  Relative Change :    3.0430859260710038E-005
ComputeChange: SS (ITER=41) (NRM,RELC): ( 0.27504923E-03 0.60859930E-05 ) :: navier-stokes
SolveEquations: -------------------------------------
SolveEquations:  Coupled system iteration:           42
SolveEquations: -------------------------------------
HeatSolver: ------------------------------------------------
HeatSolver: Solving energy equation for temperature
HeatSolver: Heat solver iteration: 1
IterSolver: "Linear System GCR Restart" not given, setting it to 200
ComputeChange: NS (ITER=1) (NRM,RELC): (  294.97130     0.61062406E-08 ) :: heat equation
ComputeChange: SS (ITER=42) (NRM,RELC): (  294.97130     0.12212503E-08 ) :: heat equation
FlowSolve: 
FlowSolve: 
FlowSolve: -------------------------------------
FlowSolve:  NAVIER-STOKES ITERATION           1
FlowSolve: -------------------------------------
FlowSolve: 
FlowSolve: Starting Assembly...
FlowSolve: Assembly:
FlowSolve: Assembly done
FlowSolve: Dirichlet conditions done
BiCGStabl:        9 0.1084E-10 0.1084E-10
ComputeChange: NS (ITER=1) (NRM,RELC): ( 0.27505471E-03 0.19926757E-04 ) :: navier-stokes
FlowSolve: iter:    1 Assembly: (s)    0.01    0.01
FlowSolve: iter:    1 Solve:    (s)    0.01    0.01
FlowSolve:  Result Norm     :    2.7505470838335030E-004
FlowSolve:  Relative Change :    1.9926757136126685E-005
ComputeChange: SS (ITER=42) (NRM,RELC): ( 0.27505032E-03 0.39852428E-05 ) :: navier-stokes
SolveEquations: -------------------------------------
SolveEquations:  Coupled system iteration:           43
SolveEquations: -------------------------------------
HeatSolver: ------------------------------------------------
HeatSolver: Solving energy equation for temperature
HeatSolver: Heat solver iteration: 1
IterSolver: "Linear System GCR Restart" not given, setting it to 200
ComputeChange: NS (ITER=1) (NRM,RELC): (  294.97130     0.58901390E-08 ) :: heat equation
ComputeChange: SS (ITER=43) (NRM,RELC): (  294.97130     0.11780293E-08 ) :: heat equation
FlowSolve: 
FlowSolve: 
FlowSolve: -------------------------------------
FlowSolve:  NAVIER-STOKES ITERATION           1
FlowSolve: -------------------------------------
FlowSolve: 
FlowSolve: Starting Assembly...
FlowSolve: Assembly:
FlowSolve: Assembly done
FlowSolve: Dirichlet conditions done
BiCGStabl:        9 0.2168E-10 0.2168E-10
ComputeChange: NS (ITER=1) (NRM,RELC): ( 0.27505335E-03 0.11015065E-04 ) :: navier-stokes
FlowSolve: iter:    1 Assembly: (s)    0.01    0.01
FlowSolve: iter:    1 Solve:    (s)    0.01    0.01
FlowSolve:  Result Norm     :    2.7505335334352841E-004
FlowSolve:  Relative Change :    1.1015064688004091E-005
ComputeChange: SS (ITER=43) (NRM,RELC): ( 0.27505093E-03 0.22029501E-05 ) :: navier-stokes
SolveEquations: -------------------------------------
SolveEquations:  Coupled system iteration:           44
SolveEquations: -------------------------------------
HeatSolver: ------------------------------------------------
HeatSolver: Solving energy equation for temperature
HeatSolver: Heat solver iteration: 1
IterSolver: "Linear System GCR Restart" not given, setting it to 200
ComputeChange: NS (ITER=1) (NRM,RELC): (  294.97130     0.48931242E-08 ) :: heat equation
ComputeChange: SS (ITER=44) (NRM,RELC): (  294.97130     0.97862596E-09 ) :: heat equation
FlowSolve: 
FlowSolve: 
FlowSolve: -------------------------------------
FlowSolve:  NAVIER-STOKES ITERATION           1
FlowSolve: -------------------------------------
FlowSolve: 
FlowSolve: Starting Assembly...
FlowSolve: Assembly:
FlowSolve: Assembly done
FlowSolve: Dirichlet conditions done
BiCGStabl:        9 0.2759E-10 0.2759E-10
ComputeChange: NS (ITER=1) (NRM,RELC): ( 0.27505120E-03 0.10012942E-05 ) :: navier-stokes
FlowSolve: iter:    1 Assembly: (s)    0.01    0.01
FlowSolve: iter:    1 Solve:    (s)    0.00    0.00
FlowSolve:  Result Norm     :    2.7505120495956685E-004
FlowSolve:  Relative Change :    1.0012941506304801E-006
ComputeChange: SS (ITER=44) (NRM,RELC): ( 0.27505098E-03 0.20022405E-06 ) :: navier-stokes
SolveEquations: -------------------------------------
SolveEquations:  Coupled system iteration:           45
SolveEquations: -------------------------------------
HeatSolver: ------------------------------------------------
HeatSolver: Solving energy equation for temperature
HeatSolver: Heat solver iteration: 1
IterSolver: "Linear System GCR Restart" not given, setting it to 200
ComputeChange: NS (ITER=1) (NRM,RELC): (  294.97130     0.48027597E-08 ) :: heat equation
ComputeChange: SS (ITER=45) (NRM,RELC): (  294.97130     0.96055282E-09 ) :: heat equation
FlowSolve: 
FlowSolve: 
FlowSolve: -------------------------------------
FlowSolve:  NAVIER-STOKES ITERATION           1
FlowSolve: -------------------------------------
FlowSolve: 
FlowSolve: Starting Assembly...
FlowSolve: Assembly:
FlowSolve: Assembly done
FlowSolve: Dirichlet conditions done
BiCGStabl:        9 0.4986E-10 0.4986E-10
ComputeChange: NS (ITER=1) (NRM,RELC): ( 0.27504930E-03 0.61087795E-05 ) :: navier-stokes
FlowSolve: iter:    1 Assembly: (s)    0.01    0.01
FlowSolve: iter:    1 Solve:    (s)    0.00    0.00
FlowSolve:  Result Norm     :    2.7504930440366241E-004
FlowSolve:  Relative Change :    6.1087795468581536E-006
ComputeChange: SS (ITER=45) (NRM,RELC): ( 0.27505065E-03 0.12217741E-05 ) :: navier-stokes
SolveEquations: -------------------------------------
SolveEquations:  Coupled system iteration:           46
SolveEquations: -------------------------------------
HeatSolver: ------------------------------------------------
HeatSolver: Solving energy equation for temperature
HeatSolver: Heat solver iteration: 1
IterSolver: "Linear System GCR Restart" not given, setting it to 200
ComputeChange: NS (ITER=1) (NRM,RELC): (  294.97130     0.45291470E-08 ) :: heat equation
ComputeChange: SS (ITER=46) (NRM,RELC): (  294.97130     0.90582963E-09 ) :: heat equation
FlowSolve: 
FlowSolve: 
FlowSolve: -------------------------------------
FlowSolve:  NAVIER-STOKES ITERATION           1
FlowSolve: -------------------------------------
FlowSolve: 
FlowSolve: Starting Assembly...
FlowSolve: Assembly:
FlowSolve: Assembly done
FlowSolve: Dirichlet conditions done
      10 0.2315E-10 0.2315E-10
BiCGStabl:       10 0.2315E-10 0.2315E-10
ComputeChange: NS (ITER=1) (NRM,RELC): ( 0.27504728E-03 0.12256544E-04 ) :: navier-stokes
FlowSolve: iter:    1 Assembly: (s)    0.01    0.01
FlowSolve: iter:    1 Solve:    (s)    0.01    0.01
FlowSolve:  Result Norm     :    2.7504727742464478E-004
FlowSolve:  Relative Change :    1.2256544114792318E-005
ComputeChange: SS (ITER=46) (NRM,RELC): ( 0.27504997E-03 0.24513166E-05 ) :: navier-stokes
SolveEquations: -------------------------------------
SolveEquations:  Coupled system iteration:           47
SolveEquations: -------------------------------------
HeatSolver: ------------------------------------------------
HeatSolver: Solving energy equation for temperature
HeatSolver: Heat solver iteration: 1
IterSolver: "Linear System GCR Restart" not given, setting it to 200
ComputeChange: NS (ITER=1) (NRM,RELC): (  294.97129     0.42593246E-08 ) :: heat equation
ComputeChange: SS (ITER=47) (NRM,RELC): (  294.97130     0.85186533E-09 ) :: heat equation
FlowSolve: 
FlowSolve: 
FlowSolve: -------------------------------------
FlowSolve:  NAVIER-STOKES ITERATION           1
FlowSolve: -------------------------------------
FlowSolve: 
FlowSolve: Starting Assembly...
FlowSolve: Assembly:
FlowSolve: Assembly done
FlowSolve: Dirichlet conditions done
BiCGStabl:        9 0.4300E-10 0.4300E-10
ComputeChange: NS (ITER=1) (NRM,RELC): ( 0.27504572E-03 0.15483220E-04 ) :: navier-stokes
FlowSolve: iter:    1 Assembly: (s)    0.01    0.01
FlowSolve: iter:    1 Solve:    (s)    0.00    0.00
FlowSolve:  Result Norm     :    2.7504571571267594E-004
FlowSolve:  Relative Change :    1.5483220149680384E-005
ComputeChange: SS (ITER=47) (NRM,RELC): ( 0.27504912E-03 0.30966468E-05 ) :: navier-stokes
SolveEquations: -------------------------------------
SolveEquations:  Coupled system iteration:           48
SolveEquations: -------------------------------------
HeatSolver: ------------------------------------------------
HeatSolver: Solving energy equation for temperature
HeatSolver: Heat solver iteration: 1
IterSolver: "Linear System GCR Restart" not given, setting it to 200
ComputeChange: NS (ITER=1) (NRM,RELC): (  294.97129     0.39546132E-08 ) :: heat equation
ComputeChange: SS (ITER=48) (NRM,RELC): (  294.97130     0.79092307E-09 ) :: heat equation
FlowSolve: 
FlowSolve: 
FlowSolve: -------------------------------------
FlowSolve:  NAVIER-STOKES ITERATION           1
FlowSolve: -------------------------------------
FlowSolve: 
FlowSolve: Starting Assembly...
FlowSolve: Assembly:
FlowSolve: Assembly done
FlowSolve: Dirichlet conditions done
BiCGStabl:        9 0.3045E-10 0.3045E-10
ComputeChange: NS (ITER=1) (NRM,RELC): ( 0.27504464E-03 0.16314451E-04 ) :: navier-stokes
FlowSolve: iter:    1 Assembly: (s)    0.01    0.01
FlowSolve: iter:    1 Solve:    (s)    0.00    0.00
FlowSolve:  Result Norm     :    2.7504463536879588E-004
FlowSolve:  Relative Change :    1.6314451248964837E-005
ComputeChange: SS (ITER=48) (NRM,RELC): ( 0.27504823E-03 0.32628919E-05 ) :: navier-stokes
SolveEquations: -------------------------------------
SolveEquations:  Coupled system iteration:           49
SolveEquations: -------------------------------------
HeatSolver: ------------------------------------------------
HeatSolver: Solving energy equation for temperature
HeatSolver: Heat solver iteration: 1
IterSolver: "Linear System GCR Restart" not given, setting it to 200
ComputeChange: NS (ITER=1) (NRM,RELC): (  294.97129     0.30497469E-08 ) :: heat equation
ComputeChange: SS (ITER=49) (NRM,RELC): (  294.97130     0.60994954E-09 ) :: heat equation
FlowSolve: 
FlowSolve: 
FlowSolve: -------------------------------------
FlowSolve:  NAVIER-STOKES ITERATION           1
FlowSolve: -------------------------------------
FlowSolve: 
FlowSolve: Starting Assembly...
FlowSolve: Assembly:
FlowSolve: Assembly done
FlowSolve: Dirichlet conditions done
BiCGStabl:        9 0.2880E-10 0.2880E-10
ComputeChange: NS (ITER=1) (NRM,RELC): ( 0.27504382E-03 0.16024458E-04 ) :: navier-stokes
FlowSolve: iter:    1 Assembly: (s)    0.01    0.01
FlowSolve: iter:    1 Solve:    (s)    0.00    0.00
FlowSolve:  Result Norm     :    2.7504381769011754E-004
FlowSolve:  Relative Change :    1.6024458225203215E-005
ComputeChange: SS (ITER=49) (NRM,RELC): ( 0.27504734E-03 0.32048925E-05 ) :: navier-stokes
SolveEquations: -------------------------------------
SolveEquations:  Coupled system iteration:           50
SolveEquations: -------------------------------------
HeatSolver: ------------------------------------------------
HeatSolver: Solving energy equation for temperature
HeatSolver: Heat solver iteration: 1
IterSolver: "Linear System GCR Restart" not given, setting it to 200
ComputeChange: NS (ITER=1) (NRM,RELC): (  294.97129     0.28091728E-08 ) :: heat equation
ComputeChange: SS (ITER=50) (NRM,RELC): (  294.97130     0.56183413E-09 ) :: heat equation
FlowSolve: 
FlowSolve: 
FlowSolve: -------------------------------------
FlowSolve:  NAVIER-STOKES ITERATION           1
FlowSolve: -------------------------------------
FlowSolve: 
FlowSolve: Starting Assembly...
FlowSolve: Assembly:
FlowSolve: Assembly done
FlowSolve: Dirichlet conditions done
BiCGStabl:        9 0.2508E-10 0.2508E-10
ComputeChange: NS (ITER=1) (NRM,RELC): ( 0.27504337E-03 0.14461191E-04 ) :: navier-stokes
FlowSolve: iter:    1 Assembly: (s)    0.01    0.01
FlowSolve: iter:    1 Solve:    (s)    0.01    0.01
FlowSolve:  Result Norm     :    2.7504336617159255E-004
FlowSolve:  Relative Change :    1.4461191009002702E-005
ComputeChange: SS (ITER=50) (NRM,RELC): ( 0.27504655E-03 0.28922399E-05 ) :: navier-stokes
SolveEquations: -------------------------------------
SolveEquations:  Coupled system iteration:           51
SolveEquations: -------------------------------------
HeatSolver: ------------------------------------------------
HeatSolver: Solving energy equation for temperature
HeatSolver: Heat solver iteration: 1
IterSolver: "Linear System GCR Restart" not given, setting it to 200
ComputeChange: NS (ITER=1) (NRM,RELC): (  294.97129     0.25686277E-08 ) :: heat equation
ComputeChange: SS (ITER=51) (NRM,RELC): (  294.97130     0.51372566E-09 ) :: heat equation
FlowSolve: 
FlowSolve: 
FlowSolve: -------------------------------------
FlowSolve:  NAVIER-STOKES ITERATION           1
FlowSolve: -------------------------------------
FlowSolve: 
FlowSolve: Starting Assembly...
FlowSolve: Assembly:
FlowSolve: Assembly done
FlowSolve: Dirichlet conditions done
BiCGStabl:        9 0.3223E-10 0.3223E-10
ComputeChange: NS (ITER=1) (NRM,RELC): ( 0.27504324E-03 0.12026982E-04 ) :: navier-stokes
FlowSolve: iter:    1 Assembly: (s)    0.01    0.01
FlowSolve: iter:    1 Solve:    (s)    0.00    0.00
FlowSolve:  Result Norm     :    2.7504324019339083E-004
FlowSolve:  Relative Change :    1.2026981536886109E-005
ComputeChange: SS (ITER=51) (NRM,RELC): ( 0.27504589E-03 0.24053995E-05 ) :: navier-stokes
SolveEquations: -------------------------------------
SolveEquations:  Coupled system iteration:           52
SolveEquations: -------------------------------------
HeatSolver: ------------------------------------------------
HeatSolver: Solving energy equation for temperature
HeatSolver: Heat solver iteration: 1
IterSolver: "Linear System GCR Restart" not given, setting it to 200
ComputeChange: NS (ITER=1) (NRM,RELC): (  294.97129     0.14888900E-08 ) :: heat equation
ComputeChange: SS (ITER=52) (NRM,RELC): (  294.97130     0.29777846E-09 ) :: heat equation
FlowSolve: 
FlowSolve: 
FlowSolve: -------------------------------------
FlowSolve:  NAVIER-STOKES ITERATION           1
FlowSolve: -------------------------------------
FlowSolve: 
FlowSolve: Starting Assembly...
FlowSolve: Assembly:
FlowSolve: Assembly done
FlowSolve: Dirichlet conditions done
BiCGStabl:        9 0.8125E-10 0.8125E-10
ComputeChange: NS (ITER=1) (NRM,RELC): ( 0.27504314E-03 0.99856209E-05 ) :: navier-stokes
FlowSolve: iter:    1 Assembly: (s)    0.01    0.01
FlowSolve: iter:    1 Solve:    (s)    0.00    0.00
FlowSolve:  Result Norm     :    2.7504314006698014E-004
FlowSolve:  Relative Change :    9.9856209426622261E-006
ComputeChange: SS (ITER=52) (NRM,RELC): ( 0.27504534E-03 0.19971278E-05 ) :: navier-stokes
SolveEquations: -------------------------------------
SolveEquations:  Coupled system iteration:           53
SolveEquations: -------------------------------------
HeatSolver: ------------------------------------------------
HeatSolver: Solving energy equation for temperature
HeatSolver: Heat solver iteration: 1
IterSolver: "Linear System GCR Restart" not given, setting it to 200
ComputeChange: NS (ITER=1) (NRM,RELC): (  294.97129     0.14299648E-08 ) :: heat equation
ComputeChange: SS (ITER=53) (NRM,RELC): (  294.97130     0.28599242E-09 ) :: heat equation
FlowSolve: 
FlowSolve: 
FlowSolve: -------------------------------------
FlowSolve:  NAVIER-STOKES ITERATION           1
FlowSolve: -------------------------------------
FlowSolve: 
FlowSolve: Starting Assembly...
FlowSolve: Assembly:
FlowSolve: Assembly done
FlowSolve: Dirichlet conditions done
BiCGStabl:        9 0.1112E-10 0.1112E-10
ComputeChange: NS (ITER=1) (NRM,RELC): ( 0.27504320E-03 0.77541133E-05 ) :: navier-stokes
FlowSolve: iter:    1 Assembly: (s)    0.01    0.01
FlowSolve: iter:    1 Solve:    (s)    0.00    0.00
FlowSolve:  Result Norm     :    2.7504320453157369E-004
FlowSolve:  Relative Change :    7.7541132701469569E-006
ComputeChange: SS (ITER=53) (NRM,RELC): ( 0.27504491E-03 0.15508267E-05 ) :: navier-stokes
SolveEquations: -------------------------------------
SolveEquations:  Coupled system iteration:           54
SolveEquations: -------------------------------------
HeatSolver: ------------------------------------------------
HeatSolver: Solving energy equation for temperature
HeatSolver: Heat solver iteration: 1
IterSolver: "Linear System GCR Restart" not given, setting it to 200
ComputeChange: NS (ITER=1) (NRM,RELC): (  294.97129     0.13581810E-08 ) :: heat equation
ComputeChange: SS (ITER=54) (NRM,RELC): (  294.97129     0.27163623E-09 ) :: heat equation
FlowSolve: 
FlowSolve: 
FlowSolve: -------------------------------------
FlowSolve:  NAVIER-STOKES ITERATION           1
FlowSolve: -------------------------------------
FlowSolve: 
FlowSolve: Starting Assembly...
FlowSolve: Assembly:
FlowSolve: Assembly done
FlowSolve: Dirichlet conditions done
BiCGStabl:        9 0.3993E-10 0.3993E-10
ComputeChange: NS (ITER=1) (NRM,RELC): ( 0.27504341E-03 0.54619959E-05 ) :: navier-stokes
FlowSolve: iter:    1 Assembly: (s)    0.01    0.01
FlowSolve: iter:    1 Solve:    (s)    0.00    0.00
FlowSolve:  Result Norm     :    2.7504340841861722E-004
FlowSolve:  Relative Change :    5.4619958515154304E-006
ComputeChange: SS (ITER=54) (NRM,RELC): ( 0.27504461E-03 0.10924036E-05 ) :: navier-stokes
SolveEquations: -------------------------------------
SolveEquations:  Coupled system iteration:           55
SolveEquations: -------------------------------------
HeatSolver: ------------------------------------------------
HeatSolver: Solving energy equation for temperature
HeatSolver: Heat solver iteration: 1
IterSolver: "Linear System GCR Restart" not given, setting it to 200
ComputeChange: NS (ITER=1) (NRM,RELC): (  294.97129     0.12740177E-08 ) :: heat equation
ComputeChange: SS (ITER=55) (NRM,RELC): (  294.97129     0.25480374E-09 ) :: heat equation
FlowSolve: 
FlowSolve: 
FlowSolve: -------------------------------------
FlowSolve:  NAVIER-STOKES ITERATION           1
FlowSolve: -------------------------------------
FlowSolve: 
FlowSolve: Starting Assembly...
FlowSolve: Assembly:
FlowSolve: Assembly done
FlowSolve: Dirichlet conditions done
BiCGStabl:        9 0.7234E-10 0.7234E-10
ComputeChange: NS (ITER=1) (NRM,RELC): ( 0.27504373E-03 0.32143113E-05 ) :: navier-stokes
FlowSolve: iter:    1 Assembly: (s)    0.01    0.01
FlowSolve: iter:    1 Solve:    (s)    0.00    0.00
FlowSolve:  Result Norm     :    2.7504372617121863E-004
FlowSolve:  Relative Change :    3.2143112721319810E-006
ComputeChange: SS (ITER=55) (NRM,RELC): ( 0.27504443E-03 0.64286679E-06 ) :: navier-stokes
SolveEquations: -------------------------------------
SolveEquations:  Coupled system iteration:           56
SolveEquations: -------------------------------------
HeatSolver: ------------------------------------------------
HeatSolver: Solving energy equation for temperature
HeatSolver: Heat solver iteration: 1
IterSolver: "Linear System GCR Restart" not given, setting it to 200
ComputeChange: NS (ITER=1) (NRM,RELC): (  294.97129     0.11740079E-08 ) :: heat equation
ComputeChange: SS (ITER=56) (NRM,RELC): (  294.97129     0.23480158E-09 ) :: heat equation
FlowSolve: 
FlowSolve: 
FlowSolve: -------------------------------------
FlowSolve:  NAVIER-STOKES ITERATION           1
FlowSolve: -------------------------------------
FlowSolve: 
FlowSolve: Starting Assembly...
FlowSolve: Assembly:
FlowSolve: Assembly done
FlowSolve: Dirichlet conditions done
BiCGStabl:        9 0.3332E-10 0.3332E-10
ComputeChange: NS (ITER=1) (NRM,RELC): ( 0.27504413E-03 0.11043702E-05 ) :: navier-stokes
FlowSolve: iter:    1 Assembly: (s)    0.01    0.01
FlowSolve: iter:    1 Solve:    (s)    0.00    0.00
FlowSolve:  Result Norm     :    2.7504412968108667E-004
FlowSolve:  Relative Change :    1.1043702149888213E-006
ComputeChange: SS (ITER=56) (NRM,RELC): ( 0.27504437E-03 0.22087838E-06 ) :: navier-stokes
SolveEquations: -------------------------------------
SolveEquations:  Coupled system iteration:           57
SolveEquations: -------------------------------------
HeatSolver: ------------------------------------------------
HeatSolver: Solving energy equation for temperature
HeatSolver: Heat solver iteration: 1
IterSolver: "Linear System GCR Restart" not given, setting it to 200
ComputeChange: NS (ITER=1) (NRM,RELC): (  294.97129     0.10533949E-08 ) :: heat equation
ComputeChange: SS (ITER=57) (NRM,RELC): (  294.97129     0.21067874E-09 ) :: heat equation
FlowSolve: 
FlowSolve: 
FlowSolve: -------------------------------------
FlowSolve:  NAVIER-STOKES ITERATION           1
FlowSolve: -------------------------------------
FlowSolve: 
FlowSolve: Starting Assembly...
FlowSolve: Assembly:
FlowSolve: Assembly done
FlowSolve: Dirichlet conditions done
BiCGStabl:        8 0.5327E-10 0.5327E-10
ComputeChange: NS (ITER=1) (NRM,RELC): ( 0.27504459E-03 0.77584235E-06 ) :: navier-stokes
FlowSolve: iter:    1 Assembly: (s)    0.01    0.01
FlowSolve: iter:    1 Solve:    (s)    0.00    0.00
FlowSolve:  Result Norm     :    2.7504458607159442E-004
FlowSolve:  Relative Change :    7.7584235390491648E-007
ComputeChange: SS (ITER=57) (NRM,RELC): ( 0.27504442E-03 0.15516466E-06 ) :: navier-stokes
SolveEquations: -------------------------------------
SolveEquations:  Coupled system iteration:           58
SolveEquations: -------------------------------------
HeatSolver: ------------------------------------------------
HeatSolver: Solving energy equation for temperature
HeatSolver: Heat solver iteration: 1
IterSolver: "Linear System GCR Restart" not given, setting it to 200
ComputeChange: NS (ITER=1) (NRM,RELC): (  294.97129      0.0000000     ) :: heat equation
ComputeChange: SS (ITER=58) (NRM,RELC): (  294.97129      0.0000000     ) :: heat equation
FlowSolve: 
FlowSolve: 
FlowSolve: -------------------------------------
FlowSolve:  NAVIER-STOKES ITERATION           1
FlowSolve: -------------------------------------
FlowSolve: 
FlowSolve: Starting Assembly...
FlowSolve: Assembly:
FlowSolve: Assembly done
FlowSolve: Dirichlet conditions done
BiCGStabl:        8 0.4581E-10 0.4581E-10
ComputeChange: NS (ITER=1) (NRM,RELC): ( 0.27504460E-03 0.66709463E-06 ) :: navier-stokes
FlowSolve: iter:    1 Assembly: (s)    0.01    0.01
FlowSolve: iter:    1 Solve:    (s)    0.00    0.00
FlowSolve:  Result Norm     :    2.7504459883832127E-004
FlowSolve:  Relative Change :    6.6709462585850614E-007
ComputeChange: SS (ITER=58) (NRM,RELC): ( 0.27504445E-03 0.13341611E-06 ) :: navier-stokes
SolveEquations: -------------------------------------
SolveEquations:  Coupled system iteration:           59
SolveEquations: -------------------------------------
HeatSolver: ------------------------------------------------
HeatSolver: Solving energy equation for temperature
HeatSolver: Heat solver iteration: 1
IterSolver: "Linear System GCR Restart" not given, setting it to 200
ComputeChange: NS (ITER=1) (NRM,RELC): (  294.97129      0.0000000     ) :: heat equation
ComputeChange: SS (ITER=59) (NRM,RELC): (  294.97129      0.0000000     ) :: heat equation
FlowSolve: 
FlowSolve: 
FlowSolve: -------------------------------------
FlowSolve:  NAVIER-STOKES ITERATION           1
FlowSolve: -------------------------------------
FlowSolve: 
FlowSolve: Starting Assembly...
FlowSolve: Assembly:
FlowSolve: Assembly done
FlowSolve: Dirichlet conditions done
BiCGStabl:        8 0.3939E-10 0.3939E-10
ComputeChange: NS (ITER=1) (NRM,RELC): ( 0.27504461E-03 0.57358910E-06 ) :: navier-stokes
FlowSolve: iter:    1 Assembly: (s)    0.01    0.01
FlowSolve: iter:    1 Solve:    (s)    0.00    0.00
FlowSolve:  Result Norm     :    2.7504460981551238E-004
FlowSolve:  Relative Change :    5.7358910310102378E-007
ComputeChange: SS (ITER=59) (NRM,RELC): ( 0.27504448E-03 0.11471574E-06 ) :: navier-stokes
SolveEquations: -------------------------------------
SolveEquations:  Coupled system iteration:           60
SolveEquations: -------------------------------------
HeatSolver: ------------------------------------------------
HeatSolver: Solving energy equation for temperature
HeatSolver: Heat solver iteration: 1
IterSolver: "Linear System GCR Restart" not given, setting it to 200
ComputeChange: NS (ITER=1) (NRM,RELC): (  294.97129     0.73780861E-09 ) :: heat equation
ComputeChange: SS (ITER=60) (NRM,RELC): (  294.97129     0.14756176E-09 ) :: heat equation
FlowSolve: 
FlowSolve: 
FlowSolve: -------------------------------------
FlowSolve:  NAVIER-STOKES ITERATION           1
FlowSolve: -------------------------------------
FlowSolve: 
FlowSolve: Starting Assembly...
FlowSolve: Assembly:
FlowSolve: Assembly done
FlowSolve: Dirichlet conditions done
BiCGStabl:        8 0.9608E-10 0.9608E-10
ComputeChange: NS (ITER=1) (NRM,RELC): ( 0.27504501E-03 0.19180976E-05 ) :: navier-stokes
FlowSolve: iter:    1 Assembly: (s)    0.01    0.01
FlowSolve: iter:    1 Solve:    (s)    0.00    0.00
FlowSolve:  Result Norm     :    2.7504501116757752E-004
FlowSolve:  Relative Change :    1.9180976446140932E-006
ComputeChange: SS (ITER=60) (NRM,RELC): ( 0.27504459E-03 0.38361804E-06 ) :: navier-stokes
SolveEquations: -------------------------------------
SolveEquations:  Coupled system iteration:           61
SolveEquations: -------------------------------------
HeatSolver: ------------------------------------------------
HeatSolver: Solving energy equation for temperature
HeatSolver: Heat solver iteration: 1
IterSolver: "Linear System GCR Restart" not given, setting it to 200
ComputeChange: NS (ITER=1) (NRM,RELC): (  294.97129      0.0000000     ) :: heat equation
ComputeChange: SS (ITER=61) (NRM,RELC): (  294.97129      0.0000000     ) :: heat equation
FlowSolve: 
FlowSolve: 
FlowSolve: -------------------------------------
FlowSolve:  NAVIER-STOKES ITERATION           1
FlowSolve: -------------------------------------
FlowSolve: 
FlowSolve: Starting Assembly...
FlowSolve: Assembly:
FlowSolve: Assembly done
FlowSolve: Dirichlet conditions done
BiCGStabl:        8 0.8257E-10 0.8257E-10
ComputeChange: NS (ITER=1) (NRM,RELC): ( 0.27504504E-03 0.16494919E-05 ) :: navier-stokes
FlowSolve: iter:    1 Assembly: (s)    0.01    0.01
FlowSolve: iter:    1 Solve:    (s)    0.00    0.00
FlowSolve:  Result Norm     :    2.7504504280114915E-004
FlowSolve:  Relative Change :    1.6494919398069962E-006
ComputeChange: SS (ITER=61) (NRM,RELC): ( 0.27504468E-03 0.32989729E-06 ) :: navier-stokes
SolveEquations: -------------------------------------
SolveEquations:  Coupled system iteration:           62
SolveEquations: -------------------------------------
HeatSolver: ------------------------------------------------
HeatSolver: Solving energy equation for temperature
HeatSolver: Heat solver iteration: 1
IterSolver: "Linear System GCR Restart" not given, setting it to 200
ComputeChange: NS (ITER=1) (NRM,RELC): (  294.97129      0.0000000     ) :: heat equation
ComputeChange: SS (ITER=62) (NRM,RELC): (  294.97129      0.0000000     ) :: heat equation
FlowSolve: 
FlowSolve: 
FlowSolve: -------------------------------------
FlowSolve:  NAVIER-STOKES ITERATION           1
FlowSolve: -------------------------------------
FlowSolve: 
FlowSolve: Starting Assembly...
FlowSolve: Assembly:
FlowSolve: Assembly done
FlowSolve: Dirichlet conditions done
BiCGStabl:        8 0.7095E-10 0.7095E-10
ComputeChange: NS (ITER=1) (NRM,RELC): ( 0.27504507E-03 0.14185009E-05 ) :: navier-stokes
FlowSolve: iter:    1 Assembly: (s)    0.01    0.01
FlowSolve: iter:    1 Solve:    (s)    0.00    0.00
FlowSolve:  Result Norm     :    2.7504507000481213E-004
FlowSolve:  Relative Change :    1.4185008567837858E-006
ComputeChange: SS (ITER=62) (NRM,RELC): ( 0.27504476E-03 0.28369936E-06 ) :: navier-stokes
SolveEquations: -------------------------------------
SolveEquations:  Coupled system iteration:           63
SolveEquations: -------------------------------------
HeatSolver: ------------------------------------------------
HeatSolver: Solving energy equation for temperature
HeatSolver: Heat solver iteration: 1
IterSolver: "Linear System GCR Restart" not given, setting it to 200
ComputeChange: NS (ITER=1) (NRM,RELC): (  294.97129     0.19270831E-15 ) :: heat equation
ComputeChange: SS (ITER=63) (NRM,RELC): (  294.97129      0.0000000     ) :: heat equation
FlowSolve: 
FlowSolve: 
FlowSolve: -------------------------------------
FlowSolve:  NAVIER-STOKES ITERATION           1
FlowSolve: -------------------------------------
FlowSolve: 
FlowSolve: Starting Assembly...
FlowSolve: Assembly:
FlowSolve: Assembly done
FlowSolve: Dirichlet conditions done
BiCGStabl:        8 0.6097E-10 0.6097E-10
ComputeChange: NS (ITER=1) (NRM,RELC): ( 0.27504509E-03 0.12198570E-05 ) :: navier-stokes
FlowSolve: iter:    1 Assembly: (s)    0.01    0.01
FlowSolve: iter:    1 Solve:    (s)    0.00    0.00
FlowSolve:  Result Norm     :    2.7504509339891991E-004
FlowSolve:  Relative Change :    1.2198570382734866E-006
ComputeChange: SS (ITER=63) (NRM,RELC): ( 0.27504482E-03 0.24397081E-06 ) :: navier-stokes
SolveEquations: -------------------------------------
SolveEquations:  Coupled system iteration:           64
SolveEquations: -------------------------------------
HeatSolver: ------------------------------------------------
HeatSolver: Solving energy equation for temperature
HeatSolver: Heat solver iteration: 1
IterSolver: "Linear System GCR Restart" not given, setting it to 200
ComputeChange: NS (ITER=1) (NRM,RELC): (  294.97129     0.19270831E-15 ) :: heat equation
ComputeChange: SS (ITER=64) (NRM,RELC): (  294.97129      0.0000000     ) :: heat equation
FlowSolve: 
FlowSolve: 
FlowSolve: -------------------------------------
FlowSolve:  NAVIER-STOKES ITERATION           1
FlowSolve: -------------------------------------
FlowSolve: 
FlowSolve: Starting Assembly...
FlowSolve: Assembly:
FlowSolve: Assembly done
FlowSolve: Dirichlet conditions done
BiCGStabl:        8 0.5239E-10 0.5239E-10
ComputeChange: NS (ITER=1) (NRM,RELC): ( 0.27504511E-03 0.10490307E-05 ) :: navier-stokes
FlowSolve: iter:    1 Assembly: (s)    0.01    0.01
FlowSolve: iter:    1 Solve:    (s)    0.00    0.00
FlowSolve:  Result Norm     :    2.7504511351695573E-004
FlowSolve:  Relative Change :    1.0490307291069049E-006
ComputeChange: SS (ITER=64) (NRM,RELC): ( 0.27504488E-03 0.20980570E-06 ) :: navier-stokes
SolveEquations: -------------------------------------
SolveEquations:  Coupled system iteration:           65
SolveEquations: -------------------------------------
HeatSolver: ------------------------------------------------
HeatSolver: Solving energy equation for temperature
HeatSolver: Heat solver iteration: 1
IterSolver: "Linear System GCR Restart" not given, setting it to 200
ComputeChange: NS (ITER=1) (NRM,RELC): (  294.97129     0.19270831E-15 ) :: heat equation
ComputeChange: SS (ITER=65) (NRM,RELC): (  294.97129      0.0000000     ) :: heat equation
FlowSolve: 
FlowSolve: 
FlowSolve: -------------------------------------
FlowSolve:  NAVIER-STOKES ITERATION           1
FlowSolve: -------------------------------------
FlowSolve: 
FlowSolve: Starting Assembly...
FlowSolve: Assembly:
FlowSolve: Assembly done
FlowSolve: Dirichlet conditions done
BiCGStabl:        8 0.4502E-10 0.4502E-10
ComputeChange: NS (ITER=1) (NRM,RELC): ( 0.27504513E-03 0.90212648E-06 ) :: navier-stokes
FlowSolve: iter:    1 Assembly: (s)    0.01    0.01
FlowSolve: iter:    1 Solve:    (s)    0.00    0.00
FlowSolve:  Result Norm     :    2.7504513081769302E-004
FlowSolve:  Relative Change :    9.0212647864369880E-007
ComputeChange: SS (ITER=65) (NRM,RELC): ( 0.27504493E-03 0.18042497E-06 ) :: navier-stokes
SolveEquations: -------------------------------------
SolveEquations:  Coupled system iteration:           66
SolveEquations: -------------------------------------
HeatSolver: ------------------------------------------------
HeatSolver: Solving energy equation for temperature
HeatSolver: Heat solver iteration: 1
IterSolver: "Linear System GCR Restart" not given, setting it to 200
ComputeChange: NS (ITER=1) (NRM,RELC): (  294.97129      0.0000000     ) :: heat equation
ComputeChange: SS (ITER=66) (NRM,RELC): (  294.97129      0.0000000     ) :: heat equation
FlowSolve: 
FlowSolve: 
FlowSolve: -------------------------------------
FlowSolve:  NAVIER-STOKES ITERATION           1
FlowSolve: -------------------------------------
FlowSolve: 
FlowSolve: Starting Assembly...
FlowSolve: Assembly:
FlowSolve: Assembly done
FlowSolve: Dirichlet conditions done
BiCGStabl:        8 0.3869E-10 0.3869E-10
ComputeChange: NS (ITER=1) (NRM,RELC): ( 0.27504515E-03 0.77579434E-06 ) :: navier-stokes
FlowSolve: iter:    1 Assembly: (s)    0.01    0.01
FlowSolve: iter:    1 Solve:    (s)    0.00    0.00
FlowSolve:  Result Norm     :    2.7504514569566204E-004
FlowSolve:  Relative Change :    7.7579433865003812E-007
ComputeChange: SS (ITER=66) (NRM,RELC): ( 0.27504497E-03 0.15515862E-06 ) :: navier-stokes
SolveEquations: -------------------------------------
SolveEquations:  Coupled system iteration:           67
SolveEquations: -------------------------------------
HeatSolver: ------------------------------------------------
HeatSolver: Solving energy equation for temperature
HeatSolver: Heat solver iteration: 1
IterSolver: "Linear System GCR Restart" not given, setting it to 200
ComputeChange: NS (ITER=1) (NRM,RELC): (  294.97129      0.0000000     ) :: heat equation
ComputeChange: SS (ITER=67) (NRM,RELC): (  294.97129      0.0000000     ) :: heat equation
FlowSolve: 
FlowSolve: 
FlowSolve: -------------------------------------
FlowSolve:  NAVIER-STOKES ITERATION           1
FlowSolve: -------------------------------------
FlowSolve: 
FlowSolve: Starting Assembly...
FlowSolve: Assembly:
FlowSolve: Assembly done
FlowSolve: Dirichlet conditions done
BiCGStabl:        8 0.3325E-10 0.3325E-10
ComputeChange: NS (ITER=1) (NRM,RELC): ( 0.27504516E-03 0.66715346E-06 ) :: navier-stokes
FlowSolve: iter:    1 Assembly: (s)    0.01    0.01
FlowSolve: iter:    1 Solve:    (s)    0.00    0.00
FlowSolve:  Result Norm     :    2.7504515849014139E-004
FlowSolve:  Relative Change :    6.6715345649638288E-007
ComputeChange: SS (ITER=67) (NRM,RELC): ( 0.27504501E-03 0.13343051E-06 ) :: navier-stokes
SolveEquations: -------------------------------------
SolveEquations:  Coupled system iteration:           68
SolveEquations: -------------------------------------
HeatSolver: ------------------------------------------------
HeatSolver: Solving energy equation for temperature
HeatSolver: Heat solver iteration: 1
IterSolver: "Linear System GCR Restart" not given, setting it to 200
ComputeChange: NS (ITER=1) (NRM,RELC): (  294.97129      0.0000000     ) :: heat equation
ComputeChange: SS (ITER=68) (NRM,RELC): (  294.97129      0.0000000     ) :: heat equation
FlowSolve: 
FlowSolve: 
FlowSolve: -------------------------------------
FlowSolve:  NAVIER-STOKES ITERATION           1
FlowSolve: -------------------------------------
FlowSolve: 
FlowSolve: Starting Assembly...
FlowSolve: Assembly:
FlowSolve: Assembly done
FlowSolve: Dirichlet conditions done
BiCGStabl:        8 0.2857E-10 0.2857E-10
ComputeChange: NS (ITER=1) (NRM,RELC): ( 0.27504517E-03 0.57372641E-06 ) :: navier-stokes
FlowSolve: iter:    1 Assembly: (s)    0.01    0.01
FlowSolve: iter:    1 Solve:    (s)    0.00    0.00
FlowSolve:  Result Norm     :    2.7504516949290156E-004
FlowSolve:  Relative Change :    5.7372641240317529E-007
ComputeChange: SS (ITER=68) (NRM,RELC): ( 0.27504504E-03 0.11474515E-06 ) :: navier-stokes
SolveEquations: -------------------------------------
SolveEquations:  Coupled system iteration:           69
SolveEquations: -------------------------------------
HeatSolver: ------------------------------------------------
HeatSolver: Solving energy equation for temperature
HeatSolver: Heat solver iteration: 1
IterSolver: "Linear System GCR Restart" not given, setting it to 200
ComputeChange: NS (ITER=1) (NRM,RELC): (  294.97129      0.0000000     ) :: heat equation
ComputeChange: SS (ITER=69) (NRM,RELC): (  294.97129      0.0000000     ) :: heat equation
FlowSolve: 
FlowSolve: 
FlowSolve: -------------------------------------
FlowSolve:  NAVIER-STOKES ITERATION           1
FlowSolve: -------------------------------------
FlowSolve: 
FlowSolve: Starting Assembly...
FlowSolve: Assembly:
FlowSolve: Assembly done
FlowSolve: Dirichlet conditions done
BiCGStabl:        8 0.2455E-10 0.2455E-10
ComputeChange: NS (ITER=1) (NRM,RELC): ( 0.27504518E-03 0.49338270E-06 ) :: navier-stokes
FlowSolve: iter:    1 Assembly: (s)    0.01    0.01
FlowSolve: iter:    1 Solve:    (s)    0.00    0.00
FlowSolve:  Result Norm     :    2.7504517895484982E-004
FlowSolve:  Relative Change :    4.9338269642431292E-007
ComputeChange: SS (ITER=69) (NRM,RELC): ( 0.27504507E-03 0.98676441E-07 ) :: navier-stokes
ResultOutputSolver: -------------------------------------
ResultOutputSolver: Saving with prefix: case
CreateListForSaving: Field Variables for Saving
ResultOutputSolver: Saving in unstructured VTK XML (.vtu) format
VtuOutputSolver: Saving results in VTK XML format with prefix: case
VtuOutputSolver: Saving number of partitions: 1
ResultOutputSolver: -------------------------------------
MAIN: *** Elmer Solver: ALL DONE ***
MAIN: The end
SOLVER TOTAL TIME(CPU,REAL):         4.81        5.62
ELMER SOLVER FINISHED AT: 2026/09/30 21:23:01
