ELMER SOLVER (v 26.2) STARTED AT: 2026/09/30 21:22:56
 Started inside library code
 Going parallel initialization
ParCommInit: Initialize #PEs: 1
 Back from parallel initialization
MAIN: 
MAIN: =============================================================
MAIN: ElmerSolver finite element software, Welcome!
MAIN: This program is free software licensed under (L)GPL
MAIN: Copyright April 1st 1995 -> , CSC - IT Center for Science Ltd.
MAIN: Repository https://www.github.org/elmerCSC/elmerfem
MAIN: Homepage https://www.elmerfem.org/,  Email elmeradm@csc.fi
MAIN: Version: 26.2-devel (Rev: 4b49ea6, Compiled: 2026-09-30)
MAIN:  Running one task without MPI parallelization.
MAIN:  Running with just one thread per task.
MAIN: =============================================================
MAIN: 
MAIN: 
MAIN: -------------------------------------
MAIN: Reading Model: case.sif
LoadInputFile: Scanning input file: case.sif
LoadInputFile: Scanning only size info
LoadInputFile: First time visiting
LoadInputFile: Reading base load of sif file
LoadInputFile: Loading input file: case.sif
LoadInputFile: Reading base load of sif file
LoadInputFile: Number of BCs: 4
LoadInputFile: Number of Body Forces: 1
LoadInputFile: Number of Initial Conditions: 1
LoadInputFile: Number of Materials: 1
LoadInputFile: Number of Equations: 1
LoadInputFile: Number of Solvers: 2
LoadInputFile: Number of Bodies: 1
ElmerMeshReader: Base mesh name: ./square
PrepareMesh: Preparing mesh for the future
LoadMesh: Elapsed REAL time:     0.0032 (s)
MAIN: -------------------------------------
AddVtuOutputSolverHack: Adding ResultOutputSolver to write VTU output in file: case
OptimizeBandwidth: Initial bandwidth for heat equation: 31
OptimizeBandwidth: Optimized bandwidth for heat equation: 58
OptimizeBandwidth: Bandwidth optimization rejected, using original ordering.
OptimizeBandwidth: Initial bandwidth for navier-stokes: 31
OptimizeBandwidth: Optimized bandwidth for navier-stokes: 58
OptimizeBandwidth: Bandwidth optimization rejected, using original ordering.
MAIN: Number of timesteps to be saved: 1
MAIN: 
MAIN: -------------------------------------
MAIN: Time: 1/3:   1.000E+02
MAIN: -------------------------------------
MAIN: 
SolveEquations: -------------------------------------
SolveEquations:  Coupled system iteration:            1
SolveEquations: -------------------------------------
HeatSolver: ------------------------------------------------
HeatSolver: Solving energy equation for temperature
HeatSolver: Heat solver iteration: 1
IterSolver: "Linear System GCR Restart" not given, setting it to 200
   gcr:    10  0.5410E-06  0.1222E-05
ComputeChange: NS (ITER=1) (NRM,RELC): (  295.00152      2.0000000     ) :: heat equation
ComputeChange: SS (ITER=1) (NRM,RELC): (  295.00048      2.0000000     ) :: heat equation
FlowSolve: 
FlowSolve: 
FlowSolve: -------------------------------------
FlowSolve:  NAVIER-STOKES ITERATION           1
FlowSolve: -------------------------------------
FlowSolve: 
FlowSolve: Starting Assembly...
FlowSolve: Assembly:
FlowSolve: Assembly done
FlowSolve: Dirichlet conditions done
      10 0.2920E-07 0.2920E-07
BiCGStabl:       14 0.2801E-10 0.2801E-10
ComputeChange: NS (ITER=1) (NRM,RELC): ( 0.74376755E-04  2.0000000     ) :: navier-stokes
FlowSolve: iter:    1 Assembly: (s)    0.01    0.01
FlowSolve: iter:    1 Solve:    (s)    0.01    0.01
FlowSolve:  Result Norm     :    7.4376755102278645E-005
FlowSolve:  Relative Change :    2.0000000000000000
ComputeChange: SS (ITER=1) (NRM,RELC): ( 0.74376300E-05  2.0000000     ) :: navier-stokes
SolveEquations: -------------------------------------
SolveEquations:  Coupled system iteration:            2
SolveEquations: -------------------------------------
HeatSolver: ------------------------------------------------
HeatSolver: Solving energy equation for temperature
HeatSolver: Heat solver iteration: 1
IterSolver: "Linear System GCR Restart" not given, setting it to 200
   gcr:    10  0.6197E-06  0.1408E-05
ComputeChange: NS (ITER=1) (NRM,RELC): (  295.00355     0.10424465E-04 ) :: heat equation
ComputeChange: SS (ITER=2) (NRM,RELC): (  295.00070     0.76185667E-06 ) :: heat equation
FlowSolve: 
FlowSolve: 
FlowSolve: -------------------------------------
FlowSolve:  NAVIER-STOKES ITERATION           1
FlowSolve: -------------------------------------
FlowSolve: 
FlowSolve: Starting Assembly...
FlowSolve: Assembly:
FlowSolve: Assembly done
FlowSolve: Dirichlet conditions done
      10 0.5344E-07 0.5344E-07
BiCGStabl:       14 0.1574E-10 0.1574E-10
ComputeChange: NS (ITER=1) (NRM,RELC): ( 0.14139496E-03  1.8001075     ) :: navier-stokes
FlowSolve: iter:    1 Assembly: (s)    0.01    0.01
FlowSolve: iter:    1 Solve:    (s)    0.01    0.01
FlowSolve:  Result Norm     :    1.4139496153549574E-004
FlowSolve:  Relative Change :    1.8001074909851766
ComputeChange: SS (ITER=2) (NRM,RELC): ( 0.20832162E-04 0.94762155     ) :: navier-stokes
SolveEquations: -------------------------------------
SolveEquations:  Coupled system iteration:            3
SolveEquations: -------------------------------------
HeatSolver: ------------------------------------------------
HeatSolver: Solving energy equation for temperature
HeatSolver: Heat solver iteration: 1
IterSolver: "Linear System GCR Restart" not given, setting it to 200
   gcr:    10  0.6853E-06  0.1763E-05
ComputeChange: NS (ITER=1) (NRM,RELC): (  295.00660     0.19989814E-04 ) :: heat equation
ComputeChange: SS (ITER=3) (NRM,RELC): (  295.00122     0.17581433E-05 ) :: heat equation
FlowSolve: 
FlowSolve: 
FlowSolve: -------------------------------------
FlowSolve:  NAVIER-STOKES ITERATION           1
FlowSolve: -------------------------------------
FlowSolve: 
FlowSolve: Starting Assembly...
FlowSolve: Assembly:
FlowSolve: Assembly done
FlowSolve: Dirichlet conditions done
      10 0.7987E-07 0.7987E-07
BiCGStabl:       13 0.4500E-10 0.4500E-10
ComputeChange: NS (ITER=1) (NRM,RELC): ( 0.20327383E-03  1.6281731     ) :: navier-stokes
FlowSolve: iter:    1 Assembly: (s)    0.01    0.01
FlowSolve: iter:    1 Solve:    (s)    0.01    0.01
FlowSolve:  Result Norm     :    2.0327383409449260E-004
FlowSolve:  Relative Change :    1.6281730523397546
ComputeChange: SS (ITER=3) (NRM,RELC): ( 0.39074848E-04 0.60903343     ) :: navier-stokes
SolveEquations: -------------------------------------
SolveEquations:  Coupled system iteration:            4
SolveEquations: -------------------------------------
HeatSolver: ------------------------------------------------
HeatSolver: Solving energy equation for temperature
HeatSolver: Heat solver iteration: 1
IterSolver: "Linear System GCR Restart" not given, setting it to 200
   gcr:    10  0.8093E-06  0.2188E-05
ComputeChange: NS (ITER=1) (NRM,RELC): (  295.00860     0.25027948E-04 ) :: heat equation
ComputeChange: SS (ITER=4) (NRM,RELC): (  295.00190     0.22984413E-05 ) :: heat equation
FlowSolve: 
FlowSolve: 
FlowSolve: -------------------------------------
FlowSolve:  NAVIER-STOKES ITERATION           1
FlowSolve: -------------------------------------
FlowSolve: 
FlowSolve: Starting Assembly...
FlowSolve: Assembly:
FlowSolve: Assembly done
FlowSolve: Dirichlet conditions done
      10 0.1249E-06 0.1249E-06
BiCGStabl:       13 0.5428E-10 0.5428E-10
ComputeChange: NS (ITER=1) (NRM,RELC): ( 0.25673069E-03  1.4716144     ) :: navier-stokes
FlowSolve: iter:    1 Assembly: (s)    0.01    0.01
FlowSolve: iter:    1 Solve:    (s)    0.01    0.01
FlowSolve:  Result Norm     :    2.5673068914200447E-004
FlowSolve:  Relative Change :    1.4716143811955109
ComputeChange: SS (ITER=4) (NRM,RELC): ( 0.60837892E-04 0.43564103     ) :: navier-stokes
SolveEquations: -------------------------------------
SolveEquations:  Coupled system iteration:            5
SolveEquations: -------------------------------------
HeatSolver: ------------------------------------------------
HeatSolver: Solving energy equation for temperature
HeatSolver: Heat solver iteration: 1
IterSolver: "Linear System GCR Restart" not given, setting it to 200
   gcr:    10  0.1237E-05  0.2696E-05
ComputeChange: NS (ITER=1) (NRM,RELC): (  295.00821     0.21386749E-04 ) :: heat equation
ComputeChange: SS (ITER=5) (NRM,RELC): (  295.00248     0.19674271E-05 ) :: heat equation
FlowSolve: 
FlowSolve: 
FlowSolve: -------------------------------------
FlowSolve:  NAVIER-STOKES ITERATION           1
FlowSolve: -------------------------------------
FlowSolve: 
FlowSolve: Starting Assembly...
FlowSolve: Assembly:
FlowSolve: Assembly done
FlowSolve: Dirichlet conditions done
      10 0.1619E-06 0.1619E-06
BiCGStabl:       13 0.3945E-10 0.3945E-10
ComputeChange: NS (ITER=1) (NRM,RELC): ( 0.29960380E-03  1.3248518     ) :: navier-stokes
FlowSolve: iter:    1 Assembly: (s)    0.01    0.01
FlowSolve: iter:    1 Solve:    (s)    0.01    0.01
FlowSolve:  Result Norm     :    2.9960380254564687E-004
FlowSolve:  Relative Change :    1.3248517772039212
ComputeChange: SS (ITER=5) (NRM,RELC): ( 0.84709289E-04 0.32802280     ) :: navier-stokes
SolveEquations: -------------------------------------
SolveEquations:  Coupled system iteration:            6
SolveEquations: -------------------------------------
HeatSolver: ------------------------------------------------
HeatSolver: Solving energy equation for temperature
HeatSolver: Heat solver iteration: 1
IterSolver: "Linear System GCR Restart" not given, setting it to 200
   gcr:    10  0.1764E-05  0.3231E-05
ComputeChange: NS (ITER=1) (NRM,RELC): (  295.00617     0.12511597E-04 ) :: heat equation
ComputeChange: SS (ITER=6) (NRM,RELC): (  295.00281     0.11089100E-05 ) :: heat equation
FlowSolve: 
FlowSolve: 
FlowSolve: -------------------------------------
FlowSolve:  NAVIER-STOKES ITERATION           1
FlowSolve: -------------------------------------
FlowSolve: 
FlowSolve: Starting Assembly...
FlowSolve: Assembly:
FlowSolve: Assembly done
FlowSolve: Dirichlet conditions done
      10 0.6017E-07 0.6017E-07
BiCGStabl:       13 0.4859E-10 0.4859E-10
ComputeChange: NS (ITER=1) (NRM,RELC): ( 0.33217853E-03  1.1872222     ) :: navier-stokes
FlowSolve: iter:    1 Assembly: (s)    0.01    0.01
FlowSolve: iter:    1 Solve:    (s)    0.01    0.01
FlowSolve:  Result Norm     :    3.3217853358867474E-004
FlowSolve:  Relative Change :    1.1872222253507092
ComputeChange: SS (ITER=6) (NRM,RELC): ( 0.10944639E-03 0.25481714     ) :: navier-stokes
SolveEquations: -------------------------------------
SolveEquations:  Coupled system iteration:            7
SolveEquations: -------------------------------------
HeatSolver: ------------------------------------------------
HeatSolver: Solving energy equation for temperature
HeatSolver: Heat solver iteration: 1
IterSolver: "Linear System GCR Restart" not given, setting it to 200
   gcr:    10  0.2094E-05  0.3632E-05
ComputeChange: NS (ITER=1) (NRM,RELC): (  295.00367     0.29137041E-05 ) :: heat equation
ComputeChange: SS (ITER=7) (NRM,RELC): (  295.00286     0.17347100E-06 ) :: heat equation
FlowSolve: 
FlowSolve: 
FlowSolve: -------------------------------------
FlowSolve:  NAVIER-STOKES ITERATION           1
FlowSolve: -------------------------------------
FlowSolve: 
FlowSolve: Starting Assembly...
FlowSolve: Assembly:
FlowSolve: Assembly done
FlowSolve: Dirichlet conditions done
      10 0.4032E-07 0.4032E-07
BiCGStabl:       14 0.1261E-10 0.1261E-10
ComputeChange: NS (ITER=1) (NRM,RELC): ( 0.35621056E-03  1.0598539     ) :: navier-stokes
FlowSolve: iter:    1 Assembly: (s)    0.01    0.01
FlowSolve: iter:    1 Solve:    (s)    0.01    0.01
FlowSolve:  Result Norm     :    3.5621056353908007E-004
FlowSolve:  Relative Change :    1.0598539456616294
ComputeChange: SS (ITER=7) (NRM,RELC): ( 0.13410642E-03 0.20250259     ) :: navier-stokes
SolveEquations: -------------------------------------
SolveEquations:  Coupled system iteration:            8
SolveEquations: -------------------------------------
HeatSolver: ------------------------------------------------
HeatSolver: Solving energy equation for temperature
HeatSolver: Heat solver iteration: 1
IterSolver: "Linear System GCR Restart" not given, setting it to 200
   gcr:    10  0.2200E-05  0.3841E-05
ComputeChange: NS (ITER=1) (NRM,RELC): (  295.00125     0.54352352E-05 ) :: heat equation
ComputeChange: SS (ITER=8) (NRM,RELC): (  295.00267     0.64157530E-06 ) :: heat equation
FlowSolve: 
FlowSolve: 
FlowSolve: -------------------------------------
FlowSolve:  NAVIER-STOKES ITERATION           1
FlowSolve: -------------------------------------
FlowSolve: 
FlowSolve: Starting Assembly...
FlowSolve: Assembly:
FlowSolve: Assembly done
FlowSolve: Dirichlet conditions done
      10 0.5745E-07 0.5745E-07
BiCGStabl:       13 0.9685E-10 0.9685E-10
ComputeChange: NS (ITER=1) (NRM,RELC): ( 0.37365481E-03 0.94354737     ) :: navier-stokes
FlowSolve: iter:    1 Assembly: (s)    0.01    0.01
FlowSolve: iter:    1 Solve:    (s)    0.01    0.01
FlowSolve:  Result Norm     :    3.7365480931388361E-004
FlowSolve:  Relative Change :   0.94354736637541015
ComputeChange: SS (ITER=8) (NRM,RELC): ( 0.15803674E-03 0.16382594     ) :: navier-stokes
SolveEquations: -------------------------------------
SolveEquations:  Coupled system iteration:            9
SolveEquations: -------------------------------------
HeatSolver: ------------------------------------------------
HeatSolver: Solving energy equation for temperature
HeatSolver: Heat solver iteration: 1
IterSolver: "Linear System GCR Restart" not given, setting it to 200
   gcr:    10  0.2162E-05  0.3889E-05
ComputeChange: NS (ITER=1) (NRM,RELC): (  294.99909     0.12142606E-04 ) :: heat equation
ComputeChange: SS (ITER=9) (NRM,RELC): (  295.00229     0.12963162E-05 ) :: heat equation
FlowSolve: 
FlowSolve: 
FlowSolve: -------------------------------------
FlowSolve:  NAVIER-STOKES ITERATION           1
FlowSolve: -------------------------------------
FlowSolve: 
FlowSolve: Starting Assembly...
FlowSolve: Assembly:
FlowSolve: Assembly done
FlowSolve: Dirichlet conditions done
      10 0.3281E-07 0.3281E-07
BiCGStabl:       13 0.6117E-10 0.6117E-10
ComputeChange: NS (ITER=1) (NRM,RELC): ( 0.38612264E-03 0.83830552     ) :: navier-stokes
FlowSolve: iter:    1 Assembly: (s)    0.01    0.01
FlowSolve: iter:    1 Solve:    (s)    0.01    0.01
FlowSolve:  Result Norm     :    3.8612264357905574E-004
FlowSolve:  Relative Change :   0.83830552122771840
ComputeChange: SS (ITER=9) (NRM,RELC): ( 0.18081147E-03 0.13442441     ) :: navier-stokes
SolveEquations: -------------------------------------
SolveEquations:  Coupled system iteration:           10
SolveEquations: -------------------------------------
HeatSolver: ------------------------------------------------
HeatSolver: Solving energy equation for temperature
HeatSolver: Heat solver iteration: 1
IterSolver: "Linear System GCR Restart" not given, setting it to 200
   gcr:    10  0.2052E-05  0.3829E-05
ComputeChange: NS (ITER=1) (NRM,RELC): (  294.99717     0.17339871E-04 ) :: heat equation
ComputeChange: SS (ITER=10) (NRM,RELC): (  295.00175     0.18031315E-05 ) :: heat equation
FlowSolve: 
FlowSolve: 
FlowSolve: -------------------------------------
FlowSolve:  NAVIER-STOKES ITERATION           1
FlowSolve: -------------------------------------
FlowSolve: 
FlowSolve: Starting Assembly...
FlowSolve: Assembly:
FlowSolve: Assembly done
FlowSolve: Dirichlet conditions done
      10 0.3888E-07 0.3888E-07
BiCGStabl:       13 0.7042E-10 0.7042E-10
ComputeChange: NS (ITER=1) (NRM,RELC): ( 0.39481505E-03 0.74355010     ) :: navier-stokes
FlowSolve: iter:    1 Assembly: (s)    0.01    0.01
FlowSolve: iter:    1 Solve:    (s)    0.01    0.01
FlowSolve:  Result Norm     :    3.9481505194681970E-004
FlowSolve:  Relative Change :   0.74355009757248081
ComputeChange: SS (ITER=10) (NRM,RELC): ( 0.20216782E-03 0.11152744     ) :: navier-stokes
SolveEquations: -------------------------------------
SolveEquations:  Coupled system iteration:           11
SolveEquations: -------------------------------------
HeatSolver: ------------------------------------------------
HeatSolver: Solving energy equation for temperature
HeatSolver: Heat solver iteration: 1
IterSolver: "Linear System GCR Restart" not given, setting it to 200
   gcr:    10  0.1916E-05  0.3704E-05
ComputeChange: NS (ITER=1) (NRM,RELC): (  294.99548     0.21268930E-04 ) :: heat equation
ComputeChange: SS (ITER=11) (NRM,RELC): (  295.00111     0.21855408E-05 ) :: heat equation
FlowSolve: 
FlowSolve: 
FlowSolve: -------------------------------------
FlowSolve:  NAVIER-STOKES ITERATION           1
FlowSolve: -------------------------------------
FlowSolve: 
FlowSolve: Starting Assembly...
FlowSolve: Assembly:
FlowSolve: Assembly done
FlowSolve: Dirichlet conditions done
      10 0.2434E-07 0.2434E-07
BiCGStabl:       13 0.6028E-10 0.6028E-10
ComputeChange: NS (ITER=1) (NRM,RELC): ( 0.40060456E-03 0.65841351     ) :: navier-stokes
FlowSolve: iter:    1 Assembly: (s)    0.01    0.01
FlowSolve: iter:    1 Solve:    (s)    0.01    0.01
FlowSolve:  Result Norm     :    4.0060456479115155E-004
FlowSolve:  Relative Change :   0.65841351363107059
ComputeChange: SS (ITER=11) (NRM,RELC): ( 0.22195680E-03 0.93316823E-01 ) :: navier-stokes
SolveEquations: -------------------------------------
SolveEquations:  Coupled system iteration:           12
SolveEquations: -------------------------------------
HeatSolver: ------------------------------------------------
HeatSolver: Solving energy equation for temperature
HeatSolver: Heat solver iteration: 1
IterSolver: "Linear System GCR Restart" not given, setting it to 200
   gcr:    10  0.1775E-05  0.3543E-05
ComputeChange: NS (ITER=1) (NRM,RELC): (  294.99398     0.24154378E-04 ) :: heat equation
ComputeChange: SS (ITER=12) (NRM,RELC): (  295.00038     0.24654769E-05 ) :: heat equation
FlowSolve: 
FlowSolve: 
FlowSolve: -------------------------------------
FlowSolve:  NAVIER-STOKES ITERATION           1
FlowSolve: -------------------------------------
FlowSolve: 
FlowSolve: Starting Assembly...
FlowSolve: Assembly:
FlowSolve: Assembly done
FlowSolve: Dirichlet conditions done
      10 0.9923E-07 0.9923E-07
BiCGStabl:       13 0.3545E-10 0.3545E-10
ComputeChange: NS (ITER=1) (NRM,RELC): ( 0.40412867E-03 0.58193930     ) :: navier-stokes
FlowSolve: iter:    1 Assembly: (s)    0.01    0.01
FlowSolve: iter:    1 Solve:    (s)    0.01    0.01
FlowSolve:  Result Norm     :    4.0412867439293859E-004
FlowSolve:  Relative Change :   0.58193929522184296
ComputeChange: SS (ITER=12) (NRM,RELC): ( 0.24010830E-03 0.78566856E-01 ) :: navier-stokes
SolveEquations: -------------------------------------
SolveEquations:  Coupled system iteration:           13
SolveEquations: -------------------------------------
HeatSolver: ------------------------------------------------
HeatSolver: Solving energy equation for temperature
HeatSolver: Heat solver iteration: 1
IterSolver: "Linear System GCR Restart" not given, setting it to 200
   gcr:    10  0.1641E-05  0.3362E-05
ComputeChange: NS (ITER=1) (NRM,RELC): (  294.99265     0.26201604E-04 ) :: heat equation
ComputeChange: SS (ITER=13) (NRM,RELC): (  294.99960     0.26630782E-05 ) :: heat equation
FlowSolve: 
FlowSolve: 
FlowSolve: -------------------------------------
FlowSolve:  NAVIER-STOKES ITERATION           1
FlowSolve: -------------------------------------
FlowSolve: 
FlowSolve: Starting Assembly...
FlowSolve: Assembly:
FlowSolve: Assembly done
FlowSolve: Dirichlet conditions done
      10 0.2529E-06 0.2529E-06
BiCGStabl:       13 0.5550E-10 0.5550E-10
ComputeChange: NS (ITER=1) (NRM,RELC): ( 0.40586094E-03 0.51319049     ) :: navier-stokes
FlowSolve: iter:    1 Assembly: (s)    0.01    0.01
FlowSolve: iter:    1 Solve:    (s)    0.01    0.01
FlowSolve:  Result Norm     :    4.0586094319902032E-004
FlowSolve:  Relative Change :   0.51319049230809355
ComputeChange: SS (ITER=13) (NRM,RELC): ( 0.25660675E-03 0.66430220E-01 ) :: navier-stokes
SolveEquations: -------------------------------------
SolveEquations:  Coupled system iteration:           14
SolveEquations: -------------------------------------
HeatSolver: ------------------------------------------------
HeatSolver: Solving energy equation for temperature
HeatSolver: Heat solver iteration: 1
IterSolver: "Linear System GCR Restart" not given, setting it to 200
   gcr:    10  0.1519E-05  0.3174E-05
ComputeChange: NS (ITER=1) (NRM,RELC): (  294.99146     0.27575245E-04 ) :: heat equation
ComputeChange: SS (ITER=14) (NRM,RELC): (  294.99877     0.27945052E-05 ) :: heat equation
FlowSolve: 
FlowSolve: 
FlowSolve: -------------------------------------
FlowSolve:  NAVIER-STOKES ITERATION           1
FlowSolve: -------------------------------------
FlowSolve: 
FlowSolve: Starting Assembly...
FlowSolve: Assembly:
FlowSolve: Assembly done
FlowSolve: Dirichlet conditions done
      10 0.2005E-05 0.2005E-05
BiCGStabl:       14 0.1535E-10 0.1535E-10
ComputeChange: NS (ITER=1) (NRM,RELC): ( 0.40616060E-03 0.45130119     ) :: navier-stokes
FlowSolve: iter:    1 Assembly: (s)    0.01    0.01
FlowSolve: iter:    1 Solve:    (s)    0.01    0.01
FlowSolve:  Result Norm     :    4.0616059644289369E-004
FlowSolve:  Relative Change :   0.45130119016485637
ComputeChange: SS (ITER=14) (NRM,RELC): ( 0.27147417E-03 0.56307358E-01 ) :: navier-stokes
SolveEquations: -------------------------------------
SolveEquations:  Coupled system iteration:           15
SolveEquations: -------------------------------------
HeatSolver: ------------------------------------------------
HeatSolver: Solving energy equation for temperature
HeatSolver: Heat solver iteration: 1
IterSolver: "Linear System GCR Restart" not given, setting it to 200
   gcr:    10  0.1408E-05  0.2984E-05
ComputeChange: NS (ITER=1) (NRM,RELC): (  294.99039     0.28408341E-04 ) :: heat equation
ComputeChange: SS (ITER=15) (NRM,RELC): (  294.99792     0.28728311E-05 ) :: heat equation
FlowSolve: 
FlowSolve: 
FlowSolve: -------------------------------------
FlowSolve:  NAVIER-STOKES ITERATION           1
FlowSolve: -------------------------------------
FlowSolve: 
FlowSolve: Starting Assembly...
FlowSolve: Assembly:
FlowSolve: Assembly done
FlowSolve: Dirichlet conditions done
      10 0.4512E-06 0.4512E-06
BiCGStabl:       14 0.1281E-10 0.1281E-10
ComputeChange: NS (ITER=1) (NRM,RELC): ( 0.40530575E-03 0.39549512     ) :: navier-stokes
FlowSolve: iter:    1 Assembly: (s)    0.01    0.01
FlowSolve: iter:    1 Solve:    (s)    0.01    0.01
FlowSolve:  Result Norm     :    4.0530574788227126E-004
FlowSolve:  Relative Change :   0.39549511815174021
ComputeChange: SS (ITER=15) (NRM,RELC): ( 0.28475830E-03 0.47764683E-01 ) :: navier-stokes
SolveEquations: -------------------------------------
SolveEquations:  Coupled system iteration:           16
SolveEquations: -------------------------------------
HeatSolver: ------------------------------------------------
HeatSolver: Solving energy equation for temperature
HeatSolver: Heat solver iteration: 1
IterSolver: "Linear System GCR Restart" not given, setting it to 200
   gcr:    10  0.1308E-05  0.2798E-05
ComputeChange: NS (ITER=1) (NRM,RELC): (  294.98943     0.28808040E-04 ) :: heat equation
ComputeChange: SS (ITER=16) (NRM,RELC): (  294.99707     0.29085919E-05 ) :: heat equation
FlowSolve: 
FlowSolve: 
FlowSolve: -------------------------------------
FlowSolve:  NAVIER-STOKES ITERATION           1
FlowSolve: -------------------------------------
FlowSolve: 
FlowSolve: Starting Assembly...
FlowSolve: Assembly:
FlowSolve: Assembly done
FlowSolve: Dirichlet conditions done
      10 0.2391E-06 0.2391E-06
BiCGStabl:       13 0.8826E-10 0.8826E-10
ComputeChange: NS (ITER=1) (NRM,RELC): ( 0.40351577E-03 0.34508772     ) :: navier-stokes
FlowSolve: iter:    1 Assembly: (s)    0.01    0.01
FlowSolve: iter:    1 Solve:    (s)    0.01    0.01
FlowSolve:  Result Norm     :    4.0351577153490851E-004
FlowSolve:  Relative Change :   0.34508772190207426
ComputeChange: SS (ITER=16) (NRM,RELC): ( 0.29652413E-03 0.40482304E-01 ) :: navier-stokes
SolveEquations: -------------------------------------
SolveEquations:  Coupled system iteration:           17
SolveEquations: -------------------------------------
HeatSolver: ------------------------------------------------
HeatSolver: Solving energy equation for temperature
HeatSolver: Heat solver iteration: 1
IterSolver: "Linear System GCR Restart" not given, setting it to 200
   gcr:    10  0.1218E-05  0.2617E-05
ComputeChange: NS (ITER=1) (NRM,RELC): (  294.98855     0.28860673E-04 ) :: heat equation
ComputeChange: SS (ITER=17) (NRM,RELC): (  294.99621     0.29102812E-05 ) :: heat equation
FlowSolve: 
FlowSolve: 
FlowSolve: -------------------------------------
FlowSolve:  NAVIER-STOKES ITERATION           1
FlowSolve: -------------------------------------
FlowSolve: 
FlowSolve: Starting Assembly...
FlowSolve: Assembly:
FlowSolve: Assembly done
FlowSolve: Dirichlet conditions done
      10 0.1455E-06 0.1455E-06
BiCGStabl:       13 0.2926E-10 0.2926E-10
ComputeChange: NS (ITER=1) (NRM,RELC): ( 0.40096658E-03 0.29948054     ) :: navier-stokes
FlowSolve: iter:    1 Assembly: (s)    0.01    0.01
FlowSolve: iter:    1 Solve:    (s)    0.01    0.01
FlowSolve:  Result Norm     :    4.0096657808019173E-004
FlowSolve:  Relative Change :   0.29948053933387553
ComputeChange: SS (ITER=17) (NRM,RELC): ( 0.30684778E-03 0.34219861E-01 ) :: navier-stokes
SolveEquations: -------------------------------------
SolveEquations:  Coupled system iteration:           18
SolveEquations: -------------------------------------
HeatSolver: ------------------------------------------------
HeatSolver: Solving energy equation for temperature
HeatSolver: Heat solver iteration: 1
IterSolver: "Linear System GCR Restart" not given, setting it to 200
   gcr:    10  0.1137E-05  0.2442E-05
ComputeChange: NS (ITER=1) (NRM,RELC): (  294.98776     0.28635953E-04 ) :: heat equation
ComputeChange: SS (ITER=18) (NRM,RELC): (  294.99536     0.28847596E-05 ) :: heat equation
FlowSolve: 
FlowSolve: 
FlowSolve: -------------------------------------
FlowSolve:  NAVIER-STOKES ITERATION           1
FlowSolve: -------------------------------------
FlowSolve: 
FlowSolve: Starting Assembly...
FlowSolve: Assembly:
FlowSolve: Assembly done
FlowSolve: Dirichlet conditions done
      10 0.1143E-06 0.1143E-06
BiCGStabl:       13 0.5356E-10 0.5356E-10
ComputeChange: NS (ITER=1) (NRM,RELC): ( 0.39780125E-03 0.25815253     ) :: navier-stokes
FlowSolve: iter:    1 Assembly: (s)    0.01    0.01
FlowSolve: iter:    1 Solve:    (s)    0.01    0.01
FlowSolve:  Result Norm     :    3.9780124723821751E-004
FlowSolve:  Relative Change :   0.25815252869417704
ComputeChange: SS (ITER=18) (NRM,RELC): ( 0.31581214E-03 0.28793742E-01 ) :: navier-stokes
SolveEquations: -------------------------------------
SolveEquations:  Coupled system iteration:           19
SolveEquations: -------------------------------------
HeatSolver: ------------------------------------------------
HeatSolver: Solving energy equation for temperature
HeatSolver: Heat solver iteration: 1
IterSolver: "Linear System GCR Restart" not given, setting it to 200
   gcr:    10  0.1063E-05  0.2274E-05
ComputeChange: NS (ITER=1) (NRM,RELC): (  294.98704     0.28190313E-04 ) :: heat equation
ComputeChange: SS (ITER=19) (NRM,RELC): (  294.99452     0.28375823E-05 ) :: heat equation
FlowSolve: 
FlowSolve: 
FlowSolve: -------------------------------------
FlowSolve:  NAVIER-STOKES ITERATION           1
FlowSolve: -------------------------------------
FlowSolve: 
FlowSolve: Starting Assembly...
FlowSolve: Assembly:
FlowSolve: Assembly done
FlowSolve: Dirichlet conditions done
      10 0.1087E-06 0.1087E-06
BiCGStabl:       13 0.3572E-10 0.3572E-10
ComputeChange: NS (ITER=1) (NRM,RELC): ( 0.39413758E-03 0.22065068     ) :: navier-stokes
FlowSolve: iter:    1 Assembly: (s)    0.01    0.01
FlowSolve: iter:    1 Solve:    (s)    0.01    0.01
FlowSolve:  Result Norm     :    3.9413757990335724E-004
FlowSolve:  Relative Change :   0.22065067665461396
ComputeChange: SS (ITER=19) (NRM,RELC): ( 0.32350360E-03 0.24061562E-01 ) :: navier-stokes
SolveEquations: -------------------------------------
SolveEquations:  Coupled system iteration:           20
SolveEquations: -------------------------------------
HeatSolver: ------------------------------------------------
HeatSolver: Solving energy equation for temperature
HeatSolver: Heat solver iteration: 1
IterSolver: "Linear System GCR Restart" not given, setting it to 200
   gcr:    10  0.9937E-06  0.2113E-05
ComputeChange: NS (ITER=1) (NRM,RELC): (  294.98639     0.27569560E-04 ) :: heat equation
ComputeChange: SS (ITER=20) (NRM,RELC): (  294.99370     0.27732589E-05 ) :: heat equation
FlowSolve: 
FlowSolve: 
FlowSolve: -------------------------------------
FlowSolve:  NAVIER-STOKES ITERATION           1
FlowSolve: -------------------------------------
FlowSolve: 
FlowSolve: Starting Assembly...
FlowSolve: Assembly:
FlowSolve: Assembly done
FlowSolve: Dirichlet conditions done
      10 0.4027E-07 0.4027E-07
BiCGStabl:       12 0.1888E-10 0.1888E-10
ComputeChange: NS (ITER=1) (NRM,RELC): ( 0.39007357E-03 0.18658100     ) :: navier-stokes
FlowSolve: iter:    1 Assembly: (s)    0.01    0.01
FlowSolve: iter:    1 Solve:    (s)    0.01    0.01
FlowSolve:  Result Norm     :    3.9007357496970884E-004
FlowSolve:  Relative Change :   0.18658099531933600
ComputeChange: SS (ITER=20) (NRM,RELC): ( 0.33000979E-03 0.19911401E-01 ) :: navier-stokes
SolveEquations: -------------------------------------
SolveEquations:  Coupled system iteration:           21
SolveEquations: -------------------------------------
HeatSolver: ------------------------------------------------
HeatSolver: Solving energy equation for temperature
HeatSolver: Heat solver iteration: 1
IterSolver: "Linear System GCR Restart" not given, setting it to 200
   gcr:    10  0.9291E-06  0.1956E-05
ComputeChange: NS (ITER=1) (NRM,RELC): (  294.98579     0.26810957E-04 ) :: heat equation
ComputeChange: SS (ITER=21) (NRM,RELC): (  294.99291     0.26954575E-05 ) :: heat equation
FlowSolve: 
FlowSolve: 
FlowSolve: -------------------------------------
FlowSolve:  NAVIER-STOKES ITERATION           1
FlowSolve: -------------------------------------
FlowSolve: 
FlowSolve: Starting Assembly...
FlowSolve: Assembly:
FlowSolve: Assembly done
FlowSolve: Dirichlet conditions done
      10 0.2125E-07 0.2125E-07
BiCGStabl:       13 0.1825E-10 0.1825E-10
ComputeChange: NS (ITER=1) (NRM,RELC): ( 0.38569148E-03 0.15560037     ) :: navier-stokes
FlowSolve: iter:    1 Assembly: (s)    0.01    0.01
FlowSolve: iter:    1 Solve:    (s)    0.01    0.01
FlowSolve:  Result Norm     :    3.8569148091092671E-004
FlowSolve:  Relative Change :   0.15560037361555470
ComputeChange: SS (ITER=21) (NRM,RELC): ( 0.33541778E-03 0.16254198E-01 ) :: navier-stokes
SolveEquations: -------------------------------------
SolveEquations:  Coupled system iteration:           22
SolveEquations: -------------------------------------
HeatSolver: ------------------------------------------------
HeatSolver: Solving energy equation for temperature
HeatSolver: Heat solver iteration: 1
IterSolver: "Linear System GCR Restart" not given, setting it to 200
   gcr:    10  0.8679E-06  0.1805E-05
ComputeChange: NS (ITER=1) (NRM,RELC): (  294.98525     0.25944861E-04 ) :: heat equation
ComputeChange: SS (ITER=22) (NRM,RELC): (  294.99214     0.26071666E-05 ) :: heat equation
FlowSolve: 
FlowSolve: 
FlowSolve: -------------------------------------
FlowSolve:  NAVIER-STOKES ITERATION           1
FlowSolve: -------------------------------------
FlowSolve: 
FlowSolve: Starting Assembly...
FlowSolve: Assembly:
FlowSolve: Assembly done
FlowSolve: Dirichlet conditions done
      10 0.6247E-07 0.6247E-07
BiCGStabl:       13 0.8868E-10 0.8868E-10
ComputeChange: NS (ITER=1) (NRM,RELC): ( 0.38106085E-03 0.12740943     ) :: navier-stokes
FlowSolve: iter:    1 Assembly: (s)    0.01    0.01
FlowSolve: iter:    1 Solve:    (s)    0.01    0.01
FlowSolve:  Result Norm     :    3.8106085164416232E-004
FlowSolve:  Relative Change :   0.12740943020833678
ComputeChange: SS (ITER=22) (NRM,RELC): ( 0.33981296E-03 0.13018288E-01 ) :: navier-stokes
SolveEquations: -------------------------------------
SolveEquations:  Coupled system iteration:           23
SolveEquations: -------------------------------------
HeatSolver: ------------------------------------------------
HeatSolver: Solving energy equation for temperature
HeatSolver: Heat solver iteration: 1
IterSolver: "Linear System GCR Restart" not given, setting it to 200
   gcr:    10  0.8090E-06  0.1657E-05
ComputeChange: NS (ITER=1) (NRM,RELC): (  294.98476     0.24996023E-04 ) :: heat equation
ComputeChange: SS (ITER=23) (NRM,RELC): (  294.99140     0.25108225E-05 ) :: heat equation
FlowSolve: 
FlowSolve: 
FlowSolve: -------------------------------------
FlowSolve:  NAVIER-STOKES ITERATION           1
FlowSolve: -------------------------------------
FlowSolve: 
FlowSolve: Starting Assembly...
FlowSolve: Assembly:
FlowSolve: Assembly done
FlowSolve: Dirichlet conditions done
      10 0.9616E-06 0.9616E-06
BiCGStabl:       12 0.8788E-10 0.8788E-10
ComputeChange: NS (ITER=1) (NRM,RELC): ( 0.37624089E-03 0.10174636     ) :: navier-stokes
FlowSolve: iter:    1 Assembly: (s)    0.01    0.01
FlowSolve: iter:    1 Solve:    (s)    0.01    0.01
FlowSolve:  Result Norm     :    3.7624089345351979E-004
FlowSolve:  Relative Change :   0.10174635550388954
ComputeChange: SS (ITER=23) (NRM,RELC): ( 0.34327808E-03 0.10145426E-01 ) :: navier-stokes
SolveEquations: -------------------------------------
SolveEquations:  Coupled system iteration:           24
SolveEquations: -------------------------------------
HeatSolver: ------------------------------------------------
HeatSolver: Solving energy equation for temperature
HeatSolver: Heat solver iteration: 1
IterSolver: "Linear System GCR Restart" not given, setting it to 200
   gcr:    10  0.7518E-06  0.1513E-05
ComputeChange: NS (ITER=1) (NRM,RELC): (  294.98432     0.23984620E-04 ) :: heat equation
ComputeChange: SS (ITER=24) (NRM,RELC): (  294.99069     0.24084105E-05 ) :: heat equation
FlowSolve: 
FlowSolve: 
FlowSolve: -------------------------------------
FlowSolve:  NAVIER-STOKES ITERATION           1
FlowSolve: -------------------------------------
FlowSolve: 
FlowSolve: Starting Assembly...
FlowSolve: Assembly:
FlowSolve: Assembly done
FlowSolve: Dirichlet conditions done
      10 0.1538E-06 0.1538E-06
BiCGStabl:       13 0.9739E-11 0.9739E-11
ComputeChange: NS (ITER=1) (NRM,RELC): ( 0.37128230E-03 0.78381664E-01 ) :: navier-stokes
FlowSolve: iter:    1 Assembly: (s)    0.01    0.01
FlowSolve: iter:    1 Solve:    (s)    0.01    0.01
FlowSolve:  Result Norm     :    3.7128229923423316E-004
FlowSolve:  Relative Change :    7.8381663505882257E-002
ComputeChange: SS (ITER=24) (NRM,RELC): ( 0.34589274E-03 0.75878423E-02 ) :: navier-stokes
SolveEquations: -------------------------------------
SolveEquations:  Coupled system iteration:           25
SolveEquations: -------------------------------------
HeatSolver: ------------------------------------------------
HeatSolver: Solving energy equation for temperature
HeatSolver: Heat solver iteration: 1
IterSolver: "Linear System GCR Restart" not given, setting it to 200
   gcr:    10  0.6956E-06  0.1371E-05
ComputeChange: NS (ITER=1) (NRM,RELC): (  294.98392     0.22927082E-04 ) :: heat equation
ComputeChange: SS (ITER=25) (NRM,RELC): (  294.99001     0.23015470E-05 ) :: heat equation
FlowSolve: 
FlowSolve: 
FlowSolve: -------------------------------------
FlowSolve:  NAVIER-STOKES ITERATION           1
FlowSolve: -------------------------------------
FlowSolve: 
FlowSolve: Starting Assembly...
FlowSolve: Assembly:
FlowSolve: Assembly done
FlowSolve: Dirichlet conditions done
      10 0.8769E-07 0.8769E-07
BiCGStabl:       12 0.6486E-10 0.6486E-10
ComputeChange: NS (ITER=1) (NRM,RELC): ( 0.36622871E-03 0.57113752E-01 ) :: navier-stokes
FlowSolve: iter:    1 Assembly: (s)    0.01    0.01
FlowSolve: iter:    1 Solve:    (s)    0.01    0.01
FlowSolve:  Result Norm     :    3.6622870719058801E-004
FlowSolve:  Relative Change :    5.7113751920013604E-002
ComputeChange: SS (ITER=25) (NRM,RELC): ( 0.34773295E-03 0.53060410E-02 ) :: navier-stokes
SolveEquations: -------------------------------------
SolveEquations:  Coupled system iteration:           26
SolveEquations: -------------------------------------
HeatSolver: ------------------------------------------------
HeatSolver: Solving energy equation for temperature
HeatSolver: Heat solver iteration: 1
IterSolver: "Linear System GCR Restart" not given, setting it to 200
   gcr:    10  0.6403E-06  0.1234E-05
ComputeChange: NS (ITER=1) (NRM,RELC): (  294.98357     0.21836757E-04 ) :: heat equation
ComputeChange: SS (ITER=26) (NRM,RELC): (  294.98936     0.21915445E-05 ) :: heat equation
FlowSolve: 
FlowSolve: 
FlowSolve: -------------------------------------
FlowSolve:  NAVIER-STOKES ITERATION           1
FlowSolve: -------------------------------------
FlowSolve: 
FlowSolve: Starting Assembly...
FlowSolve: Assembly:
FlowSolve: Assembly done
FlowSolve: Dirichlet conditions done
      10 0.7625E-07 0.7625E-07
BiCGStabl:       12 0.4861E-10 0.4861E-10
ComputeChange: NS (ITER=1) (NRM,RELC): ( 0.36111788E-03 0.37765157E-01 ) :: navier-stokes
FlowSolve: iter:    1 Assembly: (s)    0.01    0.01
FlowSolve: iter:    1 Solve:    (s)    0.01    0.01
FlowSolve:  Result Norm     :    3.6111787785381974E-004
FlowSolve:  Relative Change :    3.7765157216733944E-002
ComputeChange: SS (ITER=26) (NRM,RELC): ( 0.34887090E-03 0.32671347E-02 ) :: navier-stokes
SolveEquations: -------------------------------------
SolveEquations:  Coupled system iteration:           27
SolveEquations: -------------------------------------
HeatSolver: ------------------------------------------------
HeatSolver: Solving energy equation for temperature
HeatSolver: Heat solver iteration: 1
IterSolver: "Linear System GCR Restart" not given, setting it to 200
   gcr:    10  0.5861E-06  0.1102E-05
ComputeChange: NS (ITER=1) (NRM,RELC): (  294.98325     0.20724455E-04 ) :: heat equation
ComputeChange: SS (ITER=27) (NRM,RELC): (  294.98875     0.20794650E-05 ) :: heat equation
FlowSolve: 
FlowSolve: 
FlowSolve: -------------------------------------
FlowSolve:  NAVIER-STOKES ITERATION           1
FlowSolve: -------------------------------------
FlowSolve: 
FlowSolve: Starting Assembly...
FlowSolve: Assembly:
FlowSolve: Assembly done
FlowSolve: Dirichlet conditions done
      10 0.6297E-07 0.6297E-07
BiCGStabl:       12 0.5368E-10 0.5368E-10
ComputeChange: NS (ITER=1) (NRM,RELC): ( 0.35598266E-03 0.20179409E-01 ) :: navier-stokes
FlowSolve: iter:    1 Assembly: (s)    0.01    0.01
FlowSolve: iter:    1 Solve:    (s)    0.01    0.01
FlowSolve:  Result Norm     :    3.5598265978074845E-004
FlowSolve:  Relative Change :    2.0179408909299399E-002
ComputeChange: SS (ITER=27) (NRM,RELC): ( 0.34937488E-03 0.14435670E-02 ) :: navier-stokes
SolveEquations: -------------------------------------
SolveEquations:  Coupled system iteration:           28
SolveEquations: -------------------------------------
HeatSolver: ------------------------------------------------
HeatSolver: Solving energy equation for temperature
HeatSolver: Heat solver iteration: 1
IterSolver: "Linear System GCR Restart" not given, setting it to 200
   gcr:    10  0.5344E-06  0.9806E-06
ComputeChange: NS (ITER=1) (NRM,RELC): (  294.98296     0.19609402E-04 ) :: heat equation
ComputeChange: SS (ITER=28) (NRM,RELC): (  294.98817     0.19672154E-05 ) :: heat equation
FlowSolve: 
FlowSolve: 
FlowSolve: -------------------------------------
FlowSolve:  NAVIER-STOKES ITERATION           1
FlowSolve: -------------------------------------
FlowSolve: 
FlowSolve: Starting Assembly...
FlowSolve: Assembly:
FlowSolve: Assembly done
FlowSolve: Dirichlet conditions done
      10 0.1326E-06 0.1326E-06
BiCGStabl:       12 0.3580E-10 0.3580E-10
ComputeChange: NS (ITER=1) (NRM,RELC): ( 0.35085176E-03 0.42182983E-02 ) :: navier-stokes
FlowSolve: iter:    1 Assembly: (s)    0.01    0.01
FlowSolve: iter:    1 Solve:    (s)    0.01    0.01
FlowSolve:  Result Norm     :    3.5085176042624395E-004
FlowSolve:  Relative Change :    4.2182983010988391E-003
ComputeChange: SS (ITER=28) (NRM,RELC): ( 0.34930924E-03 0.18788067E-03 ) :: navier-stokes
SolveEquations: -------------------------------------
SolveEquations:  Coupled system iteration:           29
SolveEquations: -------------------------------------
HeatSolver: ------------------------------------------------
HeatSolver: Solving energy equation for temperature
HeatSolver: Heat solver iteration: 1
IterSolver: "Linear System GCR Restart" not given, setting it to 200
   gcr:    10  0.4871E-06  0.8749E-06
ComputeChange: NS (ITER=1) (NRM,RELC): (  294.98272     0.18475756E-04 ) :: heat equation
ComputeChange: SS (ITER=29) (NRM,RELC): (  294.98762     0.18531984E-05 ) :: heat equation
FlowSolve: 
FlowSolve: 
FlowSolve: -------------------------------------
FlowSolve:  NAVIER-STOKES ITERATION           1
FlowSolve: -------------------------------------
FlowSolve: 
FlowSolve: Starting Assembly...
FlowSolve: Assembly:
FlowSolve: Assembly done
FlowSolve: Dirichlet conditions done
      10 0.4504E-07 0.4504E-07
BiCGStabl:       12 0.9658E-10 0.9658E-10
ComputeChange: NS (ITER=1) (NRM,RELC): ( 0.34575051E-03 0.10240083E-01 ) :: navier-stokes
FlowSolve: iter:    1 Assembly: (s)    0.01    0.01
FlowSolve: iter:    1 Solve:    (s)    0.01    0.01
FlowSolve:  Result Norm     :    3.4575050867173790E-004
FlowSolve:  Relative Change :    1.0240082823267828E-002
ComputeChange: SS (ITER=29) (NRM,RELC): ( 0.34873446E-03 0.16468304E-02 ) :: navier-stokes
SolveEquations: -------------------------------------
SolveEquations:  Coupled system iteration:           30
SolveEquations: -------------------------------------
HeatSolver: ------------------------------------------------
HeatSolver: Solving energy equation for temperature
HeatSolver: Heat solver iteration: 1
IterSolver: "Linear System GCR Restart" not given, setting it to 200
   gcr:    10  0.4468E-06  0.7898E-06
ComputeChange: NS (ITER=1) (NRM,RELC): (  294.98250     0.17341504E-04 ) :: heat equation
ComputeChange: SS (ITER=30) (NRM,RELC): (  294.98711     0.17392014E-05 ) :: heat equation
FlowSolve: 
FlowSolve: 
FlowSolve: -------------------------------------
FlowSolve:  NAVIER-STOKES ITERATION           1
FlowSolve: -------------------------------------
FlowSolve: 
FlowSolve: Starting Assembly...
FlowSolve: Assembly:
FlowSolve: Assembly done
FlowSolve: Dirichlet conditions done
      10 0.2862E-07 0.2862E-07
BiCGStabl:       12 0.8985E-10 0.8985E-10
ComputeChange: NS (ITER=1) (NRM,RELC): ( 0.34070136E-03 0.23303416E-01 ) :: navier-stokes
FlowSolve: iter:    1 Assembly: (s)    0.01    0.01
FlowSolve: iter:    1 Solve:    (s)    0.01    0.01
FlowSolve:  Result Norm     :    3.4070135862824126E-004
FlowSolve:  Relative Change :    2.3303416233520131E-002
ComputeChange: SS (ITER=30) (NRM,RELC): ( 0.34770724E-03 0.29499319E-02 ) :: navier-stokes
SolveEquations: -------------------------------------
SolveEquations:  Coupled system iteration:           31
SolveEquations: -------------------------------------
HeatSolver: ------------------------------------------------
HeatSolver: Solving energy equation for temperature
HeatSolver: Heat solver iteration: 1
IterSolver: "Linear System GCR Restart" not given, setting it to 200
   gcr:    10  0.4151E-06  0.7279E-06
ComputeChange: NS (ITER=1) (NRM,RELC): (  294.98233     0.16211071E-04 ) :: heat equation
ComputeChange: SS (ITER=31) (NRM,RELC): (  294.98663     0.16256572E-05 ) :: heat equation
FlowSolve: 
FlowSolve: 
FlowSolve: -------------------------------------
FlowSolve:  NAVIER-STOKES ITERATION           1
FlowSolve: -------------------------------------
FlowSolve: 
FlowSolve: Starting Assembly...
FlowSolve: Assembly:
FlowSolve: Assembly done
FlowSolve: Dirichlet conditions done
      10 0.2681E-07 0.2681E-07
BiCGStabl:       12 0.7634E-10 0.7634E-10
ComputeChange: NS (ITER=1) (NRM,RELC): ( 0.33572441E-03 0.35066642E-01 ) :: navier-stokes
FlowSolve: iter:    1 Assembly: (s)    0.01    0.01
FlowSolve: iter:    1 Solve:    (s)    0.01    0.01
FlowSolve:  Result Norm     :    3.3572440929483796E-004
FlowSolve:  Relative Change :    3.5066642277571114E-002
ComputeChange: SS (ITER=31) (NRM,RELC): ( 0.34628063E-03 0.41113306E-02 ) :: navier-stokes
SolveEquations: -------------------------------------
SolveEquations:  Coupled system iteration:           32
SolveEquations: -------------------------------------
HeatSolver: ------------------------------------------------
HeatSolver: Solving energy equation for temperature
HeatSolver: Heat solver iteration: 1
IterSolver: "Linear System GCR Restart" not given, setting it to 200
   gcr:    10  0.3918E-06  0.6877E-06
ComputeChange: NS (ITER=1) (NRM,RELC): (  294.98218     0.15087922E-04 ) :: heat equation
ComputeChange: SS (ITER=32) (NRM,RELC): (  294.98618     0.15129042E-05 ) :: heat equation
FlowSolve: 
FlowSolve: 
FlowSolve: -------------------------------------
FlowSolve:  NAVIER-STOKES ITERATION           1
FlowSolve: -------------------------------------
FlowSolve: 
FlowSolve: Starting Assembly...
FlowSolve: Assembly:
FlowSolve: Assembly done
FlowSolve: Dirichlet conditions done
      10 0.2800E-07 0.2800E-07
BiCGStabl:       12 0.9337E-10 0.9337E-10
ComputeChange: NS (ITER=1) (NRM,RELC): ( 0.33083784E-03 0.45613269E-01 ) :: navier-stokes
FlowSolve: iter:    1 Assembly: (s)    0.01    0.01
FlowSolve: iter:    1 Solve:    (s)    0.01    0.01
FlowSolve:  Result Norm     :    3.3083783572624554E-004
FlowSolve:  Relative Change :    4.5613268856900896E-002
ComputeChange: SS (ITER=32) (NRM,RELC): ( 0.34450426E-03 0.51430457E-02 ) :: navier-stokes
SolveEquations: -------------------------------------
SolveEquations:  Coupled system iteration:           33
SolveEquations: -------------------------------------
HeatSolver: ------------------------------------------------
HeatSolver: Solving energy equation for temperature
HeatSolver: Heat solver iteration: 1
IterSolver: "Linear System GCR Restart" not given, setting it to 200
   gcr:    10  0.3751E-06  0.6642E-06
ComputeChange: NS (ITER=1) (NRM,RELC): (  294.98206     0.13974686E-04 ) :: heat equation
ComputeChange: SS (ITER=33) (NRM,RELC): (  294.98577     0.14011980E-05 ) :: heat equation
FlowSolve: 
FlowSolve: 
FlowSolve: -------------------------------------
FlowSolve:  NAVIER-STOKES ITERATION           1
FlowSolve: -------------------------------------
FlowSolve: 
FlowSolve: Starting Assembly...
FlowSolve: Assembly:
FlowSolve: Assembly done
FlowSolve: Dirichlet conditions done
      10 0.1903E-07 0.1903E-07
BiCGStabl:       12 0.7636E-10 0.7636E-10
ComputeChange: NS (ITER=1) (NRM,RELC): ( 0.32605827E-03 0.55016470E-01 ) :: navier-stokes
FlowSolve: iter:    1 Assembly: (s)    0.01    0.01
FlowSolve: iter:    1 Solve:    (s)    0.01    0.01
FlowSolve:  Result Norm     :    3.2605826819046284E-004
FlowSolve:  Relative Change :    5.5016470301399556E-002
ComputeChange: SS (ITER=33) (NRM,RELC): ( 0.34242449E-03 0.60552714E-02 ) :: navier-stokes
SolveEquations: -------------------------------------
SolveEquations:  Coupled system iteration:           34
SolveEquations: -------------------------------------
HeatSolver: ------------------------------------------------
HeatSolver: Solving energy equation for temperature
HeatSolver: Heat solver iteration: 1
IterSolver: "Linear System GCR Restart" not given, setting it to 200
   gcr:    10  0.3624E-06  0.6512E-06
ComputeChange: NS (ITER=1) (NRM,RELC): (  294.98197     0.12873308E-04 ) :: heat equation
ComputeChange: SS (ITER=34) (NRM,RELC): (  294.98539     0.12907275E-05 ) :: heat equation
FlowSolve: 
FlowSolve: 
FlowSolve: -------------------------------------
FlowSolve:  NAVIER-STOKES ITERATION           1
FlowSolve: -------------------------------------
FlowSolve: 
FlowSolve: Starting Assembly...
FlowSolve: Assembly:
FlowSolve: Assembly done
FlowSolve: Dirichlet conditions done
      10 0.1439E-07 0.1439E-07
BiCGStabl:       12 0.9289E-10 0.9289E-10
ComputeChange: NS (ITER=1) (NRM,RELC): ( 0.32140113E-03 0.63340019E-01 ) :: navier-stokes
FlowSolve: iter:    1 Assembly: (s)    0.01    0.01
FlowSolve: iter:    1 Solve:    (s)    0.01    0.01
FlowSolve:  Result Norm     :    3.2140112620744832E-004
FlowSolve:  Relative Change :    6.3340019392162092E-002
ComputeChange: SS (ITER=34) (NRM,RELC): ( 0.34008464E-03 0.68566202E-02 ) :: navier-stokes
SolveEquations: -------------------------------------
SolveEquations:  Coupled system iteration:           35
SolveEquations: -------------------------------------
HeatSolver: ------------------------------------------------
HeatSolver: Solving energy equation for temperature
HeatSolver: Heat solver iteration: 1
IterSolver: "Linear System GCR Restart" not given, setting it to 200
   gcr:    10  0.3517E-06  0.6433E-06
ComputeChange: NS (ITER=1) (NRM,RELC): (  294.98191     0.11785251E-04 ) :: heat equation
ComputeChange: SS (ITER=35) (NRM,RELC): (  294.98504     0.11816336E-05 ) :: heat equation
FlowSolve: 
FlowSolve: 
FlowSolve: -------------------------------------
FlowSolve:  NAVIER-STOKES ITERATION           1
FlowSolve: -------------------------------------
FlowSolve: 
FlowSolve: Starting Assembly...
FlowSolve: Assembly:
FlowSolve: Assembly done
FlowSolve: Dirichlet conditions done
      10 0.1253E-07 0.1253E-07
BiCGStabl:       12 0.3097E-10 0.3097E-10
ComputeChange: NS (ITER=1) (NRM,RELC): ( 0.31688091E-03 0.70639092E-01 ) :: navier-stokes
FlowSolve: iter:    1 Assembly: (s)    0.01    0.01
FlowSolve: iter:    1 Solve:    (s)    0.01    0.01
FlowSolve:  Result Norm     :    3.1688091200941885E-004
FlowSolve:  Relative Change :    7.0639092072692700E-002
ComputeChange: SS (ITER=35) (NRM,RELC): ( 0.33752520E-03 0.75543209E-02 ) :: navier-stokes
SolveEquations: -------------------------------------
SolveEquations:  Coupled system iteration:           36
SolveEquations: -------------------------------------
HeatSolver: ------------------------------------------------
HeatSolver: Solving energy equation for temperature
HeatSolver: Heat solver iteration: 1
IterSolver: "Linear System GCR Restart" not given, setting it to 200
   gcr:    10  0.3417E-06  0.6365E-06
ComputeChange: NS (ITER=1) (NRM,RELC): (  294.98188     0.10711647E-04 ) :: heat equation
ComputeChange: SS (ITER=36) (NRM,RELC): (  294.98472     0.10740248E-05 ) :: heat equation
FlowSolve: 
FlowSolve: 
FlowSolve: -------------------------------------
FlowSolve:  NAVIER-STOKES ITERATION           1
FlowSolve: -------------------------------------
FlowSolve: 
FlowSolve: Starting Assembly...
FlowSolve: Assembly:
FlowSolve: Assembly done
FlowSolve: Dirichlet conditions done
      10 0.9679E-08 0.9679E-08
BiCGStabl:       12 0.2279E-10 0.2279E-10
ComputeChange: NS (ITER=1) (NRM,RELC): ( 0.31251146E-03 0.76960988E-01 ) :: navier-stokes
FlowSolve: iter:    1 Assembly: (s)    0.01    0.01
FlowSolve: iter:    1 Solve:    (s)    0.01    0.01
FlowSolve:  Result Norm     :    3.1251146406242094E-004
FlowSolve:  Relative Change :    7.6960988090724464E-002
ComputeChange: SS (ITER=36) (NRM,RELC): ( 0.33478406E-03 0.81543826E-02 ) :: navier-stokes
SolveEquations: -------------------------------------
SolveEquations:  Coupled system iteration:           37
SolveEquations: -------------------------------------
HeatSolver: ------------------------------------------------
HeatSolver: Solving energy equation for temperature
HeatSolver: Heat solver iteration: 1
IterSolver: "Linear System GCR Restart" not given, setting it to 200
   gcr:    10  0.3319E-06  0.6287E-06
ComputeChange: NS (ITER=1) (NRM,RELC): (  294.98187     0.96534173E-05 ) :: heat equation
ComputeChange: SS (ITER=37) (NRM,RELC): (  294.98444     0.96798957E-06 ) :: heat equation
FlowSolve: 
FlowSolve: 
FlowSolve: -------------------------------------
FlowSolve:  NAVIER-STOKES ITERATION           1
FlowSolve: -------------------------------------
FlowSolve: 
FlowSolve: Starting Assembly...
FlowSolve: Assembly:
FlowSolve: Assembly done
FlowSolve: Dirichlet conditions done
      10 0.7350E-08 0.7350E-08
BiCGStabl:       12 0.3652E-10 0.3652E-10
ComputeChange: NS (ITER=1) (NRM,RELC): ( 0.30830617E-03 0.82345808E-01 ) :: navier-stokes
FlowSolve: iter:    1 Assembly: (s)    0.01    0.01
FlowSolve: iter:    1 Solve:    (s)    0.01    0.01
FlowSolve:  Result Norm     :    3.0830616991629593E-004
FlowSolve:  Relative Change :    8.2345808315883562E-002
ComputeChange: SS (ITER=37) (NRM,RELC): ( 0.33189676E-03 0.86617362E-02 ) :: navier-stokes
SolveEquations: -------------------------------------
SolveEquations:  Coupled system iteration:           38
SolveEquations: -------------------------------------
HeatSolver: ------------------------------------------------
HeatSolver: Solving energy equation for temperature
HeatSolver: Heat solver iteration: 1
IterSolver: "Linear System GCR Restart" not given, setting it to 200
   gcr:    10  0.3221E-06  0.6190E-06
ComputeChange: NS (ITER=1) (NRM,RELC): (  294.98190     0.86113791E-05 ) :: heat equation
ComputeChange: SS (ITER=38) (NRM,RELC): (  294.98418     0.86360603E-06 ) :: heat equation
FlowSolve: 
FlowSolve: 
FlowSolve: -------------------------------------
FlowSolve:  NAVIER-STOKES ITERATION           1
FlowSolve: -------------------------------------
FlowSolve: 
FlowSolve: Starting Assembly...
FlowSolve: Assembly:
FlowSolve: Assembly done
FlowSolve: Dirichlet conditions done
      10 0.5421E-08 0.5421E-08
BiCGStabl:       13 0.4027E-11 0.4027E-11
ComputeChange: NS (ITER=1) (NRM,RELC): ( 0.30427814E-03 0.86827122E-01 ) :: navier-stokes
FlowSolve: iter:    1 Assembly: (s)    0.01    0.01
FlowSolve: iter:    1 Solve:    (s)    0.01    0.01
FlowSolve:  Result Norm     :    3.0427813830371809E-004
FlowSolve:  Relative Change :    8.6827121581268138E-002
ComputeChange: SS (ITER=38) (NRM,RELC): ( 0.32889663E-03 0.90803600E-02 ) :: navier-stokes
SolveEquations: -------------------------------------
SolveEquations:  Coupled system iteration:           39
SolveEquations: -------------------------------------
HeatSolver: ------------------------------------------------
HeatSolver: Solving energy equation for temperature
HeatSolver: Heat solver iteration: 1
IterSolver: "Linear System GCR Restart" not given, setting it to 200
   gcr:    10  0.3122E-06  0.6072E-06
ComputeChange: NS (ITER=1) (NRM,RELC): (  294.98194     0.75863508E-05 ) :: heat equation
ComputeChange: SS (ITER=39) (NRM,RELC): (  294.98396     0.76095298E-06 ) :: heat equation
FlowSolve: 
FlowSolve: 
FlowSolve: -------------------------------------
FlowSolve:  NAVIER-STOKES ITERATION           1
FlowSolve: -------------------------------------
FlowSolve: 
FlowSolve: Starting Assembly...
FlowSolve: Assembly:
FlowSolve: Assembly done
FlowSolve: Dirichlet conditions done
      10 0.3496E-08 0.3496E-08
BiCGStabl:       13 0.4022E-11 0.4022E-11
ComputeChange: NS (ITER=1) (NRM,RELC): ( 0.30044033E-03 0.90432662E-01 ) :: navier-stokes
FlowSolve: iter:    1 Assembly: (s)    0.01    0.01
FlowSolve: iter:    1 Solve:    (s)    0.01    0.01
FlowSolve:  Result Norm     :    3.0044032652866247E-004
FlowSolve:  Relative Change :    9.0432661709851161E-002
ComputeChange: SS (ITER=39) (NRM,RELC): ( 0.32581510E-03 0.94133989E-02 ) :: navier-stokes
SolveEquations: -------------------------------------
SolveEquations:  Coupled system iteration:           40
SolveEquations: -------------------------------------
HeatSolver: ------------------------------------------------
HeatSolver: Solving energy equation for temperature
HeatSolver: Heat solver iteration: 1
IterSolver: "Linear System GCR Restart" not given, setting it to 200
   gcr:    10  0.3025E-06  0.5934E-06
ComputeChange: NS (ITER=1) (NRM,RELC): (  294.98202     0.65792595E-05 ) :: heat equation
ComputeChange: SS (ITER=40) (NRM,RELC): (  294.98376     0.66012034E-06 ) :: heat equation
FlowSolve: 
FlowSolve: 
FlowSolve: -------------------------------------
FlowSolve:  NAVIER-STOKES ITERATION           1
FlowSolve: -------------------------------------
FlowSolve: 
FlowSolve: Starting Assembly...
FlowSolve: Assembly:
FlowSolve: Assembly done
FlowSolve: Dirichlet conditions done
      10 0.2104E-08 0.2104E-08
BiCGStabl:       13 0.3635E-11 0.3635E-11
ComputeChange: NS (ITER=1) (NRM,RELC): ( 0.29680562E-03 0.93185095E-01 ) :: navier-stokes
FlowSolve: iter:    1 Assembly: (s)    0.01    0.01
FlowSolve: iter:    1 Solve:    (s)    0.01    0.01
FlowSolve:  Result Norm     :    2.9680561801903279E-004
FlowSolve:  Relative Change :    9.3185094518354356E-002
ComputeChange: SS (ITER=40) (NRM,RELC): ( 0.32268180E-03 0.96632824E-02 ) :: navier-stokes
SolveEquations: -------------------------------------
SolveEquations:  Coupled system iteration:           41
SolveEquations: -------------------------------------
HeatSolver: ------------------------------------------------
HeatSolver: Solving energy equation for temperature
HeatSolver: Heat solver iteration: 1
IterSolver: "Linear System GCR Restart" not given, setting it to 200
   gcr:    10  0.2930E-06  0.5780E-06
ComputeChange: NS (ITER=1) (NRM,RELC): (  294.98211     0.55912467E-05 ) :: heat equation
ComputeChange: SS (ITER=41) (NRM,RELC): (  294.98360     0.56121968E-06 ) :: heat equation
FlowSolve: 
FlowSolve: 
FlowSolve: -------------------------------------
FlowSolve:  NAVIER-STOKES ITERATION           1
FlowSolve: -------------------------------------
FlowSolve: 
FlowSolve: Starting Assembly...
FlowSolve: Assembly:
FlowSolve: Assembly done
FlowSolve: Dirichlet conditions done
      10 0.1698E-08 0.1698E-08
BiCGStabl:       13 0.4134E-11 0.4134E-11
ComputeChange: NS (ITER=1) (NRM,RELC): ( 0.29338684E-03 0.95102891E-01 ) :: navier-stokes
FlowSolve: iter:    1 Assembly: (s)    0.01    0.01
FlowSolve: iter:    1 Solve:    (s)    0.01    0.01
FlowSolve:  Result Norm     :    2.9338684450864544E-004
FlowSolve:  Relative Change :    9.5102891019967425E-002
ComputeChange: SS (ITER=41) (NRM,RELC): ( 0.31952476E-03 0.98318507E-02 ) :: navier-stokes
SolveEquations: -------------------------------------
SolveEquations:  Coupled system iteration:           42
SolveEquations: -------------------------------------
HeatSolver: ------------------------------------------------
HeatSolver: Solving energy equation for temperature
HeatSolver: Heat solver iteration: 1
IterSolver: "Linear System GCR Restart" not given, setting it to 200
   gcr:    10  0.2839E-06  0.5615E-06
ComputeChange: NS (ITER=1) (NRM,RELC): (  294.98223     0.46237680E-05 ) :: heat equation
ComputeChange: SS (ITER=42) (NRM,RELC): (  294.98346     0.46439414E-06 ) :: heat equation
FlowSolve: 
FlowSolve: 
FlowSolve: -------------------------------------
FlowSolve:  NAVIER-STOKES ITERATION           1
FlowSolve: -------------------------------------
FlowSolve: 
FlowSolve: Starting Assembly...
FlowSolve: Assembly:
FlowSolve: Assembly done
FlowSolve: Dirichlet conditions done
      10 0.9242E-09 0.9242E-09
BiCGStabl:       13 0.5560E-11 0.5560E-11
ComputeChange: NS (ITER=1) (NRM,RELC): ( 0.29019675E-03 0.96201341E-01 ) :: navier-stokes
FlowSolve: iter:    1 Assembly: (s)    0.01    0.01
FlowSolve: iter:    1 Solve:    (s)    0.01    0.01
FlowSolve:  Result Norm     :    2.9019674631419040E-004
FlowSolve:  Relative Change :    9.6201340966757420E-002
ComputeChange: SS (ITER=42) (NRM,RELC): ( 0.31637056E-03 0.99204922E-02 ) :: navier-stokes
SolveEquations: -------------------------------------
SolveEquations:  Coupled system iteration:           43
SolveEquations: -------------------------------------
HeatSolver: ------------------------------------------------
HeatSolver: Solving energy equation for temperature
HeatSolver: Heat solver iteration: 1
IterSolver: "Linear System GCR Restart" not given, setting it to 200
   gcr:    10  0.2753E-06  0.5442E-06
ComputeChange: NS (ITER=1) (NRM,RELC): (  294.98237     0.36786802E-05 ) :: heat equation
ComputeChange: SS (ITER=43) (NRM,RELC): (  294.98335     0.36982705E-06 ) :: heat equation
FlowSolve: 
FlowSolve: 
FlowSolve: -------------------------------------
FlowSolve:  NAVIER-STOKES ITERATION           1
FlowSolve: -------------------------------------
FlowSolve: 
FlowSolve: Starting Assembly...
FlowSolve: Assembly:
FlowSolve: Assembly done
FlowSolve: Dirichlet conditions done
      10 0.9376E-09 0.9376E-09
BiCGStabl:       12 0.6165E-10 0.6165E-10
ComputeChange: NS (ITER=1) (NRM,RELC): ( 0.28724787E-03 0.96493731E-01 ) :: navier-stokes
FlowSolve: iter:    1 Assembly: (s)    0.01    0.01
FlowSolve: iter:    1 Solve:    (s)    0.01    0.01
FlowSolve:  Result Norm     :    2.8724786510661191E-004
FlowSolve:  Relative Change :    9.6493731231348287E-002
ComputeChange: SS (ITER=43) (NRM,RELC): ( 0.31324443E-03 0.99302995E-02 ) :: navier-stokes
SolveEquations: -------------------------------------
SolveEquations:  Coupled system iteration:           44
SolveEquations: -------------------------------------
HeatSolver: ------------------------------------------------
HeatSolver: Solving energy equation for temperature
HeatSolver: Heat solver iteration: 1
IterSolver: "Linear System GCR Restart" not given, setting it to 200
   gcr:    10  0.2673E-06  0.5264E-06
ComputeChange: NS (ITER=1) (NRM,RELC): (  294.98254     0.27583116E-05 ) :: heat equation
ComputeChange: SS (ITER=44) (NRM,RELC): (  294.98327     0.27774884E-06 ) :: heat equation
FlowSolve: 
FlowSolve: 
FlowSolve: -------------------------------------
FlowSolve:  NAVIER-STOKES ITERATION           1
FlowSolve: -------------------------------------
FlowSolve: 
FlowSolve: Starting Assembly...
FlowSolve: Assembly:
FlowSolve: Assembly done
FlowSolve: Dirichlet conditions done
      10 0.3220E-08 0.3220E-08
BiCGStabl:       11 0.7912E-10 0.7912E-10
ComputeChange: NS (ITER=1) (NRM,RELC): ( 0.28455236E-03 0.95992703E-01 ) :: navier-stokes
FlowSolve: iter:    1 Assembly: (s)    0.01    0.01
FlowSolve: iter:    1 Solve:    (s)    0.01    0.01
FlowSolve:  Result Norm     :    2.8455236456032500E-004
FlowSolve:  Relative Change :    9.5992702712261541E-002
ComputeChange: SS (ITER=44) (NRM,RELC): ( 0.31017030E-03 0.98622433E-02 ) :: navier-stokes
SolveEquations: -------------------------------------
SolveEquations:  Coupled system iteration:           45
SolveEquations: -------------------------------------
HeatSolver: ------------------------------------------------
HeatSolver: Solving energy equation for temperature
HeatSolver: Heat solver iteration: 1
IterSolver: "Linear System GCR Restart" not given, setting it to 200
   gcr:    10  0.2600E-06  0.5083E-06
ComputeChange: NS (ITER=1) (NRM,RELC): (  294.98272     0.18655072E-05 ) :: heat equation
ComputeChange: SS (ITER=45) (NRM,RELC): (  294.98321     0.18844156E-06 ) :: heat equation
FlowSolve: 
FlowSolve: 
FlowSolve: -------------------------------------
FlowSolve:  NAVIER-STOKES ITERATION           1
FlowSolve: -------------------------------------
FlowSolve: 
FlowSolve: Starting Assembly...
FlowSolve: Assembly:
FlowSolve: Assembly done
FlowSolve: Dirichlet conditions done
      10 0.7602E-08 0.7602E-08
BiCGStabl:       12 0.7136E-10 0.7136E-10
ComputeChange: NS (ITER=1) (NRM,RELC): ( 0.28212178E-03 0.94711788E-01 ) :: navier-stokes
FlowSolve: iter:    1 Assembly: (s)    0.01    0.01
FlowSolve: iter:    1 Solve:    (s)    0.01    0.01
FlowSolve:  Result Norm     :    2.8212177508547880E-004
FlowSolve:  Relative Change :    9.4711788298735944E-002
ComputeChange: SS (ITER=45) (NRM,RELC): ( 0.30717083E-03 0.97173669E-02 ) :: navier-stokes
SolveEquations: -------------------------------------
SolveEquations:  Coupled system iteration:           46
SolveEquations: -------------------------------------
HeatSolver: ------------------------------------------------
HeatSolver: Solving energy equation for temperature
HeatSolver: Heat solver iteration: 1
IterSolver: "Linear System GCR Restart" not given, setting it to 200
   gcr:    10  0.2534E-06  0.4900E-06
ComputeChange: NS (ITER=1) (NRM,RELC): (  294.98292     0.10036462E-05 ) :: heat equation
ComputeChange: SS (ITER=46) (NRM,RELC): (  294.98318     0.10224057E-06 ) :: heat equation
FlowSolve: 
FlowSolve: 
FlowSolve: -------------------------------------
FlowSolve:  NAVIER-STOKES ITERATION           1
FlowSolve: -------------------------------------
FlowSolve: 
FlowSolve: Starting Assembly...
FlowSolve: Assembly:
FlowSolve: Assembly done
FlowSolve: Dirichlet conditions done
      10 0.1772E-08 0.1772E-08
BiCGStabl:       12 0.5604E-10 0.5604E-10
ComputeChange: NS (ITER=1) (NRM,RELC): ( 0.27996666E-03 0.92667113E-01 ) :: navier-stokes
FlowSolve: iter:    1 Assembly: (s)    0.01    0.01
FlowSolve: iter:    1 Solve:    (s)    0.01    0.01
FlowSolve:  Result Norm     :    2.7996666246259713E-004
FlowSolve:  Relative Change :    9.2667112739620375E-002
ComputeChange: SS (ITER=46) (NRM,RELC): ( 0.30426742E-03 0.94969972E-02 ) :: navier-stokes
SolveEquations: -------------------------------------
SolveEquations:  Coupled system iteration:           47
SolveEquations: -------------------------------------
HeatSolver: ------------------------------------------------
HeatSolver: Solving energy equation for temperature
HeatSolver: Heat solver iteration: 1
IterSolver: "Linear System GCR Restart" not given, setting it to 200
   gcr:    10  0.2476E-06  0.4716E-06
ComputeChange: NS (ITER=1) (NRM,RELC): (  294.98313     0.17662267E-06 ) :: heat equation
ComputeChange: SS (ITER=47) (NRM,RELC): (  294.98318     0.19532471E-07 ) :: heat equation
FlowSolve: 
FlowSolve: 
FlowSolve: -------------------------------------
FlowSolve:  NAVIER-STOKES ITERATION           1
FlowSolve: -------------------------------------
FlowSolve: 
FlowSolve: Starting Assembly...
FlowSolve: Assembly:
FlowSolve: Assembly done
FlowSolve: Dirichlet conditions done
      10 0.1533E-08 0.1533E-08
BiCGStabl:       12 0.3919E-10 0.3919E-10
ComputeChange: NS (ITER=1) (NRM,RELC): ( 0.27809622E-03 0.89879214E-01 ) :: navier-stokes
FlowSolve: iter:    1 Assembly: (s)    0.01    0.01
FlowSolve: iter:    1 Solve:    (s)    0.01    0.01
FlowSolve:  Result Norm     :    2.7809622389538457E-004
FlowSolve:  Relative Change :    8.9879213584123221E-002
ComputeChange: SS (ITER=47) (NRM,RELC): ( 0.30148008E-03 0.92029649E-02 ) :: navier-stokes
SolveEquations: -------------------------------------
SolveEquations:  Coupled system iteration:           48
SolveEquations: -------------------------------------
HeatSolver: ------------------------------------------------
HeatSolver: Solving energy equation for temperature
HeatSolver: Heat solver iteration: 1
IterSolver: "Linear System GCR Restart" not given, setting it to 200
   gcr:    10  0.2425E-06  0.4527E-06
ComputeChange: NS (ITER=1) (NRM,RELC): (  294.98336     0.61121583E-06 ) :: heat equation
ComputeChange: SS (ITER=48) (NRM,RELC): (  294.98319     0.59250918E-07 ) :: heat equation
FlowSolve: 
FlowSolve: 
FlowSolve: -------------------------------------
FlowSolve:  NAVIER-STOKES ITERATION           1
FlowSolve: -------------------------------------
FlowSolve: 
FlowSolve: Starting Assembly...
FlowSolve: Assembly:
FlowSolve: Assembly done
FlowSolve: Dirichlet conditions done
      10 0.2114E-08 0.2114E-08
BiCGStabl:       12 0.4318E-10 0.4318E-10
ComputeChange: NS (ITER=1) (NRM,RELC): ( 0.27651782E-03 0.86374908E-01 ) :: navier-stokes
FlowSolve: iter:    1 Assembly: (s)    0.01    0.01
FlowSolve: iter:    1 Solve:    (s)    0.01    0.01
FlowSolve:  Result Norm     :    2.7651782250831509E-004
FlowSolve:  Relative Change :    8.6374908348467561E-002
ComputeChange: SS (ITER=48) (NRM,RELC): ( 0.29882738E-03 0.88378218E-02 ) :: navier-stokes
SolveEquations: -------------------------------------
SolveEquations:  Coupled system iteration:           49
SolveEquations: -------------------------------------
HeatSolver: ------------------------------------------------
HeatSolver: Solving energy equation for temperature
HeatSolver: Heat solver iteration: 1
IterSolver: "Linear System GCR Restart" not given, setting it to 200
   gcr:    10  0.2380E-06  0.4332E-06
ComputeChange: NS (ITER=1) (NRM,RELC): (  294.98359     0.13551695E-05 ) :: heat equation
ComputeChange: SS (ITER=49) (NRM,RELC): (  294.98323     0.13364276E-06 ) :: heat equation
FlowSolve: 
FlowSolve: 
FlowSolve: -------------------------------------
FlowSolve:  NAVIER-STOKES ITERATION           1
FlowSolve: -------------------------------------
FlowSolve: 
FlowSolve: Starting Assembly...
FlowSolve: Assembly:
FlowSolve: Assembly done
FlowSolve: Dirichlet conditions done
      10 0.2432E-08 0.2432E-08
BiCGStabl:       12 0.4399E-10 0.4399E-10
ComputeChange: NS (ITER=1) (NRM,RELC): ( 0.27523648E-03 0.82189108E-01 ) :: navier-stokes
FlowSolve: iter:    1 Assembly: (s)    0.01    0.01
FlowSolve: iter:    1 Solve:    (s)    0.01    0.01
FlowSolve:  Result Norm     :    2.7523647731264426E-004
FlowSolve:  Relative Change :    8.2189107957682431E-002
ComputeChange: SS (ITER=49) (NRM,RELC): ( 0.29632623E-03 0.84050423E-02 ) :: navier-stokes
SolveEquations: -------------------------------------
SolveEquations:  Coupled system iteration:           50
SolveEquations: -------------------------------------
HeatSolver: ------------------------------------------------
HeatSolver: Solving energy equation for temperature
HeatSolver: Heat solver iteration: 1
IterSolver: "Linear System GCR Restart" not given, setting it to 200
   gcr:    10  0.2339E-06  0.4127E-06
ComputeChange: NS (ITER=1) (NRM,RELC): (  294.98383     0.20234987E-05 ) :: heat equation
ComputeChange: SS (ITER=50) (NRM,RELC): (  294.98329     0.20047217E-06 ) :: heat equation
FlowSolve: 
FlowSolve: 
FlowSolve: -------------------------------------
FlowSolve:  NAVIER-STOKES ITERATION           1
FlowSolve: -------------------------------------
FlowSolve: 
FlowSolve: Starting Assembly...
FlowSolve: Assembly:
FlowSolve: Assembly done
FlowSolve: Dirichlet conditions done
      10 0.4212E-08 0.4212E-08
BiCGStabl:       12 0.5746E-10 0.5746E-10
ComputeChange: NS (ITER=1) (NRM,RELC): ( 0.27425442E-03 0.77366148E-01 ) :: navier-stokes
FlowSolve: iter:    1 Assembly: (s)    0.01    0.01
FlowSolve: iter:    1 Solve:    (s)    0.01    0.01
FlowSolve:  Result Norm     :    2.7425441635637519E-004
FlowSolve:  Relative Change :    7.7366147891908987E-002
ComputeChange: SS (ITER=50) (NRM,RELC): ( 0.29399177E-03 0.79091579E-02 ) :: navier-stokes
SolveEquations: -------------------------------------
SolveEquations:  Coupled system iteration:           51
SolveEquations: -------------------------------------
HeatSolver: ------------------------------------------------
HeatSolver: Solving energy equation for temperature
HeatSolver: Heat solver iteration: 1
IterSolver: "Linear System GCR Restart" not given, setting it to 200
   gcr:    10  0.2301E-06  0.3910E-06
ComputeChange: NS (ITER=1) (NRM,RELC): (  294.98408     0.26688274E-05 ) :: heat equation
ComputeChange: SS (ITER=51) (NRM,RELC): (  294.98337     0.26500523E-06 ) :: heat equation
FlowSolve: 
FlowSolve: 
FlowSolve: -------------------------------------
FlowSolve:  NAVIER-STOKES ITERATION           1
FlowSolve: -------------------------------------
FlowSolve: 
FlowSolve: Starting Assembly...
FlowSolve: Assembly:
FlowSolve: Assembly done
FlowSolve: Dirichlet conditions done
      10 0.2879E-08 0.2879E-08
BiCGStabl:       12 0.3939E-10 0.3939E-10
ComputeChange: NS (ITER=1) (NRM,RELC): ( 0.27357031E-03 0.71962016E-01 ) :: navier-stokes
FlowSolve: iter:    1 Assembly: (s)    0.01    0.01
FlowSolve: iter:    1 Solve:    (s)    0.01    0.01
FlowSolve:  Result Norm     :    2.7357031467147366E-004
FlowSolve:  Relative Change :    7.1962015828580694E-002
ComputeChange: SS (ITER=51) (NRM,RELC): ( 0.29183710E-03 0.73559670E-02 ) :: navier-stokes
SolveEquations: -------------------------------------
SolveEquations:  Coupled system iteration:           52
SolveEquations: -------------------------------------
HeatSolver: ------------------------------------------------
HeatSolver: Solving energy equation for temperature
HeatSolver: Heat solver iteration: 1
IterSolver: "Linear System GCR Restart" not given, setting it to 200
   gcr:    10  0.2264E-06  0.3677E-06
ComputeChange: NS (ITER=1) (NRM,RELC): (  294.98433     0.32551830E-05 ) :: heat equation
ComputeChange: SS (ITER=52) (NRM,RELC): (  294.98347     0.32364760E-06 ) :: heat equation
FlowSolve: 
FlowSolve: 
FlowSolve: -------------------------------------
FlowSolve:  NAVIER-STOKES ITERATION           1
FlowSolve: -------------------------------------
FlowSolve: 
FlowSolve: Starting Assembly...
FlowSolve: Assembly:
FlowSolve: Assembly done
FlowSolve: Dirichlet conditions done
      10 0.3603E-08 0.3603E-08
BiCGStabl:       12 0.8881E-10 0.8881E-10
ComputeChange: NS (ITER=1) (NRM,RELC): ( 0.27317911E-03 0.66044081E-01 ) :: navier-stokes
FlowSolve: iter:    1 Assembly: (s)    0.01    0.01
FlowSolve: iter:    1 Solve:    (s)    0.01    0.01
FlowSolve:  Result Norm     :    2.7317911331835982E-004
FlowSolve:  Relative Change :    6.6044080904466132E-002
ComputeChange: SS (ITER=52) (NRM,RELC): ( 0.28987311E-03 0.67524692E-02 ) :: navier-stokes
SolveEquations: -------------------------------------
SolveEquations:  Coupled system iteration:           53
SolveEquations: -------------------------------------
HeatSolver: ------------------------------------------------
HeatSolver: Solving energy equation for temperature
HeatSolver: Heat solver iteration: 1
IterSolver: "Linear System GCR Restart" not given, setting it to 200
   gcr:    10  0.2225E-06  0.3427E-06
ComputeChange: NS (ITER=1) (NRM,RELC): (  294.98458     0.37780421E-05 ) :: heat equation
ComputeChange: SS (ITER=53) (NRM,RELC): (  294.98358     0.37594982E-06 ) :: heat equation
FlowSolve: 
FlowSolve: 
FlowSolve: -------------------------------------
FlowSolve:  NAVIER-STOKES ITERATION           1
FlowSolve: -------------------------------------
FlowSolve: 
FlowSolve: Starting Assembly...
FlowSolve: Assembly:
FlowSolve: Assembly done
FlowSolve: Dirichlet conditions done
      10 0.1992E-08 0.1992E-08
BiCGStabl:       12 0.7144E-10 0.7144E-10
ComputeChange: NS (ITER=1) (NRM,RELC): ( 0.27307159E-03 0.59691568E-01 ) :: navier-stokes
FlowSolve: iter:    1 Assembly: (s)    0.01    0.01
FlowSolve: iter:    1 Solve:    (s)    0.01    0.01
FlowSolve:  Result Norm     :    2.7307158569161245E-004
FlowSolve:  Relative Change :    5.9691567769424386E-002
ComputeChange: SS (ITER=53) (NRM,RELC): ( 0.28810828E-03 0.61068639E-02 ) :: navier-stokes
SolveEquations: -------------------------------------
SolveEquations:  Coupled system iteration:           54
SolveEquations: -------------------------------------
HeatSolver: ------------------------------------------------
HeatSolver: Solving energy equation for temperature
HeatSolver: Heat solver iteration: 1
IterSolver: "Linear System GCR Restart" not given, setting it to 200
   gcr:    10  0.2182E-06  0.3159E-06
ComputeChange: NS (ITER=1) (NRM,RELC): (  294.98483     0.42335502E-05 ) :: heat equation
ComputeChange: SS (ITER=54) (NRM,RELC): (  294.98370     0.42152882E-06 ) :: heat equation
FlowSolve: 
FlowSolve: 
FlowSolve: -------------------------------------
FlowSolve:  NAVIER-STOKES ITERATION           1
FlowSolve: -------------------------------------
FlowSolve: 
FlowSolve: Starting Assembly...
FlowSolve: Assembly:
FlowSolve: Assembly done
FlowSolve: Dirichlet conditions done
      10 0.7668E-08 0.7668E-08
BiCGStabl:       13 0.9411E-10 0.9411E-10
ComputeChange: NS (ITER=1) (NRM,RELC): ( 0.27323415E-03 0.52994855E-01 ) :: navier-stokes
FlowSolve: iter:    1 Assembly: (s)    0.01    0.01
FlowSolve: iter:    1 Solve:    (s)    0.01    0.01
FlowSolve:  Result Norm     :    2.7323415410903718E-004
FlowSolve:  Relative Change :    5.2994854697023946E-002
ComputeChange: SS (ITER=54) (NRM,RELC): ( 0.28654854E-03 0.54284231E-02 ) :: navier-stokes
SolveEquations: -------------------------------------
SolveEquations:  Coupled system iteration:           55
SolveEquations: -------------------------------------
HeatSolver: ------------------------------------------------
HeatSolver: Solving energy equation for temperature
HeatSolver: Heat solver iteration: 1
IterSolver: "Linear System GCR Restart" not given, setting it to 200
   gcr:    10  0.2134E-06  0.2876E-06
ComputeChange: NS (ITER=1) (NRM,RELC): (  294.98506     0.46187266E-05 ) :: heat equation
ComputeChange: SS (ITER=55) (NRM,RELC): (  294.98384     0.46008827E-06 ) :: heat equation
FlowSolve: 
FlowSolve: 
FlowSolve: -------------------------------------
FlowSolve:  NAVIER-STOKES ITERATION           1
FlowSolve: -------------------------------------
FlowSolve: 
FlowSolve: Starting Assembly...
FlowSolve: Assembly:
FlowSolve: Assembly done
FlowSolve: Dirichlet conditions done
      10 0.1345E-08 0.1345E-08
BiCGStabl:       12 0.7968E-10 0.7968E-10
ComputeChange: NS (ITER=1) (NRM,RELC): ( 0.27364890E-03 0.46053904E-01 ) :: navier-stokes
FlowSolve: iter:    1 Assembly: (s)    0.01    0.01
FlowSolve: iter:    1 Solve:    (s)    0.01    0.01
FlowSolve:  Result Norm     :    2.7364890458499370E-004
FlowSolve:  Relative Change :    4.6053904120568187E-002
ComputeChange: SS (ITER=55) (NRM,RELC): ( 0.28519714E-03 0.47272816E-02 ) :: navier-stokes
SolveEquations: -------------------------------------
SolveEquations:  Coupled system iteration:           56
SolveEquations: -------------------------------------
HeatSolver: ------------------------------------------------
HeatSolver: Solving energy equation for temperature
HeatSolver: Heat solver iteration: 1
IterSolver: "Linear System GCR Restart" not given, setting it to 200
   gcr:    10  0.2078E-06  0.2581E-06
ComputeChange: NS (ITER=1) (NRM,RELC): (  294.98529     0.49316455E-05 ) :: heat equation
ComputeChange: SS (ITER=56) (NRM,RELC): (  294.98398     0.49143652E-06 ) :: heat equation
FlowSolve: 
FlowSolve: 
FlowSolve: -------------------------------------
FlowSolve:  NAVIER-STOKES ITERATION           1
FlowSolve: -------------------------------------
FlowSolve: 
FlowSolve: Starting Assembly...
FlowSolve: Assembly:
FlowSolve: Assembly done
FlowSolve: Dirichlet conditions done
      10 0.2883E-08 0.2883E-08
BiCGStabl:       12 0.9650E-10 0.9650E-10
ComputeChange: NS (ITER=1) (NRM,RELC): ( 0.27429383E-03 0.38975831E-01 ) :: navier-stokes
FlowSolve: iter:    1 Assembly: (s)    0.01    0.01
FlowSolve: iter:    1 Solve:    (s)    0.01    0.01
FlowSolve:  Result Norm     :    2.7429383023821753E-004
FlowSolve:  Relative Change :    3.8975830616489765E-002
ComputeChange: SS (ITER=56) (NRM,RELC): ( 0.28405461E-03 0.40141548E-02 ) :: navier-stokes
SolveEquations: -------------------------------------
SolveEquations:  Coupled system iteration:           57
SolveEquations: -------------------------------------
HeatSolver: ------------------------------------------------
HeatSolver: Solving energy equation for temperature
HeatSolver: Heat solver iteration: 1
IterSolver: "Linear System GCR Restart" not given, setting it to 200
   gcr:    10  0.2017E-06  0.2286E-06
ComputeChange: NS (ITER=1) (NRM,RELC): (  294.98551     0.51715965E-05 ) :: heat equation
ComputeChange: SS (ITER=57) (NRM,RELC): (  294.98414     0.51550264E-06 ) :: heat equation
FlowSolve: 
FlowSolve: 
FlowSolve: -------------------------------------
FlowSolve:  NAVIER-STOKES ITERATION           1
FlowSolve: -------------------------------------
FlowSolve: 
FlowSolve: Starting Assembly...
FlowSolve: Assembly:
FlowSolve: Assembly done
FlowSolve: Dirichlet conditions done
      10 0.1290E-08 0.1290E-08
BiCGStabl:       12 0.8021E-10 0.8021E-10
ComputeChange: NS (ITER=1) (NRM,RELC): ( 0.27514331E-03 0.31871728E-01 ) :: navier-stokes
FlowSolve: iter:    1 Assembly: (s)    0.01    0.01
FlowSolve: iter:    1 Solve:    (s)    0.01    0.01
FlowSolve:  Result Norm     :    2.7514330863205686E-004
FlowSolve:  Relative Change :    3.1871727964664427E-002
ComputeChange: SS (ITER=57) (NRM,RELC): ( 0.28311877E-03 0.33000046E-02 ) :: navier-stokes
SolveEquations: -------------------------------------
SolveEquations:  Coupled system iteration:           58
SolveEquations: -------------------------------------
HeatSolver: ------------------------------------------------
HeatSolver: Solving energy equation for temperature
HeatSolver: Heat solver iteration: 1
IterSolver: "Linear System GCR Restart" not given, setting it to 200
   gcr:    10  0.1953E-06  0.2004E-06
ComputeChange: NS (ITER=1) (NRM,RELC): (  294.98570     0.53149781E-05 ) :: heat equation
ComputeChange: SS (ITER=58) (NRM,RELC): (  294.98429     0.52992563E-06 ) :: heat equation
FlowSolve: 
FlowSolve: 
FlowSolve: -------------------------------------
FlowSolve:  NAVIER-STOKES ITERATION           1
FlowSolve: -------------------------------------
FlowSolve: 
FlowSolve: Starting Assembly...
FlowSolve: Assembly:
FlowSolve: Assembly done
FlowSolve: Dirichlet conditions done
      10 0.9791E-09 0.9791E-09
BiCGStabl:       12 0.9296E-10 0.9296E-10
ComputeChange: NS (ITER=1) (NRM,RELC): ( 0.27616879E-03 0.24852975E-01 ) :: navier-stokes
FlowSolve: iter:    1 Assembly: (s)    0.01    0.01
FlowSolve: iter:    1 Solve:    (s)    0.01    0.01
FlowSolve:  Result Norm     :    2.7616879336701995E-004
FlowSolve:  Relative Change :    2.4852974670748450E-002
ComputeChange: SS (ITER=58) (NRM,RELC): ( 0.28238484E-03 0.25956801E-02 ) :: navier-stokes
SolveEquations: -------------------------------------
SolveEquations:  Coupled system iteration:           59
SolveEquations: -------------------------------------
HeatSolver: ------------------------------------------------
HeatSolver: Solving energy equation for temperature
HeatSolver: Heat solver iteration: 1
IterSolver: "Linear System GCR Restart" not given, setting it to 200
   gcr:    10  0.1894E-06  0.1762E-06
ComputeChange: NS (ITER=1) (NRM,RELC): (  294.98589     0.54188126E-05 ) :: heat equation
ComputeChange: SS (ITER=59) (NRM,RELC): (  294.98445     0.54040612E-06 ) :: heat equation
FlowSolve: 
FlowSolve: 
FlowSolve: -------------------------------------
FlowSolve:  NAVIER-STOKES ITERATION           1
FlowSolve: -------------------------------------
FlowSolve: 
FlowSolve: Starting Assembly...
FlowSolve: Assembly:
FlowSolve: Assembly done
FlowSolve: Dirichlet conditions done
      10 0.2106E-08 0.2106E-08
BiCGStabl:       12 0.4890E-10 0.4890E-10
ComputeChange: NS (ITER=1) (NRM,RELC): ( 0.27733971E-03 0.18027172E-01 ) :: navier-stokes
FlowSolve: iter:    1 Assembly: (s)    0.01    0.01
FlowSolve: iter:    1 Solve:    (s)    0.01    0.01
FlowSolve:  Result Norm     :    2.7733971444618508E-004
FlowSolve:  Relative Change :    1.8027172470828978E-002
ComputeChange: SS (ITER=59) (NRM,RELC): ( 0.28184556E-03 0.19115433E-02 ) :: navier-stokes
SolveEquations: -------------------------------------
SolveEquations:  Coupled system iteration:           60
SolveEquations: -------------------------------------
HeatSolver: ------------------------------------------------
HeatSolver: Solving energy equation for temperature
HeatSolver: Heat solver iteration: 1
IterSolver: "Linear System GCR Restart" not given, setting it to 200
   gcr:    10  0.1845E-06  0.1591E-06
ComputeChange: NS (ITER=1) (NRM,RELC): (  294.98606     0.54571582E-05 ) :: heat equation
ComputeChange: SS (ITER=60) (NRM,RELC): (  294.98461     0.54434760E-06 ) :: heat equation
FlowSolve: 
FlowSolve: 
FlowSolve: -------------------------------------
FlowSolve:  NAVIER-STOKES ITERATION           1
FlowSolve: -------------------------------------
FlowSolve: 
FlowSolve: Starting Assembly...
FlowSolve: Assembly:
FlowSolve: Assembly done
FlowSolve: Dirichlet conditions done
      10 0.2702E-08 0.2702E-08
BiCGStabl:       12 0.3603E-10 0.3603E-10
ComputeChange: NS (ITER=1) (NRM,RELC): ( 0.27862444E-03 0.11494366E-01 ) :: navier-stokes
FlowSolve: iter:    1 Assembly: (s)    0.01    0.01
FlowSolve: iter:    1 Solve:    (s)    0.01    0.01
FlowSolve:  Result Norm     :    2.7862444093335883E-004
FlowSolve:  Relative Change :    1.1494365833008722E-002
ComputeChange: SS (ITER=60) (NRM,RELC): ( 0.28149147E-03 0.12571424E-02 ) :: navier-stokes
SolveEquations: -------------------------------------
SolveEquations:  Coupled system iteration:           61
SolveEquations: -------------------------------------
HeatSolver: ------------------------------------------------
HeatSolver: Solving energy equation for temperature
HeatSolver: Heat solver iteration: 1
IterSolver: "Linear System GCR Restart" not given, setting it to 200
   gcr:    10  0.1802E-06  0.1518E-06
ComputeChange: NS (ITER=1) (NRM,RELC): (  294.98621     0.54305505E-05 ) :: heat equation
ComputeChange: SS (ITER=61) (NRM,RELC): (  294.98477     0.54180081E-06 ) :: heat equation
FlowSolve: 
FlowSolve: 
FlowSolve: -------------------------------------
FlowSolve:  NAVIER-STOKES ITERATION           1
FlowSolve: -------------------------------------
FlowSolve: 
FlowSolve: Starting Assembly...
FlowSolve: Assembly:
FlowSolve: Assembly done
FlowSolve: Dirichlet conditions done
      10 0.2506E-08 0.2506E-08
BiCGStabl:       12 0.9160E-10 0.9160E-10
ComputeChange: NS (ITER=1) (NRM,RELC): ( 0.27999135E-03 0.53434038E-02 ) :: navier-stokes
FlowSolve: iter:    1 Assembly: (s)    0.01    0.01
FlowSolve: iter:    1 Solve:    (s)    0.01    0.01
FlowSolve:  Result Norm     :    2.7999135240879805E-004
FlowSolve:  Relative Change :    5.3434038207236072E-003
ComputeChange: SS (ITER=61) (NRM,RELC): ( 0.28131112E-03 0.64090483E-03 ) :: navier-stokes
SolveEquations: -------------------------------------
SolveEquations:  Coupled system iteration:           62
SolveEquations: -------------------------------------
HeatSolver: ------------------------------------------------
HeatSolver: Solving energy equation for temperature
HeatSolver: Heat solver iteration: 1
IterSolver: "Linear System GCR Restart" not given, setting it to 200
   gcr:    10  0.1759E-06  0.1536E-06
ComputeChange: NS (ITER=1) (NRM,RELC): (  294.98634     0.53338158E-05 ) :: heat equation
ComputeChange: SS (ITER=62) (NRM,RELC): (  294.98493     0.53224530E-06 ) :: heat equation
FlowSolve: 
FlowSolve: 
FlowSolve: -------------------------------------
FlowSolve:  NAVIER-STOKES ITERATION           1
FlowSolve: -------------------------------------
FlowSolve: 
FlowSolve: Starting Assembly...
FlowSolve: Assembly:
FlowSolve: Assembly done
FlowSolve: Dirichlet conditions done
      10 0.2446E-08 0.2446E-08
BiCGStabl:       12 0.5133E-10 0.5133E-10
ComputeChange: NS (ITER=1) (NRM,RELC): ( 0.28140984E-03 0.35087785E-03 ) :: navier-stokes
FlowSolve: iter:    1 Assembly: (s)    0.01    0.01
FlowSolve: iter:    1 Solve:    (s)    0.01    0.01
FlowSolve:  Result Norm     :    2.8140983884442794E-004
FlowSolve:  Relative Change :    3.5087785143462119E-004
ComputeChange: SS (ITER=62) (NRM,RELC): ( 0.28129145E-03 0.69907715E-04 ) :: navier-stokes
SolveEquations: -------------------------------------
SolveEquations:  Coupled system iteration:           63
SolveEquations: -------------------------------------
HeatSolver: ------------------------------------------------
HeatSolver: Solving energy equation for temperature
HeatSolver: Heat solver iteration: 1
IterSolver: "Linear System GCR Restart" not given, setting it to 200
   gcr:    10  0.1710E-06  0.1603E-06
ComputeChange: NS (ITER=1) (NRM,RELC): (  294.98645     0.51729499E-05 ) :: heat equation
ComputeChange: SS (ITER=63) (NRM,RELC): (  294.98508     0.51627758E-06 ) :: heat equation
FlowSolve: 
FlowSolve: 
FlowSolve: -------------------------------------
FlowSolve:  NAVIER-STOKES ITERATION           1
FlowSolve: -------------------------------------
FlowSolve: 
FlowSolve: Starting Assembly...
FlowSolve: Assembly:
FlowSolve: Assembly done
FlowSolve: Dirichlet conditions done
      10 0.3973E-08 0.3973E-08
BiCGStabl:       12 0.4321E-10 0.4321E-10
ComputeChange: NS (ITER=1) (NRM,RELC): ( 0.28322676E-03 0.68565003E-02 ) :: navier-stokes
FlowSolve: iter:    1 Assembly: (s)    0.01    0.01
FlowSolve: iter:    1 Solve:    (s)    0.01    0.01
FlowSolve:  Result Norm     :    2.8322676018289442E-004
FlowSolve:  Relative Change :    6.8565002559586984E-003
ComputeChange: SS (ITER=63) (NRM,RELC): ( 0.28145622E-03 0.58558825E-03 ) :: navier-stokes
SolveEquations: -------------------------------------
SolveEquations:  Coupled system iteration:           64
SolveEquations: -------------------------------------
HeatSolver: ------------------------------------------------
HeatSolver: Solving energy equation for temperature
HeatSolver: Heat solver iteration: 1
IterSolver: "Linear System GCR Restart" not given, setting it to 200
   gcr:    10  0.1658E-06  0.1669E-06
ComputeChange: NS (ITER=1) (NRM,RELC): (  294.98655     0.49699484E-05 ) :: heat equation
ComputeChange: SS (ITER=64) (NRM,RELC): (  294.98523     0.49609869E-06 ) :: heat equation
FlowSolve: 
FlowSolve: 
FlowSolve: -------------------------------------
FlowSolve:  NAVIER-STOKES ITERATION           1
FlowSolve: -------------------------------------
FlowSolve: 
FlowSolve: Starting Assembly...
FlowSolve: Assembly:
FlowSolve: Assembly done
FlowSolve: Dirichlet conditions done
      10 0.3236E-08 0.3236E-08
BiCGStabl:       12 0.6544E-10 0.6544E-10
ComputeChange: NS (ITER=1) (NRM,RELC): ( 0.28465962E-03 0.11317129E-01 ) :: navier-stokes
FlowSolve: iter:    1 Assembly: (s)    0.01    0.01
FlowSolve: iter:    1 Solve:    (s)    0.01    0.01
FlowSolve:  Result Norm     :    2.8465962269659778E-004
FlowSolve:  Relative Change :    1.1317128720224848E-002
ComputeChange: SS (ITER=64) (NRM,RELC): ( 0.28174785E-03 0.10356165E-02 ) :: navier-stokes
SolveEquations: -------------------------------------
SolveEquations:  Coupled system iteration:           65
SolveEquations: -------------------------------------
HeatSolver: ------------------------------------------------
HeatSolver: Solving energy equation for temperature
HeatSolver: Heat solver iteration: 1
IterSolver: "Linear System GCR Restart" not given, setting it to 200
   gcr:    10  0.1602E-06  0.1708E-06
ComputeChange: NS (ITER=1) (NRM,RELC): (  294.98662     0.47188262E-05 ) :: heat equation
ComputeChange: SS (ITER=65) (NRM,RELC): (  294.98537     0.47110205E-06 ) :: heat equation
FlowSolve: 
FlowSolve: 
FlowSolve: -------------------------------------
FlowSolve:  NAVIER-STOKES ITERATION           1
FlowSolve: -------------------------------------
FlowSolve: 
FlowSolve: Starting Assembly...
FlowSolve: Assembly:
FlowSolve: Assembly done
FlowSolve: Dirichlet conditions done
      10 0.3233E-08 0.3233E-08
BiCGStabl:       12 0.9576E-10 0.9576E-10
ComputeChange: NS (ITER=1) (NRM,RELC): ( 0.28605549E-03 0.15172984E-01 ) :: navier-stokes
FlowSolve: iter:    1 Assembly: (s)    0.01    0.01
FlowSolve: iter:    1 Solve:    (s)    0.01    0.01
FlowSolve:  Result Norm     :    2.8605548693284172E-004
FlowSolve:  Relative Change :    1.5172983901904864E-002
ComputeChange: SS (ITER=65) (NRM,RELC): ( 0.28214989E-03 0.14259356E-02 ) :: navier-stokes
SolveEquations: -------------------------------------
SolveEquations:  Coupled system iteration:           66
SolveEquations: -------------------------------------
HeatSolver: ------------------------------------------------
HeatSolver: Solving energy equation for temperature
HeatSolver: Heat solver iteration: 1
IterSolver: "Linear System GCR Restart" not given, setting it to 200
   gcr:    10  0.1545E-06  0.1714E-06
ComputeChange: NS (ITER=1) (NRM,RELC): (  294.98667     0.44310889E-05 ) :: heat equation
ComputeChange: SS (ITER=66) (NRM,RELC): (  294.98550     0.44243621E-06 ) :: heat equation
FlowSolve: 
FlowSolve: 
FlowSolve: -------------------------------------
FlowSolve:  NAVIER-STOKES ITERATION           1
FlowSolve: -------------------------------------
FlowSolve: 
FlowSolve: Starting Assembly...
FlowSolve: Assembly:
FlowSolve: Assembly done
FlowSolve: Dirichlet conditions done
      10 0.3427E-08 0.3427E-08
BiCGStabl:       12 0.7119E-10 0.7119E-10
ComputeChange: NS (ITER=1) (NRM,RELC): ( 0.28739589E-03 0.18421677E-01 ) :: navier-stokes
FlowSolve: iter:    1 Assembly: (s)    0.01    0.01
FlowSolve: iter:    1 Solve:    (s)    0.01    0.01
FlowSolve:  Result Norm     :    2.8739588670618203E-004
FlowSolve:  Relative Change :    1.8421677347324028E-002
ComputeChange: SS (ITER=66) (NRM,RELC): ( 0.28264587E-03 0.17562982E-02 ) :: navier-stokes
SolveEquations: -------------------------------------
SolveEquations:  Coupled system iteration:           67
SolveEquations: -------------------------------------
HeatSolver: ------------------------------------------------
HeatSolver: Solving energy equation for temperature
HeatSolver: Heat solver iteration: 1
IterSolver: "Linear System GCR Restart" not given, setting it to 200
   gcr:    10  0.1488E-06  0.1692E-06
ComputeChange: NS (ITER=1) (NRM,RELC): (  294.98671     0.41140735E-05 ) :: heat equation
ComputeChange: SS (ITER=67) (NRM,RELC): (  294.98562     0.41083340E-06 ) :: heat equation
FlowSolve: 
FlowSolve: 
FlowSolve: -------------------------------------
FlowSolve:  NAVIER-STOKES ITERATION           1
FlowSolve: -------------------------------------
FlowSolve: 
FlowSolve: Starting Assembly...
FlowSolve: Assembly:
FlowSolve: Assembly done
FlowSolve: Dirichlet conditions done
      10 0.6131E-08 0.6131E-08
BiCGStabl:       12 0.7144E-10 0.7144E-10
ComputeChange: NS (ITER=1) (NRM,RELC): ( 0.28866611E-03 0.21075155E-01 ) :: navier-stokes
FlowSolve: iter:    1 Assembly: (s)    0.01    0.01
FlowSolve: iter:    1 Solve:    (s)    0.01    0.01
FlowSolve:  Result Norm     :    2.8866611143467429E-004
FlowSolve:  Relative Change :    2.1075154562049562E-002
ComputeChange: SS (ITER=67) (NRM,RELC): ( 0.28321960E-03 0.20278020E-02 ) :: navier-stokes
SolveEquations: -------------------------------------
SolveEquations:  Coupled system iteration:           68
SolveEquations: -------------------------------------
HeatSolver: ------------------------------------------------
HeatSolver: Solving energy equation for temperature
HeatSolver: Heat solver iteration: 1
IterSolver: "Linear System GCR Restart" not given, setting it to 200
   gcr:    10  0.1430E-06  0.1656E-06
ComputeChange: NS (ITER=1) (NRM,RELC): (  294.98673     0.37749098E-05 ) :: heat equation
ComputeChange: SS (ITER=68) (NRM,RELC): (  294.98573     0.37700573E-06 ) :: heat equation
FlowSolve: 
FlowSolve: 
FlowSolve: -------------------------------------
FlowSolve:  NAVIER-STOKES ITERATION           1
FlowSolve: -------------------------------------
FlowSolve: 
FlowSolve: Starting Assembly...
FlowSolve: Assembly:
FlowSolve: Assembly done
FlowSolve: Dirichlet conditions done
      10 0.8288E-08 0.8288E-08
BiCGStabl:       12 0.3463E-10 0.3463E-10
ComputeChange: NS (ITER=1) (NRM,RELC): ( 0.28985506E-03 0.23157391E-01 ) :: navier-stokes
FlowSolve: iter:    1 Assembly: (s)    0.01    0.01
FlowSolve: iter:    1 Solve:    (s)    0.01    0.01
FlowSolve:  Result Norm     :    2.8985505590943018E-004
FlowSolve:  Relative Change :    2.3157391379375589E-002
ComputeChange: SS (ITER=68) (NRM,RELC): ( 0.28385548E-03 0.22426864E-02 ) :: navier-stokes
SolveEquations: -------------------------------------
SolveEquations:  Coupled system iteration:           69
SolveEquations: -------------------------------------
HeatSolver: ------------------------------------------------
HeatSolver: Solving energy equation for temperature
HeatSolver: Heat solver iteration: 1
IterSolver: "Linear System GCR Restart" not given, setting it to 200
   gcr:    10  0.1373E-06  0.1618E-06
ComputeChange: NS (ITER=1) (NRM,RELC): (  294.98674     0.34203520E-05 ) :: heat equation
ComputeChange: SS (ITER=69) (NRM,RELC): (  294.98583     0.34162822E-06 ) :: heat equation
FlowSolve: 
FlowSolve: 
FlowSolve: -------------------------------------
FlowSolve:  NAVIER-STOKES ITERATION           1
FlowSolve: -------------------------------------
FlowSolve: 
FlowSolve: Starting Assembly...
FlowSolve: Assembly:
FlowSolve: Assembly done
FlowSolve: Dirichlet conditions done
      10 0.2911E-08 0.2911E-08
BiCGStabl:       12 0.5702E-10 0.5702E-10
ComputeChange: NS (ITER=1) (NRM,RELC): ( 0.29095494E-03 0.24701898E-01 ) :: navier-stokes
FlowSolve: iter:    1 Assembly: (s)    0.01    0.01
FlowSolve: iter:    1 Solve:    (s)    0.01    0.01
FlowSolve:  Result Norm     :    2.9095493889527772E-004
FlowSolve:  Relative Change :    2.4701897988499338E-002
ComputeChange: SS (ITER=69) (NRM,RELC): ( 0.28453873E-03 0.24041102E-02 ) :: navier-stokes
SolveEquations: -------------------------------------
SolveEquations:  Coupled system iteration:           70
SolveEquations: -------------------------------------
HeatSolver: ------------------------------------------------
HeatSolver: Solving energy equation for temperature
HeatSolver: Heat solver iteration: 1
IterSolver: "Linear System GCR Restart" not given, setting it to 200
   gcr:    10  0.1316E-06  0.1589E-06
ComputeChange: NS (ITER=1) (NRM,RELC): (  294.98673     0.30566624E-05 ) :: heat equation
ComputeChange: SS (ITER=70) (NRM,RELC): (  294.98592     0.30532722E-06 ) :: heat equation
FlowSolve: 
FlowSolve: 
FlowSolve: -------------------------------------
FlowSolve:  NAVIER-STOKES ITERATION           1
FlowSolve: -------------------------------------
FlowSolve: 
FlowSolve: Starting Assembly...
FlowSolve: Assembly:
FlowSolve: Assembly done
FlowSolve: Dirichlet conditions done
      10 0.2613E-08 0.2613E-08
BiCGStabl:       12 0.5476E-10 0.5476E-10
ComputeChange: NS (ITER=1) (NRM,RELC): ( 0.29196093E-03 0.25749222E-01 ) :: navier-stokes
FlowSolve: iter:    1 Assembly: (s)    0.01    0.01
FlowSolve: iter:    1 Solve:    (s)    0.01    0.01
FlowSolve:  Result Norm     :    2.9196093460134544E-004
FlowSolve:  Relative Change :    2.5749221669670141E-002
ComputeChange: SS (ITER=70) (NRM,RELC): ( 0.28525551E-03 0.25159261E-02 ) :: navier-stokes
SolveEquations: -------------------------------------
SolveEquations:  Coupled system iteration:           71
SolveEquations: -------------------------------------
HeatSolver: ------------------------------------------------
HeatSolver: Solving energy equation for temperature
HeatSolver: Heat solver iteration: 1
IterSolver: "Linear System GCR Restart" not given, setting it to 200
   gcr:    10  0.1259E-06  0.1571E-06
ComputeChange: NS (ITER=1) (NRM,RELC): (  294.98671     0.26895639E-05 ) :: heat equation
ComputeChange: SS (ITER=71) (NRM,RELC): (  294.98600     0.26867546E-06 ) :: heat equation
FlowSolve: 
FlowSolve: 
FlowSolve: -------------------------------------
FlowSolve:  NAVIER-STOKES ITERATION           1
FlowSolve: -------------------------------------
FlowSolve: 
FlowSolve: Starting Assembly...
FlowSolve: Assembly:
FlowSolve: Assembly done
FlowSolve: Dirichlet conditions done
      10 0.2697E-08 0.2697E-08
BiCGStabl:       12 0.7364E-10 0.7364E-10
ComputeChange: NS (ITER=1) (NRM,RELC): ( 0.29287076E-03 0.26344596E-01 ) :: navier-stokes
FlowSolve: iter:    1 Assembly: (s)    0.01    0.01
FlowSolve: iter:    1 Solve:    (s)    0.01    0.01
FlowSolve:  Result Norm     :    2.9287075747102338E-004
FlowSolve:  Relative Change :    2.6344596443516111E-002
ComputeChange: SS (ITER=71) (NRM,RELC): ( 0.28599312E-03 0.25824656E-02 ) :: navier-stokes
SolveEquations: -------------------------------------
SolveEquations:  Coupled system iteration:           72
SolveEquations: -------------------------------------
HeatSolver: ------------------------------------------------
HeatSolver: Solving energy equation for temperature
HeatSolver: Heat solver iteration: 1
IterSolver: "Linear System GCR Restart" not given, setting it to 200
   gcr:    10  0.1201E-06  0.1564E-06
ComputeChange: NS (ITER=1) (NRM,RELC): (  294.98668     0.23242345E-05 ) :: heat equation
ComputeChange: SS (ITER=72) (NRM,RELC): (  294.98607     0.23219146E-06 ) :: heat equation
FlowSolve: 
FlowSolve: 
FlowSolve: -------------------------------------
FlowSolve:  NAVIER-STOKES ITERATION           1
FlowSolve: -------------------------------------
FlowSolve: 
FlowSolve: Starting Assembly...
FlowSolve: Assembly:
FlowSolve: Assembly done
FlowSolve: Dirichlet conditions done
      10 0.2679E-08 0.2679E-08
BiCGStabl:       12 0.7717E-10 0.7717E-10
ComputeChange: NS (ITER=1) (NRM,RELC): ( 0.29368424E-03 0.26535846E-01 ) :: navier-stokes
FlowSolve: iter:    1 Assembly: (s)    0.01    0.01
FlowSolve: iter:    1 Solve:    (s)    0.01    0.01
FlowSolve:  Result Norm     :    2.9368423550400416E-004
FlowSolve:  Relative Change :    2.6535846314617112E-002
ComputeChange: SS (ITER=72) (NRM,RELC): ( 0.28674006E-03 0.26083425E-02 ) :: navier-stokes
SolveEquations: -------------------------------------
SolveEquations:  Coupled system iteration:           73
SolveEquations: -------------------------------------
HeatSolver: ------------------------------------------------
HeatSolver: Solving energy equation for temperature
HeatSolver: Heat solver iteration: 1
IterSolver: "Linear System GCR Restart" not given, setting it to 200
   gcr:    10  0.1143E-06  0.1563E-06
ComputeChange: NS (ITER=1) (NRM,RELC): (  294.98665     0.19653003E-05 ) :: heat equation
ComputeChange: SS (ITER=73) (NRM,RELC): (  294.98613     0.19633870E-06 ) :: heat equation
FlowSolve: 
FlowSolve: 
FlowSolve: -------------------------------------
FlowSolve:  NAVIER-STOKES ITERATION           1
FlowSolve: -------------------------------------
FlowSolve: 
FlowSolve: Starting Assembly...
FlowSolve: Assembly:
FlowSolve: Assembly done
FlowSolve: Dirichlet conditions done
      10 0.2165E-08 0.2165E-08
BiCGStabl:       12 0.2876E-10 0.2876E-10
ComputeChange: NS (ITER=1) (NRM,RELC): ( 0.29440290E-03 0.26371600E-01 ) :: navier-stokes
FlowSolve: iter:    1 Assembly: (s)    0.01    0.01
FlowSolve: iter:    1 Solve:    (s)    0.01    0.01
FlowSolve:  Result Norm     :    2.9440289795233638E-004
FlowSolve:  Relative Change :    2.6371600193393917E-002
ComputeChange: SS (ITER=73) (NRM,RELC): ( 0.28748606E-03 0.25982828E-02 ) :: navier-stokes
SolveEquations: -------------------------------------
SolveEquations:  Coupled system iteration:           74
SolveEquations: -------------------------------------
HeatSolver: ------------------------------------------------
HeatSolver: Solving energy equation for temperature
HeatSolver: Heat solver iteration: 1
IterSolver: "Linear System GCR Restart" not given, setting it to 200
   gcr:    10  0.1085E-06  0.1562E-06
ComputeChange: NS (ITER=1) (NRM,RELC): (  294.98660     0.16168066E-05 ) :: heat equation
ComputeChange: SS (ITER=74) (NRM,RELC): (  294.98617     0.16152270E-06 ) :: heat equation
FlowSolve: 
FlowSolve: 
FlowSolve: -------------------------------------
FlowSolve:  NAVIER-STOKES ITERATION           1
FlowSolve: -------------------------------------
FlowSolve: 
FlowSolve: Starting Assembly...
FlowSolve: Assembly:
FlowSolve: Assembly done
FlowSolve: Dirichlet conditions done
      10 0.2608E-08 0.2608E-08
BiCGStabl:       12 0.9235E-10 0.9235E-10
ComputeChange: NS (ITER=1) (NRM,RELC): ( 0.29502960E-03 0.25899843E-01 ) :: navier-stokes
FlowSolve: iter:    1 Assembly: (s)    0.01    0.01
FlowSolve: iter:    1 Solve:    (s)    0.01    0.01
FlowSolve:  Result Norm     :    2.9502959589099978E-004
FlowSolve:  Relative Change :    2.5899842511242308E-002
ComputeChange: SS (ITER=74) (NRM,RELC): ( 0.28822210E-03 0.25569826E-02 ) :: navier-stokes
SolveEquations: -------------------------------------
SolveEquations:  Coupled system iteration:           75
SolveEquations: -------------------------------------
HeatSolver: ------------------------------------------------
HeatSolver: Solving energy equation for temperature
HeatSolver: Heat solver iteration: 1
IterSolver: "Linear System GCR Restart" not given, setting it to 200
   gcr:    10  0.1027E-06  0.1558E-06
ComputeChange: NS (ITER=1) (NRM,RELC): (  294.98655     0.12821939E-05 ) :: heat equation
ComputeChange: SS (ITER=75) (NRM,RELC): (  294.98621     0.12808849E-06 ) :: heat equation
FlowSolve: 
FlowSolve: 
FlowSolve: -------------------------------------
FlowSolve:  NAVIER-STOKES ITERATION           1
FlowSolve: -------------------------------------
FlowSolve: 
FlowSolve: Starting Assembly...
FlowSolve: Assembly:
FlowSolve: Assembly done
FlowSolve: Dirichlet conditions done
      10 0.1984E-08 0.1984E-08
BiCGStabl:       12 0.6536E-10 0.6536E-10
ComputeChange: NS (ITER=1) (NRM,RELC): ( 0.29556817E-03 0.25166793E-01 ) :: navier-stokes
FlowSolve: iter:    1 Assembly: (s)    0.01    0.01
FlowSolve: iter:    1 Solve:    (s)    0.01    0.01
FlowSolve:  Result Norm     :    2.9556816626522041E-004
FlowSolve:  Relative Change :    2.5166793020036937E-002
ComputeChange: SS (ITER=75) (NRM,RELC): ( 0.28894038E-03 0.24889962E-02 ) :: navier-stokes
SolveEquations: -------------------------------------
SolveEquations:  Coupled system iteration:           76
SolveEquations: -------------------------------------
HeatSolver: ------------------------------------------------
HeatSolver: Solving energy equation for temperature
HeatSolver: Heat solver iteration: 1
IterSolver: "Linear System GCR Restart" not given, setting it to 200
   gcr:    10  0.9695E-07  0.1548E-06
ComputeChange: NS (ITER=1) (NRM,RELC): (  294.98650     0.96430789E-06 ) :: heat equation
ComputeChange: SS (ITER=76) (NRM,RELC): (  294.98624     0.96321596E-07 ) :: heat equation
FlowSolve: 
FlowSolve: 
FlowSolve: -------------------------------------
FlowSolve:  NAVIER-STOKES ITERATION           1
FlowSolve: -------------------------------------
FlowSolve: 
FlowSolve: Starting Assembly...
FlowSolve: Assembly:
FlowSolve: Assembly done
FlowSolve: Dirichlet conditions done
      10 0.1522E-08 0.1522E-08
BiCGStabl:       12 0.8834E-10 0.8834E-10
ComputeChange: NS (ITER=1) (NRM,RELC): ( 0.29602314E-03 0.24216091E-01 ) :: navier-stokes
FlowSolve: iter:    1 Assembly: (s)    0.01    0.01
FlowSolve: iter:    1 Solve:    (s)    0.01    0.01
FlowSolve:  Result Norm     :    2.9602314435798522E-004
FlowSolve:  Relative Change :    2.4216090840029948E-002
ComputeChange: SS (ITER=76) (NRM,RELC): ( 0.28963428E-03 0.23986511E-02 ) :: navier-stokes
SolveEquations: -------------------------------------
SolveEquations:  Coupled system iteration:           77
SolveEquations: -------------------------------------
HeatSolver: ------------------------------------------------
HeatSolver: Solving energy equation for temperature
HeatSolver: Heat solver iteration: 1
IterSolver: "Linear System GCR Restart" not given, setting it to 200
   gcr:    10  0.9144E-07  0.1532E-06
ComputeChange: NS (ITER=1) (NRM,RELC): (  294.98644     0.66544634E-06 ) :: heat equation
ComputeChange: SS (ITER=77) (NRM,RELC): (  294.98626     0.66452718E-07 ) :: heat equation
FlowSolve: 
FlowSolve: 
FlowSolve: -------------------------------------
FlowSolve:  NAVIER-STOKES ITERATION           1
FlowSolve: -------------------------------------
FlowSolve: 
FlowSolve: Starting Assembly...
FlowSolve: Assembly:
FlowSolve: Assembly done
FlowSolve: Dirichlet conditions done
      10 0.1456E-08 0.1456E-08
BiCGStabl:       12 0.5230E-10 0.5230E-10
ComputeChange: NS (ITER=1) (NRM,RELC): ( 0.29639953E-03 0.23088246E-01 ) :: navier-stokes
FlowSolve: iter:    1 Assembly: (s)    0.01    0.01
FlowSolve: iter:    1 Solve:    (s)    0.01    0.01
FlowSolve:  Result Norm     :    2.9639952514730046E-004
FlowSolve:  Relative Change :    2.3088246065183539E-002
ComputeChange: SS (ITER=77) (NRM,RELC): ( 0.29029830E-03 0.22899892E-02 ) :: navier-stokes
SolveEquations: -------------------------------------
SolveEquations:  Coupled system iteration:           78
SolveEquations: -------------------------------------
HeatSolver: ------------------------------------------------
HeatSolver: Solving energy equation for temperature
HeatSolver: Heat solver iteration: 1
IterSolver: "Linear System GCR Restart" not given, setting it to 200
   gcr:    10  0.8618E-07  0.1509E-06
ComputeChange: NS (ITER=1) (NRM,RELC): (  294.98637     0.38742196E-06 ) :: heat equation
ComputeChange: SS (ITER=78) (NRM,RELC): (  294.98627     0.38663940E-07 ) :: heat equation
FlowSolve: 
FlowSolve: 
FlowSolve: -------------------------------------
FlowSolve:  NAVIER-STOKES ITERATION           1
FlowSolve: -------------------------------------
FlowSolve: 
FlowSolve: Starting Assembly...
FlowSolve: Assembly:
FlowSolve: Assembly done
FlowSolve: Dirichlet conditions done
      10 0.1762E-08 0.1762E-08
BiCGStabl:       12 0.1214E-10 0.1214E-10
ComputeChange: NS (ITER=1) (NRM,RELC): ( 0.29670257E-03 0.21820316E-01 ) :: navier-stokes
FlowSolve: iter:    1 Assembly: (s)    0.01    0.01
FlowSolve: iter:    1 Solve:    (s)    0.01    0.01
FlowSolve:  Result Norm     :    2.9670257083414024E-004
FlowSolve:  Relative Change :    2.1820316400271114E-002
ComputeChange: SS (ITER=78) (NRM,RELC): ( 0.29092798E-03 0.21667291E-02 ) :: navier-stokes
SolveEquations: -------------------------------------
SolveEquations:  Coupled system iteration:           79
SolveEquations: -------------------------------------
HeatSolver: ------------------------------------------------
HeatSolver: Solving energy equation for temperature
HeatSolver: Heat solver iteration: 1
IterSolver: "Linear System GCR Restart" not given, setting it to 200
   gcr:    10  0.8121E-07  0.1479E-06
ComputeChange: NS (ITER=1) (NRM,RELC): (  294.98630     0.95224435E-07 ) :: heat equation
ComputeChange: SS (ITER=79) (NRM,RELC): (  294.98627     0.94549386E-08 ) :: heat equation
FlowSolve: 
FlowSolve: 
FlowSolve: -------------------------------------
FlowSolve:  NAVIER-STOKES ITERATION           1
FlowSolve: -------------------------------------
FlowSolve: 
FlowSolve: Starting Assembly...
FlowSolve: Assembly:
FlowSolve: Assembly done
FlowSolve: Dirichlet conditions done
      10 0.3524E-08 0.3524E-08
BiCGStabl:       12 0.2284E-10 0.2284E-10
ComputeChange: NS (ITER=1) (NRM,RELC): ( 0.29693778E-03 0.20446176E-01 ) :: navier-stokes
FlowSolve: iter:    1 Assembly: (s)    0.01    0.01
FlowSolve: iter:    1 Solve:    (s)    0.01    0.01
FlowSolve:  Result Norm     :    2.9693778181501772E-004
FlowSolve:  Relative Change :    2.0446175959542255E-002
ComputeChange: SS (ITER=79) (NRM,RELC): ( 0.29151983E-03 0.20322881E-02 ) :: navier-stokes
SolveEquations: -------------------------------------
SolveEquations:  Coupled system iteration:           80
SolveEquations: -------------------------------------
HeatSolver: ------------------------------------------------
HeatSolver: Solving energy equation for temperature
HeatSolver: Heat solver iteration: 1
IterSolver: "Linear System GCR Restart" not given, setting it to 200
   gcr:    10  0.7653E-07  0.1442E-06
ComputeChange: NS (ITER=1) (NRM,RELC): (  294.98624     0.12686170E-06 ) :: heat equation
ComputeChange: SS (ITER=80) (NRM,RELC): (  294.98627     0.12745176E-07 ) :: heat equation
FlowSolve: 
FlowSolve: 
FlowSolve: -------------------------------------
FlowSolve:  NAVIER-STOKES ITERATION           1
FlowSolve: -------------------------------------
FlowSolve: 
FlowSolve: Starting Assembly...
FlowSolve: Assembly:
FlowSolve: Assembly done
FlowSolve: Dirichlet conditions done
      10 0.1865E-07 0.1865E-07
BiCGStabl:       12 0.6912E-10 0.6912E-10
ComputeChange: NS (ITER=1) (NRM,RELC): ( 0.29711038E-03 0.18995121E-01 ) :: navier-stokes
FlowSolve: iter:    1 Assembly: (s)    0.01    0.01
FlowSolve: iter:    1 Solve:    (s)    0.01    0.01
FlowSolve:  Result Norm     :    2.9711038045442670E-004
FlowSolve:  Relative Change :    1.8995121386099583E-002
ComputeChange: SS (ITER=80) (NRM,RELC): ( 0.29207122E-03 0.18896374E-02 ) :: navier-stokes
SolveEquations: -------------------------------------
SolveEquations:  Coupled system iteration:           81
SolveEquations: -------------------------------------
HeatSolver: ------------------------------------------------
HeatSolver: Solving energy equation for temperature
HeatSolver: Heat solver iteration: 1
IterSolver: "Linear System GCR Restart" not given, setting it to 200
   gcr:    10  0.7207E-07  0.1397E-06
ComputeChange: NS (ITER=1) (NRM,RELC): (  294.98617     0.34045948E-06 ) :: heat equation
ComputeChange: SS (ITER=81) (NRM,RELC): (  294.98626     0.34098207E-07 ) :: heat equation
FlowSolve: 
FlowSolve: 
FlowSolve: -------------------------------------
FlowSolve:  NAVIER-STOKES ITERATION           1
FlowSolve: -------------------------------------
FlowSolve: 
FlowSolve: Starting Assembly...
FlowSolve: Assembly:
FlowSolve: Assembly done
FlowSolve: Dirichlet conditions done
      10 0.1750E-07 0.1750E-07
BiCGStabl:       13 0.7324E-10 0.7324E-10
ComputeChange: NS (ITER=1) (NRM,RELC): ( 0.29722568E-03 0.17493601E-01 ) :: navier-stokes
FlowSolve: iter:    1 Assembly: (s)    0.01    0.01
FlowSolve: iter:    1 Solve:    (s)    0.01    0.01
FlowSolve:  Result Norm     :    2.9722567928896490E-004
FlowSolve:  Relative Change :    1.7493600500425636E-002
ComputeChange: SS (ITER=81) (NRM,RELC): ( 0.29258029E-03 0.17414717E-02 ) :: navier-stokes
SolveEquations: -------------------------------------
SolveEquations:  Coupled system iteration:           82
SolveEquations: -------------------------------------
HeatSolver: ------------------------------------------------
HeatSolver: Solving energy equation for temperature
HeatSolver: Heat solver iteration: 1
IterSolver: "Linear System GCR Restart" not given, setting it to 200
   gcr:    10  0.6778E-07  0.1341E-06
ComputeChange: NS (ITER=1) (NRM,RELC): (  294.98611     0.51011947E-06 ) :: heat equation
ComputeChange: SS (ITER=82) (NRM,RELC): (  294.98624     0.51058791E-07 ) :: heat equation
FlowSolve: 
FlowSolve: 
FlowSolve: -------------------------------------
FlowSolve:  NAVIER-STOKES ITERATION           1
FlowSolve: -------------------------------------
FlowSolve: 
FlowSolve: Starting Assembly...
FlowSolve: Assembly:
FlowSolve: Assembly done
FlowSolve: Dirichlet conditions done
      10 0.6505E-08 0.6505E-08
BiCGStabl:       12 0.5946E-10 0.5946E-10
ComputeChange: NS (ITER=1) (NRM,RELC): ( 0.29728880E-03 0.15964596E-01 ) :: navier-stokes
FlowSolve: iter:    1 Assembly: (s)    0.01    0.01
FlowSolve: iter:    1 Solve:    (s)    0.01    0.01
FlowSolve:  Result Norm     :    2.9728880490894054E-004
FlowSolve:  Relative Change :    1.5964595705746418E-002
ComputeChange: SS (ITER=82) (NRM,RELC): ( 0.29304591E-03 0.15901425E-02 ) :: navier-stokes
SolveEquations: -------------------------------------
SolveEquations:  Coupled system iteration:           83
SolveEquations: -------------------------------------
HeatSolver: ------------------------------------------------
HeatSolver: Solving energy equation for temperature
HeatSolver: Heat solver iteration: 1
IterSolver: "Linear System GCR Restart" not given, setting it to 200
   gcr:    10  0.6359E-07  0.1272E-06
ComputeChange: NS (ITER=1) (NRM,RELC): (  294.98605     0.66546972E-06 ) :: heat equation
ComputeChange: SS (ITER=83) (NRM,RELC): (  294.98622     0.66589370E-07 ) :: heat equation
FlowSolve: 
FlowSolve: 
FlowSolve: -------------------------------------
FlowSolve:  NAVIER-STOKES ITERATION           1
FlowSolve: -------------------------------------
FlowSolve: 
FlowSolve: Starting Assembly...
FlowSolve: Assembly:
FlowSolve: Assembly done
FlowSolve: Dirichlet conditions done
      10 0.8246E-08 0.8246E-08
BiCGStabl:       12 0.8454E-10 0.8454E-10
ComputeChange: NS (ITER=1) (NRM,RELC): ( 0.29730462E-03 0.14427752E-01 ) :: navier-stokes
FlowSolve: iter:    1 Assembly: (s)    0.01    0.01
FlowSolve: iter:    1 Solve:    (s)    0.01    0.01
FlowSolve:  Result Norm     :    2.9730462430258340E-004
FlowSolve:  Relative Change :    1.4427752462732108E-002
ComputeChange: SS (ITER=83) (NRM,RELC): ( 0.29346752E-03 0.14376700E-02 ) :: navier-stokes
SolveEquations: -------------------------------------
SolveEquations:  Coupled system iteration:           84
SolveEquations: -------------------------------------
HeatSolver: ------------------------------------------------
HeatSolver: Solving energy equation for temperature
HeatSolver: Heat solver iteration: 1
IterSolver: "Linear System GCR Restart" not given, setting it to 200
   gcr:    10  0.5948E-07  0.1189E-06
ComputeChange: NS (ITER=1) (NRM,RELC): (  294.98599     0.79189240E-06 ) :: heat equation
ComputeChange: SS (ITER=84) (NRM,RELC): (  294.98620     0.79227918E-07 ) :: heat equation
FlowSolve: 
FlowSolve: 
FlowSolve: -------------------------------------
FlowSolve:  NAVIER-STOKES ITERATION           1
FlowSolve: -------------------------------------
FlowSolve: 
FlowSolve: Starting Assembly...
FlowSolve: Assembly:
FlowSolve: Assembly done
FlowSolve: Dirichlet conditions done
      10 0.1464E-08 0.1464E-08
BiCGStabl:       12 0.8627E-10 0.8627E-10
ComputeChange: NS (ITER=1) (NRM,RELC): ( 0.29727800E-03 0.12900595E-01 ) :: navier-stokes
FlowSolve: iter:    1 Assembly: (s)    0.01    0.01
FlowSolve: iter:    1 Solve:    (s)    0.01    0.01
FlowSolve:  Result Norm     :    2.9727799932468071E-004
FlowSolve:  Relative Change :    1.2900594981203264E-002
ComputeChange: SS (ITER=84) (NRM,RELC): ( 0.29384512E-03 0.12858607E-02 ) :: navier-stokes
SolveEquations: -------------------------------------
SolveEquations:  Coupled system iteration:           85
SolveEquations: -------------------------------------
HeatSolver: ------------------------------------------------
HeatSolver: Solving energy equation for temperature
HeatSolver: Heat solver iteration: 1
IterSolver: "Linear System GCR Restart" not given, setting it to 200
   gcr:    10  0.5559E-07  0.1100E-06
ComputeChange: NS (ITER=1) (NRM,RELC): (  294.98594     0.90058689E-06 ) :: heat equation
ComputeChange: SS (ITER=85) (NRM,RELC): (  294.98617     0.90094149E-07 ) :: heat equation
FlowSolve: 
FlowSolve: 
FlowSolve: -------------------------------------
FlowSolve:  NAVIER-STOKES ITERATION           1
FlowSolve: -------------------------------------
FlowSolve: 
FlowSolve: Starting Assembly...
FlowSolve: Assembly:
FlowSolve: Assembly done
FlowSolve: Dirichlet conditions done
      10 0.1292E-07 0.1292E-07
BiCGStabl:       12 0.4305E-10 0.4305E-10
ComputeChange: NS (ITER=1) (NRM,RELC): ( 0.29721348E-03 0.11397716E-01 ) :: navier-stokes
FlowSolve: iter:    1 Assembly: (s)    0.01    0.01
FlowSolve: iter:    1 Solve:    (s)    0.01    0.01
FlowSolve:  Result Norm     :    2.9721347506063807E-004
FlowSolve:  Relative Change :    1.1397715810155628E-002
ComputeChange: SS (ITER=85) (NRM,RELC): ( 0.29417918E-03 0.11362256E-02 ) :: navier-stokes
SolveEquations: -------------------------------------
SolveEquations:  Coupled system iteration:           86
SolveEquations: -------------------------------------
HeatSolver: ------------------------------------------------
HeatSolver: Solving energy equation for temperature
HeatSolver: Heat solver iteration: 1
IterSolver: "Linear System GCR Restart" not given, setting it to 200
   gcr:    10  0.5240E-07  0.1018E-06
ComputeChange: NS (ITER=1) (NRM,RELC): (  294.98588     0.99240567E-06 ) :: heat equation
ComputeChange: SS (ITER=86) (NRM,RELC): (  294.98615     0.99273153E-07 ) :: heat equation
FlowSolve: 
FlowSolve: 
FlowSolve: -------------------------------------
FlowSolve:  NAVIER-STOKES ITERATION           1
FlowSolve: -------------------------------------
FlowSolve: 
FlowSolve: Starting Assembly...
FlowSolve: Assembly:
FlowSolve: Assembly done
FlowSolve: Dirichlet conditions done
      10 0.1675E-08 0.1675E-08
BiCGStabl:       12 0.7485E-10 0.7485E-10
ComputeChange: NS (ITER=1) (NRM,RELC): ( 0.29711538E-03 0.99314145E-02 ) :: navier-stokes
FlowSolve: iter:    1 Assembly: (s)    0.01    0.01
FlowSolve: iter:    1 Solve:    (s)    0.01    0.01
FlowSolve:  Result Norm     :    2.9711537594644653E-004
FlowSolve:  Relative Change :    9.9314145404550812E-003
ComputeChange: SS (ITER=86) (NRM,RELC): ( 0.29447057E-03 0.99004281E-03 ) :: navier-stokes
SolveEquations: -------------------------------------
SolveEquations:  Coupled system iteration:           87
SolveEquations: -------------------------------------
HeatSolver: ------------------------------------------------
HeatSolver: Solving energy equation for temperature
HeatSolver: Heat solver iteration: 1
IterSolver: "Linear System GCR Restart" not given, setting it to 200
   gcr:    10  0.5029E-07  0.9442E-07
ComputeChange: NS (ITER=1) (NRM,RELC): (  294.98583     0.10681440E-05 ) :: heat equation
ComputeChange: SS (ITER=87) (NRM,RELC): (  294.98611     0.10684435E-06 ) :: heat equation
FlowSolve: 
FlowSolve: 
FlowSolve: -------------------------------------
FlowSolve:  NAVIER-STOKES ITERATION           1
FlowSolve: -------------------------------------
FlowSolve: 
FlowSolve: Starting Assembly...
FlowSolve: Assembly:
FlowSolve: Assembly done
FlowSolve: Dirichlet conditions done
      10 0.1630E-08 0.1630E-08
BiCGStabl:       12 0.7696E-11 0.7696E-11
ComputeChange: NS (ITER=1) (NRM,RELC): ( 0.29698781E-03 0.85119586E-02 ) :: navier-stokes
FlowSolve: iter:    1 Assembly: (s)    0.01    0.01
FlowSolve: iter:    1 Solve:    (s)    0.01    0.01
FlowSolve:  Result Norm     :    2.9698780914177476E-004
FlowSolve:  Relative Change :    8.5119586193507183E-003
ComputeChange: SS (ITER=87) (NRM,RELC): ( 0.29472050E-03 0.84838263E-03 ) :: navier-stokes
SolveEquations: -------------------------------------
SolveEquations:  Coupled system iteration:           88
SolveEquations: -------------------------------------
HeatSolver: ------------------------------------------------
HeatSolver: Solving energy equation for temperature
HeatSolver: Heat solver iteration: 1
IterSolver: "Linear System GCR Restart" not given, setting it to 200
   gcr:    10  0.4875E-07  0.8644E-07
ComputeChange: NS (ITER=1) (NRM,RELC): (  294.98578     0.11285278E-05 ) :: heat equation
ComputeChange: SS (ITER=88) (NRM,RELC): (  294.98608     0.11288025E-06 ) :: heat equation
FlowSolve: 
FlowSolve: 
FlowSolve: -------------------------------------
FlowSolve:  NAVIER-STOKES ITERATION           1
FlowSolve: -------------------------------------
FlowSolve: 
FlowSolve: Starting Assembly...
FlowSolve: Assembly:
FlowSolve: Assembly done
FlowSolve: Dirichlet conditions done
      10 0.4057E-09 0.4057E-09
BiCGStabl:       11 0.3101E-10 0.3101E-10
ComputeChange: NS (ITER=1) (NRM,RELC): ( 0.29683466E-03 0.71477835E-02 ) :: navier-stokes
FlowSolve: iter:    1 Assembly: (s)    0.01    0.01
FlowSolve: iter:    1 Solve:    (s)    0.01    0.01
FlowSolve:  Result Norm     :    2.9683465834633952E-004
FlowSolve:  Relative Change :    7.1477834775241587E-003
ComputeChange: SS (ITER=88) (NRM,RELC): ( 0.29493046E-03 0.71212727E-03 ) :: navier-stokes
SolveEquations: -------------------------------------
SolveEquations:  Coupled system iteration:           89
SolveEquations: -------------------------------------
HeatSolver: ------------------------------------------------
HeatSolver: Solving energy equation for temperature
HeatSolver: Heat solver iteration: 1
IterSolver: "Linear System GCR Restart" not given, setting it to 200
   gcr:    10  0.4683E-07  0.7777E-07
ComputeChange: NS (ITER=1) (NRM,RELC): (  294.98573     0.11743274E-05 ) :: heat equation
ComputeChange: SS (ITER=89) (NRM,RELC): (  294.98605     0.11745785E-06 ) :: heat equation
FlowSolve: 
FlowSolve: 
FlowSolve: -------------------------------------
FlowSolve:  NAVIER-STOKES ITERATION           1
FlowSolve: -------------------------------------
FlowSolve: 
FlowSolve: Starting Assembly...
FlowSolve: Assembly:
FlowSolve: Assembly done
FlowSolve: Dirichlet conditions done
      10 0.8069E-09 0.8069E-09
BiCGStabl:       12 0.5706E-10 0.5706E-10
ComputeChange: NS (ITER=1) (NRM,RELC): ( 0.29665957E-03 0.58456558E-02 ) :: navier-stokes
FlowSolve: iter:    1 Assembly: (s)    0.01    0.01
FlowSolve: iter:    1 Solve:    (s)    0.01    0.01
FlowSolve:  Result Norm     :    2.9665957334236946E-004
FlowSolve:  Relative Change :    5.8456557696258673E-003
ComputeChange: SS (ITER=89) (NRM,RELC): ( 0.29510215E-03 0.58198696E-03 ) :: navier-stokes
SolveEquations: -------------------------------------
SolveEquations:  Coupled system iteration:           90
SolveEquations: -------------------------------------
HeatSolver: ------------------------------------------------
HeatSolver: Solving energy equation for temperature
HeatSolver: Heat solver iteration: 1
IterSolver: "Linear System GCR Restart" not given, setting it to 200
   gcr:    10  0.4437E-07  0.6998E-07
ComputeChange: NS (ITER=1) (NRM,RELC): (  294.98569     0.12064426E-05 ) :: heat equation
ComputeChange: SS (ITER=90) (NRM,RELC): (  294.98601     0.12066710E-06 ) :: heat equation
FlowSolve: 
FlowSolve: 
FlowSolve: -------------------------------------
FlowSolve:  NAVIER-STOKES ITERATION           1
FlowSolve: -------------------------------------
FlowSolve: 
FlowSolve: Starting Assembly...
FlowSolve: Assembly:
FlowSolve: Assembly done
FlowSolve: Dirichlet conditions done
      10 0.4007E-09 0.4007E-09
BiCGStabl:       12 0.1959E-10 0.1959E-10
ComputeChange: NS (ITER=1) (NRM,RELC): ( 0.29646598E-03 0.46108736E-02 ) :: navier-stokes
FlowSolve: iter:    1 Assembly: (s)    0.01    0.01
FlowSolve: iter:    1 Solve:    (s)    0.01    0.01
FlowSolve:  Result Norm     :    2.9646597609126450E-004
FlowSolve:  Relative Change :    4.6108736380105217E-003
ComputeChange: SS (ITER=90) (NRM,RELC): ( 0.29523749E-03 0.45852002E-03 ) :: navier-stokes
SolveEquations: -------------------------------------
SolveEquations:  Coupled system iteration:           91
SolveEquations: -------------------------------------
HeatSolver: ------------------------------------------------
HeatSolver: Solving energy equation for temperature
HeatSolver: Heat solver iteration: 1
IterSolver: "Linear System GCR Restart" not given, setting it to 200
   gcr:    10  0.4174E-07  0.6370E-07
ComputeChange: NS (ITER=1) (NRM,RELC): (  294.98565     0.12258648E-05 ) :: heat equation
ComputeChange: SS (ITER=91) (NRM,RELC): (  294.98597     0.12260712E-06 ) :: heat equation
FlowSolve: 
FlowSolve: 
FlowSolve: -------------------------------------
FlowSolve:  NAVIER-STOKES ITERATION           1
FlowSolve: -------------------------------------
FlowSolve: 
FlowSolve: Starting Assembly...
FlowSolve: Assembly:
FlowSolve: Assembly done
FlowSolve: Dirichlet conditions done
      10 0.1745E-09 0.1745E-09
BiCGStabl:       11 0.4574E-10 0.4574E-10
ComputeChange: NS (ITER=1) (NRM,RELC): ( 0.29625708E-03 0.34474767E-02 ) :: navier-stokes
FlowSolve: iter:    1 Assembly: (s)    0.01    0.01
FlowSolve: iter:    1 Solve:    (s)    0.01    0.01
FlowSolve:  Result Norm     :    2.9625707628136910E-004
FlowSolve:  Relative Change :    3.4474766553209569E-003
ComputeChange: SS (ITER=91) (NRM,RELC): ( 0.29533853E-03 0.34215415E-03 ) :: navier-stokes
SolveEquations: -------------------------------------
SolveEquations:  Coupled system iteration:           92
SolveEquations: -------------------------------------
HeatSolver: ------------------------------------------------
HeatSolver: Solving energy equation for temperature
HeatSolver: Heat solver iteration: 1
IterSolver: "Linear System GCR Restart" not given, setting it to 200
   gcr:    10  0.3920E-07  0.5861E-07
ComputeChange: NS (ITER=1) (NRM,RELC): (  294.98561     0.12508728E-05 ) :: heat equation
ComputeChange: SS (ITER=92) (NRM,RELC): (  294.98594     0.12510580E-06 ) :: heat equation
FlowSolve: 
FlowSolve: 
FlowSolve: -------------------------------------
FlowSolve:  NAVIER-STOKES ITERATION           1
FlowSolve: -------------------------------------
FlowSolve: 
FlowSolve: Starting Assembly...
FlowSolve: Assembly:
FlowSolve: Assembly done
FlowSolve: Dirichlet conditions done
      10 0.1826E-09 0.1826E-09
BiCGStabl:       11 0.3461E-10 0.3461E-10
ComputeChange: NS (ITER=1) (NRM,RELC): ( 0.29603600E-03 0.23588101E-02 ) :: navier-stokes
FlowSolve: iter:    1 Assembly: (s)    0.01    0.01
FlowSolve: iter:    1 Solve:    (s)    0.01    0.01
FlowSolve:  Result Norm     :    2.9603599854500888E-004
FlowSolve:  Relative Change :    2.3588101073691919E-003
ComputeChange: SS (ITER=92) (NRM,RELC): ( 0.29540742E-03 0.23324302E-03 ) :: navier-stokes
SolveEquations: -------------------------------------
SolveEquations:  Coupled system iteration:           93
SolveEquations: -------------------------------------
HeatSolver: ------------------------------------------------
HeatSolver: Solving energy equation for temperature
HeatSolver: Heat solver iteration: 1
IterSolver: "Linear System GCR Restart" not given, setting it to 200
   gcr:    10  0.3682E-07  0.5424E-07
ComputeChange: NS (ITER=1) (NRM,RELC): (  294.98557     0.12493260E-05 ) :: heat equation
ComputeChange: SS (ITER=93) (NRM,RELC): (  294.98590     0.12494907E-06 ) :: heat equation
FlowSolve: 
FlowSolve: 
FlowSolve: -------------------------------------
FlowSolve:  NAVIER-STOKES ITERATION           1
FlowSolve: -------------------------------------
FlowSolve: 
FlowSolve: Starting Assembly...
FlowSolve: Assembly:
FlowSolve: Assembly done
FlowSolve: Dirichlet conditions done
      10 0.6326E-07 0.6326E-07
BiCGStabl:       11 0.8058E-10 0.8058E-10
ComputeChange: NS (ITER=1) (NRM,RELC): ( 0.29580544E-03 0.13464309E-02 ) :: navier-stokes
FlowSolve: iter:    1 Assembly: (s)    0.01    0.01
FlowSolve: iter:    1 Solve:    (s)    0.01    0.01
FlowSolve:  Result Norm     :    2.9580543574566937E-004
FlowSolve:  Relative Change :    1.3464308704452361E-003
ComputeChange: SS (ITER=93) (NRM,RELC): ( 0.29544641E-03 0.13195753E-03 ) :: navier-stokes
SolveEquations: -------------------------------------
SolveEquations:  Coupled system iteration:           94
SolveEquations: -------------------------------------
HeatSolver: ------------------------------------------------
HeatSolver: Solving energy equation for temperature
HeatSolver: Heat solver iteration: 1
IterSolver: "Linear System GCR Restart" not given, setting it to 200
   gcr:    10  0.3461E-07  0.5029E-07
ComputeChange: NS (ITER=1) (NRM,RELC): (  294.98554     0.12377346E-05 ) :: heat equation
ComputeChange: SS (ITER=94) (NRM,RELC): (  294.98586     0.12378798E-06 ) :: heat equation
FlowSolve: 
FlowSolve: 
FlowSolve: -------------------------------------
FlowSolve:  NAVIER-STOKES ITERATION           1
FlowSolve: -------------------------------------
FlowSolve: 
FlowSolve: Starting Assembly...
FlowSolve: Assembly:
FlowSolve: Assembly done
FlowSolve: Dirichlet conditions done
      10 0.4298E-09 0.4298E-09
BiCGStabl:       11 0.4777E-10 0.4777E-10
ComputeChange: NS (ITER=1) (NRM,RELC): ( 0.29556802E-03 0.41155433E-03 ) :: navier-stokes
FlowSolve: iter:    1 Assembly: (s)    0.01    0.01
FlowSolve: iter:    1 Solve:    (s)    0.01    0.01
FlowSolve:  Result Norm     :    2.9556802320469751E-004
FlowSolve:  Relative Change :    4.1155432901259642E-004
ComputeChange: SS (ITER=94) (NRM,RELC): ( 0.29545776E-03 0.38430650E-04 ) :: navier-stokes
SolveEquations: -------------------------------------
SolveEquations:  Coupled system iteration:           95
SolveEquations: -------------------------------------
HeatSolver: ------------------------------------------------
HeatSolver: Solving energy equation for temperature
HeatSolver: Heat solver iteration: 1
IterSolver: "Linear System GCR Restart" not given, setting it to 200
   gcr:    10  0.3254E-07  0.4659E-07
ComputeChange: NS (ITER=1) (NRM,RELC): (  294.98550     0.12169697E-05 ) :: heat equation
ComputeChange: SS (ITER=95) (NRM,RELC): (  294.98583     0.12170965E-06 ) :: heat equation
FlowSolve: 
FlowSolve: 
FlowSolve: -------------------------------------
FlowSolve:  NAVIER-STOKES ITERATION           1
FlowSolve: -------------------------------------
FlowSolve: 
FlowSolve: Starting Assembly...
FlowSolve: Assembly:
FlowSolve: Assembly done
FlowSolve: Dirichlet conditions done
      10 0.1203E-08 0.1203E-08
BiCGStabl:       11 0.4750E-10 0.4750E-10
ComputeChange: NS (ITER=1) (NRM,RELC): ( 0.29532621E-03 0.44532509E-03 ) :: navier-stokes
FlowSolve: iter:    1 Assembly: (s)    0.01    0.01
FlowSolve: iter:    1 Solve:    (s)    0.01    0.01
FlowSolve:  Result Norm     :    2.9532621488352915E-004
FlowSolve:  Relative Change :    4.4532508943553704E-004
ComputeChange: SS (ITER=95) (NRM,RELC): ( 0.29544379E-03 0.47280025E-04 ) :: navier-stokes
SolveEquations: -------------------------------------
SolveEquations:  Coupled system iteration:           96
SolveEquations: -------------------------------------
HeatSolver: ------------------------------------------------
HeatSolver: Solving energy equation for temperature
HeatSolver: Heat solver iteration: 1
IterSolver: "Linear System GCR Restart" not given, setting it to 200
   gcr:    10  0.3058E-07  0.4306E-07
ComputeChange: NS (ITER=1) (NRM,RELC): (  294.98548     0.11879051E-05 ) :: heat equation
ComputeChange: SS (ITER=96) (NRM,RELC): (  294.98579     0.11880146E-06 ) :: heat equation
FlowSolve: 
FlowSolve: 
FlowSolve: -------------------------------------
FlowSolve:  NAVIER-STOKES ITERATION           1
FlowSolve: -------------------------------------
FlowSolve: 
FlowSolve: Starting Assembly...
FlowSolve: Assembly:
FlowSolve: Assembly done
FlowSolve: Dirichlet conditions done
      10 0.3718E-09 0.3718E-09
BiCGStabl:       11 0.4577E-10 0.4577E-10
ComputeChange: NS (ITER=1) (NRM,RELC): ( 0.29508229E-03 0.12243452E-02 ) :: navier-stokes
FlowSolve: iter:    1 Assembly: (s)    0.01    0.01
FlowSolve: iter:    1 Solve:    (s)    0.01    0.01
FlowSolve:  Result Norm     :    2.9508228754635484E-004
FlowSolve:  Relative Change :    1.2243451839077421E-003
ComputeChange: SS (ITER=96) (NRM,RELC): ( 0.29540681E-03 0.12518291E-03 ) :: navier-stokes
SolveEquations: -------------------------------------
SolveEquations:  Coupled system iteration:           97
SolveEquations: -------------------------------------
HeatSolver: ------------------------------------------------
HeatSolver: Solving energy equation for temperature
HeatSolver: Heat solver iteration: 1
IterSolver: "Linear System GCR Restart" not given, setting it to 200
   gcr:    10  0.2871E-07  0.3965E-07
ComputeChange: NS (ITER=1) (NRM,RELC): (  294.98545     0.11514185E-05 ) :: heat equation
ComputeChange: SS (ITER=97) (NRM,RELC): (  294.98576     0.11515119E-06 ) :: heat equation
FlowSolve: 
FlowSolve: 
FlowSolve: -------------------------------------
FlowSolve:  NAVIER-STOKES ITERATION           1
FlowSolve: -------------------------------------
FlowSolve: 
FlowSolve: Starting Assembly...
FlowSolve: Assembly:
FlowSolve: Assembly done
FlowSolve: Dirichlet conditions done
      10 0.4402E-09 0.4402E-09
BiCGStabl:       11 0.5219E-10 0.5219E-10
ComputeChange: NS (ITER=1) (NRM,RELC): ( 0.29483834E-03 0.19261982E-02 ) :: navier-stokes
FlowSolve: iter:    1 Assembly: (s)    0.01    0.01
FlowSolve: iter:    1 Solve:    (s)    0.01    0.01
FlowSolve:  Result Norm     :    2.9483834466316423E-004
FlowSolve:  Relative Change :    1.9261981556504741E-003
ComputeChange: SS (ITER=97) (NRM,RELC): ( 0.29534911E-03 0.19534426E-03 ) :: navier-stokes
SolveEquations: -------------------------------------
SolveEquations:  Coupled system iteration:           98
SolveEquations: -------------------------------------
HeatSolver: ------------------------------------------------
HeatSolver: Solving energy equation for temperature
HeatSolver: Heat solver iteration: 1
IterSolver: "Linear System GCR Restart" not given, setting it to 200
   gcr:    10  0.2691E-07  0.3636E-07
ComputeChange: NS (ITER=1) (NRM,RELC): (  294.98543     0.11083886E-05 ) :: heat equation
ComputeChange: SS (ITER=98) (NRM,RELC): (  294.98573     0.11084673E-06 ) :: heat equation
FlowSolve: 
FlowSolve: 
FlowSolve: -------------------------------------
FlowSolve:  NAVIER-STOKES ITERATION           1
FlowSolve: -------------------------------------
FlowSolve: 
FlowSolve: Starting Assembly...
FlowSolve: Assembly:
FlowSolve: Assembly done
FlowSolve: Dirichlet conditions done
      10 0.5484E-09 0.5484E-09
BiCGStabl:       11 0.2102E-10 0.2102E-10
ComputeChange: NS (ITER=1) (NRM,RELC): ( 0.29459632E-03 0.25520645E-02 ) :: navier-stokes
FlowSolve: iter:    1 Assembly: (s)    0.01    0.01
FlowSolve: iter:    1 Solve:    (s)    0.01    0.01
FlowSolve:  Result Norm     :    2.9459631943230813E-004
FlowSolve:  Relative Change :    2.5520645477278259E-003
ComputeChange: SS (ITER=98) (NRM,RELC): ( 0.29527295E-03 0.25788108E-03 ) :: navier-stokes
SolveEquations: -------------------------------------
SolveEquations:  Coupled system iteration:           99
SolveEquations: -------------------------------------
HeatSolver: ------------------------------------------------
HeatSolver: Solving energy equation for temperature
HeatSolver: Heat solver iteration: 1
IterSolver: "Linear System GCR Restart" not given, setting it to 200
   gcr:    10  0.2517E-07  0.3319E-07
ComputeChange: NS (ITER=1) (NRM,RELC): (  294.98542     0.10306932E-05 ) :: heat equation
ComputeChange: SS (ITER=99) (NRM,RELC): (  294.98570     0.10307587E-06 ) :: heat equation
FlowSolve: 
FlowSolve: 
FlowSolve: -------------------------------------
FlowSolve:  NAVIER-STOKES ITERATION           1
FlowSolve: -------------------------------------
FlowSolve: 
FlowSolve: Starting Assembly...
FlowSolve: Assembly:
FlowSolve: Assembly done
FlowSolve: Dirichlet conditions done
      10 0.7065E-09 0.7065E-09
BiCGStabl:       12 0.4781E-10 0.4781E-10
ComputeChange: NS (ITER=1) (NRM,RELC): ( 0.29435787E-03 0.31039271E-02 ) :: navier-stokes
FlowSolve: iter:    1 Assembly: (s)    0.01    0.01
FlowSolve: iter:    1 Solve:    (s)    0.01    0.01
FlowSolve:  Result Norm     :    2.9435786817238026E-004
FlowSolve:  Relative Change :    3.1039270782334239E-003
ComputeChange: SS (ITER=99) (NRM,RELC): ( 0.29518055E-03 0.31299213E-03 ) :: navier-stokes
SolveEquations: -------------------------------------
SolveEquations:  Coupled system iteration:          100
SolveEquations: -------------------------------------
HeatSolver: ------------------------------------------------
HeatSolver: Solving energy equation for temperature
HeatSolver: Heat solver iteration: 1
IterSolver: "Linear System GCR Restart" not given, setting it to 200
   gcr:    10  0.2350E-07  0.3014E-07
ComputeChange: NS (ITER=1) (NRM,RELC): (  294.98541     0.97908547E-06 ) :: heat equation
ComputeChange: SS (ITER=100) (NRM,RELC): (  294.98567     0.97913908E-07 ) :: heat equation
FlowSolve: 
FlowSolve: 
FlowSolve: -------------------------------------
FlowSolve:  NAVIER-STOKES ITERATION           1
FlowSolve: -------------------------------------
FlowSolve: 
FlowSolve: Starting Assembly...
FlowSolve: Assembly:
FlowSolve: Assembly done
FlowSolve: Dirichlet conditions done
      10 0.4357E-09 0.4357E-09
BiCGStabl:       12 0.3480E-10 0.3480E-10
ComputeChange: NS (ITER=1) (NRM,RELC): ( 0.29412471E-03 0.35833497E-02 ) :: navier-stokes
FlowSolve: iter:    1 Assembly: (s)    0.01    0.01
FlowSolve: iter:    1 Solve:    (s)    0.01    0.01
FlowSolve:  Result Norm     :    2.9412470664830025E-004
FlowSolve:  Relative Change :    3.5833497171788012E-003
ComputeChange: SS (ITER=100) (NRM,RELC): ( 0.29507406E-03 0.36083566E-03 ) :: navier-stokes
SolveEquations: -------------------------------------
SolveEquations:  Coupled system iteration:          101
SolveEquations: -------------------------------------
HeatSolver: ------------------------------------------------
HeatSolver: Solving energy equation for temperature
HeatSolver: Heat solver iteration: 1
IterSolver: "Linear System GCR Restart" not given, setting it to 200
   gcr:    10  0.2187E-07  0.2723E-07
ComputeChange: NS (ITER=1) (NRM,RELC): (  294.98539     0.92387321E-06 ) :: heat equation
ComputeChange: SS (ITER=101) (NRM,RELC): (  294.98564     0.92391642E-07 ) :: heat equation
FlowSolve: 
FlowSolve: 
FlowSolve: -------------------------------------
FlowSolve:  NAVIER-STOKES ITERATION           1
FlowSolve: -------------------------------------
FlowSolve: 
FlowSolve: Starting Assembly...
FlowSolve: Assembly:
FlowSolve: Assembly done
FlowSolve: Dirichlet conditions done
      10 0.9613E-09 0.9613E-09
BiCGStabl:       12 0.5093E-10 0.5093E-10
ComputeChange: NS (ITER=1) (NRM,RELC): ( 0.29389828E-03 0.39926576E-02 ) :: navier-stokes
FlowSolve: iter:    1 Assembly: (s)    0.01    0.01
FlowSolve: iter:    1 Solve:    (s)    0.01    0.01
FlowSolve:  Result Norm     :    2.9389827517815160E-004
FlowSolve:  Relative Change :    3.9926575932802870E-003
ComputeChange: SS (ITER=101) (NRM,RELC): ( 0.29495557E-03 0.40164686E-03 ) :: navier-stokes
SolveEquations: -------------------------------------
SolveEquations:  Coupled system iteration:          102
SolveEquations: -------------------------------------
HeatSolver: ------------------------------------------------
HeatSolver: Solving energy equation for temperature
HeatSolver: Heat solver iteration: 1
IterSolver: "Linear System GCR Restart" not given, setting it to 200
   gcr:    10  0.2029E-07  0.2446E-07
ComputeChange: NS (ITER=1) (NRM,RELC): (  294.98538     0.86583071E-06 ) :: heat equation
ComputeChange: SS (ITER=102) (NRM,RELC): (  294.98561     0.86586497E-07 ) :: heat equation
FlowSolve: 
FlowSolve: 
FlowSolve: -------------------------------------
FlowSolve:  NAVIER-STOKES ITERATION           1
FlowSolve: -------------------------------------
FlowSolve: 
FlowSolve: Starting Assembly...
FlowSolve: Assembly:
FlowSolve: Assembly done
FlowSolve: Dirichlet conditions done
      10 0.5981E-09 0.5981E-09
BiCGStabl:       11 0.8860E-10 0.8860E-10
ComputeChange: NS (ITER=1) (NRM,RELC): ( 0.29367985E-03 0.43344717E-02 ) :: navier-stokes
FlowSolve: iter:    1 Assembly: (s)    0.01    0.01
FlowSolve: iter:    1 Solve:    (s)    0.01    0.01
FlowSolve:  Result Norm     :    2.9367985404832753E-004
FlowSolve:  Relative Change :    4.3344717004731347E-003
ComputeChange: SS (ITER=102) (NRM,RELC): ( 0.29482708E-03 0.43569114E-03 ) :: navier-stokes
SolveEquations: -------------------------------------
SolveEquations:  Coupled system iteration:          103
SolveEquations: -------------------------------------
HeatSolver: ------------------------------------------------
HeatSolver: Solving energy equation for temperature
HeatSolver: Heat solver iteration: 1
IterSolver: "Linear System GCR Restart" not given, setting it to 200
   gcr:    10  0.1874E-07  0.2185E-07
ComputeChange: NS (ITER=1) (NRM,RELC): (  294.98538     0.80568853E-06 ) :: heat equation
ComputeChange: SS (ITER=103) (NRM,RELC): (  294.98559     0.80571522E-07 ) :: heat equation
FlowSolve: 
FlowSolve: 
FlowSolve: -------------------------------------
FlowSolve:  NAVIER-STOKES ITERATION           1
FlowSolve: -------------------------------------
FlowSolve: 
FlowSolve: Starting Assembly...
FlowSolve: Assembly:
FlowSolve: Assembly done
FlowSolve: Dirichlet conditions done
      10 0.8034E-09 0.8034E-09
BiCGStabl:       11 0.9489E-10 0.9489E-10
ComputeChange: NS (ITER=1) (NRM,RELC): ( 0.29347057E-03 0.46116731E-02 ) :: navier-stokes
FlowSolve: iter:    1 Assembly: (s)    0.01    0.01
FlowSolve: iter:    1 Solve:    (s)    0.01    0.01
FlowSolve:  Result Norm     :    2.9347056608205856E-004
FlowSolve:  Relative Change :    4.6116730642637846E-003
ComputeChange: SS (ITER=103) (NRM,RELC): ( 0.29469053E-03 0.46326025E-03 ) :: navier-stokes
SolveEquations: -------------------------------------
SolveEquations:  Coupled system iteration:          104
SolveEquations: -------------------------------------
HeatSolver: ------------------------------------------------
HeatSolver: Solving energy equation for temperature
HeatSolver: Heat solver iteration: 1
IterSolver: "Linear System GCR Restart" not given, setting it to 200
   gcr:    10  0.1723E-07  0.1941E-07
ComputeChange: NS (ITER=1) (NRM,RELC): (  294.98538     0.72188741E-06 ) :: heat equation
ComputeChange: SS (ITER=104) (NRM,RELC): (  294.98557     0.72190784E-07 ) :: heat equation
FlowSolve: 
FlowSolve: 
FlowSolve: -------------------------------------
FlowSolve:  NAVIER-STOKES ITERATION           1
FlowSolve: -------------------------------------
FlowSolve: 
FlowSolve: Starting Assembly...
FlowSolve: Assembly:
FlowSolve: Assembly done
FlowSolve: Dirichlet conditions done
      10 0.6011E-09 0.6011E-09
BiCGStabl:       11 0.7182E-10 0.7182E-10
ComputeChange: NS (ITER=1) (NRM,RELC): ( 0.29327134E-03 0.48274953E-02 ) :: navier-stokes
FlowSolve: iter:    1 Assembly: (s)    0.01    0.01
FlowSolve: iter:    1 Solve:    (s)    0.01    0.01
FlowSolve:  Result Norm     :    2.9327134264486946E-004
FlowSolve:  Relative Change :    4.8274953444963544E-003
ComputeChange: SS (ITER=104) (NRM,RELC): ( 0.29454774E-03 0.48468133E-03 ) :: navier-stokes
SolveEquations: -------------------------------------
SolveEquations:  Coupled system iteration:          105
SolveEquations: -------------------------------------
HeatSolver: ------------------------------------------------
HeatSolver: Solving energy equation for temperature
HeatSolver: Heat solver iteration: 1
IterSolver: "Linear System GCR Restart" not given, setting it to 200
   gcr:    10  0.1579E-07  0.1717E-07
ComputeChange: NS (ITER=1) (NRM,RELC): (  294.98537     0.66285480E-06 ) :: heat equation
ComputeChange: SS (ITER=105) (NRM,RELC): (  294.98555     0.66287022E-07 ) :: heat equation
FlowSolve: 
FlowSolve: 
FlowSolve: -------------------------------------
FlowSolve:  NAVIER-STOKES ITERATION           1
FlowSolve: -------------------------------------
FlowSolve: 
FlowSolve: Starting Assembly...
FlowSolve: Assembly:
FlowSolve: Assembly done
FlowSolve: Dirichlet conditions done
      10 0.5288E-09 0.5288E-09
BiCGStabl:       11 0.6392E-10 0.6392E-10
ComputeChange: NS (ITER=1) (NRM,RELC): ( 0.29308306E-03 0.49850407E-02 ) :: navier-stokes
FlowSolve: iter:    1 Assembly: (s)    0.01    0.01
FlowSolve: iter:    1 Solve:    (s)    0.01    0.01
FlowSolve:  Result Norm     :    2.9308305614291326E-004
FlowSolve:  Relative Change :    4.9850407208498274E-003
ComputeChange: SS (ITER=105) (NRM,RELC): ( 0.29440042E-03 0.50026849E-03 ) :: navier-stokes
SolveEquations: -------------------------------------
SolveEquations:  Coupled system iteration:          106
SolveEquations: -------------------------------------
HeatSolver: ------------------------------------------------
HeatSolver: Solving energy equation for temperature
HeatSolver: Heat solver iteration: 1
IterSolver: "Linear System GCR Restart" not given, setting it to 200
   gcr:    10  0.1439E-07  0.1517E-07
ComputeChange: NS (ITER=1) (NRM,RELC): (  294.98537     0.60349035E-06 ) :: heat equation
ComputeChange: SS (ITER=106) (NRM,RELC): (  294.98553     0.60350186E-07 ) :: heat equation
FlowSolve: 
FlowSolve: 
FlowSolve: -------------------------------------
FlowSolve:  NAVIER-STOKES ITERATION           1
FlowSolve: -------------------------------------
FlowSolve: 
FlowSolve: Starting Assembly...
FlowSolve: Assembly:
FlowSolve: Assembly done
FlowSolve: Dirichlet conditions done
      10 0.2906E-09 0.2906E-09
BiCGStabl:       11 0.5627E-10 0.5627E-10
ComputeChange: NS (ITER=1) (NRM,RELC): ( 0.29290638E-03 0.50877784E-02 ) :: navier-stokes
FlowSolve: iter:    1 Assembly: (s)    0.01    0.01
FlowSolve: iter:    1 Solve:    (s)    0.01    0.01
FlowSolve:  Result Norm     :    2.9290637833220763E-004
FlowSolve:  Relative Change :    5.0877784008715697E-003
ComputeChange: SS (ITER=106) (NRM,RELC): ( 0.29425021E-03 0.51037230E-03 ) :: navier-stokes
SolveEquations: -------------------------------------
SolveEquations:  Coupled system iteration:          107
SolveEquations: -------------------------------------
HeatSolver: ------------------------------------------------
HeatSolver: Solving energy equation for temperature
HeatSolver: Heat solver iteration: 1
IterSolver: "Linear System GCR Restart" not given, setting it to 200
   gcr:    10  0.1305E-07  0.1344E-07
ComputeChange: NS (ITER=1) (NRM,RELC): (  294.98538     0.52597397E-06 ) :: heat equation
ComputeChange: SS (ITER=107) (NRM,RELC): (  294.98552     0.52598259E-07 ) :: heat equation
FlowSolve: 
FlowSolve: 
FlowSolve: -------------------------------------
FlowSolve:  NAVIER-STOKES ITERATION           1
FlowSolve: -------------------------------------
FlowSolve: 
FlowSolve: Starting Assembly...
FlowSolve: Assembly:
FlowSolve: Assembly done
FlowSolve: Dirichlet conditions done
      10 0.2171E-09 0.2171E-09
BiCGStabl:       11 0.8481E-10 0.8481E-10
ComputeChange: NS (ITER=1) (NRM,RELC): ( 0.29274194E-03 0.51389653E-02 ) :: navier-stokes
FlowSolve: iter:    1 Assembly: (s)    0.01    0.01
FlowSolve: iter:    1 Solve:    (s)    0.01    0.01
FlowSolve:  Result Norm     :    2.9274194014304643E-004
FlowSolve:  Relative Change :    5.1389652758374689E-003
ComputeChange: SS (ITER=107) (NRM,RELC): ( 0.29409861E-03 0.51532183E-03 ) :: navier-stokes
SolveEquations: -------------------------------------
SolveEquations:  Coupled system iteration:          108
SolveEquations: -------------------------------------
HeatSolver: ------------------------------------------------
HeatSolver: Solving energy equation for temperature
HeatSolver: Heat solver iteration: 1
IterSolver: "Linear System GCR Restart" not given, setting it to 200
   gcr:    10  0.1180E-07  0.1205E-07
ComputeChange: NS (ITER=1) (NRM,RELC): (  294.98538     0.46909236E-06 ) :: heat equation
ComputeChange: SS (ITER=108) (NRM,RELC): (  294.98550     0.46909899E-07 ) :: heat equation
FlowSolve: 
FlowSolve: 
FlowSolve: -------------------------------------
FlowSolve:  NAVIER-STOKES ITERATION           1
FlowSolve: -------------------------------------
FlowSolve: 
FlowSolve: Starting Assembly...
FlowSolve: Assembly:
FlowSolve: Assembly done
FlowSolve: Dirichlet conditions done
      10 0.2253E-09 0.2253E-09
BiCGStabl:       11 0.5716E-10 0.5716E-10
ComputeChange: NS (ITER=1) (NRM,RELC): ( 0.29259001E-03 0.51427642E-02 ) :: navier-stokes
FlowSolve: iter:    1 Assembly: (s)    0.01    0.01
FlowSolve: iter:    1 Solve:    (s)    0.01    0.01
FlowSolve:  Result Norm     :    2.9259001116232195E-004
FlowSolve:  Relative Change :    5.1427641672423842E-003
ComputeChange: SS (ITER=108) (NRM,RELC): ( 0.29394703E-03 0.51553639E-03 ) :: navier-stokes
SolveEquations: -------------------------------------
SolveEquations:  Coupled system iteration:          109
SolveEquations: -------------------------------------
HeatSolver: ------------------------------------------------
HeatSolver: Solving energy equation for temperature
HeatSolver: Heat solver iteration: 1
IterSolver: "Linear System GCR Restart" not given, setting it to 200
   gcr:    10  0.1064E-07  0.1101E-07
ComputeChange: NS (ITER=1) (NRM,RELC): (  294.98538     0.41295576E-06 ) :: heat equation
ComputeChange: SS (ITER=109) (NRM,RELC): (  294.98549     0.41296118E-07 ) :: heat equation
FlowSolve: 
FlowSolve: 
FlowSolve: -------------------------------------
FlowSolve:  NAVIER-STOKES ITERATION           1
FlowSolve: -------------------------------------
FlowSolve: 
FlowSolve: Starting Assembly...
FlowSolve: Assembly:
FlowSolve: Assembly done
FlowSolve: Dirichlet conditions done
      10 0.2543E-09 0.2543E-09
BiCGStabl:       11 0.9560E-10 0.9560E-10
ComputeChange: NS (ITER=1) (NRM,RELC): ( 0.29245083E-03 0.51030291E-02 ) :: navier-stokes
FlowSolve: iter:    1 Assembly: (s)    0.01    0.01
FlowSolve: iter:    1 Solve:    (s)    0.01    0.01
FlowSolve:  Result Norm     :    2.9245082963154546E-004
FlowSolve:  Relative Change :    5.1030291129379466E-003
ComputeChange: SS (ITER=109) (NRM,RELC): ( 0.29379675E-03 0.51140397E-03 ) :: navier-stokes
SolveEquations: -------------------------------------
SolveEquations:  Coupled system iteration:          110
SolveEquations: -------------------------------------
HeatSolver: ------------------------------------------------
HeatSolver: Solving energy equation for temperature
HeatSolver: Heat solver iteration: 1
IterSolver: "Linear System GCR Restart" not given, setting it to 200
   gcr:    10  0.9592E-08  0.1027E-07
ComputeChange: NS (ITER=1) (NRM,RELC): (  294.98539     0.34610949E-06 ) :: heat equation
ComputeChange: SS (ITER=110) (NRM,RELC): (  294.98548     0.34611432E-07 ) :: heat equation
FlowSolve: 
FlowSolve: 
FlowSolve: -------------------------------------
FlowSolve:  NAVIER-STOKES ITERATION           1
FlowSolve: -------------------------------------
FlowSolve: 
FlowSolve: Starting Assembly...
FlowSolve: Assembly:
FlowSolve: Assembly done
FlowSolve: Dirichlet conditions done
      10 0.2414E-09 0.2414E-09
BiCGStabl:       12 0.9021E-11 0.9021E-11
ComputeChange: NS (ITER=1) (NRM,RELC): ( 0.29232449E-03 0.50237368E-02 ) :: navier-stokes
FlowSolve: iter:    1 Assembly: (s)    0.01    0.01
FlowSolve: iter:    1 Solve:    (s)    0.01    0.01
FlowSolve:  Result Norm     :    2.9232448564890391E-004
FlowSolve:  Relative Change :    5.0237368459160091E-003
ComputeChange: SS (ITER=110) (NRM,RELC): ( 0.29364891E-03 0.50332436E-03 ) :: navier-stokes
SolveEquations: -------------------------------------
SolveEquations:  Coupled system iteration:          111
SolveEquations: -------------------------------------
HeatSolver: ------------------------------------------------
HeatSolver: Solving energy equation for temperature
HeatSolver: Heat solver iteration: 1
IterSolver: "Linear System GCR Restart" not given, setting it to 200
   gcr:    10  0.8649E-08  0.9743E-08
ComputeChange: NS (ITER=1) (NRM,RELC): (  294.98539     0.29578830E-06 ) :: heat equation
ComputeChange: SS (ITER=111) (NRM,RELC): (  294.98547     0.29579307E-07 ) :: heat equation
FlowSolve: 
FlowSolve: 
FlowSolve: -------------------------------------
FlowSolve:  NAVIER-STOKES ITERATION           1
FlowSolve: -------------------------------------
FlowSolve: 
FlowSolve: Starting Assembly...
FlowSolve: Assembly:
FlowSolve: Assembly done
FlowSolve: Dirichlet conditions done
      10 0.1627E-09 0.1627E-09
BiCGStabl:       11 0.8963E-10 0.8963E-10
ComputeChange: NS (ITER=1) (NRM,RELC): ( 0.29221097E-03 0.49087991E-02 ) :: navier-stokes
FlowSolve: iter:    1 Assembly: (s)    0.01    0.01
FlowSolve: iter:    1 Solve:    (s)    0.01    0.01
FlowSolve:  Result Norm     :    2.9221097297215548E-004
FlowSolve:  Relative Change :    4.9087991255112118E-003
ComputeChange: SS (ITER=111) (NRM,RELC): ( 0.29350456E-03 0.49169051E-03 ) :: navier-stokes
SolveEquations: -------------------------------------
SolveEquations:  Coupled system iteration:          112
SolveEquations: -------------------------------------
HeatSolver: ------------------------------------------------
HeatSolver: Solving energy equation for temperature
HeatSolver: Heat solver iteration: 1
IterSolver: "Linear System GCR Restart" not given, setting it to 200
   gcr:    10  0.7774E-08  0.9325E-08
ComputeChange: NS (ITER=1) (NRM,RELC): (  294.98540     0.24758701E-06 ) :: heat equation
ComputeChange: SS (ITER=112) (NRM,RELC): (  294.98546     0.24759212E-07 ) :: heat equation
FlowSolve: 
FlowSolve: 
FlowSolve: -------------------------------------
FlowSolve:  NAVIER-STOKES ITERATION           1
FlowSolve: -------------------------------------
FlowSolve: 
FlowSolve: Starting Assembly...
FlowSolve: Assembly:
FlowSolve: Assembly done
FlowSolve: Dirichlet conditions done
      10 0.1369E-09 0.1369E-09
BiCGStabl:       11 0.8253E-10 0.8253E-10
ComputeChange: NS (ITER=1) (NRM,RELC): ( 0.29211021E-03 0.47620017E-02 ) :: navier-stokes
FlowSolve: iter:    1 Assembly: (s)    0.01    0.01
FlowSolve: iter:    1 Solve:    (s)    0.01    0.01
FlowSolve:  Result Norm     :    2.9211020904339885E-004
FlowSolve:  Relative Change :    4.7620017326138872E-003
ComputeChange: SS (ITER=112) (NRM,RELC): ( 0.29336462E-03 0.47688228E-03 ) :: navier-stokes
SolveEquations: -------------------------------------
SolveEquations:  Coupled system iteration:          113
SolveEquations: -------------------------------------
HeatSolver: ------------------------------------------------
HeatSolver: Solving energy equation for temperature
HeatSolver: Heat solver iteration: 1
IterSolver: "Linear System GCR Restart" not given, setting it to 200
   gcr:    10  0.6974E-08  0.8981E-08
ComputeChange: NS (ITER=1) (NRM,RELC): (  294.98540     0.20180904E-06 ) :: heat equation
ComputeChange: SS (ITER=113) (NRM,RELC): (  294.98546     0.20181478E-07 ) :: heat equation
FlowSolve: 
FlowSolve: 
FlowSolve: -------------------------------------
FlowSolve:  NAVIER-STOKES ITERATION           1
FlowSolve: -------------------------------------
FlowSolve: 
FlowSolve: Starting Assembly...
FlowSolve: Assembly:
FlowSolve: Assembly done
FlowSolve: Dirichlet conditions done
      10 0.1411E-09 0.1411E-09
BiCGStabl:       11 0.4750E-10 0.4750E-10
ComputeChange: NS (ITER=1) (NRM,RELC): ( 0.29202201E-03 0.45871200E-02 ) :: navier-stokes
FlowSolve: iter:    1 Assembly: (s)    0.01    0.01
FlowSolve: iter:    1 Solve:    (s)    0.01    0.01
FlowSolve:  Result Norm     :    2.9202200519277022E-004
FlowSolve:  Relative Change :    4.5871200084483211E-003
ComputeChange: SS (ITER=113) (NRM,RELC): ( 0.29322992E-03 0.45927805E-03 ) :: navier-stokes
SolveEquations: -------------------------------------
SolveEquations:  Coupled system iteration:          114
SolveEquations: -------------------------------------
HeatSolver: ------------------------------------------------
HeatSolver: Solving energy equation for temperature
HeatSolver: Heat solver iteration: 1
IterSolver: "Linear System GCR Restart" not given, setting it to 200
   gcr:    10  0.6269E-08  0.8696E-08
ComputeChange: NS (ITER=1) (NRM,RELC): (  294.98541     0.15857365E-06 ) :: heat equation
ComputeChange: SS (ITER=114) (NRM,RELC): (  294.98545     0.15858023E-07 ) :: heat equation
FlowSolve: 
FlowSolve: 
FlowSolve: -------------------------------------
FlowSolve:  NAVIER-STOKES ITERATION           1
FlowSolve: -------------------------------------
FlowSolve: 
FlowSolve: Starting Assembly...
FlowSolve: Assembly:
FlowSolve: Assembly done
FlowSolve: Dirichlet conditions done
      10 0.2143E-09 0.2143E-09
BiCGStabl:       11 0.3787E-10 0.3787E-10
ComputeChange: NS (ITER=1) (NRM,RELC): ( 0.29194607E-03 0.43879031E-02 ) :: navier-stokes
FlowSolve: iter:    1 Assembly: (s)    0.01    0.01
FlowSolve: iter:    1 Solve:    (s)    0.01    0.01
FlowSolve:  Result Norm     :    2.9194607178021959E-004
FlowSolve:  Relative Change :    4.3879030993023262E-003
ComputeChange: SS (ITER=114) (NRM,RELC): ( 0.29310115E-03 0.43925317E-03 ) :: navier-stokes
SolveEquations: -------------------------------------
SolveEquations:  Coupled system iteration:          115
SolveEquations: -------------------------------------
HeatSolver: ------------------------------------------------
HeatSolver: Solving energy equation for temperature
HeatSolver: Heat solver iteration: 1
IterSolver: "Linear System GCR Restart" not given, setting it to 200
   gcr:    10  0.5673E-08  0.8463E-08
ComputeChange: NS (ITER=1) (NRM,RELC): (  294.98542     0.11794983E-06 ) :: heat equation
ComputeChange: SS (ITER=115) (NRM,RELC): (  294.98545     0.11795733E-07 ) :: heat equation
FlowSolve: 
FlowSolve: 
FlowSolve: -------------------------------------
FlowSolve:  NAVIER-STOKES ITERATION           1
FlowSolve: -------------------------------------
FlowSolve: 
FlowSolve: Starting Assembly...
FlowSolve: Assembly:
FlowSolve: Assembly done
FlowSolve: Dirichlet conditions done
      10 0.2170E-09 0.2170E-09
BiCGStabl:       11 0.3513E-10 0.3513E-10
ComputeChange: NS (ITER=1) (NRM,RELC): ( 0.29188203E-03 0.41680376E-02 ) :: navier-stokes
FlowSolve: iter:    1 Assembly: (s)    0.01    0.01
FlowSolve: iter:    1 Solve:    (s)    0.01    0.01
FlowSolve:  Result Norm     :    2.9188202974330459E-004
FlowSolve:  Relative Change :    4.1680375502204398E-003
ComputeChange: SS (ITER=115) (NRM,RELC): ( 0.29297890E-03 0.41717634E-03 ) :: navier-stokes
SolveEquations: -------------------------------------
SolveEquations:  Coupled system iteration:          116
SolveEquations: -------------------------------------
HeatSolver: ------------------------------------------------
HeatSolver: Solving energy equation for temperature
HeatSolver: Heat solver iteration: 1
IterSolver: "Linear System GCR Restart" not given, setting it to 200
ComputeChange: NS (ITER=1) (NRM,RELC): (  294.98543     0.78560738E-07 ) :: heat equation
ComputeChange: SS (ITER=116) (NRM,RELC): (  294.98545     0.78569217E-08 ) :: heat equation
FlowSolve: 
FlowSolve: 
FlowSolve: -------------------------------------
FlowSolve:  NAVIER-STOKES ITERATION           1
FlowSolve: -------------------------------------
FlowSolve: 
FlowSolve: Starting Assembly...
FlowSolve: Assembly:
FlowSolve: Assembly done
FlowSolve: Dirichlet conditions done
      10 0.5887E-10 0.5887E-10
BiCGStabl:       10 0.5887E-10 0.5887E-10
ComputeChange: NS (ITER=1) (NRM,RELC): ( 0.29182939E-03 0.39312152E-02 ) :: navier-stokes
FlowSolve: iter:    1 Assembly: (s)    0.01    0.01
FlowSolve: iter:    1 Solve:    (s)    0.01    0.01
FlowSolve:  Result Norm     :    2.9182939269181945E-004
FlowSolve:  Relative Change :    3.9312151731320279E-003
ComputeChange: SS (ITER=116) (NRM,RELC): ( 0.29286366E-03 0.39341642E-03 ) :: navier-stokes
SolveEquations: -------------------------------------
SolveEquations:  Coupled system iteration:          117
SolveEquations: -------------------------------------
HeatSolver: ------------------------------------------------
HeatSolver: Solving energy equation for temperature
HeatSolver: Heat solver iteration: 1
IterSolver: "Linear System GCR Restart" not given, setting it to 200
ComputeChange: NS (ITER=1) (NRM,RELC): (  294.98543     0.44140484E-07 ) :: heat equation
ComputeChange: SS (ITER=117) (NRM,RELC): (  294.98545     0.44149878E-08 ) :: heat equation
FlowSolve: 
FlowSolve: 
FlowSolve: -------------------------------------
FlowSolve:  NAVIER-STOKES ITERATION           1
FlowSolve: -------------------------------------
FlowSolve: 
FlowSolve: Starting Assembly...
FlowSolve: Assembly:
FlowSolve: Assembly done
FlowSolve: Dirichlet conditions done
      10 0.5861E-10 0.5861E-10
BiCGStabl:       10 0.5861E-10 0.5861E-10
ComputeChange: NS (ITER=1) (NRM,RELC): ( 0.29178769E-03 0.36807256E-02 ) :: navier-stokes
FlowSolve: iter:    1 Assembly: (s)    0.01    0.01
FlowSolve: iter:    1 Solve:    (s)    0.01    0.01
FlowSolve:  Result Norm     :    2.9178768568726337E-004
FlowSolve:  Relative Change :    3.6807255732794054E-003
ComputeChange: SS (ITER=117) (NRM,RELC): ( 0.29275581E-03 0.36830192E-03 ) :: navier-stokes
SolveEquations: -------------------------------------
SolveEquations:  Coupled system iteration:          118
SolveEquations: -------------------------------------
HeatSolver: ------------------------------------------------
HeatSolver: Solving energy equation for temperature
HeatSolver: Heat solver iteration: 1
IterSolver: "Linear System GCR Restart" not given, setting it to 200
ComputeChange: NS (ITER=1) (NRM,RELC): (  294.98544     0.12374158E-07 ) :: heat equation
ComputeChange: SS (ITER=118) (NRM,RELC): (  294.98545     0.12384406E-08 ) :: heat equation
FlowSolve: 
FlowSolve: 
FlowSolve: -------------------------------------
FlowSolve:  NAVIER-STOKES ITERATION           1
FlowSolve: -------------------------------------
FlowSolve: 
FlowSolve: Starting Assembly...
FlowSolve: Assembly:
FlowSolve: Assembly done
FlowSolve: Dirichlet conditions done
      10 0.1318E-09 0.1318E-09
BiCGStabl:       11 0.8489E-10 0.8489E-10
ComputeChange: NS (ITER=1) (NRM,RELC): ( 0.29175632E-03 0.34199194E-02 ) :: navier-stokes
FlowSolve: iter:    1 Assembly: (s)    0.01    0.01
FlowSolve: iter:    1 Solve:    (s)    0.01    0.01
FlowSolve:  Result Norm     :    2.9175632166526273E-004
FlowSolve:  Relative Change :    3.4199194347181482E-003
ComputeChange: SS (ITER=118) (NRM,RELC): ( 0.29265566E-03 0.34216714E-03 ) :: navier-stokes
SolveEquations: -------------------------------------
SolveEquations:  Coupled system iteration:          119
SolveEquations: -------------------------------------
HeatSolver: ------------------------------------------------
HeatSolver: Solving energy equation for temperature
HeatSolver: Heat solver iteration: 1
IterSolver: "Linear System GCR Restart" not given, setting it to 200
ComputeChange: NS (ITER=1) (NRM,RELC): (  294.98545     0.16680655E-07 ) :: heat equation
ComputeChange: SS (ITER=119) (NRM,RELC): (  294.98545     0.16669706E-08 ) :: heat equation
FlowSolve: 
FlowSolve: 
FlowSolve: -------------------------------------
FlowSolve:  NAVIER-STOKES ITERATION           1
FlowSolve: -------------------------------------
FlowSolve: 
FlowSolve: Starting Assembly...
FlowSolve: Assembly:
FlowSolve: Assembly done
FlowSolve: Dirichlet conditions done
      10 0.9418E-10 0.9418E-10
BiCGStabl:       10 0.9418E-10 0.9418E-10
ComputeChange: NS (ITER=1) (NRM,RELC): ( 0.29173467E-03 0.31519740E-02 ) :: navier-stokes
FlowSolve: iter:    1 Assembly: (s)    0.01    0.01
FlowSolve: iter:    1 Solve:    (s)    0.01    0.01
FlowSolve:  Result Norm     :    2.9173466802375202E-004
FlowSolve:  Relative Change :    3.1519740163066571E-003
ComputeChange: SS (ITER=119) (NRM,RELC): ( 0.29256339E-03 0.31532885E-03 ) :: navier-stokes
SolveEquations: -------------------------------------
SolveEquations:  Coupled system iteration:          120
SolveEquations: -------------------------------------
HeatSolver: ------------------------------------------------
HeatSolver: Solving energy equation for temperature
HeatSolver: Heat solver iteration: 1
IterSolver: "Linear System GCR Restart" not given, setting it to 200
ComputeChange: NS (ITER=1) (NRM,RELC): (  294.98546     0.42999044E-07 ) :: heat equation
ComputeChange: SS (ITER=120) (NRM,RELC): (  294.98545     0.42987524E-08 ) :: heat equation
FlowSolve: 
FlowSolve: 
FlowSolve: -------------------------------------
FlowSolve:  NAVIER-STOKES ITERATION           1
FlowSolve: -------------------------------------
FlowSolve: 
FlowSolve: Starting Assembly...
FlowSolve: Assembly:
FlowSolve: Assembly done
FlowSolve: Dirichlet conditions done
      10 0.1512E-09 0.1512E-09
BiCGStabl:       11 0.3361E-10 0.3361E-10
ComputeChange: NS (ITER=1) (NRM,RELC): ( 0.29172206E-03 0.28798775E-02 ) :: navier-stokes
FlowSolve: iter:    1 Assembly: (s)    0.01    0.01
FlowSolve: iter:    1 Solve:    (s)    0.01    0.01
FlowSolve:  Result Norm     :    2.9172205609862147E-004
FlowSolve:  Relative Change :    2.8798775218649595E-003
ComputeChange: SS (ITER=120) (NRM,RELC): ( 0.29247912E-03 0.28808485E-03 ) :: navier-stokes
SolveEquations: -------------------------------------
SolveEquations:  Coupled system iteration:          121
SolveEquations: -------------------------------------
HeatSolver: ------------------------------------------------
HeatSolver: Solving energy equation for temperature
HeatSolver: Heat solver iteration: 1
IterSolver: "Linear System GCR Restart" not given, setting it to 200
ComputeChange: NS (ITER=1) (NRM,RELC): (  294.98547     0.66587167E-07 ) :: heat equation
ComputeChange: SS (ITER=121) (NRM,RELC): (  294.98545     0.66575255E-08 ) :: heat equation
FlowSolve: 
FlowSolve: 
FlowSolve: -------------------------------------
FlowSolve:  NAVIER-STOKES ITERATION           1
FlowSolve: -------------------------------------
FlowSolve: 
FlowSolve: Starting Assembly...
FlowSolve: Assembly:
FlowSolve: Assembly done
FlowSolve: Dirichlet conditions done
      10 0.1021E-09 0.1021E-09
BiCGStabl:       11 0.5852E-10 0.5852E-10
ComputeChange: NS (ITER=1) (NRM,RELC): ( 0.29171779E-03 0.26064168E-02 ) :: navier-stokes
FlowSolve: iter:    1 Assembly: (s)    0.01    0.01
FlowSolve: iter:    1 Solve:    (s)    0.01    0.01
FlowSolve:  Result Norm     :    2.9171779010019874E-004
FlowSolve:  Relative Change :    2.6064167987950278E-003
ComputeChange: SS (ITER=121) (NRM,RELC): ( 0.29240288E-03 0.26071269E-03 ) :: navier-stokes
SolveEquations: -------------------------------------
SolveEquations:  Coupled system iteration:          122
SolveEquations: -------------------------------------
HeatSolver: ------------------------------------------------
HeatSolver: Solving energy equation for temperature
HeatSolver: Heat solver iteration: 1
IterSolver: "Linear System GCR Restart" not given, setting it to 200
ComputeChange: NS (ITER=1) (NRM,RELC): (  294.98548     0.87478635E-07 ) :: heat equation
ComputeChange: SS (ITER=122) (NRM,RELC): (  294.98545     0.87466494E-08 ) :: heat equation
FlowSolve: 
FlowSolve: 
FlowSolve: -------------------------------------
FlowSolve:  NAVIER-STOKES ITERATION           1
FlowSolve: -------------------------------------
FlowSolve: 
FlowSolve: Starting Assembly...
FlowSolve: Assembly:
FlowSolve: Assembly done
FlowSolve: Dirichlet conditions done
      10 0.1019E-09 0.1019E-09
BiCGStabl:       11 0.1074E-10 0.1074E-10
ComputeChange: NS (ITER=1) (NRM,RELC): ( 0.29172116E-03 0.23341655E-02 ) :: navier-stokes
FlowSolve: iter:    1 Assembly: (s)    0.01    0.01
FlowSolve: iter:    1 Solve:    (s)    0.01    0.01
FlowSolve:  Result Norm     :    2.9172115627260043E-004
FlowSolve:  Relative Change :    2.3341654547048415E-003
ComputeChange: SS (ITER=122) (NRM,RELC): ( 0.29233462E-03 0.23346859E-03 ) :: navier-stokes
SolveEquations: -------------------------------------
SolveEquations:  Coupled system iteration:          123
SolveEquations: -------------------------------------
HeatSolver: ------------------------------------------------
HeatSolver: Solving energy equation for temperature
HeatSolver: Heat solver iteration: 1
IterSolver: "Linear System GCR Restart" not given, setting it to 200
ComputeChange: NS (ITER=1) (NRM,RELC): (  294.98548     0.10573069E-06 ) :: heat equation
ComputeChange: SS (ITER=123) (NRM,RELC): (  294.98546     0.10571851E-07 ) :: heat equation
FlowSolve: 
FlowSolve: 
FlowSolve: -------------------------------------
FlowSolve:  NAVIER-STOKES ITERATION           1
FlowSolve: -------------------------------------
FlowSolve: 
FlowSolve: Starting Assembly...
FlowSolve: Assembly:
FlowSolve: Assembly done
FlowSolve: Dirichlet conditions done
      10 0.4937E-10 0.4937E-10
BiCGStabl:       10 0.4937E-10 0.4937E-10
ComputeChange: NS (ITER=1) (NRM,RELC): ( 0.29173143E-03 0.20654770E-02 ) :: navier-stokes
FlowSolve: iter:    1 Assembly: (s)    0.01    0.01
FlowSolve: iter:    1 Solve:    (s)    0.01    0.01
FlowSolve:  Result Norm     :    2.9173143092694895E-004
FlowSolve:  Relative Change :    2.0654770052416526E-003
ComputeChange: SS (ITER=123) (NRM,RELC): ( 0.29227423E-03 0.20658677E-03 ) :: navier-stokes
SolveEquations: -------------------------------------
SolveEquations:  Coupled system iteration:          124
SolveEquations: -------------------------------------
HeatSolver: ------------------------------------------------
HeatSolver: Solving energy equation for temperature
HeatSolver: Heat solver iteration: 1
IterSolver: "Linear System GCR Restart" not given, setting it to 200
ComputeChange: NS (ITER=1) (NRM,RELC): (  294.98549     0.12142073E-06 ) :: heat equation
ComputeChange: SS (ITER=124) (NRM,RELC): (  294.98546     0.12140867E-07 ) :: heat equation
FlowSolve: 
FlowSolve: 
FlowSolve: -------------------------------------
FlowSolve:  NAVIER-STOKES ITERATION           1
FlowSolve: -------------------------------------
FlowSolve: 
FlowSolve: Starting Assembly...
FlowSolve: Assembly:
FlowSolve: Assembly done
FlowSolve: Dirichlet conditions done
      10 0.1185E-09 0.1185E-09
BiCGStabl:       11 0.1307E-10 0.1307E-10
ComputeChange: NS (ITER=1) (NRM,RELC): ( 0.29174789E-03 0.18024782E-02 ) :: navier-stokes
FlowSolve: iter:    1 Assembly: (s)    0.01    0.01
FlowSolve: iter:    1 Solve:    (s)    0.01    0.01
FlowSolve:  Result Norm     :    2.9174788862848262E-004
FlowSolve:  Relative Change :    1.8024781888803434E-003
ComputeChange: SS (ITER=124) (NRM,RELC): ( 0.29222155E-03 0.18027883E-03 ) :: navier-stokes
SolveEquations: -------------------------------------
SolveEquations:  Coupled system iteration:          125
SolveEquations: -------------------------------------
HeatSolver: ------------------------------------------------
HeatSolver: Solving energy equation for temperature
HeatSolver: Heat solver iteration: 1
IterSolver: "Linear System GCR Restart" not given, setting it to 200
ComputeChange: NS (ITER=1) (NRM,RELC): (  294.98550     0.13464327E-06 ) :: heat equation
ComputeChange: SS (ITER=125) (NRM,RELC): (  294.98546     0.13463148E-07 ) :: heat equation
FlowSolve: 
FlowSolve: 
FlowSolve: -------------------------------------
FlowSolve:  NAVIER-STOKES ITERATION           1
FlowSolve: -------------------------------------
FlowSolve: 
FlowSolve: Starting Assembly...
FlowSolve: Assembly:
FlowSolve: Assembly done
FlowSolve: Dirichlet conditions done
      10 0.2089E-09 0.2089E-09
BiCGStabl:       11 0.2406E-10 0.2406E-10
ComputeChange: NS (ITER=1) (NRM,RELC): ( 0.29176981E-03 0.15470651E-02 ) :: navier-stokes
FlowSolve: iter:    1 Assembly: (s)    0.01    0.01
FlowSolve: iter:    1 Solve:    (s)    0.01    0.01
FlowSolve:  Result Norm     :    2.9176980976833414E-004
FlowSolve:  Relative Change :    1.5470650907440018E-003
ComputeChange: SS (ITER=125) (NRM,RELC): ( 0.29217633E-03 0.15473334E-03 ) :: navier-stokes
SolveEquations: -------------------------------------
SolveEquations:  Coupled system iteration:          126
SolveEquations: -------------------------------------
HeatSolver: ------------------------------------------------
HeatSolver: Solving energy equation for temperature
HeatSolver: Heat solver iteration: 1
IterSolver: "Linear System GCR Restart" not given, setting it to 200
ComputeChange: NS (ITER=1) (NRM,RELC): (  294.98551     0.14550714E-06 ) :: heat equation
ComputeChange: SS (ITER=126) (NRM,RELC): (  294.98547     0.14549575E-07 ) :: heat equation
FlowSolve: 
FlowSolve: 
FlowSolve: -------------------------------------
FlowSolve:  NAVIER-STOKES ITERATION           1
FlowSolve: -------------------------------------
FlowSolve: 
FlowSolve: Starting Assembly...
FlowSolve: Assembly:
FlowSolve: Assembly done
FlowSolve: Dirichlet conditions done
      10 0.9365E-09 0.9365E-09
BiCGStabl:       11 0.6564E-10 0.6564E-10
ComputeChange: NS (ITER=1) (NRM,RELC): ( 0.29179649E-03 0.13009037E-02 ) :: navier-stokes
FlowSolve: iter:    1 Assembly: (s)    0.01    0.01
FlowSolve: iter:    1 Solve:    (s)    0.01    0.01
FlowSolve:  Result Norm     :    2.9179648697076453E-004
FlowSolve:  Relative Change :    1.3009036941443015E-003
ComputeChange: SS (ITER=126) (NRM,RELC): ( 0.29213832E-03 0.13011597E-03 ) :: navier-stokes
SolveEquations: -------------------------------------
SolveEquations:  Coupled system iteration:          127
SolveEquations: -------------------------------------
HeatSolver: ------------------------------------------------
HeatSolver: Solving energy equation for temperature
HeatSolver: Heat solver iteration: 1
IterSolver: "Linear System GCR Restart" not given, setting it to 200
ComputeChange: NS (ITER=1) (NRM,RELC): (  294.98551     0.15413288E-06 ) :: heat equation
ComputeChange: SS (ITER=127) (NRM,RELC): (  294.98547     0.15412205E-07 ) :: heat equation
FlowSolve: 
FlowSolve: 
FlowSolve: -------------------------------------
FlowSolve:  NAVIER-STOKES ITERATION           1
FlowSolve: -------------------------------------
FlowSolve: 
FlowSolve: Starting Assembly...
FlowSolve: Assembly:
FlowSolve: Assembly done
FlowSolve: Dirichlet conditions done
      10 0.6865E-10 0.6865E-10
BiCGStabl:       10 0.6865E-10 0.6865E-10
ComputeChange: NS (ITER=1) (NRM,RELC): ( 0.29182723E-03 0.10654309E-02 ) :: navier-stokes
FlowSolve: iter:    1 Assembly: (s)    0.01    0.01
FlowSolve: iter:    1 Solve:    (s)    0.01    0.01
FlowSolve:  Result Norm     :    2.9182723136914453E-004
FlowSolve:  Relative Change :    1.0654308876038542E-003
ComputeChange: SS (ITER=127) (NRM,RELC): ( 0.29210719E-03 0.10656957E-03 ) :: navier-stokes
SolveEquations: -------------------------------------
SolveEquations:  Coupled system iteration:          128
SolveEquations: -------------------------------------
HeatSolver: ------------------------------------------------
HeatSolver: Solving energy equation for temperature
HeatSolver: Heat solver iteration: 1
IterSolver: "Linear System GCR Restart" not given, setting it to 200
ComputeChange: NS (ITER=1) (NRM,RELC): (  294.98552     0.16065046E-06 ) :: heat equation
ComputeChange: SS (ITER=128) (NRM,RELC): (  294.98548     0.16064023E-07 ) :: heat equation
FlowSolve: 
FlowSolve: 
FlowSolve: -------------------------------------
FlowSolve:  NAVIER-STOKES ITERATION           1
FlowSolve: -------------------------------------
FlowSolve: 
FlowSolve: Starting Assembly...
FlowSolve: Assembly:
FlowSolve: Assembly done
FlowSolve: Dirichlet conditions done
      10 0.4039E-09 0.4039E-09
BiCGStabl:       11 0.6157E-10 0.6157E-10
ComputeChange: NS (ITER=1) (NRM,RELC): ( 0.29186138E-03 0.84185929E-03 ) :: navier-stokes
FlowSolve: iter:    1 Assembly: (s)    0.01    0.01
FlowSolve: iter:    1 Solve:    (s)    0.01    0.01
FlowSolve:  Result Norm     :    2.9186137775899789E-004
FlowSolve:  Relative Change :    8.4185928857261874E-004
ComputeChange: SS (ITER=128) (NRM,RELC): ( 0.29208259E-03 0.84214684E-04 ) :: navier-stokes
SolveEquations: -------------------------------------
SolveEquations:  Coupled system iteration:          129
SolveEquations: -------------------------------------
HeatSolver: ------------------------------------------------
HeatSolver: Solving energy equation for temperature
HeatSolver: Heat solver iteration: 1
IterSolver: "Linear System GCR Restart" not given, setting it to 200
ComputeChange: NS (ITER=1) (NRM,RELC): (  294.98553     0.16519707E-06 ) :: heat equation
ComputeChange: SS (ITER=129) (NRM,RELC): (  294.98548     0.16518756E-07 ) :: heat equation
FlowSolve: 
FlowSolve: 
FlowSolve: -------------------------------------
FlowSolve:  NAVIER-STOKES ITERATION           1
FlowSolve: -------------------------------------
FlowSolve: 
FlowSolve: Starting Assembly...
FlowSolve: Assembly:
FlowSolve: Assembly done
FlowSolve: Dirichlet conditions done
      10 0.3715E-09 0.3715E-09
BiCGStabl:       11 0.8210E-10 0.8210E-10
ComputeChange: NS (ITER=1) (NRM,RELC): ( 0.29189829E-03 0.63118256E-03 ) :: navier-stokes
FlowSolve: iter:    1 Assembly: (s)    0.01    0.01
FlowSolve: iter:    1 Solve:    (s)    0.01    0.01
FlowSolve:  Result Norm     :    2.9189828948710461E-004
FlowSolve:  Relative Change :    6.3118256213509367E-004
ComputeChange: SS (ITER=129) (NRM,RELC): ( 0.29206414E-03 0.63150058E-04 ) :: navier-stokes
SolveEquations: -------------------------------------
SolveEquations:  Coupled system iteration:          130
SolveEquations: -------------------------------------
HeatSolver: ------------------------------------------------
HeatSolver: Solving energy equation for temperature
HeatSolver: Heat solver iteration: 1
IterSolver: "Linear System GCR Restart" not given, setting it to 200
ComputeChange: NS (ITER=1) (NRM,RELC): (  294.98553     0.16791510E-06 ) :: heat equation
ComputeChange: SS (ITER=130) (NRM,RELC): (  294.98549     0.16790632E-07 ) :: heat equation
FlowSolve: 
FlowSolve: 
FlowSolve: -------------------------------------
FlowSolve:  NAVIER-STOKES ITERATION           1
FlowSolve: -------------------------------------
FlowSolve: 
FlowSolve: Starting Assembly...
FlowSolve: Assembly:
FlowSolve: Assembly done
FlowSolve: Dirichlet conditions done
      10 0.1718E-09 0.1718E-09
BiCGStabl:       11 0.9603E-10 0.9603E-10
ComputeChange: NS (ITER=1) (NRM,RELC): ( 0.29193736E-03 0.43418432E-03 ) :: navier-stokes
FlowSolve: iter:    1 Assembly: (s)    0.01    0.01
FlowSolve: iter:    1 Solve:    (s)    0.01    0.01
FlowSolve:  Result Norm     :    2.9193736216140675E-004
FlowSolve:  Relative Change :    4.3418432184813403E-004
ComputeChange: SS (ITER=130) (NRM,RELC): ( 0.29205145E-03 0.43453554E-04 ) :: navier-stokes
SolveEquations: -------------------------------------
SolveEquations:  Coupled system iteration:          131
SolveEquations: -------------------------------------
HeatSolver: ------------------------------------------------
HeatSolver: Solving energy equation for temperature
HeatSolver: Heat solver iteration: 1
IterSolver: "Linear System GCR Restart" not given, setting it to 200
ComputeChange: NS (ITER=1) (NRM,RELC): (  294.98554     0.16895043E-06 ) :: heat equation
ComputeChange: SS (ITER=131) (NRM,RELC): (  294.98549     0.16894243E-07 ) :: heat equation
FlowSolve: 
FlowSolve: 
FlowSolve: -------------------------------------
FlowSolve:  NAVIER-STOKES ITERATION           1
FlowSolve: -------------------------------------
FlowSolve: 
FlowSolve: Starting Assembly...
FlowSolve: Assembly:
FlowSolve: Assembly done
FlowSolve: Dirichlet conditions done
      10 0.1211E-09 0.1211E-09
BiCGStabl:       11 0.8600E-10 0.8600E-10
ComputeChange: NS (ITER=1) (NRM,RELC): ( 0.29197803E-03 0.25144923E-03 ) :: navier-stokes
FlowSolve: iter:    1 Assembly: (s)    0.01    0.01
FlowSolve: iter:    1 Solve:    (s)    0.01    0.01
FlowSolve:  Result Norm     :    2.9197802647981333E-004
FlowSolve:  Relative Change :    2.5144922951961647E-004
ComputeChange: SS (ITER=131) (NRM,RELC): ( 0.29204410E-03 0.25183241E-04 ) :: navier-stokes
SolveEquations: -------------------------------------
SolveEquations:  Coupled system iteration:          132
SolveEquations: -------------------------------------
HeatSolver: ------------------------------------------------
HeatSolver: Solving energy equation for temperature
HeatSolver: Heat solver iteration: 1
IterSolver: "Linear System GCR Restart" not given, setting it to 200
ComputeChange: NS (ITER=1) (NRM,RELC): (  294.98554     0.16845067E-06 ) :: heat equation
ComputeChange: SS (ITER=132) (NRM,RELC): (  294.98550     0.16844346E-07 ) :: heat equation
FlowSolve: 
FlowSolve: 
FlowSolve: -------------------------------------
FlowSolve:  NAVIER-STOKES ITERATION           1
FlowSolve: -------------------------------------
FlowSolve: 
FlowSolve: Starting Assembly...
FlowSolve: Assembly:
FlowSolve: Assembly done
FlowSolve: Dirichlet conditions done
      10 0.5310E-10 0.5310E-10
BiCGStabl:       10 0.5310E-10 0.5310E-10
ComputeChange: NS (ITER=1) (NRM,RELC): ( 0.29201975E-03 0.83372255E-04 ) :: navier-stokes
FlowSolve: iter:    1 Assembly: (s)    0.01    0.01
FlowSolve: iter:    1 Solve:    (s)    0.01    0.01
FlowSolve:  Result Norm     :    2.9201975129148228E-004
FlowSolve:  Relative Change :    8.3372254856270230E-005
ComputeChange: SS (ITER=132) (NRM,RELC): ( 0.29204165E-03 0.83783226E-05 ) :: navier-stokes
SolveEquations: -------------------------------------
SolveEquations:  Coupled system iteration:          133
SolveEquations: -------------------------------------
HeatSolver: ------------------------------------------------
HeatSolver: Solving energy equation for temperature
HeatSolver: Heat solver iteration: 1
IterSolver: "Linear System GCR Restart" not given, setting it to 200
ComputeChange: NS (ITER=1) (NRM,RELC): (  294.98555     0.16656360E-06 ) :: heat equation
ComputeChange: SS (ITER=133) (NRM,RELC): (  294.98550     0.16655718E-07 ) :: heat equation
FlowSolve: 
FlowSolve: 
FlowSolve: -------------------------------------
FlowSolve:  NAVIER-STOKES ITERATION           1
FlowSolve: -------------------------------------
FlowSolve: 
FlowSolve: Starting Assembly...
FlowSolve: Assembly:
FlowSolve: Assembly done
FlowSolve: Dirichlet conditions done
      10 0.4128E-10 0.4128E-10
BiCGStabl:       10 0.4128E-10 0.4128E-10
ComputeChange: NS (ITER=1) (NRM,RELC): ( 0.29206205E-03 0.69828311E-04 ) :: navier-stokes
FlowSolve: iter:    1 Assembly: (s)    0.01    0.01
FlowSolve: iter:    1 Solve:    (s)    0.01    0.01
FlowSolve:  Result Norm     :    2.9206204530932974E-004
FlowSolve:  Relative Change :    6.9828310594456807E-005
ComputeChange: SS (ITER=133) (NRM,RELC): ( 0.29204368E-03 0.69395785E-05 ) :: navier-stokes
SolveEquations: -------------------------------------
SolveEquations:  Coupled system iteration:          134
SolveEquations: -------------------------------------
HeatSolver: ------------------------------------------------
HeatSolver: Solving energy equation for temperature
HeatSolver: Heat solver iteration: 1
IterSolver: "Linear System GCR Restart" not given, setting it to 200
ComputeChange: NS (ITER=1) (NRM,RELC): (  294.98555     0.16343556E-06 ) :: heat equation
ComputeChange: SS (ITER=134) (NRM,RELC): (  294.98551     0.16342990E-07 ) :: heat equation
FlowSolve: 
FlowSolve: 
FlowSolve: -------------------------------------
FlowSolve:  NAVIER-STOKES ITERATION           1
FlowSolve: -------------------------------------
FlowSolve: 
FlowSolve: Starting Assembly...
FlowSolve: Assembly:
FlowSolve: Assembly done
FlowSolve: Dirichlet conditions done
      10 0.7888E-10 0.7888E-10
BiCGStabl:       10 0.7888E-10 0.7888E-10
ComputeChange: NS (ITER=1) (NRM,RELC): ( 0.29210446E-03 0.20809727E-03 ) :: navier-stokes
FlowSolve: iter:    1 Assembly: (s)    0.01    0.01
FlowSolve: iter:    1 Solve:    (s)    0.01    0.01
FlowSolve:  Result Norm     :    2.9210445829034204E-004
FlowSolve:  Relative Change :    2.0809726638047632E-004
ComputeChange: SS (ITER=134) (NRM,RELC): ( 0.29204974E-03 0.20765068E-04 ) :: navier-stokes
SolveEquations: -------------------------------------
SolveEquations:  Coupled system iteration:          135
SolveEquations: -------------------------------------
HeatSolver: ------------------------------------------------
HeatSolver: Solving energy equation for temperature
HeatSolver: Heat solver iteration: 1
IterSolver: "Linear System GCR Restart" not given, setting it to 200
ComputeChange: NS (ITER=1) (NRM,RELC): (  294.98555     0.15920961E-06 ) :: heat equation
ComputeChange: SS (ITER=135) (NRM,RELC): (  294.98551     0.15920467E-07 ) :: heat equation
FlowSolve: 
FlowSolve: 
FlowSolve: -------------------------------------
FlowSolve:  NAVIER-STOKES ITERATION           1
FlowSolve: -------------------------------------
FlowSolve: 
FlowSolve: Starting Assembly...
FlowSolve: Assembly:
FlowSolve: Assembly done
FlowSolve: Dirichlet conditions done
      10 0.1076E-09 0.1076E-09
BiCGStabl:       11 0.2491E-10 0.2491E-10
ComputeChange: NS (ITER=1) (NRM,RELC): ( 0.29214658E-03 0.33152912E-03 ) :: navier-stokes
FlowSolve: iter:    1 Assembly: (s)    0.01    0.01
FlowSolve: iter:    1 Solve:    (s)    0.01    0.01
FlowSolve:  Result Norm     :    2.9214658189233186E-004
FlowSolve:  Relative Change :    3.3152912275478323E-004
ComputeChange: SS (ITER=135) (NRM,RELC): ( 0.29205941E-03 0.33107653E-04 ) :: navier-stokes
SolveEquations: -------------------------------------
SolveEquations:  Coupled system iteration:          136
SolveEquations: -------------------------------------
HeatSolver: ------------------------------------------------
HeatSolver: Solving energy equation for temperature
HeatSolver: Heat solver iteration: 1
IterSolver: "Linear System GCR Restart" not given, setting it to 200
ComputeChange: NS (ITER=1) (NRM,RELC): (  294.98556     0.15402360E-06 ) :: heat equation
ComputeChange: SS (ITER=136) (NRM,RELC): (  294.98552     0.15401934E-07 ) :: heat equation
FlowSolve: 
FlowSolve: 
FlowSolve: -------------------------------------
FlowSolve:  NAVIER-STOKES ITERATION           1
FlowSolve: -------------------------------------
FlowSolve: 
FlowSolve: Starting Assembly...
FlowSolve: Assembly:
FlowSolve: Assembly done
FlowSolve: Dirichlet conditions done
      10 0.1244E-09 0.1244E-09
BiCGStabl:       11 0.8486E-10 0.8486E-10
ComputeChange: NS (ITER=1) (NRM,RELC): ( 0.29218805E-03 0.44035367E-03 ) :: navier-stokes
FlowSolve: iter:    1 Assembly: (s)    0.01    0.01
FlowSolve: iter:    1 Solve:    (s)    0.01    0.01
FlowSolve:  Result Norm     :    2.9218804984425001E-004
FlowSolve:  Relative Change :    4.4035367228702725E-004
ComputeChange: SS (ITER=136) (NRM,RELC): ( 0.29207226E-03 0.43990318E-04 ) :: navier-stokes
SolveEquations: -------------------------------------
SolveEquations:  Coupled system iteration:          137
SolveEquations: -------------------------------------
HeatSolver: ------------------------------------------------
HeatSolver: Solving energy equation for temperature
HeatSolver: Heat solver iteration: 1
IterSolver: "Linear System GCR Restart" not given, setting it to 200
ComputeChange: NS (ITER=1) (NRM,RELC): (  294.98556     0.14800890E-06 ) :: heat equation
ComputeChange: SS (ITER=137) (NRM,RELC): (  294.98552     0.14800527E-07 ) :: heat equation
FlowSolve: 
FlowSolve: 
FlowSolve: -------------------------------------
FlowSolve:  NAVIER-STOKES ITERATION           1
FlowSolve: -------------------------------------
FlowSolve: 
FlowSolve: Starting Assembly...
FlowSolve: Assembly:
FlowSolve: Assembly done
FlowSolve: Dirichlet conditions done
      10 0.9137E-10 0.9137E-10
BiCGStabl:       10 0.9137E-10 0.9137E-10
ComputeChange: NS (ITER=1) (NRM,RELC): ( 0.29222854E-03 0.53492069E-03 ) :: navier-stokes
FlowSolve: iter:    1 Assembly: (s)    0.01    0.01
FlowSolve: iter:    1 Solve:    (s)    0.01    0.01
FlowSolve:  Result Norm     :    2.9222853744752188E-004
FlowSolve:  Relative Change :    5.3492068721851000E-004
ComputeChange: SS (ITER=137) (NRM,RELC): ( 0.29208787E-03 0.53447994E-04 ) :: navier-stokes
SolveEquations: -------------------------------------
SolveEquations:  Coupled system iteration:          138
SolveEquations: -------------------------------------
HeatSolver: ------------------------------------------------
HeatSolver: Solving energy equation for temperature
HeatSolver: Heat solver iteration: 1
IterSolver: "Linear System GCR Restart" not given, setting it to 200
ComputeChange: NS (ITER=1) (NRM,RELC): (  294.98556     0.13731818E-06 ) :: heat equation
ComputeChange: SS (ITER=138) (NRM,RELC): (  294.98552     0.13731512E-07 ) :: heat equation
FlowSolve: 
FlowSolve: 
FlowSolve: -------------------------------------
FlowSolve:  NAVIER-STOKES ITERATION           1
FlowSolve: -------------------------------------
FlowSolve: 
FlowSolve: Starting Assembly...
FlowSolve: Assembly:
FlowSolve: Assembly done
FlowSolve: Dirichlet conditions done
      10 0.1117E-09 0.1117E-09
BiCGStabl:       11 0.7738E-10 0.7738E-10
ComputeChange: NS (ITER=1) (NRM,RELC): ( 0.29226776E-03 0.61566629E-03 ) :: navier-stokes
FlowSolve: iter:    1 Assembly: (s)    0.01    0.01
FlowSolve: iter:    1 Solve:    (s)    0.01    0.01
FlowSolve:  Result Norm     :    2.9226775527871752E-004
FlowSolve:  Relative Change :    6.1566628746658521E-004
ComputeChange: SS (ITER=138) (NRM,RELC): ( 0.29210584E-03 0.61524226E-04 ) :: navier-stokes
SolveEquations: -------------------------------------
SolveEquations:  Coupled system iteration:          139
SolveEquations: -------------------------------------
HeatSolver: ------------------------------------------------
HeatSolver: Solving energy equation for temperature
HeatSolver: Heat solver iteration: 1
IterSolver: "Linear System GCR Restart" not given, setting it to 200
ComputeChange: NS (ITER=1) (NRM,RELC): (  294.98556     0.13017658E-06 ) :: heat equation
ComputeChange: SS (ITER=139) (NRM,RELC): (  294.98553     0.13017404E-07 ) :: heat equation
FlowSolve: 
FlowSolve: 
FlowSolve: -------------------------------------
FlowSolve:  NAVIER-STOKES ITERATION           1
FlowSolve: -------------------------------------
FlowSolve: 
FlowSolve: Starting Assembly...
FlowSolve: Assembly:
FlowSolve: Assembly done
FlowSolve: Dirichlet conditions done
      10 0.1027E-09 0.1027E-09
BiCGStabl:       11 0.6820E-10 0.6820E-10
ComputeChange: NS (ITER=1) (NRM,RELC): ( 0.29230545E-03 0.68312128E-03 ) :: navier-stokes
FlowSolve: iter:    1 Assembly: (s)    0.01    0.01
FlowSolve: iter:    1 Solve:    (s)    0.01    0.01
FlowSolve:  Result Norm     :    2.9230545417948653E-004
FlowSolve:  Relative Change :    6.8312128276384161E-004
ComputeChange: SS (ITER=139) (NRM,RELC): ( 0.29212579E-03 0.68271987E-04 ) :: navier-stokes
SolveEquations: -------------------------------------
SolveEquations:  Coupled system iteration:          140
SolveEquations: -------------------------------------
HeatSolver: ------------------------------------------------
HeatSolver: Solving energy equation for temperature
HeatSolver: Heat solver iteration: 1
IterSolver: "Linear System GCR Restart" not given, setting it to 200
ComputeChange: NS (ITER=1) (NRM,RELC): (  294.98556     0.12265619E-06 ) :: heat equation
ComputeChange: SS (ITER=140) (NRM,RELC): (  294.98553     0.12265410E-07 ) :: heat equation
FlowSolve: 
FlowSolve: 
FlowSolve: -------------------------------------
FlowSolve:  NAVIER-STOKES ITERATION           1
FlowSolve: -------------------------------------
FlowSolve: 
FlowSolve: Starting Assembly...
FlowSolve: Assembly:
FlowSolve: Assembly done
FlowSolve: Dirichlet conditions done
      10 0.6294E-10 0.6294E-10
BiCGStabl:       10 0.6294E-10 0.6294E-10
ComputeChange: NS (ITER=1) (NRM,RELC): ( 0.29234143E-03 0.73791943E-03 ) :: navier-stokes
FlowSolve: iter:    1 Assembly: (s)    0.01    0.01
FlowSolve: iter:    1 Solve:    (s)    0.01    0.01
FlowSolve:  Result Norm     :    2.9234143046804776E-004
FlowSolve:  Relative Change :    7.3791943482205875E-004
ComputeChange: SS (ITER=140) (NRM,RELC): ( 0.29214733E-03 0.73754539E-04 ) :: navier-stokes
SolveEquations: -------------------------------------
SolveEquations:  Coupled system iteration:          141
SolveEquations: -------------------------------------
HeatSolver: ------------------------------------------------
HeatSolver: Solving energy equation for temperature
HeatSolver: Heat solver iteration: 1
IterSolver: "Linear System GCR Restart" not given, setting it to 200
ComputeChange: NS (ITER=1) (NRM,RELC): (  294.98556     0.11485942E-06 ) :: heat equation
ComputeChange: SS (ITER=141) (NRM,RELC): (  294.98553     0.11485772E-07 ) :: heat equation
FlowSolve: 
FlowSolve: 
FlowSolve: -------------------------------------
FlowSolve:  NAVIER-STOKES ITERATION           1
FlowSolve: -------------------------------------
FlowSolve: 
FlowSolve: Starting Assembly...
FlowSolve: Assembly:
FlowSolve: Assembly done
FlowSolve: Dirichlet conditions done
      10 0.6738E-09 0.6738E-09
BiCGStabl:       11 0.4556E-10 0.4556E-10
ComputeChange: NS (ITER=1) (NRM,RELC): ( 0.29237552E-03 0.78075330E-03 ) :: navier-stokes
FlowSolve: iter:    1 Assembly: (s)    0.01    0.01
FlowSolve: iter:    1 Solve:    (s)    0.01    0.01
FlowSolve:  Result Norm     :    2.9237551607873475E-004
FlowSolve:  Relative Change :    7.8075330329171642E-004
ComputeChange: SS (ITER=141) (NRM,RELC): ( 0.29217013E-03 0.78041022E-04 ) :: navier-stokes
SolveEquations: -------------------------------------
SolveEquations:  Coupled system iteration:          142
SolveEquations: -------------------------------------
HeatSolver: ------------------------------------------------
HeatSolver: Solving energy equation for temperature
HeatSolver: Heat solver iteration: 1
IterSolver: "Linear System GCR Restart" not given, setting it to 200
ComputeChange: NS (ITER=1) (NRM,RELC): (  294.98557     0.10687676E-06 ) :: heat equation
ComputeChange: SS (ITER=142) (NRM,RELC): (  294.98554     0.10687541E-07 ) :: heat equation
FlowSolve: 
FlowSolve: 
FlowSolve: -------------------------------------
FlowSolve:  NAVIER-STOKES ITERATION           1
FlowSolve: -------------------------------------
FlowSolve: 
FlowSolve: Starting Assembly...
FlowSolve: Assembly:
FlowSolve: Assembly done
FlowSolve: Dirichlet conditions done
      10 0.5719E-10 0.5719E-10
BiCGStabl:       10 0.5719E-10 0.5719E-10
ComputeChange: NS (ITER=1) (NRM,RELC): ( 0.29240758E-03 0.81235845E-03 ) :: navier-stokes
FlowSolve: iter:    1 Assembly: (s)    0.01    0.01
FlowSolve: iter:    1 Solve:    (s)    0.01    0.01
FlowSolve:  Result Norm     :    2.9240757569157770E-004
FlowSolve:  Relative Change :    8.1235844556902504E-004
ComputeChange: SS (ITER=142) (NRM,RELC): ( 0.29219386E-03 0.81204871E-04 ) :: navier-stokes
SolveEquations: -------------------------------------
SolveEquations:  Coupled system iteration:          143
SolveEquations: -------------------------------------
HeatSolver: ------------------------------------------------
HeatSolver: Solving energy equation for temperature
HeatSolver: Heat solver iteration: 1
IterSolver: "Linear System GCR Restart" not given, setting it to 200
ComputeChange: NS (ITER=1) (NRM,RELC): (  294.98557     0.98791766E-07 ) :: heat equation
ComputeChange: SS (ITER=143) (NRM,RELC): (  294.98554     0.98790708E-08 ) :: heat equation
FlowSolve: 
FlowSolve: 
FlowSolve: -------------------------------------
FlowSolve:  NAVIER-STOKES ITERATION           1
FlowSolve: -------------------------------------
FlowSolve: 
FlowSolve: Starting Assembly...
FlowSolve: Assembly:
FlowSolve: Assembly done
FlowSolve: Dirichlet conditions done
      10 0.4215E-10 0.4215E-10
BiCGStabl:       10 0.4215E-10 0.4215E-10
ComputeChange: NS (ITER=1) (NRM,RELC): ( 0.29243751E-03 0.83350481E-03 ) :: navier-stokes
FlowSolve: iter:    1 Assembly: (s)    0.01    0.01
FlowSolve: iter:    1 Solve:    (s)    0.01    0.01
FlowSolve:  Result Norm     :    2.9243750550170180E-004
FlowSolve:  Relative Change :    8.3350481289804726E-004
ComputeChange: SS (ITER=143) (NRM,RELC): ( 0.29221821E-03 0.83322968E-04 ) :: navier-stokes
SolveEquations: -------------------------------------
SolveEquations:  Coupled system iteration:          144
SolveEquations: -------------------------------------
HeatSolver: ------------------------------------------------
HeatSolver: Solving energy equation for temperature
HeatSolver: Heat solver iteration: 1
IterSolver: "Linear System GCR Restart" not given, setting it to 200
ComputeChange: NS (ITER=1) (NRM,RELC): (  294.98557     0.90684066E-07 ) :: heat equation
ComputeChange: SS (ITER=144) (NRM,RELC): (  294.98554     0.90683242E-08 ) :: heat equation
FlowSolve: 
FlowSolve: 
FlowSolve: -------------------------------------
FlowSolve:  NAVIER-STOKES ITERATION           1
FlowSolve: -------------------------------------
FlowSolve: 
FlowSolve: Starting Assembly...
FlowSolve: Assembly:
FlowSolve: Assembly done
FlowSolve: Dirichlet conditions done
      10 0.7130E-10 0.7130E-10
BiCGStabl:       10 0.7130E-10 0.7130E-10
ComputeChange: NS (ITER=1) (NRM,RELC): ( 0.29246523E-03 0.84498755E-03 ) :: navier-stokes
FlowSolve: iter:    1 Assembly: (s)    0.01    0.01
FlowSolve: iter:    1 Solve:    (s)    0.01    0.01
FlowSolve:  Result Norm     :    2.9246523156139864E-004
FlowSolve:  Relative Change :    8.4498755275863504E-004
ComputeChange: SS (ITER=144) (NRM,RELC): ( 0.29224289E-03 0.84474725E-04 ) :: navier-stokes
SolveEquations: -------------------------------------
SolveEquations:  Coupled system iteration:          145
SolveEquations: -------------------------------------
HeatSolver: ------------------------------------------------
HeatSolver: Solving energy equation for temperature
HeatSolver: Heat solver iteration: 1
IterSolver: "Linear System GCR Restart" not given, setting it to 200
ComputeChange: NS (ITER=1) (NRM,RELC): (  294.98557     0.82629217E-07 ) :: heat equation
ComputeChange: SS (ITER=145) (NRM,RELC): (  294.98555     0.82628585E-08 ) :: heat equation
FlowSolve: 
FlowSolve: 
FlowSolve: -------------------------------------
FlowSolve:  NAVIER-STOKES ITERATION           1
FlowSolve: -------------------------------------
FlowSolve: 
FlowSolve: Starting Assembly...
FlowSolve: Assembly:
FlowSolve: Assembly done
FlowSolve: Dirichlet conditions done
      10 0.5678E-09 0.5678E-09
BiCGStabl:       11 0.3734E-10 0.3734E-10
ComputeChange: NS (ITER=1) (NRM,RELC): ( 0.29249071E-03 0.84761785E-03 ) :: navier-stokes
FlowSolve: iter:    1 Assembly: (s)    0.01    0.01
FlowSolve: iter:    1 Solve:    (s)    0.01    0.01
FlowSolve:  Result Norm     :    2.9249070786306912E-004
FlowSolve:  Relative Change :    8.4761785479327094E-004
ComputeChange: SS (ITER=145) (NRM,RELC): ( 0.29226766E-03 0.84741169E-04 ) :: navier-stokes
SolveEquations: -------------------------------------
SolveEquations:  Coupled system iteration:          146
SolveEquations: -------------------------------------
HeatSolver: ------------------------------------------------
HeatSolver: Solving energy equation for temperature
HeatSolver: Heat solver iteration: 1
IterSolver: "Linear System GCR Restart" not given, setting it to 200
ComputeChange: NS (ITER=1) (NRM,RELC): (  294.98557     0.74697035E-07 ) :: heat equation
ComputeChange: SS (ITER=146) (NRM,RELC): (  294.98555     0.74696548E-08 ) :: heat equation
FlowSolve: 
FlowSolve: 
FlowSolve: -------------------------------------
FlowSolve:  NAVIER-STOKES ITERATION           1
FlowSolve: -------------------------------------
FlowSolve: 
FlowSolve: Starting Assembly...
FlowSolve: Assembly:
FlowSolve: Assembly done
FlowSolve: Dirichlet conditions done
      10 0.1166E-08 0.1166E-08
BiCGStabl:       11 0.8867E-10 0.8867E-10
ComputeChange: NS (ITER=1) (NRM,RELC): ( 0.29251391E-03 0.84221514E-03 ) :: navier-stokes
FlowSolve: iter:    1 Assembly: (s)    0.01    0.01
FlowSolve: iter:    1 Solve:    (s)    0.01    0.01
FlowSolve:  Result Norm     :    2.9251391454271629E-004
FlowSolve:  Relative Change :    8.4221513555449786E-004
ComputeChange: SS (ITER=146) (NRM,RELC): ( 0.29229227E-03 0.84204164E-04 ) :: navier-stokes
SolveEquations: -------------------------------------
SolveEquations:  Coupled system iteration:          147
SolveEquations: -------------------------------------
HeatSolver: ------------------------------------------------
HeatSolver: Solving energy equation for temperature
HeatSolver: Heat solver iteration: 1
IterSolver: "Linear System GCR Restart" not given, setting it to 200
ComputeChange: NS (ITER=1) (NRM,RELC): (  294.98557     0.66949835E-07 ) :: heat equation
ComputeChange: SS (ITER=147) (NRM,RELC): (  294.98555     0.66949464E-08 ) :: heat equation
FlowSolve: 
FlowSolve: 
FlowSolve: -------------------------------------
FlowSolve:  NAVIER-STOKES ITERATION           1
FlowSolve: -------------------------------------
FlowSolve: 
FlowSolve: Starting Assembly...
FlowSolve: Assembly:
FlowSolve: Assembly done
FlowSolve: Dirichlet conditions done
      10 0.5273E-09 0.5273E-09
BiCGStabl:       11 0.2156E-10 0.2156E-10
ComputeChange: NS (ITER=1) (NRM,RELC): ( 0.29253486E-03 0.82959669E-03 ) :: navier-stokes
FlowSolve: iter:    1 Assembly: (s)    0.01    0.01
FlowSolve: iter:    1 Solve:    (s)    0.01    0.01
FlowSolve:  Result Norm     :    2.9253485511139131E-004
FlowSolve:  Relative Change :    8.2959669357280893E-004
ComputeChange: SS (ITER=147) (NRM,RELC): ( 0.29231652E-03 0.82945378E-04 ) :: navier-stokes
SolveEquations: -------------------------------------
SolveEquations:  Coupled system iteration:          148
SolveEquations: -------------------------------------
HeatSolver: ------------------------------------------------
HeatSolver: Solving energy equation for temperature
HeatSolver: Heat solver iteration: 1
IterSolver: "Linear System GCR Restart" not given, setting it to 200
ComputeChange: NS (ITER=1) (NRM,RELC): (  294.98557     0.59441437E-07 ) :: heat equation
ComputeChange: SS (ITER=148) (NRM,RELC): (  294.98555     0.59441159E-08 ) :: heat equation
FlowSolve: 
FlowSolve: 
FlowSolve: -------------------------------------
FlowSolve:  NAVIER-STOKES ITERATION           1
FlowSolve: -------------------------------------
FlowSolve: 
FlowSolve: Starting Assembly...
FlowSolve: Assembly:
FlowSolve: Assembly done
FlowSolve: Dirichlet conditions done
      10 0.5462E-09 0.5462E-09
BiCGStabl:       11 0.4810E-10 0.4810E-10
ComputeChange: NS (ITER=1) (NRM,RELC): ( 0.29255355E-03 0.81057070E-03 ) :: navier-stokes
FlowSolve: iter:    1 Assembly: (s)    0.01    0.01
FlowSolve: iter:    1 Solve:    (s)    0.01    0.01
FlowSolve:  Result Norm     :    2.9255355435643524E-004
FlowSolve:  Relative Change :    8.1057070154814048E-004
ComputeChange: SS (ITER=148) (NRM,RELC): ( 0.29234021E-03 0.81045581E-04 ) :: navier-stokes
SolveEquations: -------------------------------------
SolveEquations:  Coupled system iteration:          149
SolveEquations: -------------------------------------
HeatSolver: ------------------------------------------------
HeatSolver: Solving energy equation for temperature
HeatSolver: Heat solver iteration: 1
IterSolver: "Linear System GCR Restart" not given, setting it to 200
ComputeChange: NS (ITER=1) (NRM,RELC): (  294.98557     0.52216987E-07 ) :: heat equation
ComputeChange: SS (ITER=149) (NRM,RELC): (  294.98555     0.52216764E-08 ) :: heat equation
FlowSolve: 
FlowSolve: 
FlowSolve: -------------------------------------
FlowSolve:  NAVIER-STOKES ITERATION           1
FlowSolve: -------------------------------------
FlowSolve: 
FlowSolve: Starting Assembly...
FlowSolve: Assembly:
FlowSolve: Assembly done
FlowSolve: Dirichlet conditions done
      10 0.3846E-09 0.3846E-09
BiCGStabl:       11 0.9158E-10 0.9158E-10
ComputeChange: NS (ITER=1) (NRM,RELC): ( 0.29257006E-03 0.78593016E-03 ) :: navier-stokes
FlowSolve: iter:    1 Assembly: (s)    0.01    0.01
FlowSolve: iter:    1 Solve:    (s)    0.01    0.01
FlowSolve:  Result Norm     :    2.9257005631422897E-004
FlowSolve:  Relative Change :    7.8593015526955406E-004
ComputeChange: SS (ITER=149) (NRM,RELC): ( 0.29236318E-03 0.78584041E-04 ) :: navier-stokes
SolveEquations: -------------------------------------
SolveEquations:  Coupled system iteration:          150
SolveEquations: -------------------------------------
HeatSolver: ------------------------------------------------
HeatSolver: Solving energy equation for temperature
HeatSolver: Heat solver iteration: 1
IterSolver: "Linear System GCR Restart" not given, setting it to 200
ComputeChange: NS (ITER=1) (NRM,RELC): (  294.98557     0.45312947E-07 ) :: heat equation
ComputeChange: SS (ITER=150) (NRM,RELC): (  294.98555     0.45312773E-08 ) :: heat equation
FlowSolve: 
FlowSolve: 
FlowSolve: -------------------------------------
FlowSolve:  NAVIER-STOKES ITERATION           1
FlowSolve: -------------------------------------
FlowSolve: 
FlowSolve: Starting Assembly...
FlowSolve: Assembly:
FlowSolve: Assembly done
FlowSolve: Dirichlet conditions done
      10 0.2761E-09 0.2761E-09
BiCGStabl:       11 0.3048E-10 0.3048E-10
ComputeChange: NS (ITER=1) (NRM,RELC): ( 0.29258442E-03 0.75644936E-03 ) :: navier-stokes
FlowSolve: iter:    1 Assembly: (s)    0.01    0.01
FlowSolve: iter:    1 Solve:    (s)    0.01    0.01
FlowSolve:  Result Norm     :    2.9258442280589053E-004
FlowSolve:  Relative Change :    7.5644936241492378E-004
ComputeChange: SS (ITER=150) (NRM,RELC): ( 0.29238530E-03 0.75638170E-04 ) :: navier-stokes
SolveEquations: -------------------------------------
SolveEquations:  Coupled system iteration:          151
SolveEquations: -------------------------------------
HeatSolver: ------------------------------------------------
HeatSolver: Solving energy equation for temperature
HeatSolver: Heat solver iteration: 1
IterSolver: "Linear System GCR Restart" not given, setting it to 200
ComputeChange: NS (ITER=1) (NRM,RELC): (  294.98557     0.38755558E-07 ) :: heat equation
ComputeChange: SS (ITER=151) (NRM,RELC): (  294.98556     0.38755400E-08 ) :: heat equation
FlowSolve: 
FlowSolve: 
FlowSolve: -------------------------------------
FlowSolve:  NAVIER-STOKES ITERATION           1
FlowSolve: -------------------------------------
FlowSolve: 
FlowSolve: Starting Assembly...
FlowSolve: Assembly:
FlowSolve: Assembly done
FlowSolve: Dirichlet conditions done
      10 0.1254E-09 0.1254E-09
BiCGStabl:       11 0.5375E-10 0.5375E-10
ComputeChange: NS (ITER=1) (NRM,RELC): ( 0.29259673E-03 0.72288457E-03 ) :: navier-stokes
FlowSolve: iter:    1 Assembly: (s)    0.01    0.01
FlowSolve: iter:    1 Solve:    (s)    0.01    0.01
FlowSolve:  Result Norm     :    2.9259673307872457E-004
FlowSolve:  Relative Change :    7.2288457087270081E-004
ComputeChange: SS (ITER=151) (NRM,RELC): ( 0.29240643E-03 0.72283586E-04 ) :: navier-stokes
SolveEquations: -------------------------------------
SolveEquations:  Coupled system iteration:          152
SolveEquations: -------------------------------------
HeatSolver: ------------------------------------------------
HeatSolver: Solving energy equation for temperature
HeatSolver: Heat solver iteration: 1
IterSolver: "Linear System GCR Restart" not given, setting it to 200
ComputeChange: NS (ITER=1) (NRM,RELC): (  294.98557     0.32552508E-07 ) :: heat equation
ComputeChange: SS (ITER=152) (NRM,RELC): (  294.98556     0.32552375E-08 ) :: heat equation
FlowSolve: 
FlowSolve: 
FlowSolve: -------------------------------------
FlowSolve:  NAVIER-STOKES ITERATION           1
FlowSolve: -------------------------------------
FlowSolve: 
FlowSolve: Starting Assembly...
FlowSolve: Assembly:
FlowSolve: Assembly done
FlowSolve: Dirichlet conditions done
      10 0.5863E-10 0.5863E-10
BiCGStabl:       10 0.5863E-10 0.5863E-10
ComputeChange: NS (ITER=1) (NRM,RELC): ( 0.29260708E-03 0.68597796E-03 ) :: navier-stokes
FlowSolve: iter:    1 Assembly: (s)    0.01    0.01
FlowSolve: iter:    1 Solve:    (s)    0.01    0.01
FlowSolve:  Result Norm     :    2.9260708444661107E-004
FlowSolve:  Relative Change :    6.8597795570145466E-004
ComputeChange: SS (ITER=152) (NRM,RELC): ( 0.29242649E-03 0.68594511E-04 ) :: navier-stokes
SolveEquations: -------------------------------------
SolveEquations:  Coupled system iteration:          153
SolveEquations: -------------------------------------
HeatSolver: ------------------------------------------------
HeatSolver: Solving energy equation for temperature
HeatSolver: Heat solver iteration: 1
IterSolver: "Linear System GCR Restart" not given, setting it to 200
ComputeChange: NS (ITER=1) (NRM,RELC): (  294.98556     0.24646523E-07 ) :: heat equation
ComputeChange: SS (ITER=153) (NRM,RELC): (  294.98556     0.24646395E-08 ) :: heat equation
FlowSolve: 
FlowSolve: 
FlowSolve: -------------------------------------
FlowSolve:  NAVIER-STOKES ITERATION           1
FlowSolve: -------------------------------------
FlowSolve: 
FlowSolve: Starting Assembly...
FlowSolve: Assembly:
FlowSolve: Assembly done
FlowSolve: Dirichlet conditions done
BiCGStabl:       10 0.8486E-10 0.8486E-10
ComputeChange: NS (ITER=1) (NRM,RELC): ( 0.29261606E-03 0.64806568E-03 ) :: navier-stokes
FlowSolve: iter:    1 Assembly: (s)    0.01    0.01
FlowSolve: iter:    1 Solve:    (s)    0.01    0.01
FlowSolve:  Result Norm     :    2.9261606242191897E-004
FlowSolve:  Relative Change :    6.4806567753217085E-004
ComputeChange: SS (ITER=153) (NRM,RELC): ( 0.29244544E-03 0.64804609E-04 ) :: navier-stokes
SolveEquations: -------------------------------------
SolveEquations:  Coupled system iteration:          154
SolveEquations: -------------------------------------
HeatSolver: ------------------------------------------------
HeatSolver: Solving energy equation for temperature
HeatSolver: Heat solver iteration: 1
IterSolver: "Linear System GCR Restart" not given, setting it to 200
ComputeChange: NS (ITER=1) (NRM,RELC): (  294.98556     0.18781627E-07 ) :: heat equation
ComputeChange: SS (ITER=154) (NRM,RELC): (  294.98556     0.18781494E-08 ) :: heat equation
FlowSolve: 
FlowSolve: 
FlowSolve: -------------------------------------
FlowSolve:  NAVIER-STOKES ITERATION           1
FlowSolve: -------------------------------------
FlowSolve: 
FlowSolve: Starting Assembly...
FlowSolve: Assembly:
FlowSolve: Assembly done
FlowSolve: Dirichlet conditions done
BiCGStabl:       10 0.8242E-10 0.8242E-10
ComputeChange: NS (ITER=1) (NRM,RELC): ( 0.29262320E-03 0.60765869E-03 ) :: navier-stokes
FlowSolve: iter:    1 Assembly: (s)    0.01    0.01
FlowSolve: iter:    1 Solve:    (s)    0.01    0.01
FlowSolve:  Result Norm     :    2.9262320164507812E-004
FlowSolve:  Relative Change :    6.0765869440699216E-004
ComputeChange: SS (ITER=154) (NRM,RELC): ( 0.29246321E-03 0.60764949E-04 ) :: navier-stokes
SolveEquations: -------------------------------------
SolveEquations:  Coupled system iteration:          155
SolveEquations: -------------------------------------
HeatSolver: ------------------------------------------------
HeatSolver: Solving energy equation for temperature
HeatSolver: Heat solver iteration: 1
IterSolver: "Linear System GCR Restart" not given, setting it to 200
ComputeChange: NS (ITER=1) (NRM,RELC): (  294.98556     0.99662115E-08 ) :: heat equation
ComputeChange: SS (ITER=155) (NRM,RELC): (  294.98556     0.99660680E-09 ) :: heat equation
FlowSolve: 
FlowSolve: 
FlowSolve: -------------------------------------
FlowSolve:  NAVIER-STOKES ITERATION           1
FlowSolve: -------------------------------------
FlowSolve: 
FlowSolve: Starting Assembly...
FlowSolve: Assembly:
FlowSolve: Assembly done
FlowSolve: Dirichlet conditions done
BiCGStabl:       10 0.9848E-10 0.9848E-10
ComputeChange: NS (ITER=1) (NRM,RELC): ( 0.29262856E-03 0.56519928E-03 ) :: navier-stokes
FlowSolve: iter:    1 Assembly: (s)    0.01    0.01
FlowSolve: iter:    1 Solve:    (s)    0.01    0.01
FlowSolve:  Result Norm     :    2.9262855831733569E-004
FlowSolve:  Relative Change :    5.6519928008697689E-004
ComputeChange: SS (ITER=155) (NRM,RELC): ( 0.29247974E-03 0.56519791E-04 ) :: navier-stokes
SolveEquations: -------------------------------------
SolveEquations:  Coupled system iteration:          156
SolveEquations: -------------------------------------
HeatSolver: ------------------------------------------------
HeatSolver: Solving energy equation for temperature
HeatSolver: Heat solver iteration: 1
IterSolver: "Linear System GCR Restart" not given, setting it to 200
ComputeChange: NS (ITER=1) (NRM,RELC): (  294.98556     0.58848539E-08 ) :: heat equation
ComputeChange: SS (ITER=156) (NRM,RELC): (  294.98556     0.58846938E-09 ) :: heat equation
FlowSolve: 
FlowSolve: 
FlowSolve: -------------------------------------
FlowSolve:  NAVIER-STOKES ITERATION           1
FlowSolve: -------------------------------------
FlowSolve: 
FlowSolve: Starting Assembly...
FlowSolve: Assembly:
FlowSolve: Assembly done
FlowSolve: Dirichlet conditions done
BiCGStabl:       10 0.3744E-10 0.3744E-10
ComputeChange: NS (ITER=1) (NRM,RELC): ( 0.29263207E-03 0.52069633E-03 ) :: navier-stokes
FlowSolve: iter:    1 Assembly: (s)    0.01    0.01
FlowSolve: iter:    1 Solve:    (s)    0.01    0.01
FlowSolve:  Result Norm     :    2.9263207480695813E-004
FlowSolve:  Relative Change :    5.2069632520588215E-004
ComputeChange: SS (ITER=156) (NRM,RELC): ( 0.29249497E-03 0.52070027E-04 ) :: navier-stokes
SolveEquations: -------------------------------------
SolveEquations:  Coupled system iteration:          157
SolveEquations: -------------------------------------
HeatSolver: ------------------------------------------------
HeatSolver: Solving energy equation for temperature
HeatSolver: Heat solver iteration: 1
IterSolver: "Linear System GCR Restart" not given, setting it to 200
ComputeChange: NS (ITER=1) (NRM,RELC): (  294.98556     0.22620618E-08 ) :: heat equation
ComputeChange: SS (ITER=157) (NRM,RELC): (  294.98556     0.22619065E-09 ) :: heat equation
FlowSolve: 
FlowSolve: 
FlowSolve: -------------------------------------
FlowSolve:  NAVIER-STOKES ITERATION           1
FlowSolve: -------------------------------------
FlowSolve: 
FlowSolve: Starting Assembly...
FlowSolve: Assembly:
FlowSolve: Assembly done
FlowSolve: Dirichlet conditions done
BiCGStabl:       10 0.3246E-10 0.3246E-10
ComputeChange: NS (ITER=1) (NRM,RELC): ( 0.29263395E-03 0.47503677E-03 ) :: navier-stokes
FlowSolve: iter:    1 Assembly: (s)    0.01    0.01
FlowSolve: iter:    1 Solve:    (s)    0.01    0.01
FlowSolve:  Result Norm     :    2.9263395072197867E-004
FlowSolve:  Relative Change :    4.7503677042403183E-004
ComputeChange: SS (ITER=157) (NRM,RELC): ( 0.29250887E-03 0.47504393E-04 ) :: navier-stokes
SolveEquations: -------------------------------------
SolveEquations:  Coupled system iteration:          158
SolveEquations: -------------------------------------
HeatSolver: ------------------------------------------------
HeatSolver: Solving energy equation for temperature
HeatSolver: Heat solver iteration: 1
IterSolver: "Linear System GCR Restart" not given, setting it to 200
ComputeChange: NS (ITER=1) (NRM,RELC): (  294.98556     0.19210422E-08 ) :: heat equation
ComputeChange: SS (ITER=158) (NRM,RELC): (  294.98556     0.19208813E-09 ) :: heat equation
FlowSolve: 
FlowSolve: 
FlowSolve: -------------------------------------
FlowSolve:  NAVIER-STOKES ITERATION           1
FlowSolve: -------------------------------------
FlowSolve: 
FlowSolve: Starting Assembly...
FlowSolve: Assembly:
FlowSolve: Assembly done
FlowSolve: Dirichlet conditions done
BiCGStabl:       10 0.8708E-10 0.8708E-10
ComputeChange: NS (ITER=1) (NRM,RELC): ( 0.29263469E-03 0.43005142E-03 ) :: navier-stokes
FlowSolve: iter:    1 Assembly: (s)    0.01    0.01
FlowSolve: iter:    1 Solve:    (s)    0.01    0.01
FlowSolve:  Result Norm     :    2.9263468788076738E-004
FlowSolve:  Relative Change :    4.3005142430308212E-004
ComputeChange: SS (ITER=158) (NRM,RELC): ( 0.29252145E-03 0.43006017E-04 ) :: navier-stokes
SolveEquations: -------------------------------------
SolveEquations:  Coupled system iteration:          159
SolveEquations: -------------------------------------
HeatSolver: ------------------------------------------------
HeatSolver: Solving energy equation for temperature
HeatSolver: Heat solver iteration: 1
IterSolver: "Linear System GCR Restart" not given, setting it to 200
ComputeChange: NS (ITER=1) (NRM,RELC): (  294.98556     0.12325210E-08 ) :: heat equation
ComputeChange: SS (ITER=159) (NRM,RELC): (  294.98556     0.12326954E-09 ) :: heat equation
FlowSolve: 
FlowSolve: 
FlowSolve: -------------------------------------
FlowSolve:  NAVIER-STOKES ITERATION           1
FlowSolve: -------------------------------------
FlowSolve: 
FlowSolve: Starting Assembly...
FlowSolve: Assembly:
FlowSolve: Assembly done
FlowSolve: Dirichlet conditions done
BiCGStabl:        9 0.9541E-10 0.9541E-10
ComputeChange: NS (ITER=1) (NRM,RELC): ( 0.29263418E-03 0.38530021E-03 ) :: navier-stokes
FlowSolve: iter:    1 Assembly: (s)    0.01    0.01
FlowSolve: iter:    1 Solve:    (s)    0.00    0.00
FlowSolve:  Result Norm     :    2.9263417717477670E-004
FlowSolve:  Relative Change :    3.8530020834074850E-004
ComputeChange: SS (ITER=159) (NRM,RELC): ( 0.29253272E-03 0.38530917E-04 ) :: navier-stokes
SolveEquations: -------------------------------------
SolveEquations:  Coupled system iteration:          160
SolveEquations: -------------------------------------
HeatSolver: ------------------------------------------------
HeatSolver: Solving energy equation for temperature
HeatSolver: Heat solver iteration: 1
IterSolver: "Linear System GCR Restart" not given, setting it to 200
ComputeChange: NS (ITER=1) (NRM,RELC): (  294.98556     0.40431776E-08 ) :: heat equation
ComputeChange: SS (ITER=160) (NRM,RELC): (  294.98556     0.40433432E-09 ) :: heat equation
FlowSolve: 
FlowSolve: 
FlowSolve: -------------------------------------
FlowSolve:  NAVIER-STOKES ITERATION           1
FlowSolve: -------------------------------------
FlowSolve: 
FlowSolve: Starting Assembly...
FlowSolve: Assembly:
FlowSolve: Assembly done
FlowSolve: Dirichlet conditions done
BiCGStabl:       10 0.7284E-10 0.7284E-10
ComputeChange: NS (ITER=1) (NRM,RELC): ( 0.29263255E-03 0.34121515E-03 ) :: navier-stokes
FlowSolve: iter:    1 Assembly: (s)    0.01    0.01
FlowSolve: iter:    1 Solve:    (s)    0.01    0.01
FlowSolve:  Result Norm     :    2.9263255184593470E-004
FlowSolve:  Relative Change :    3.4121514564172304E-004
ComputeChange: SS (ITER=160) (NRM,RELC): ( 0.29254270E-03 0.34122326E-04 ) :: navier-stokes
SolveEquations: -------------------------------------
SolveEquations:  Coupled system iteration:          161
SolveEquations: -------------------------------------
HeatSolver: ------------------------------------------------
HeatSolver: Solving energy equation for temperature
HeatSolver: Heat solver iteration: 1
IterSolver: "Linear System GCR Restart" not given, setting it to 200
ComputeChange: NS (ITER=1) (NRM,RELC): (  294.98556     0.65197743E-08 ) :: heat equation
ComputeChange: SS (ITER=161) (NRM,RELC): (  294.98556     0.65199472E-09 ) :: heat equation
FlowSolve: 
FlowSolve: 
FlowSolve: -------------------------------------
FlowSolve:  NAVIER-STOKES ITERATION           1
FlowSolve: -------------------------------------
FlowSolve: 
FlowSolve: Starting Assembly...
FlowSolve: Assembly:
FlowSolve: Assembly done
FlowSolve: Dirichlet conditions done
BiCGStabl:       10 0.5780E-10 0.5780E-10
ComputeChange: NS (ITER=1) (NRM,RELC): ( 0.29262994E-03 0.29816367E-03 ) :: navier-stokes
FlowSolve: iter:    1 Assembly: (s)    0.01    0.01
FlowSolve: iter:    1 Solve:    (s)    0.01    0.01
FlowSolve:  Result Norm     :    2.9262993889710604E-004
FlowSolve:  Relative Change :    2.9816366849077391E-004
ComputeChange: SS (ITER=161) (NRM,RELC): ( 0.29255142E-03 0.29817017E-04 ) :: navier-stokes
SolveEquations: -------------------------------------
SolveEquations:  Coupled system iteration:          162
SolveEquations: -------------------------------------
HeatSolver: ------------------------------------------------
HeatSolver: Solving energy equation for temperature
HeatSolver: Heat solver iteration: 1
IterSolver: "Linear System GCR Restart" not given, setting it to 200
ComputeChange: NS (ITER=1) (NRM,RELC): (  294.98556     0.86699459E-08 ) :: heat equation
ComputeChange: SS (ITER=162) (NRM,RELC): (  294.98556     0.86701133E-09 ) :: heat equation
FlowSolve: 
FlowSolve: 
FlowSolve: -------------------------------------
FlowSolve:  NAVIER-STOKES ITERATION           1
FlowSolve: -------------------------------------
FlowSolve: 
FlowSolve: Starting Assembly...
FlowSolve: Assembly:
FlowSolve: Assembly done
FlowSolve: Dirichlet conditions done
BiCGStabl:       10 0.9265E-10 0.9265E-10
ComputeChange: NS (ITER=1) (NRM,RELC): ( 0.29262646E-03 0.25645831E-03 ) :: navier-stokes
FlowSolve: iter:    1 Assembly: (s)    0.01    0.01
FlowSolve: iter:    1 Solve:    (s)    0.01    0.01
FlowSolve:  Result Norm     :    2.9262646003417871E-004
FlowSolve:  Relative Change :    2.5645831453437781E-004
ComputeChange: SS (ITER=162) (NRM,RELC): ( 0.29255893E-03 0.25646267E-04 ) :: navier-stokes
SolveEquations: -------------------------------------
SolveEquations:  Coupled system iteration:          163
SolveEquations: -------------------------------------
HeatSolver: ------------------------------------------------
HeatSolver: Solving energy equation for temperature
HeatSolver: Heat solver iteration: 1
IterSolver: "Linear System GCR Restart" not given, setting it to 200
ComputeChange: NS (ITER=1) (NRM,RELC): (  294.98555     0.10503519E-07 ) :: heat equation
ComputeChange: SS (ITER=163) (NRM,RELC): (  294.98556     0.10503683E-08 ) :: heat equation
FlowSolve: 
FlowSolve: 
FlowSolve: -------------------------------------
FlowSolve:  NAVIER-STOKES ITERATION           1
FlowSolve: -------------------------------------
FlowSolve: 
FlowSolve: Starting Assembly...
FlowSolve: Assembly:
FlowSolve: Assembly done
FlowSolve: Dirichlet conditions done
      10 0.3707E-10 0.3707E-10
BiCGStabl:       10 0.3707E-10 0.3707E-10
ComputeChange: NS (ITER=1) (NRM,RELC): ( 0.29262223E-03 0.21636343E-03 ) :: navier-stokes
FlowSolve: iter:    1 Assembly: (s)    0.01    0.01
FlowSolve: iter:    1 Solve:    (s)    0.01    0.01
FlowSolve:  Result Norm     :    2.9262223201656235E-004
FlowSolve:  Relative Change :    2.1636342940996040E-004
ComputeChange: SS (ITER=163) (NRM,RELC): ( 0.29256526E-03 0.21636533E-04 ) :: navier-stokes
SolveEquations: -------------------------------------
SolveEquations:  Coupled system iteration:          164
SolveEquations: -------------------------------------
HeatSolver: ------------------------------------------------
HeatSolver: Solving energy equation for temperature
HeatSolver: Heat solver iteration: 1
IterSolver: "Linear System GCR Restart" not given, setting it to 200
ComputeChange: NS (ITER=1) (NRM,RELC): (  294.98555     0.12032863E-07 ) :: heat equation
ComputeChange: SS (ITER=164) (NRM,RELC): (  294.98556     0.12033025E-08 ) :: heat equation
FlowSolve: 
FlowSolve: 
FlowSolve: -------------------------------------
FlowSolve:  NAVIER-STOKES ITERATION           1
FlowSolve: -------------------------------------
FlowSolve: 
FlowSolve: Starting Assembly...
FlowSolve: Assembly:
FlowSolve: Assembly done
FlowSolve: Dirichlet conditions done
      10 0.8822E-10 0.8822E-10
BiCGStabl:       10 0.8822E-10 0.8822E-10
ComputeChange: NS (ITER=1) (NRM,RELC): ( 0.29261737E-03 0.17810024E-03 ) :: navier-stokes
FlowSolve: iter:    1 Assembly: (s)    0.01    0.01
FlowSolve: iter:    1 Solve:    (s)    0.01    0.01
FlowSolve:  Result Norm     :    2.9261736672802144E-004
FlowSolve:  Relative Change :    1.7810024125490328E-004
ComputeChange: SS (ITER=164) (NRM,RELC): ( 0.29257047E-03 0.17809957E-04 ) :: navier-stokes
SolveEquations: -------------------------------------
SolveEquations:  Coupled system iteration:          165
SolveEquations: -------------------------------------
HeatSolver: ------------------------------------------------
HeatSolver: Solving energy equation for temperature
HeatSolver: Heat solver iteration: 1
IterSolver: "Linear System GCR Restart" not given, setting it to 200
ComputeChange: NS (ITER=1) (NRM,RELC): (  294.98555     0.13272565E-07 ) :: heat equation
ComputeChange: SS (ITER=165) (NRM,RELC): (  294.98556     0.13272709E-08 ) :: heat equation
FlowSolve: 
FlowSolve: 
FlowSolve: -------------------------------------
FlowSolve:  NAVIER-STOKES ITERATION           1
FlowSolve: -------------------------------------
FlowSolve: 
FlowSolve: Starting Assembly...
FlowSolve: Assembly:
FlowSolve: Assembly done
FlowSolve: Dirichlet conditions done
      10 0.4536E-09 0.4536E-09
BiCGStabl:       11 0.2106E-10 0.2106E-10
ComputeChange: NS (ITER=1) (NRM,RELC): ( 0.29261197E-03 0.14184954E-03 ) :: navier-stokes
FlowSolve: iter:    1 Assembly: (s)    0.01    0.01
FlowSolve: iter:    1 Solve:    (s)    0.01    0.01
FlowSolve:  Result Norm     :    2.9261197069507322E-004
FlowSolve:  Relative Change :    1.4184953777680029E-004
ComputeChange: SS (ITER=165) (NRM,RELC): ( 0.29257462E-03 0.14184633E-04 ) :: navier-stokes
SolveEquations: -------------------------------------
SolveEquations:  Coupled system iteration:          166
SolveEquations: -------------------------------------
HeatSolver: ------------------------------------------------
HeatSolver: Solving energy equation for temperature
HeatSolver: Heat solver iteration: 1
IterSolver: "Linear System GCR Restart" not given, setting it to 200
ComputeChange: NS (ITER=1) (NRM,RELC): (  294.98555     0.14238946E-07 ) :: heat equation
ComputeChange: SS (ITER=166) (NRM,RELC): (  294.98556     0.14239081E-08 ) :: heat equation
FlowSolve: 
FlowSolve: 
FlowSolve: -------------------------------------
FlowSolve:  NAVIER-STOKES ITERATION           1
FlowSolve: -------------------------------------
FlowSolve: 
FlowSolve: Starting Assembly...
FlowSolve: Assembly:
FlowSolve: Assembly done
FlowSolve: Dirichlet conditions done
      10 0.1286E-09 0.1286E-09
BiCGStabl:       11 0.1439E-10 0.1439E-10
ComputeChange: NS (ITER=1) (NRM,RELC): ( 0.29260615E-03 0.10775557E-03 ) :: navier-stokes
FlowSolve: iter:    1 Assembly: (s)    0.01    0.01
FlowSolve: iter:    1 Solve:    (s)    0.01    0.01
FlowSolve:  Result Norm     :    2.9260614504255148E-004
FlowSolve:  Relative Change :    1.0775556752026794E-004
ComputeChange: SS (ITER=166) (NRM,RELC): ( 0.29257777E-03 0.10774997E-04 ) :: navier-stokes
SolveEquations: -------------------------------------
SolveEquations:  Coupled system iteration:          167
SolveEquations: -------------------------------------
HeatSolver: ------------------------------------------------
HeatSolver: Solving energy equation for temperature
HeatSolver: Heat solver iteration: 1
IterSolver: "Linear System GCR Restart" not given, setting it to 200
ComputeChange: NS (ITER=1) (NRM,RELC): (  294.98555     0.14949653E-07 ) :: heat equation
ComputeChange: SS (ITER=167) (NRM,RELC): (  294.98556     0.14949778E-08 ) :: heat equation
FlowSolve: 
FlowSolve: 
FlowSolve: -------------------------------------
FlowSolve:  NAVIER-STOKES ITERATION           1
FlowSolve: -------------------------------------
FlowSolve: 
FlowSolve: Starting Assembly...
FlowSolve: Assembly:
FlowSolve: Assembly done
FlowSolve: Dirichlet conditions done
BiCGStabl:        9 0.9247E-10 0.9247E-10
ComputeChange: NS (ITER=1) (NRM,RELC): ( 0.29259998E-03 0.75927821E-04 ) :: navier-stokes
FlowSolve: iter:    1 Assembly: (s)    0.01    0.01
FlowSolve: iter:    1 Solve:    (s)    0.00    0.00
FlowSolve:  Result Norm     :    2.9259998494357141E-004
FlowSolve:  Relative Change :    7.5927821161228160E-005
ComputeChange: SS (ITER=167) (NRM,RELC): ( 0.29257999E-03 0.75920083E-05 ) :: navier-stokes
SolveEquations: -------------------------------------
SolveEquations:  Coupled system iteration:          168
SolveEquations: -------------------------------------
HeatSolver: ------------------------------------------------
HeatSolver: Solving energy equation for temperature
HeatSolver: Heat solver iteration: 1
IterSolver: "Linear System GCR Restart" not given, setting it to 200
ComputeChange: NS (ITER=1) (NRM,RELC): (  294.98555     0.15423272E-07 ) :: heat equation
ComputeChange: SS (ITER=168) (NRM,RELC): (  294.98556     0.15423381E-08 ) :: heat equation
FlowSolve: 
FlowSolve: 
FlowSolve: -------------------------------------
FlowSolve:  NAVIER-STOKES ITERATION           1
FlowSolve: -------------------------------------
FlowSolve: 
FlowSolve: Starting Assembly...
FlowSolve: Assembly:
FlowSolve: Assembly done
FlowSolve: Dirichlet conditions done
BiCGStabl:        9 0.5839E-10 0.5839E-10
ComputeChange: NS (ITER=1) (NRM,RELC): ( 0.29259358E-03 0.46444593E-04 ) :: navier-stokes
FlowSolve: iter:    1 Assembly: (s)    0.01    0.01
FlowSolve: iter:    1 Solve:    (s)    0.00    0.00
FlowSolve:  Result Norm     :    2.9259357964295013E-004
FlowSolve:  Relative Change :    4.6444592617775691E-005
ComputeChange: SS (ITER=168) (NRM,RELC): ( 0.29258135E-03 0.46435020E-05 ) :: navier-stokes
SolveEquations: -------------------------------------
SolveEquations:  Coupled system iteration:          169
SolveEquations: -------------------------------------
HeatSolver: ------------------------------------------------
HeatSolver: Solving energy equation for temperature
HeatSolver: Heat solver iteration: 1
IterSolver: "Linear System GCR Restart" not given, setting it to 200
ComputeChange: NS (ITER=1) (NRM,RELC): (  294.98555     0.15679042E-07 ) :: heat equation
ComputeChange: SS (ITER=169) (NRM,RELC): (  294.98555     0.15679152E-08 ) :: heat equation
FlowSolve: 
FlowSolve: 
FlowSolve: -------------------------------------
FlowSolve:  NAVIER-STOKES ITERATION           1
FlowSolve: -------------------------------------
FlowSolve: 
FlowSolve: Starting Assembly...
FlowSolve: Assembly:
FlowSolve: Assembly done
FlowSolve: Dirichlet conditions done
BiCGStabl:        9 0.6208E-10 0.6208E-10
ComputeChange: NS (ITER=1) (NRM,RELC): ( 0.29258701E-03 0.19353769E-04 ) :: navier-stokes
FlowSolve: iter:    1 Assembly: (s)    0.01    0.01
FlowSolve: iter:    1 Solve:    (s)    0.00    0.00
FlowSolve:  Result Norm     :    2.9258701177457515E-004
FlowSolve:  Relative Change :    1.9353769319403442E-005
ComputeChange: SS (ITER=169) (NRM,RELC): ( 0.29258192E-03 0.19342709E-05 ) :: navier-stokes
SolveEquations: -------------------------------------
SolveEquations:  Coupled system iteration:          170
SolveEquations: -------------------------------------
HeatSolver: ------------------------------------------------
HeatSolver: Solving energy equation for temperature
HeatSolver: Heat solver iteration: 1
IterSolver: "Linear System GCR Restart" not given, setting it to 200
ComputeChange: NS (ITER=1) (NRM,RELC): (  294.98555     0.16624846E-07 ) :: heat equation
ComputeChange: SS (ITER=170) (NRM,RELC): (  294.98555     0.16624936E-08 ) :: heat equation
FlowSolve: 
FlowSolve: 
FlowSolve: -------------------------------------
FlowSolve:  NAVIER-STOKES ITERATION           1
FlowSolve: -------------------------------------
FlowSolve: 
FlowSolve: Starting Assembly...
FlowSolve: Assembly:
FlowSolve: Assembly done
FlowSolve: Dirichlet conditions done
      10 0.3256E-09 0.3256E-09
BiCGStabl:       11 0.7054E-10 0.7054E-10
ComputeChange: NS (ITER=1) (NRM,RELC): ( 0.29258009E-03 0.62451929E-05 ) :: navier-stokes
FlowSolve: iter:    1 Assembly: (s)    0.01    0.01
FlowSolve: iter:    1 Solve:    (s)    0.01    0.01
FlowSolve:  Result Norm     :    2.9258008787519239E-004
FlowSolve:  Relative Change :    6.2451929150717595E-006
ComputeChange: SS (ITER=170) (NRM,RELC): ( 0.29258173E-03 0.62573856E-06 ) :: navier-stokes
SolveEquations: -------------------------------------
SolveEquations:  Coupled system iteration:          171
SolveEquations: -------------------------------------
HeatSolver: ------------------------------------------------
HeatSolver: Solving energy equation for temperature
HeatSolver: Heat solver iteration: 1
IterSolver: "Linear System GCR Restart" not given, setting it to 200
ComputeChange: NS (ITER=1) (NRM,RELC): (  294.98555     0.16302278E-07 ) :: heat equation
ComputeChange: SS (ITER=171) (NRM,RELC): (  294.98555     0.16302362E-08 ) :: heat equation
FlowSolve: 
FlowSolve: 
FlowSolve: -------------------------------------
FlowSolve:  NAVIER-STOKES ITERATION           1
FlowSolve: -------------------------------------
FlowSolve: 
FlowSolve: Starting Assembly...
FlowSolve: Assembly:
FlowSolve: Assembly done
FlowSolve: Dirichlet conditions done
      10 0.7678E-09 0.7678E-09
BiCGStabl:       11 0.3478E-11 0.3478E-11
ComputeChange: NS (ITER=1) (NRM,RELC): ( 0.29257318E-03 0.29213274E-04 ) :: navier-stokes
FlowSolve: iter:    1 Assembly: (s)    0.01    0.01
FlowSolve: iter:    1 Solve:    (s)    0.01    0.01
FlowSolve:  Result Norm     :    2.9257318487492561E-004
FlowSolve:  Relative Change :    2.9213273571681299E-005
ComputeChange: SS (ITER=171) (NRM,RELC): ( 0.29258088E-03 0.29226219E-05 ) :: navier-stokes
SolveEquations: -------------------------------------
SolveEquations:  Coupled system iteration:          172
SolveEquations: -------------------------------------
HeatSolver: ------------------------------------------------
HeatSolver: Solving energy equation for temperature
HeatSolver: Heat solver iteration: 1
IterSolver: "Linear System GCR Restart" not given, setting it to 200
ComputeChange: NS (ITER=1) (NRM,RELC): (  294.98555     0.15847313E-07 ) :: heat equation
ComputeChange: SS (ITER=172) (NRM,RELC): (  294.98555     0.15847374E-08 ) :: heat equation
FlowSolve: 
FlowSolve: 
FlowSolve: -------------------------------------
FlowSolve:  NAVIER-STOKES ITERATION           1
FlowSolve: -------------------------------------
FlowSolve: 
FlowSolve: Starting Assembly...
FlowSolve: Assembly:
FlowSolve: Assembly done
FlowSolve: Dirichlet conditions done
      10 0.6225E-09 0.6225E-09
BiCGStabl:       11 0.1299E-11 0.1299E-11
ComputeChange: NS (ITER=1) (NRM,RELC): ( 0.29256637E-03 0.49598494E-04 ) :: navier-stokes
FlowSolve: iter:    1 Assembly: (s)    0.01    0.01
FlowSolve: iter:    1 Solve:    (s)    0.01    0.01
FlowSolve:  Result Norm     :    2.9256636570460399E-004
FlowSolve:  Relative Change :    4.9598494415212745E-005
ComputeChange: SS (ITER=172) (NRM,RELC): ( 0.29257943E-03 0.49611834E-05 ) :: navier-stokes
SolveEquations: -------------------------------------
SolveEquations:  Coupled system iteration:          173
SolveEquations: -------------------------------------
HeatSolver: ------------------------------------------------
HeatSolver: Solving energy equation for temperature
HeatSolver: Heat solver iteration: 1
IterSolver: "Linear System GCR Restart" not given, setting it to 200
ComputeChange: NS (ITER=1) (NRM,RELC): (  294.98555     0.15277392E-07 ) :: heat equation
ComputeChange: SS (ITER=173) (NRM,RELC): (  294.98555     0.15277448E-08 ) :: heat equation
FlowSolve: 
FlowSolve: 
FlowSolve: -------------------------------------
FlowSolve:  NAVIER-STOKES ITERATION           1
FlowSolve: -------------------------------------
FlowSolve: 
FlowSolve: Starting Assembly...
FlowSolve: Assembly:
FlowSolve: Assembly done
FlowSolve: Dirichlet conditions done
      10 0.1774E-08 0.1774E-08
BiCGStabl:       11 0.1297E-11 0.1297E-11
ComputeChange: NS (ITER=1) (NRM,RELC): ( 0.29255969E-03 0.67468970E-04 ) :: navier-stokes
FlowSolve: iter:    1 Assembly: (s)    0.01    0.01
FlowSolve: iter:    1 Solve:    (s)    0.01    0.01
FlowSolve:  Result Norm     :    2.9255968600533280E-004
FlowSolve:  Relative Change :    6.7468970095884115E-005
ComputeChange: SS (ITER=173) (NRM,RELC): ( 0.29257745E-03 0.67482376E-05 ) :: navier-stokes
SolveEquations: -------------------------------------
SolveEquations:  Coupled system iteration:          174
SolveEquations: -------------------------------------
HeatSolver: ------------------------------------------------
HeatSolver: Solving energy equation for temperature
HeatSolver: Heat solver iteration: 1
IterSolver: "Linear System GCR Restart" not given, setting it to 200
ComputeChange: NS (ITER=1) (NRM,RELC): (  294.98555     0.14609601E-07 ) :: heat equation
ComputeChange: SS (ITER=174) (NRM,RELC): (  294.98555     0.14609653E-08 ) :: heat equation
FlowSolve: 
FlowSolve: 
FlowSolve: -------------------------------------
FlowSolve:  NAVIER-STOKES ITERATION           1
FlowSolve: -------------------------------------
FlowSolve: 
FlowSolve: Starting Assembly...
FlowSolve: Assembly:
FlowSolve: Assembly done
FlowSolve: Dirichlet conditions done
      10 0.4215E-08 0.4215E-08
BiCGStabl:       11 0.1694E-11 0.1694E-11
ComputeChange: NS (ITER=1) (NRM,RELC): ( 0.29255319E-03 0.82910645E-04 ) :: navier-stokes
FlowSolve: iter:    1 Assembly: (s)    0.01    0.01
FlowSolve: iter:    1 Solve:    (s)    0.01    0.01
FlowSolve:  Result Norm     :    2.9255319420341082E-004
FlowSolve:  Relative Change :    8.2910645368530376E-005
ComputeChange: SS (ITER=174) (NRM,RELC): ( 0.29257502E-03 0.82923828E-05 ) :: navier-stokes
SolveEquations: -------------------------------------
SolveEquations:  Coupled system iteration:          175
SolveEquations: -------------------------------------
HeatSolver: ------------------------------------------------
HeatSolver: Solving energy equation for temperature
HeatSolver: Heat solver iteration: 1
IterSolver: "Linear System GCR Restart" not given, setting it to 200
ComputeChange: NS (ITER=1) (NRM,RELC): (  294.98555     0.13860532E-07 ) :: heat equation
ComputeChange: SS (ITER=175) (NRM,RELC): (  294.98555     0.13860571E-08 ) :: heat equation
FlowSolve: 
FlowSolve: 
FlowSolve: -------------------------------------
FlowSolve:  NAVIER-STOKES ITERATION           1
FlowSolve: -------------------------------------
FlowSolve: 
FlowSolve: Starting Assembly...
FlowSolve: Assembly:
FlowSolve: Assembly done
FlowSolve: Dirichlet conditions done
      10 0.7368E-09 0.7368E-09
BiCGStabl:       11 0.1156E-11 0.1156E-11
ComputeChange: NS (ITER=1) (NRM,RELC): ( 0.29254693E-03 0.96024669E-04 ) :: navier-stokes
FlowSolve: iter:    1 Assembly: (s)    0.01    0.01
FlowSolve: iter:    1 Solve:    (s)    0.01    0.01
FlowSolve:  Result Norm     :    2.9254693175790366E-004
FlowSolve:  Relative Change :    9.6024668808311129E-005
ComputeChange: SS (ITER=175) (NRM,RELC): ( 0.29257222E-03 0.96037382E-05 ) :: navier-stokes
SolveEquations: -------------------------------------
SolveEquations:  Coupled system iteration:          176
SolveEquations: -------------------------------------
HeatSolver: ------------------------------------------------
HeatSolver: Solving energy equation for temperature
HeatSolver: Heat solver iteration: 1
IterSolver: "Linear System GCR Restart" not given, setting it to 200
ComputeChange: NS (ITER=1) (NRM,RELC): (  294.98555     0.13045967E-07 ) :: heat equation
ComputeChange: SS (ITER=176) (NRM,RELC): (  294.98555     0.13045992E-08 ) :: heat equation
FlowSolve: 
FlowSolve: 
FlowSolve: -------------------------------------
FlowSolve:  NAVIER-STOKES ITERATION           1
FlowSolve: -------------------------------------
FlowSolve: 
FlowSolve: Starting Assembly...
FlowSolve: Assembly:
FlowSolve: Assembly done
FlowSolve: Dirichlet conditions done
      10 0.2591E-09 0.2591E-09
BiCGStabl:       11 0.2374E-11 0.2374E-11
ComputeChange: NS (ITER=1) (NRM,RELC): ( 0.29254093E-03 0.10692487E-03 ) :: navier-stokes
FlowSolve: iter:    1 Assembly: (s)    0.01    0.01
FlowSolve: iter:    1 Solve:    (s)    0.01    0.01
FlowSolve:  Result Norm     :    2.9254093345547095E-004
FlowSolve:  Relative Change :    1.0692486779733717E-004
ComputeChange: SS (ITER=176) (NRM,RELC): ( 0.29256909E-03 0.10693691E-04 ) :: navier-stokes
SolveEquations: -------------------------------------
SolveEquations:  Coupled system iteration:          177
SolveEquations: -------------------------------------
HeatSolver: ------------------------------------------------
HeatSolver: Solving energy equation for temperature
HeatSolver: Heat solver iteration: 1
IterSolver: "Linear System GCR Restart" not given, setting it to 200
ComputeChange: NS (ITER=1) (NRM,RELC): (  294.98555     0.12180310E-07 ) :: heat equation
ComputeChange: SS (ITER=177) (NRM,RELC): (  294.98555     0.12180336E-08 ) :: heat equation
FlowSolve: 
FlowSolve: 
FlowSolve: -------------------------------------
FlowSolve:  NAVIER-STOKES ITERATION           1
FlowSolve: -------------------------------------
FlowSolve: 
FlowSolve: Starting Assembly...
FlowSolve: Assembly:
FlowSolve: Assembly done
FlowSolve: Dirichlet conditions done
      10 0.1338E-09 0.1338E-09
BiCGStabl:       11 0.1390E-11 0.1390E-11
ComputeChange: NS (ITER=1) (NRM,RELC): ( 0.29253523E-03 0.11573516E-03 ) :: navier-stokes
FlowSolve: iter:    1 Assembly: (s)    0.01    0.01
FlowSolve: iter:    1 Solve:    (s)    0.01    0.01
FlowSolve:  Result Norm     :    2.9253522779645641E-004
FlowSolve:  Relative Change :    1.1573516405045282E-004
ComputeChange: SS (ITER=177) (NRM,RELC): ( 0.29256570E-03 0.11574638E-04 ) :: navier-stokes
SolveEquations: -------------------------------------
SolveEquations:  Coupled system iteration:          178
SolveEquations: -------------------------------------
HeatSolver: ------------------------------------------------
HeatSolver: Solving energy equation for temperature
HeatSolver: Heat solver iteration: 1
IterSolver: "Linear System GCR Restart" not given, setting it to 200
ComputeChange: NS (ITER=1) (NRM,RELC): (  294.98555     0.11370141E-07 ) :: heat equation
ComputeChange: SS (ITER=178) (NRM,RELC): (  294.98555     0.11370160E-08 ) :: heat equation
FlowSolve: 
FlowSolve: 
FlowSolve: -------------------------------------
FlowSolve:  NAVIER-STOKES ITERATION           1
FlowSolve: -------------------------------------
FlowSolve: 
FlowSolve: Starting Assembly...
FlowSolve: Assembly:
FlowSolve: Assembly done
FlowSolve: Dirichlet conditions done
      10 0.1865E-09 0.1865E-09
BiCGStabl:       11 0.4181E-11 0.4181E-11
ComputeChange: NS (ITER=1) (NRM,RELC): ( 0.29252945E-03 0.12390361E-03 ) :: navier-stokes
FlowSolve: iter:    1 Assembly: (s)    0.01    0.01
FlowSolve: iter:    1 Solve:    (s)    0.01    0.01
FlowSolve:  Result Norm     :    2.9252945230562446E-004
FlowSolve:  Relative Change :    1.2390361096855602E-004
ComputeChange: SS (ITER=178) (NRM,RELC): ( 0.29256207E-03 0.12391380E-04 ) :: navier-stokes
SolveEquations: -------------------------------------
SolveEquations:  Coupled system iteration:          179
SolveEquations: -------------------------------------
HeatSolver: ------------------------------------------------
HeatSolver: Solving energy equation for temperature
HeatSolver: Heat solver iteration: 1
IterSolver: "Linear System GCR Restart" not given, setting it to 200
ComputeChange: NS (ITER=1) (NRM,RELC): (  294.98555     0.10225358E-07 ) :: heat equation
ComputeChange: SS (ITER=179) (NRM,RELC): (  294.98555     0.10225372E-08 ) :: heat equation
FlowSolve: 
FlowSolve: 
FlowSolve: -------------------------------------
FlowSolve:  NAVIER-STOKES ITERATION           1
FlowSolve: -------------------------------------
FlowSolve: 
FlowSolve: Starting Assembly...
FlowSolve: Assembly:
FlowSolve: Assembly done
FlowSolve: Dirichlet conditions done
      10 0.1214E-09 0.1214E-09
BiCGStabl:       11 0.3003E-11 0.3003E-11
ComputeChange: NS (ITER=1) (NRM,RELC): ( 0.29252405E-03 0.12996923E-03 ) :: navier-stokes
FlowSolve: iter:    1 Assembly: (s)    0.01    0.01
FlowSolve: iter:    1 Solve:    (s)    0.01    0.01
FlowSolve:  Result Norm     :    2.9252405313811913E-004
FlowSolve:  Relative Change :    1.2996923471439540E-004
ComputeChange: SS (ITER=179) (NRM,RELC): ( 0.29255827E-03 0.12997835E-04 ) :: navier-stokes
SolveEquations: -------------------------------------
SolveEquations:  Coupled system iteration:          180
SolveEquations: -------------------------------------
HeatSolver: ------------------------------------------------
HeatSolver: Solving energy equation for temperature
HeatSolver: Heat solver iteration: 1
IterSolver: "Linear System GCR Restart" not given, setting it to 200
ComputeChange: NS (ITER=1) (NRM,RELC): (  294.98555     0.90817635E-08 ) :: heat equation
ComputeChange: SS (ITER=180) (NRM,RELC): (  294.98555     0.90817706E-09 ) :: heat equation
FlowSolve: 
FlowSolve: 
FlowSolve: -------------------------------------
FlowSolve:  NAVIER-STOKES ITERATION           1
FlowSolve: -------------------------------------
FlowSolve: 
FlowSolve: Starting Assembly...
FlowSolve: Assembly:
FlowSolve: Assembly done
FlowSolve: Dirichlet conditions done
      10 0.8960E-10 0.8960E-10
BiCGStabl:       10 0.8960E-10 0.8960E-10
ComputeChange: NS (ITER=1) (NRM,RELC): ( 0.29251904E-03 0.13410855E-03 ) :: navier-stokes
FlowSolve: iter:    1 Assembly: (s)    0.01    0.01
FlowSolve: iter:    1 Solve:    (s)    0.01    0.01
FlowSolve:  Result Norm     :    2.9251904015215545E-004
FlowSolve:  Relative Change :    1.3410855091439383E-004
ComputeChange: SS (ITER=180) (NRM,RELC): ( 0.29255435E-03 0.13411657E-04 ) :: navier-stokes
SolveEquations: -------------------------------------
SolveEquations:  Coupled system iteration:          181
SolveEquations: -------------------------------------
HeatSolver: ------------------------------------------------
HeatSolver: Solving energy equation for temperature
HeatSolver: Heat solver iteration: 1
IterSolver: "Linear System GCR Restart" not given, setting it to 200
ComputeChange: NS (ITER=1) (NRM,RELC): (  294.98555     0.79578981E-08 ) :: heat equation
ComputeChange: SS (ITER=181) (NRM,RELC): (  294.98555     0.79579077E-09 ) :: heat equation
FlowSolve: 
FlowSolve: 
FlowSolve: -------------------------------------
FlowSolve:  NAVIER-STOKES ITERATION           1
FlowSolve: -------------------------------------
FlowSolve: 
FlowSolve: Starting Assembly...
FlowSolve: Assembly:
FlowSolve: Assembly done
FlowSolve: Dirichlet conditions done
      10 0.7346E-10 0.7346E-10
BiCGStabl:       10 0.7346E-10 0.7346E-10
ComputeChange: NS (ITER=1) (NRM,RELC): ( 0.29251442E-03 0.13647458E-03 ) :: navier-stokes
FlowSolve: iter:    1 Assembly: (s)    0.01    0.01
FlowSolve: iter:    1 Solve:    (s)    0.01    0.01
FlowSolve:  Result Norm     :    2.9251442491436033E-004
FlowSolve:  Relative Change :    1.3647458212426446E-004
ComputeChange: SS (ITER=181) (NRM,RELC): ( 0.29255036E-03 0.13648152E-04 ) :: navier-stokes
SolveEquations: -------------------------------------
SolveEquations:  Coupled system iteration:          182
SolveEquations: -------------------------------------
HeatSolver: ------------------------------------------------
HeatSolver: Solving energy equation for temperature
HeatSolver: Heat solver iteration: 1
IterSolver: "Linear System GCR Restart" not given, setting it to 200
ComputeChange: NS (ITER=1) (NRM,RELC): (  294.98555     0.68717042E-08 ) :: heat equation
ComputeChange: SS (ITER=182) (NRM,RELC): (  294.98555     0.68717078E-09 ) :: heat equation
FlowSolve: 
FlowSolve: 
FlowSolve: -------------------------------------
FlowSolve:  NAVIER-STOKES ITERATION           1
FlowSolve: -------------------------------------
FlowSolve: 
FlowSolve: Starting Assembly...
FlowSolve: Assembly:
FlowSolve: Assembly done
FlowSolve: Dirichlet conditions done
BiCGStabl:        9 0.5859E-10 0.5859E-10
ComputeChange: NS (ITER=1) (NRM,RELC): ( 0.29251022E-03 0.13718771E-03 ) :: navier-stokes
FlowSolve: iter:    1 Assembly: (s)    0.01    0.01
FlowSolve: iter:    1 Solve:    (s)    0.00    0.00
FlowSolve:  Result Norm     :    2.9251022406226733E-004
FlowSolve:  Relative Change :    1.3718771243071039E-004
ComputeChange: SS (ITER=182) (NRM,RELC): ( 0.29254634E-03 0.13719361E-04 ) :: navier-stokes
SolveEquations: -------------------------------------
SolveEquations:  Coupled system iteration:          183
SolveEquations: -------------------------------------
HeatSolver: ------------------------------------------------
HeatSolver: Solving energy equation for temperature
HeatSolver: Heat solver iteration: 1
IterSolver: "Linear System GCR Restart" not given, setting it to 200
ComputeChange: NS (ITER=1) (NRM,RELC): (  294.98555     0.46441090E-08 ) :: heat equation
ComputeChange: SS (ITER=183) (NRM,RELC): (  294.98555     0.46441151E-09 ) :: heat equation
FlowSolve: 
FlowSolve: 
FlowSolve: -------------------------------------
FlowSolve:  NAVIER-STOKES ITERATION           1
FlowSolve: -------------------------------------
FlowSolve: 
FlowSolve: Starting Assembly...
FlowSolve: Assembly:
FlowSolve: Assembly done
FlowSolve: Dirichlet conditions done
BiCGStabl:        9 0.6805E-10 0.6805E-10
ComputeChange: NS (ITER=1) (NRM,RELC): ( 0.29250640E-03 0.13652996E-03 ) :: navier-stokes
FlowSolve: iter:    1 Assembly: (s)    0.01    0.01
FlowSolve: iter:    1 Solve:    (s)    0.00    0.00
FlowSolve:  Result Norm     :    2.9250640343168145E-004
FlowSolve:  Relative Change :    1.3652996462742067E-004
ComputeChange: SS (ITER=183) (NRM,RELC): ( 0.29254235E-03 0.13653487E-04 ) :: navier-stokes
SolveEquations: -------------------------------------
SolveEquations:  Coupled system iteration:          184
SolveEquations: -------------------------------------
HeatSolver: ------------------------------------------------
HeatSolver: Solving energy equation for temperature
HeatSolver: Heat solver iteration: 1
IterSolver: "Linear System GCR Restart" not given, setting it to 200
ComputeChange: NS (ITER=1) (NRM,RELC): (  294.98555     0.37804325E-08 ) :: heat equation
ComputeChange: SS (ITER=184) (NRM,RELC): (  294.98555     0.37804363E-09 ) :: heat equation
FlowSolve: 
FlowSolve: 
FlowSolve: -------------------------------------
FlowSolve:  NAVIER-STOKES ITERATION           1
FlowSolve: -------------------------------------
FlowSolve: 
FlowSolve: Starting Assembly...
FlowSolve: Assembly:
FlowSolve: Assembly done
FlowSolve: Dirichlet conditions done
      10 0.3310E-09 0.3310E-09
BiCGStabl:       11 0.9285E-10 0.9285E-10
ComputeChange: NS (ITER=1) (NRM,RELC): ( 0.29250312E-03 0.13410751E-03 ) :: navier-stokes
FlowSolve: iter:    1 Assembly: (s)    0.01    0.01
FlowSolve: iter:    1 Solve:    (s)    0.01    0.01
FlowSolve:  Result Norm     :    2.9250311830257076E-004
FlowSolve:  Relative Change :    1.3410750512865956E-004
ComputeChange: SS (ITER=184) (NRM,RELC): ( 0.29253842E-03 0.13411152E-04 ) :: navier-stokes
SolveEquations: -------------------------------------
SolveEquations:  Coupled system iteration:          185
SolveEquations: -------------------------------------
HeatSolver: ------------------------------------------------
HeatSolver: Solving energy equation for temperature
HeatSolver: Heat solver iteration: 1
IterSolver: "Linear System GCR Restart" not given, setting it to 200
ComputeChange: NS (ITER=1) (NRM,RELC): (  294.98555     0.29979641E-08 ) :: heat equation
ComputeChange: SS (ITER=185) (NRM,RELC): (  294.98555     0.29979628E-09 ) :: heat equation
FlowSolve: 
FlowSolve: 
FlowSolve: -------------------------------------
FlowSolve:  NAVIER-STOKES ITERATION           1
FlowSolve: -------------------------------------
FlowSolve: 
FlowSolve: Starting Assembly...
FlowSolve: Assembly:
FlowSolve: Assembly done
FlowSolve: Dirichlet conditions done
      10 0.4376E-09 0.4376E-09
BiCGStabl:       11 0.5567E-10 0.5567E-10
ComputeChange: NS (ITER=1) (NRM,RELC): ( 0.29250035E-03 0.13015148E-03 ) :: navier-stokes
FlowSolve: iter:    1 Assembly: (s)    0.01    0.01
FlowSolve: iter:    1 Solve:    (s)    0.01    0.01
FlowSolve:  Result Norm     :    2.9250035266272629E-004
FlowSolve:  Relative Change :    1.3015147593172047E-004
ComputeChange: SS (ITER=185) (NRM,RELC): ( 0.29253462E-03 0.13015470E-04 ) :: navier-stokes
SolveEquations: -------------------------------------
SolveEquations:  Coupled system iteration:          186
SolveEquations: -------------------------------------
HeatSolver: ------------------------------------------------
HeatSolver: Solving energy equation for temperature
HeatSolver: Heat solver iteration: 1
IterSolver: "Linear System GCR Restart" not given, setting it to 200
ComputeChange: NS (ITER=1) (NRM,RELC): (  294.98555     0.14585275E-08 ) :: heat equation
ComputeChange: SS (ITER=186) (NRM,RELC): (  294.98555     0.14585368E-09 ) :: heat equation
FlowSolve: 
FlowSolve: 
FlowSolve: -------------------------------------
FlowSolve:  NAVIER-STOKES ITERATION           1
FlowSolve: -------------------------------------
FlowSolve: 
FlowSolve: Starting Assembly...
FlowSolve: Assembly:
FlowSolve: Assembly done
FlowSolve: Dirichlet conditions done
      10 0.5648E-09 0.5648E-09
BiCGStabl:       11 0.3822E-10 0.3822E-10
ComputeChange: NS (ITER=1) (NRM,RELC): ( 0.29249833E-03 0.12406565E-03 ) :: navier-stokes
FlowSolve: iter:    1 Assembly: (s)    0.01    0.01
FlowSolve: iter:    1 Solve:    (s)    0.01    0.01
FlowSolve:  Result Norm     :    2.9249832574505965E-004
FlowSolve:  Relative Change :    1.2406565418626261E-004
ComputeChange: SS (ITER=186) (NRM,RELC): ( 0.29253099E-03 0.12406822E-04 ) :: navier-stokes
SolveEquations: -------------------------------------
SolveEquations:  Coupled system iteration:          187
SolveEquations: -------------------------------------
HeatSolver: ------------------------------------------------
HeatSolver: Solving energy equation for temperature
HeatSolver: Heat solver iteration: 1
IterSolver: "Linear System GCR Restart" not given, setting it to 200
ComputeChange: NS (ITER=1) (NRM,RELC): (  294.98555     0.10373983E-08 ) :: heat equation
ComputeChange: SS (ITER=187) (NRM,RELC): (  294.98555     0.10373931E-09 ) :: heat equation
FlowSolve: 
FlowSolve: 
FlowSolve: -------------------------------------
FlowSolve:  NAVIER-STOKES ITERATION           1
FlowSolve: -------------------------------------
FlowSolve: 
FlowSolve: Starting Assembly...
FlowSolve: Assembly:
FlowSolve: Assembly done
FlowSolve: Dirichlet conditions done
BiCGStabl:       10 0.8080E-10 0.8080E-10
ComputeChange: NS (ITER=1) (NRM,RELC): ( 0.29249673E-03 0.11710395E-03 ) :: navier-stokes
FlowSolve: iter:    1 Assembly: (s)    0.01    0.01
FlowSolve: iter:    1 Solve:    (s)    0.01    0.01
FlowSolve:  Result Norm     :    2.9249673306072708E-004
FlowSolve:  Relative Change :    1.1710395259999087E-004
ComputeChange: SS (ITER=187) (NRM,RELC): ( 0.29252756E-03 0.11710596E-04 ) :: navier-stokes
SolveEquations: -------------------------------------
SolveEquations:  Coupled system iteration:          188
SolveEquations: -------------------------------------
HeatSolver: ------------------------------------------------
HeatSolver: Solving energy equation for temperature
HeatSolver: Heat solver iteration: 1
IterSolver: "Linear System GCR Restart" not given, setting it to 200
ComputeChange: NS (ITER=1) (NRM,RELC): (  294.98555     0.61342237E-09 ) :: heat equation
ComputeChange: SS (ITER=188) (NRM,RELC): (  294.98555     0.61342449E-10 ) :: heat equation
FlowSolve: 
FlowSolve: 
FlowSolve: -------------------------------------
FlowSolve:  NAVIER-STOKES ITERATION           1
FlowSolve: -------------------------------------
FlowSolve: 
FlowSolve: Starting Assembly...
FlowSolve: Assembly:
FlowSolve: Assembly done
FlowSolve: Dirichlet conditions done
BiCGStabl:       10 0.6247E-10 0.6247E-10
ComputeChange: NS (ITER=1) (NRM,RELC): ( 0.29249555E-03 0.10944687E-03 ) :: navier-stokes
FlowSolve: iter:    1 Assembly: (s)    0.01    0.01
FlowSolve: iter:    1 Solve:    (s)    0.01    0.01
FlowSolve:  Result Norm     :    2.9249554742426936E-004
FlowSolve:  Relative Change :    1.0944686788965231E-004
ComputeChange: SS (ITER=188) (NRM,RELC): ( 0.29252436E-03 0.10944841E-04 ) :: navier-stokes
SolveEquations: -------------------------------------
SolveEquations:  Coupled system iteration:          189
SolveEquations: -------------------------------------
HeatSolver: ------------------------------------------------
HeatSolver: Solving energy equation for temperature
HeatSolver: Heat solver iteration: 1
IterSolver: "Linear System GCR Restart" not given, setting it to 200
ComputeChange: NS (ITER=1) (NRM,RELC): (  294.98555     0.19258877E-09 ) :: heat equation
ComputeChange: SS (ITER=189) (NRM,RELC): (  294.98555     0.19259494E-10 ) :: heat equation
FlowSolve: 
FlowSolve: 
FlowSolve: -------------------------------------
FlowSolve:  NAVIER-STOKES ITERATION           1
FlowSolve: -------------------------------------
FlowSolve: 
FlowSolve: Starting Assembly...
FlowSolve: Assembly:
FlowSolve: Assembly done
FlowSolve: Dirichlet conditions done
BiCGStabl:       10 0.8863E-10 0.8863E-10
ComputeChange: NS (ITER=1) (NRM,RELC): ( 0.29249474E-03 0.10126429E-03 ) :: navier-stokes
FlowSolve: iter:    1 Assembly: (s)    0.01    0.01
FlowSolve: iter:    1 Solve:    (s)    0.01    0.01
FlowSolve:  Result Norm     :    2.9249473947542157E-004
FlowSolve:  Relative Change :    1.0126429084337483E-004
ComputeChange: SS (ITER=189) (NRM,RELC): ( 0.29252140E-03 0.10126546E-04 ) :: navier-stokes
SolveEquations: -------------------------------------
SolveEquations:  Coupled system iteration:          190
SolveEquations: -------------------------------------
HeatSolver: ------------------------------------------------
HeatSolver: Solving energy equation for temperature
HeatSolver: Heat solver iteration: 1
IterSolver: "Linear System GCR Restart" not given, setting it to 200
ComputeChange: NS (ITER=1) (NRM,RELC): (  294.98555     0.20251315E-10 ) :: heat equation
ComputeChange: SS (ITER=190) (NRM,RELC): (  294.98555     0.20244956E-11 ) :: heat equation
FlowSolve: 
FlowSolve: 
FlowSolve: -------------------------------------
FlowSolve:  NAVIER-STOKES ITERATION           1
FlowSolve: -------------------------------------
FlowSolve: 
FlowSolve: Starting Assembly...
FlowSolve: Assembly:
FlowSolve: Assembly done
FlowSolve: Dirichlet conditions done
BiCGStabl:       10 0.2768E-10 0.2768E-10
ComputeChange: NS (ITER=1) (NRM,RELC): ( 0.29249402E-03 0.93606392E-04 ) :: navier-stokes
FlowSolve: iter:    1 Assembly: (s)    0.01    0.01
FlowSolve: iter:    1 Solve:    (s)    0.00    0.00
FlowSolve:  Result Norm     :    2.9249401741007698E-004
FlowSolve:  Relative Change :    9.3606392264181611E-005
ComputeChange: SS (ITER=190) (NRM,RELC): ( 0.29251866E-03 0.93607228E-05 ) :: navier-stokes
SolveEquations: -------------------------------------
SolveEquations:  Coupled system iteration:          191
SolveEquations: -------------------------------------
HeatSolver: ------------------------------------------------
HeatSolver: Solving energy equation for temperature
HeatSolver: Heat solver iteration: 1
IterSolver: "Linear System GCR Restart" not given, setting it to 200
ComputeChange: NS (ITER=1) (NRM,RELC): (  294.98555     0.51871949E-09 ) :: heat equation
ComputeChange: SS (ITER=191) (NRM,RELC): (  294.98555     0.51872257E-10 ) :: heat equation
FlowSolve: 
FlowSolve: 
FlowSolve: -------------------------------------
FlowSolve:  NAVIER-STOKES ITERATION           1
FlowSolve: -------------------------------------
FlowSolve: 
FlowSolve: Starting Assembly...
FlowSolve: Assembly:
FlowSolve: Assembly done
FlowSolve: Dirichlet conditions done
BiCGStabl:       10 0.7249E-11 0.7249E-11
ComputeChange: NS (ITER=1) (NRM,RELC): ( 0.29249360E-03 0.85658631E-04 ) :: navier-stokes
FlowSolve: iter:    1 Assembly: (s)    0.01    0.01
FlowSolve: iter:    1 Solve:    (s)    0.00    0.00
FlowSolve:  Result Norm     :    2.9249360412761084E-004
FlowSolve:  Relative Change :    8.5658630913047675E-005
ComputeChange: SS (ITER=191) (NRM,RELC): ( 0.29251615E-03 0.85659210E-05 ) :: navier-stokes
SolveEquations: -------------------------------------
SolveEquations:  Coupled system iteration:          192
SolveEquations: -------------------------------------
HeatSolver: ------------------------------------------------
HeatSolver: Solving energy equation for temperature
HeatSolver: Heat solver iteration: 1
IterSolver: "Linear System GCR Restart" not given, setting it to 200
ComputeChange: NS (ITER=1) (NRM,RELC): (  294.98555     0.97234313E-09 ) :: heat equation
ComputeChange: SS (ITER=192) (NRM,RELC): (  294.98555     0.97233215E-10 ) :: heat equation
FlowSolve: 
FlowSolve: 
FlowSolve: -------------------------------------
FlowSolve:  NAVIER-STOKES ITERATION           1
FlowSolve: -------------------------------------
FlowSolve: 
FlowSolve: Starting Assembly...
FlowSolve: Assembly:
FlowSolve: Assembly done
FlowSolve: Dirichlet conditions done
BiCGStabl:       10 0.9431E-11 0.9431E-11
ComputeChange: NS (ITER=1) (NRM,RELC): ( 0.29249347E-03 0.77567353E-04 ) :: navier-stokes
FlowSolve: iter:    1 Assembly: (s)    0.01    0.01
FlowSolve: iter:    1 Solve:    (s)    0.01    0.01
FlowSolve:  Result Norm     :    2.9249346529766629E-004
FlowSolve:  Relative Change :    7.7567352673838996E-005
ComputeChange: SS (ITER=192) (NRM,RELC): ( 0.29251389E-03 0.77567739E-05 ) :: navier-stokes
SolveEquations: -------------------------------------
SolveEquations:  Coupled system iteration:          193
SolveEquations: -------------------------------------
HeatSolver: ------------------------------------------------
HeatSolver: Solving energy equation for temperature
HeatSolver: Heat solver iteration: 1
IterSolver: "Linear System GCR Restart" not given, setting it to 200
ComputeChange: NS (ITER=1) (NRM,RELC): (  294.98555     0.13771710E-08 ) :: heat equation
ComputeChange: SS (ITER=193) (NRM,RELC): (  294.98555     0.13771715E-09 ) :: heat equation
FlowSolve: 
FlowSolve: 
FlowSolve: -------------------------------------
FlowSolve:  NAVIER-STOKES ITERATION           1
FlowSolve: -------------------------------------
FlowSolve: 
FlowSolve: Starting Assembly...
FlowSolve: Assembly:
FlowSolve: Assembly done
FlowSolve: Dirichlet conditions done
BiCGStabl:       10 0.4606E-11 0.4606E-11
ComputeChange: NS (ITER=1) (NRM,RELC): ( 0.29249357E-03 0.69462516E-04 ) :: navier-stokes
FlowSolve: iter:    1 Assembly: (s)    0.01    0.01
FlowSolve: iter:    1 Solve:    (s)    0.00    0.00
FlowSolve:  Result Norm     :    2.9249356710384647E-004
FlowSolve:  Relative Change :    6.9462515715897091E-005
ComputeChange: SS (ITER=193) (NRM,RELC): ( 0.29251185E-03 0.69462764E-05 ) :: navier-stokes
SolveEquations: -------------------------------------
SolveEquations:  Coupled system iteration:          194
SolveEquations: -------------------------------------
HeatSolver: ------------------------------------------------
HeatSolver: Solving energy equation for temperature
HeatSolver: Heat solver iteration: 1
IterSolver: "Linear System GCR Restart" not given, setting it to 200
ComputeChange: NS (ITER=1) (NRM,RELC): (  294.98555     0.17311881E-08 ) :: heat equation
ComputeChange: SS (ITER=194) (NRM,RELC): (  294.98555     0.17311731E-09 ) :: heat equation
FlowSolve: 
FlowSolve: 
FlowSolve: -------------------------------------
FlowSolve:  NAVIER-STOKES ITERATION           1
FlowSolve: -------------------------------------
FlowSolve: 
FlowSolve: Starting Assembly...
FlowSolve: Assembly:
FlowSolve: Assembly done
FlowSolve: Dirichlet conditions done
BiCGStabl:        9 0.5804E-10 0.5804E-10
ComputeChange: NS (ITER=1) (NRM,RELC): ( 0.29249388E-03 0.61457398E-04 ) :: navier-stokes
FlowSolve: iter:    1 Assembly: (s)    0.01    0.01
FlowSolve: iter:    1 Solve:    (s)    0.00    0.00
FlowSolve:  Result Norm     :    2.9249387680831585E-004
FlowSolve:  Relative Change :    6.1457397930129797E-005
ComputeChange: SS (ITER=194) (NRM,RELC): ( 0.29251006E-03 0.61457552E-05 ) :: navier-stokes
SolveEquations: -------------------------------------
SolveEquations:  Coupled system iteration:          195
SolveEquations: -------------------------------------
HeatSolver: ------------------------------------------------
HeatSolver: Solving energy equation for temperature
HeatSolver: Heat solver iteration: 1
IterSolver: "Linear System GCR Restart" not given, setting it to 200
ComputeChange: NS (ITER=1) (NRM,RELC): (  294.98555     0.20340275E-08 ) :: heat equation
ComputeChange: SS (ITER=195) (NRM,RELC): (  294.98555     0.20340362E-09 ) :: heat equation
FlowSolve: 
FlowSolve: 
FlowSolve: -------------------------------------
FlowSolve:  NAVIER-STOKES ITERATION           1
FlowSolve: -------------------------------------
FlowSolve: 
FlowSolve: Starting Assembly...
FlowSolve: Assembly:
FlowSolve: Assembly done
FlowSolve: Dirichlet conditions done
BiCGStabl:        9 0.8988E-11 0.8988E-11
ComputeChange: NS (ITER=1) (NRM,RELC): ( 0.29249436E-03 0.53648726E-04 ) :: navier-stokes
FlowSolve: iter:    1 Assembly: (s)    0.01    0.01
FlowSolve: iter:    1 Solve:    (s)    0.00    0.00
FlowSolve:  Result Norm     :    2.9249436320178258E-004
FlowSolve:  Relative Change :    5.3648725630037372E-005
ComputeChange: SS (ITER=195) (NRM,RELC): ( 0.29250849E-03 0.53648823E-05 ) :: navier-stokes
SolveEquations: -------------------------------------
SolveEquations:  Coupled system iteration:          196
SolveEquations: -------------------------------------
HeatSolver: ------------------------------------------------
HeatSolver: Solving energy equation for temperature
HeatSolver: Heat solver iteration: 1
IterSolver: "Linear System GCR Restart" not given, setting it to 200
ComputeChange: NS (ITER=1) (NRM,RELC): (  294.98555     0.22865880E-08 ) :: heat equation
ComputeChange: SS (ITER=196) (NRM,RELC): (  294.98555     0.22865817E-09 ) :: heat equation
FlowSolve: 
FlowSolve: 
FlowSolve: -------------------------------------
FlowSolve:  NAVIER-STOKES ITERATION           1
FlowSolve: -------------------------------------
FlowSolve: 
FlowSolve: Starting Assembly...
FlowSolve: Assembly:
FlowSolve: Assembly done
FlowSolve: Dirichlet conditions done
BiCGStabl:        9 0.2585E-10 0.2585E-10
ComputeChange: NS (ITER=1) (NRM,RELC): ( 0.29249500E-03 0.46117611E-04 ) :: navier-stokes
FlowSolve: iter:    1 Assembly: (s)    0.01    0.01
FlowSolve: iter:    1 Solve:    (s)    0.00    0.00
FlowSolve:  Result Norm     :    2.9249499681324183E-004
FlowSolve:  Relative Change :    4.6117610895802896E-005
ComputeChange: SS (ITER=196) (NRM,RELC): ( 0.29250714E-03 0.46117681E-05 ) :: navier-stokes
SolveEquations: -------------------------------------
SolveEquations:  Coupled system iteration:          197
SolveEquations: -------------------------------------
HeatSolver: ------------------------------------------------
HeatSolver: Solving energy equation for temperature
HeatSolver: Heat solver iteration: 1
IterSolver: "Linear System GCR Restart" not given, setting it to 200
ComputeChange: NS (ITER=1) (NRM,RELC): (  294.98555     0.24907291E-08 ) :: heat equation
ComputeChange: SS (ITER=197) (NRM,RELC): (  294.98555     0.24907212E-09 ) :: heat equation
FlowSolve: 
FlowSolve: 
FlowSolve: -------------------------------------
FlowSolve:  NAVIER-STOKES ITERATION           1
FlowSolve: -------------------------------------
FlowSolve: 
FlowSolve: Starting Assembly...
FlowSolve: Assembly:
FlowSolve: Assembly done
FlowSolve: Dirichlet conditions done
BiCGStabl:        9 0.5346E-10 0.5346E-10
ComputeChange: NS (ITER=1) (NRM,RELC): ( 0.29249575E-03 0.38930033E-04 ) :: navier-stokes
FlowSolve: iter:    1 Assembly: (s)    0.01    0.01
FlowSolve: iter:    1 Solve:    (s)    0.00    0.00
FlowSolve:  Result Norm     :    2.9249575022558926E-004
FlowSolve:  Relative Change :    3.8930033374585107E-005
ComputeChange: SS (ITER=197) (NRM,RELC): ( 0.29250600E-03 0.38930098E-05 ) :: navier-stokes
SolveEquations: -------------------------------------
SolveEquations:  Coupled system iteration:          198
SolveEquations: -------------------------------------
HeatSolver: ------------------------------------------------
HeatSolver: Solving energy equation for temperature
HeatSolver: Heat solver iteration: 1
IterSolver: "Linear System GCR Restart" not given, setting it to 200
ComputeChange: NS (ITER=1) (NRM,RELC): (  294.98555     0.26489805E-08 ) :: heat equation
ComputeChange: SS (ITER=198) (NRM,RELC): (  294.98555     0.26489772E-09 ) :: heat equation
FlowSolve: 
FlowSolve: 
FlowSolve: -------------------------------------
FlowSolve:  NAVIER-STOKES ITERATION           1
FlowSolve: -------------------------------------
FlowSolve: 
FlowSolve: Starting Assembly...
FlowSolve: Assembly:
FlowSolve: Assembly done
FlowSolve: Dirichlet conditions done
BiCGStabl:        8 0.7514E-10 0.7514E-10
ComputeChange: NS (ITER=1) (NRM,RELC): ( 0.29249660E-03 0.32138251E-04 ) :: navier-stokes
FlowSolve: iter:    1 Assembly: (s)    0.01    0.01
FlowSolve: iter:    1 Solve:    (s)    0.00    0.00
FlowSolve:  Result Norm     :    2.9249659810544104E-004
FlowSolve:  Relative Change :    3.2138251142824096E-005
ComputeChange: SS (ITER=198) (NRM,RELC): ( 0.29250506E-03 0.32138326E-05 ) :: navier-stokes
SolveEquations: -------------------------------------
SolveEquations:  Coupled system iteration:          199
SolveEquations: -------------------------------------
HeatSolver: ------------------------------------------------
HeatSolver: Solving energy equation for temperature
HeatSolver: Heat solver iteration: 1
IterSolver: "Linear System GCR Restart" not given, setting it to 200
ComputeChange: NS (ITER=1) (NRM,RELC): (  294.98555     0.27643457E-08 ) :: heat equation
ComputeChange: SS (ITER=199) (NRM,RELC): (  294.98555     0.27643307E-09 ) :: heat equation
FlowSolve: 
FlowSolve: 
FlowSolve: -------------------------------------
FlowSolve:  NAVIER-STOKES ITERATION           1
FlowSolve: -------------------------------------
FlowSolve: 
FlowSolve: Starting Assembly...
FlowSolve: Assembly:
FlowSolve: Assembly done
FlowSolve: Dirichlet conditions done
BiCGStabl:        9 0.1226E-10 0.1226E-10
ComputeChange: NS (ITER=1) (NRM,RELC): ( 0.29249752E-03 0.25781629E-04 ) :: navier-stokes
FlowSolve: iter:    1 Assembly: (s)    0.01    0.01
FlowSolve: iter:    1 Solve:    (s)    0.00    0.00
FlowSolve:  Result Norm     :    2.9249751736217346E-004
FlowSolve:  Relative Change :    2.5781628823236323E-005
ComputeChange: SS (ITER=199) (NRM,RELC): ( 0.29250430E-03 0.25781726E-05 ) :: navier-stokes
SolveEquations: -------------------------------------
SolveEquations:  Coupled system iteration:          200
SolveEquations: -------------------------------------
HeatSolver: ------------------------------------------------
HeatSolver: Solving energy equation for temperature
HeatSolver: Heat solver iteration: 1
IterSolver: "Linear System GCR Restart" not given, setting it to 200
ComputeChange: NS (ITER=1) (NRM,RELC): (  294.98555     0.28401253E-08 ) :: heat equation
ComputeChange: SS (ITER=200) (NRM,RELC): (  294.98555     0.28401230E-09 ) :: heat equation
FlowSolve: 
FlowSolve: 
FlowSolve: -------------------------------------
FlowSolve:  NAVIER-STOKES ITERATION           1
FlowSolve: -------------------------------------
FlowSolve: 
FlowSolve: Starting Assembly...
FlowSolve: Assembly:
FlowSolve: Assembly done
FlowSolve: Dirichlet conditions done
BiCGStabl:        9 0.2959E-10 0.2959E-10
ComputeChange: NS (ITER=1) (NRM,RELC): ( 0.29249849E-03 0.19888417E-04 ) :: navier-stokes
FlowSolve: iter:    1 Assembly: (s)    0.01    0.01
FlowSolve: iter:    1 Solve:    (s)    0.00    0.00
FlowSolve:  Result Norm     :    2.9249848700453916E-004
FlowSolve:  Relative Change :    1.9888416931760411E-005
ComputeChange: SS (ITER=200) (NRM,RELC): ( 0.29250372E-03 0.19888543E-05 ) :: navier-stokes
SolveEquations: -------------------------------------
SolveEquations:  Coupled system iteration:          201
SolveEquations: -------------------------------------
HeatSolver: ------------------------------------------------
HeatSolver: Solving energy equation for temperature
HeatSolver: Heat solver iteration: 1
IterSolver: "Linear System GCR Restart" not given, setting it to 200
ComputeChange: NS (ITER=1) (NRM,RELC): (  294.98555     0.28797903E-08 ) :: heat equation
ComputeChange: SS (ITER=201) (NRM,RELC): (  294.98555     0.28797940E-09 ) :: heat equation
FlowSolve: 
FlowSolve: 
FlowSolve: -------------------------------------
FlowSolve:  NAVIER-STOKES ITERATION           1
FlowSolve: -------------------------------------
FlowSolve: 
FlowSolve: Starting Assembly...
FlowSolve: Assembly:
FlowSolve: Assembly done
FlowSolve: Dirichlet conditions done
BiCGStabl:        9 0.2934E-10 0.2934E-10
ComputeChange: NS (ITER=1) (NRM,RELC): ( 0.29249949E-03 0.14476271E-04 ) :: navier-stokes
FlowSolve: iter:    1 Assembly: (s)    0.01    0.01
FlowSolve: iter:    1 Solve:    (s)    0.00    0.00
FlowSolve:  Result Norm     :    2.9249948831389468E-004
FlowSolve:  Relative Change :    1.4476270934756975E-005
ComputeChange: SS (ITER=201) (NRM,RELC): ( 0.29250330E-03 0.14476429E-05 ) :: navier-stokes
SolveEquations: -------------------------------------
SolveEquations:  Coupled system iteration:          202
SolveEquations: -------------------------------------
HeatSolver: ------------------------------------------------
HeatSolver: Solving energy equation for temperature
HeatSolver: Heat solver iteration: 1
IterSolver: "Linear System GCR Restart" not given, setting it to 200
ComputeChange: NS (ITER=1) (NRM,RELC): (  294.98555     0.28868820E-08 ) :: heat equation
ComputeChange: SS (ITER=202) (NRM,RELC): (  294.98555     0.28868718E-09 ) :: heat equation
FlowSolve: 
FlowSolve: 
FlowSolve: -------------------------------------
FlowSolve:  NAVIER-STOKES ITERATION           1
FlowSolve: -------------------------------------
FlowSolve: 
FlowSolve: Starting Assembly...
FlowSolve: Assembly:
FlowSolve: Assembly done
FlowSolve: Dirichlet conditions done
BiCGStabl:        9 0.7483E-10 0.7483E-10
ComputeChange: NS (ITER=1) (NRM,RELC): ( 0.29250050E-03 0.95540913E-05 ) :: navier-stokes
FlowSolve: iter:    1 Assembly: (s)    0.01    0.01
FlowSolve: iter:    1 Solve:    (s)    0.00    0.00
FlowSolve:  Result Norm     :    2.9250050461588506E-004
FlowSolve:  Relative Change :    9.5540912794818761E-006
ComputeChange: SS (ITER=202) (NRM,RELC): ( 0.29250302E-03 0.95542815E-06 ) :: navier-stokes
SolveEquations: -------------------------------------
SolveEquations:  Coupled system iteration:          203
SolveEquations: -------------------------------------
HeatSolver: ------------------------------------------------
HeatSolver: Solving energy equation for temperature
HeatSolver: Heat solver iteration: 1
IterSolver: "Linear System GCR Restart" not given, setting it to 200
ComputeChange: NS (ITER=1) (NRM,RELC): (  294.98555     0.28649342E-08 ) :: heat equation
ComputeChange: SS (ITER=203) (NRM,RELC): (  294.98555     0.28649311E-09 ) :: heat equation
FlowSolve: 
FlowSolve: 
FlowSolve: -------------------------------------
FlowSolve:  NAVIER-STOKES ITERATION           1
FlowSolve: -------------------------------------
FlowSolve: 
FlowSolve: Starting Assembly...
FlowSolve: Assembly:
FlowSolve: Assembly done
FlowSolve: Dirichlet conditions done
BiCGStabl:        9 0.7274E-10 0.7274E-10
ComputeChange: NS (ITER=1) (NRM,RELC): ( 0.29250152E-03 0.51222672E-05 ) :: navier-stokes
FlowSolve: iter:    1 Assembly: (s)    0.01    0.01
FlowSolve: iter:    1 Solve:    (s)    0.00    0.00
FlowSolve:  Result Norm     :    2.9250152146521896E-004
FlowSolve:  Relative Change :    5.1222671879319359E-006
ComputeChange: SS (ITER=203) (NRM,RELC): ( 0.29250287E-03 0.51224878E-06 ) :: navier-stokes
SolveEquations: -------------------------------------
SolveEquations:  Coupled system iteration:          204
SolveEquations: -------------------------------------
HeatSolver: ------------------------------------------------
HeatSolver: Solving energy equation for temperature
HeatSolver: Heat solver iteration: 1
IterSolver: "Linear System GCR Restart" not given, setting it to 200
ComputeChange: NS (ITER=1) (NRM,RELC): (  294.98555     0.28174036E-08 ) :: heat equation
ComputeChange: SS (ITER=204) (NRM,RELC): (  294.98555     0.28174019E-09 ) :: heat equation
FlowSolve: 
FlowSolve: 
FlowSolve: -------------------------------------
FlowSolve:  NAVIER-STOKES ITERATION           1
FlowSolve: -------------------------------------
FlowSolve: 
FlowSolve: Starting Assembly...
FlowSolve: Assembly:
FlowSolve: Assembly done
FlowSolve: Dirichlet conditions done
BiCGStabl:        9 0.7127E-10 0.7127E-10
ComputeChange: NS (ITER=1) (NRM,RELC): ( 0.29250253E-03 0.11748368E-05 ) :: navier-stokes
FlowSolve: iter:    1 Assembly: (s)    0.01    0.01
FlowSolve: iter:    1 Solve:    (s)    0.00    0.00
FlowSolve:  Result Norm     :    2.9250252626278128E-004
FlowSolve:  Relative Change :    1.1748368337846795E-006
ComputeChange: SS (ITER=204) (NRM,RELC): ( 0.29250284E-03 0.11750844E-06 ) :: navier-stokes
SolveEquations: -------------------------------------
SolveEquations:  Coupled system iteration:          205
SolveEquations: -------------------------------------
HeatSolver: ------------------------------------------------
HeatSolver: Solving energy equation for temperature
HeatSolver: Heat solver iteration: 1
IterSolver: "Linear System GCR Restart" not given, setting it to 200
ComputeChange: NS (ITER=1) (NRM,RELC): (  294.98555     0.22051461E-08 ) :: heat equation
ComputeChange: SS (ITER=205) (NRM,RELC): (  294.98555     0.22051432E-09 ) :: heat equation
FlowSolve: 
FlowSolve: 
FlowSolve: -------------------------------------
FlowSolve:  NAVIER-STOKES ITERATION           1
FlowSolve: -------------------------------------
FlowSolve: 
FlowSolve: Starting Assembly...
FlowSolve: Assembly:
FlowSolve: Assembly done
FlowSolve: Dirichlet conditions done
BiCGStabl:        9 0.4270E-10 0.4270E-10
ComputeChange: NS (ITER=1) (NRM,RELC): ( 0.29250377E-03 0.32000328E-05 ) :: navier-stokes
FlowSolve: iter:    1 Assembly: (s)    0.01    0.01
FlowSolve: iter:    1 Solve:    (s)    0.01    0.01
FlowSolve:  Result Norm     :    2.9250377155434754E-004
FlowSolve:  Relative Change :    3.2000328341219229E-006
ComputeChange: SS (ITER=205) (NRM,RELC): ( 0.29250293E-03 0.31997664E-06 ) :: navier-stokes
SolveEquations: -------------------------------------
SolveEquations:  Coupled system iteration:          206
SolveEquations: -------------------------------------
HeatSolver: ------------------------------------------------
HeatSolver: Solving energy equation for temperature
HeatSolver: Heat solver iteration: 1
IterSolver: "Linear System GCR Restart" not given, setting it to 200
ComputeChange: NS (ITER=1) (NRM,RELC): (  294.98555     0.21662238E-08 ) :: heat equation
ComputeChange: SS (ITER=206) (NRM,RELC): (  294.98555     0.21662277E-09 ) :: heat equation
FlowSolve: 
FlowSolve: 
FlowSolve: -------------------------------------
FlowSolve:  NAVIER-STOKES ITERATION           1
FlowSolve: -------------------------------------
FlowSolve: 
FlowSolve: Starting Assembly...
FlowSolve: Assembly:
FlowSolve: Assembly done
FlowSolve: Dirichlet conditions done
BiCGStabl:        9 0.6569E-10 0.6569E-10
ComputeChange: NS (ITER=1) (NRM,RELC): ( 0.29250497E-03 0.69706460E-05 ) :: navier-stokes
FlowSolve: iter:    1 Assembly: (s)    0.01    0.01
FlowSolve: iter:    1 Solve:    (s)    0.00    0.00
FlowSolve:  Result Norm     :    2.9250496806973171E-004
FlowSolve:  Relative Change :    6.9706459685574592E-006
ComputeChange: SS (ITER=206) (NRM,RELC): ( 0.29250313E-03 0.69703668E-06 ) :: navier-stokes
SolveEquations: -------------------------------------
SolveEquations:  Coupled system iteration:          207
SolveEquations: -------------------------------------
HeatSolver: ------------------------------------------------
HeatSolver: Solving energy equation for temperature
HeatSolver: Heat solver iteration: 1
IterSolver: "Linear System GCR Restart" not given, setting it to 200
ComputeChange: NS (ITER=1) (NRM,RELC): (  294.98555     0.21047020E-08 ) :: heat equation
ComputeChange: SS (ITER=207) (NRM,RELC): (  294.98555     0.21046989E-09 ) :: heat equation
FlowSolve: 
FlowSolve: 
FlowSolve: -------------------------------------
FlowSolve:  NAVIER-STOKES ITERATION           1
FlowSolve: -------------------------------------
FlowSolve: 
FlowSolve: Starting Assembly...
FlowSolve: Assembly:
FlowSolve: Assembly done
FlowSolve: Dirichlet conditions done
BiCGStabl:        9 0.6349E-10 0.6349E-10
ComputeChange: NS (ITER=1) (NRM,RELC): ( 0.29250610E-03 0.10156823E-04 ) :: navier-stokes
FlowSolve: iter:    1 Assembly: (s)    0.01    0.01
FlowSolve: iter:    1 Solve:    (s)    0.00    0.00
FlowSolve:  Result Norm     :    2.9250610393135299E-004
FlowSolve:  Relative Change :    1.0156823385539210E-005
ComputeChange: SS (ITER=207) (NRM,RELC): ( 0.29250343E-03 0.10156537E-05 ) :: navier-stokes
SolveEquations: -------------------------------------
SolveEquations:  Coupled system iteration:          208
SolveEquations: -------------------------------------
HeatSolver: ------------------------------------------------
HeatSolver: Solving energy equation for temperature
HeatSolver: Heat solver iteration: 1
IterSolver: "Linear System GCR Restart" not given, setting it to 200
ComputeChange: NS (ITER=1) (NRM,RELC): (  294.98555     0.20243933E-08 ) :: heat equation
ComputeChange: SS (ITER=208) (NRM,RELC): (  294.98555     0.20243896E-09 ) :: heat equation
FlowSolve: 
FlowSolve: 
FlowSolve: -------------------------------------
FlowSolve:  NAVIER-STOKES ITERATION           1
FlowSolve: -------------------------------------
FlowSolve: 
FlowSolve: Starting Assembly...
FlowSolve: Assembly:
FlowSolve: Assembly done
FlowSolve: Dirichlet conditions done
BiCGStabl:        9 0.9502E-10 0.9502E-10
ComputeChange: NS (ITER=1) (NRM,RELC): ( 0.29250717E-03 0.12785125E-04 ) :: navier-stokes
FlowSolve: iter:    1 Assembly: (s)    0.01    0.01
FlowSolve: iter:    1 Solve:    (s)    0.00    0.00
FlowSolve:  Result Norm     :    2.9250716981241728E-004
FlowSolve:  Relative Change :    1.2785124814964874E-005
ComputeChange: SS (ITER=208) (NRM,RELC): ( 0.29250380E-03 0.12784837E-05 ) :: navier-stokes
SolveEquations: -------------------------------------
SolveEquations:  Coupled system iteration:          209
SolveEquations: -------------------------------------
HeatSolver: ------------------------------------------------
HeatSolver: Solving energy equation for temperature
HeatSolver: Heat solver iteration: 1
IterSolver: "Linear System GCR Restart" not given, setting it to 200
ComputeChange: NS (ITER=1) (NRM,RELC): (  294.98555     0.19289200E-08 ) :: heat equation
ComputeChange: SS (ITER=209) (NRM,RELC): (  294.98555     0.19289150E-09 ) :: heat equation
FlowSolve: 
FlowSolve: 
FlowSolve: -------------------------------------
FlowSolve:  NAVIER-STOKES ITERATION           1
FlowSolve: -------------------------------------
FlowSolve: 
FlowSolve: Starting Assembly...
FlowSolve: Assembly:
FlowSolve: Assembly done
FlowSolve: Dirichlet conditions done
BiCGStabl:        9 0.4828E-10 0.4828E-10
ComputeChange: NS (ITER=1) (NRM,RELC): ( 0.29250816E-03 0.14888386E-04 ) :: navier-stokes
FlowSolve: iter:    1 Assembly: (s)    0.01    0.01
FlowSolve: iter:    1 Solve:    (s)    0.00    0.00
FlowSolve:  Result Norm     :    2.9250815899881425E-004
FlowSolve:  Relative Change :    1.4888386383927542E-005
ComputeChange: SS (ITER=209) (NRM,RELC): ( 0.29250424E-03 0.14888101E-05 ) :: navier-stokes
SolveEquations: -------------------------------------
SolveEquations:  Coupled system iteration:          210
SolveEquations: -------------------------------------
HeatSolver: ------------------------------------------------
HeatSolver: Solving energy equation for temperature
HeatSolver: Heat solver iteration: 1
IterSolver: "Linear System GCR Restart" not given, setting it to 200
ComputeChange: NS (ITER=1) (NRM,RELC): (  294.98555     0.18216921E-08 ) :: heat equation
ComputeChange: SS (ITER=210) (NRM,RELC): (  294.98555     0.18216876E-09 ) :: heat equation
FlowSolve: 
FlowSolve: 
FlowSolve: -------------------------------------
FlowSolve:  NAVIER-STOKES ITERATION           1
FlowSolve: -------------------------------------
FlowSolve: 
FlowSolve: Starting Assembly...
FlowSolve: Assembly:
FlowSolve: Assembly done
FlowSolve: Dirichlet conditions done
BiCGStabl:        9 0.5362E-10 0.5362E-10
ComputeChange: NS (ITER=1) (NRM,RELC): ( 0.29250907E-03 0.16502927E-04 ) :: navier-stokes
FlowSolve: iter:    1 Assembly: (s)    0.01    0.01
FlowSolve: iter:    1 Solve:    (s)    0.00    0.00
FlowSolve:  Result Norm     :    2.9250906675556645E-004
FlowSolve:  Relative Change :    1.6502926841204505E-005
ComputeChange: SS (ITER=210) (NRM,RELC): ( 0.29250472E-03 0.16502647E-05 ) :: navier-stokes
SolveEquations: -------------------------------------
SolveEquations:  Coupled system iteration:          211
SolveEquations: -------------------------------------
HeatSolver: ------------------------------------------------
HeatSolver: Solving energy equation for temperature
HeatSolver: Heat solver iteration: 1
IterSolver: "Linear System GCR Restart" not given, setting it to 200
ComputeChange: NS (ITER=1) (NRM,RELC): (  294.98555     0.98030507E-09 ) :: heat equation
ComputeChange: SS (ITER=211) (NRM,RELC): (  294.98555     0.98031566E-10 ) :: heat equation
FlowSolve: 
FlowSolve: 
FlowSolve: -------------------------------------
FlowSolve:  NAVIER-STOKES ITERATION           1
FlowSolve: -------------------------------------
FlowSolve: 
FlowSolve: Starting Assembly...
FlowSolve: Assembly:
FlowSolve: Assembly done
FlowSolve: Dirichlet conditions done
BiCGStabl:        9 0.5096E-10 0.5096E-10
ComputeChange: NS (ITER=1) (NRM,RELC): ( 0.29250996E-03 0.17897021E-04 ) :: navier-stokes
FlowSolve: iter:    1 Assembly: (s)    0.01    0.01
FlowSolve: iter:    1 Solve:    (s)    0.00    0.00
FlowSolve:  Result Norm     :    2.9250995725951389E-004
FlowSolve:  Relative Change :    1.7897021064931922E-005
ComputeChange: SS (ITER=211) (NRM,RELC): ( 0.29250525E-03 0.17896755E-05 ) :: navier-stokes
SolveEquations: -------------------------------------
SolveEquations:  Coupled system iteration:          212
SolveEquations: -------------------------------------
HeatSolver: ------------------------------------------------
HeatSolver: Solving energy equation for temperature
HeatSolver: Heat solver iteration: 1
IterSolver: "Linear System GCR Restart" not given, setting it to 200
ComputeChange: NS (ITER=1) (NRM,RELC): (  294.98555     0.97691337E-09 ) :: heat equation
ComputeChange: SS (ITER=212) (NRM,RELC): (  294.98555     0.97690682E-10 ) :: heat equation
FlowSolve: 
FlowSolve: 
FlowSolve: -------------------------------------
FlowSolve:  NAVIER-STOKES ITERATION           1
FlowSolve: -------------------------------------
FlowSolve: 
FlowSolve: Starting Assembly...
FlowSolve: Assembly:
FlowSolve: Assembly done
FlowSolve: Dirichlet conditions done
BiCGStabl:        9 0.5288E-10 0.5288E-10
ComputeChange: NS (ITER=1) (NRM,RELC): ( 0.29251077E-03 0.18875298E-04 ) :: navier-stokes
FlowSolve: iter:    1 Assembly: (s)    0.01    0.01
FlowSolve: iter:    1 Solve:    (s)    0.00    0.00
FlowSolve:  Result Norm     :    2.9251076691440736E-004
FlowSolve:  Relative Change :    1.8875298445712135E-005
ComputeChange: SS (ITER=212) (NRM,RELC): ( 0.29250580E-03 0.18875047E-05 ) :: navier-stokes
SolveEquations: -------------------------------------
SolveEquations:  Coupled system iteration:          213
SolveEquations: -------------------------------------
HeatSolver: ------------------------------------------------
HeatSolver: Solving energy equation for temperature
HeatSolver: Heat solver iteration: 1
IterSolver: "Linear System GCR Restart" not given, setting it to 200
ComputeChange: NS (ITER=1) (NRM,RELC): (  294.98555     0.96002966E-09 ) :: heat equation
ComputeChange: SS (ITER=213) (NRM,RELC): (  294.98555     0.96003988E-10 ) :: heat equation
FlowSolve: 
FlowSolve: 
FlowSolve: -------------------------------------
FlowSolve:  NAVIER-STOKES ITERATION           1
FlowSolve: -------------------------------------
FlowSolve: 
FlowSolve: Starting Assembly...
FlowSolve: Assembly:
FlowSolve: Assembly done
FlowSolve: Dirichlet conditions done
BiCGStabl:        9 0.6434E-10 0.6434E-10
ComputeChange: NS (ITER=1) (NRM,RELC): ( 0.29251149E-03 0.19467744E-04 ) :: navier-stokes
FlowSolve: iter:    1 Assembly: (s)    0.01    0.01
FlowSolve: iter:    1 Solve:    (s)    0.00    0.00
FlowSolve:  Result Norm     :    2.9251149232758670E-004
FlowSolve:  Relative Change :    1.9467744402796046E-005
ComputeChange: SS (ITER=213) (NRM,RELC): ( 0.29250637E-03 0.19467510E-05 ) :: navier-stokes
SolveEquations: -------------------------------------
SolveEquations:  Coupled system iteration:          214
SolveEquations: -------------------------------------
HeatSolver: ------------------------------------------------
HeatSolver: Solving energy equation for temperature
HeatSolver: Heat solver iteration: 1
IterSolver: "Linear System GCR Restart" not given, setting it to 200
ComputeChange: NS (ITER=1) (NRM,RELC): (  294.98555     0.36912398E-09 ) :: heat equation
ComputeChange: SS (ITER=214) (NRM,RELC): (  294.98555     0.36911878E-10 ) :: heat equation
FlowSolve: 
FlowSolve: 
FlowSolve: -------------------------------------
FlowSolve:  NAVIER-STOKES ITERATION           1
FlowSolve: -------------------------------------
FlowSolve: 
FlowSolve: Starting Assembly...
FlowSolve: Assembly:
FlowSolve: Assembly done
FlowSolve: Dirichlet conditions done
BiCGStabl:        9 0.6821E-10 0.6821E-10
ComputeChange: NS (ITER=1) (NRM,RELC): ( 0.29251204E-03 0.19409836E-04 ) :: navier-stokes
FlowSolve: iter:    1 Assembly: (s)    0.01    0.01
FlowSolve: iter:    1 Solve:    (s)    0.00    0.00
FlowSolve:  Result Norm     :    2.9251204483638052E-004
FlowSolve:  Relative Change :    1.9409836379970175E-005
ComputeChange: SS (ITER=214) (NRM,RELC): ( 0.29250694E-03 0.19409625E-05 ) :: navier-stokes
SolveEquations: -------------------------------------
SolveEquations:  Coupled system iteration:          215
SolveEquations: -------------------------------------
HeatSolver: ------------------------------------------------
HeatSolver: Solving energy equation for temperature
HeatSolver: Heat solver iteration: 1
IterSolver: "Linear System GCR Restart" not given, setting it to 200
ComputeChange: NS (ITER=1) (NRM,RELC): (  294.98555     0.39362065E-09 ) :: heat equation
ComputeChange: SS (ITER=215) (NRM,RELC): (  294.98555     0.39362045E-10 ) :: heat equation
FlowSolve: 
FlowSolve: 
FlowSolve: -------------------------------------
FlowSolve:  NAVIER-STOKES ITERATION           1
FlowSolve: -------------------------------------
FlowSolve: 
FlowSolve: Starting Assembly...
FlowSolve: Assembly:
FlowSolve: Assembly done
FlowSolve: Dirichlet conditions done
BiCGStabl:        9 0.9368E-10 0.9368E-10
ComputeChange: NS (ITER=1) (NRM,RELC): ( 0.29251254E-03 0.19161254E-04 ) :: navier-stokes
FlowSolve: iter:    1 Assembly: (s)    0.01    0.01
FlowSolve: iter:    1 Solve:    (s)    0.00    0.00
FlowSolve:  Result Norm     :    2.9251253987837885E-004
FlowSolve:  Relative Change :    1.9161253985688409E-005
ComputeChange: SS (ITER=215) (NRM,RELC): ( 0.29250750E-03 0.19161065E-05 ) :: navier-stokes
SolveEquations: -------------------------------------
SolveEquations:  Coupled system iteration:          216
SolveEquations: -------------------------------------
HeatSolver: ------------------------------------------------
HeatSolver: Solving energy equation for temperature
HeatSolver: Heat solver iteration: 1
IterSolver: "Linear System GCR Restart" not given, setting it to 200
ComputeChange: NS (ITER=1) (NRM,RELC): (  294.98555     0.41229183E-09 ) :: heat equation
ComputeChange: SS (ITER=216) (NRM,RELC): (  294.98555     0.41229491E-10 ) :: heat equation
FlowSolve: 
FlowSolve: 
FlowSolve: -------------------------------------
FlowSolve:  NAVIER-STOKES ITERATION           1
FlowSolve: -------------------------------------
FlowSolve: 
FlowSolve: Starting Assembly...
FlowSolve: Assembly:
FlowSolve: Assembly done
FlowSolve: Dirichlet conditions done
BiCGStabl:        9 0.7890E-10 0.7890E-10
ComputeChange: NS (ITER=1) (NRM,RELC): ( 0.29251298E-03 0.18742979E-04 ) :: navier-stokes
FlowSolve: iter:    1 Assembly: (s)    0.01    0.01
FlowSolve: iter:    1 Solve:    (s)    0.00    0.00
FlowSolve:  Result Norm     :    2.9251297801333425E-004
FlowSolve:  Relative Change :    1.8742979393654699E-005
ComputeChange: SS (ITER=216) (NRM,RELC): ( 0.29250804E-03 0.18742812E-05 ) :: navier-stokes
SolveEquations: -------------------------------------
SolveEquations:  Coupled system iteration:          217
SolveEquations: -------------------------------------
HeatSolver: ------------------------------------------------
HeatSolver: Solving energy equation for temperature
HeatSolver: Heat solver iteration: 1
IterSolver: "Linear System GCR Restart" not given, setting it to 200
ComputeChange: NS (ITER=1) (NRM,RELC): (  294.98555     0.42633766E-09 ) :: heat equation
ComputeChange: SS (ITER=217) (NRM,RELC): (  294.98555     0.42633496E-10 ) :: heat equation
FlowSolve: 
FlowSolve: 
FlowSolve: -------------------------------------
FlowSolve:  NAVIER-STOKES ITERATION           1
FlowSolve: -------------------------------------
FlowSolve: 
FlowSolve: Starting Assembly...
FlowSolve: Assembly:
FlowSolve: Assembly done
FlowSolve: Dirichlet conditions done
BiCGStabl:        9 0.7804E-10 0.7804E-10
ComputeChange: NS (ITER=1) (NRM,RELC): ( 0.29251336E-03 0.18176242E-04 ) :: navier-stokes
FlowSolve: iter:    1 Assembly: (s)    0.01    0.01
FlowSolve: iter:    1 Solve:    (s)    0.00    0.00
FlowSolve:  Result Norm     :    2.9251336048719928E-004
FlowSolve:  Relative Change :    1.8176242314623374E-005
ComputeChange: SS (ITER=217) (NRM,RELC): ( 0.29250858E-03 0.18176094E-05 ) :: navier-stokes
SolveEquations: -------------------------------------
SolveEquations:  Coupled system iteration:          218
SolveEquations: -------------------------------------
HeatSolver: ------------------------------------------------
HeatSolver: Solving energy equation for temperature
HeatSolver: Heat solver iteration: 1
IterSolver: "Linear System GCR Restart" not given, setting it to 200
ComputeChange: NS (ITER=1) (NRM,RELC): (  294.98555     0.43686712E-09 ) :: heat equation
ComputeChange: SS (ITER=218) (NRM,RELC): (  294.98555     0.43687174E-10 ) :: heat equation
FlowSolve: 
FlowSolve: 
FlowSolve: -------------------------------------
FlowSolve:  NAVIER-STOKES ITERATION           1
FlowSolve: -------------------------------------
FlowSolve: 
FlowSolve: Starting Assembly...
FlowSolve: Assembly:
FlowSolve: Assembly done
FlowSolve: Dirichlet conditions done
BiCGStabl:        9 0.4787E-10 0.4787E-10
ComputeChange: NS (ITER=1) (NRM,RELC): ( 0.29251369E-03 0.17481178E-04 ) :: navier-stokes
FlowSolve: iter:    1 Assembly: (s)    0.01    0.01
FlowSolve: iter:    1 Solve:    (s)    0.00    0.00
FlowSolve:  Result Norm     :    2.9251368884674228E-004
FlowSolve:  Relative Change :    1.7481177737764682E-005
ComputeChange: SS (ITER=218) (NRM,RELC): ( 0.29250909E-03 0.17481047E-05 ) :: navier-stokes
SolveEquations: -------------------------------------
SolveEquations:  Coupled system iteration:          219
SolveEquations: -------------------------------------
HeatSolver: ------------------------------------------------
HeatSolver: Solving energy equation for temperature
HeatSolver: Heat solver iteration: 1
IterSolver: "Linear System GCR Restart" not given, setting it to 200
ComputeChange: NS (ITER=1) (NRM,RELC): (  294.98555     0.44446312E-09 ) :: heat equation
ComputeChange: SS (ITER=219) (NRM,RELC): (  294.98555     0.44445445E-10 ) :: heat equation
FlowSolve: 
FlowSolve: 
FlowSolve: -------------------------------------
FlowSolve:  NAVIER-STOKES ITERATION           1
FlowSolve: -------------------------------------
FlowSolve: 
FlowSolve: Starting Assembly...
FlowSolve: Assembly:
FlowSolve: Assembly done
FlowSolve: Dirichlet conditions done
BiCGStabl:        9 0.6352E-10 0.6352E-10
ComputeChange: NS (ITER=1) (NRM,RELC): ( 0.29251396E-03 0.16675575E-04 ) :: navier-stokes
FlowSolve: iter:    1 Assembly: (s)    0.01    0.01
FlowSolve: iter:    1 Solve:    (s)    0.00    0.00
FlowSolve:  Result Norm     :    2.9251396454153968E-004
FlowSolve:  Relative Change :    1.6675574762883411E-005
ComputeChange: SS (ITER=219) (NRM,RELC): ( 0.29250957E-03 0.16675461E-05 ) :: navier-stokes
SolveEquations: -------------------------------------
SolveEquations:  Coupled system iteration:          220
SolveEquations: -------------------------------------
HeatSolver: ------------------------------------------------
HeatSolver: Solving energy equation for temperature
HeatSolver: Heat solver iteration: 1
IterSolver: "Linear System GCR Restart" not given, setting it to 200
ComputeChange: NS (ITER=1) (NRM,RELC): (  294.98555      0.0000000     ) :: heat equation
ComputeChange: SS (ITER=220) (NRM,RELC): (  294.98555      0.0000000     ) :: heat equation
FlowSolve: 
FlowSolve: 
FlowSolve: -------------------------------------
FlowSolve:  NAVIER-STOKES ITERATION           1
FlowSolve: -------------------------------------
FlowSolve: 
FlowSolve: Starting Assembly...
FlowSolve: Assembly:
FlowSolve: Assembly done
FlowSolve: Dirichlet conditions done
BiCGStabl:        9 0.5909E-10 0.5909E-10
ComputeChange: NS (ITER=1) (NRM,RELC): ( 0.29251411E-03 0.15508592E-04 ) :: navier-stokes
FlowSolve: iter:    1 Assembly: (s)    0.01    0.01
FlowSolve: iter:    1 Solve:    (s)    0.00    0.00
FlowSolve:  Result Norm     :    2.9251411096338552E-004
FlowSolve:  Relative Change :    1.5508592158747348E-005
ComputeChange: SS (ITER=220) (NRM,RELC): ( 0.29251003E-03 0.15508494E-05 ) :: navier-stokes
SolveEquations: -------------------------------------
SolveEquations:  Coupled system iteration:          221
SolveEquations: -------------------------------------
HeatSolver: ------------------------------------------------
HeatSolver: Solving energy equation for temperature
HeatSolver: Heat solver iteration: 1
IterSolver: "Linear System GCR Restart" not given, setting it to 200
ComputeChange: NS (ITER=1) (NRM,RELC): (  294.98555     0.45151571E-09 ) :: heat equation
ComputeChange: SS (ITER=221) (NRM,RELC): (  294.98555     0.45151879E-10 ) :: heat equation
FlowSolve: 
FlowSolve: 
FlowSolve: -------------------------------------
FlowSolve:  NAVIER-STOKES ITERATION           1
FlowSolve: -------------------------------------
FlowSolve: 
FlowSolve: Starting Assembly...
FlowSolve: Assembly:
FlowSolve: Assembly done
FlowSolve: Dirichlet conditions done
BiCGStabl:        9 0.4120E-10 0.4120E-10
ComputeChange: NS (ITER=1) (NRM,RELC): ( 0.29251429E-03 0.14567988E-04 ) :: navier-stokes
FlowSolve: iter:    1 Assembly: (s)    0.01    0.01
FlowSolve: iter:    1 Solve:    (s)    0.00    0.00
FlowSolve:  Result Norm     :    2.9251428946887694E-004
FlowSolve:  Relative Change :    1.4567988350008011E-005
ComputeChange: SS (ITER=221) (NRM,RELC): ( 0.29251045E-03 0.14567904E-05 ) :: navier-stokes
SolveEquations: -------------------------------------
SolveEquations:  Coupled system iteration:          222
SolveEquations: -------------------------------------
HeatSolver: ------------------------------------------------
HeatSolver: Solving energy equation for temperature
HeatSolver: Heat solver iteration: 1
IterSolver: "Linear System GCR Restart" not given, setting it to 200
ComputeChange: NS (ITER=1) (NRM,RELC): (  294.98555     0.44889462E-09 ) :: heat equation
ComputeChange: SS (ITER=222) (NRM,RELC): (  294.98555     0.44889231E-10 ) :: heat equation
FlowSolve: 
FlowSolve: 
FlowSolve: -------------------------------------
FlowSolve:  NAVIER-STOKES ITERATION           1
FlowSolve: -------------------------------------
FlowSolve: 
FlowSolve: Starting Assembly...
FlowSolve: Assembly:
FlowSolve: Assembly done
FlowSolve: Dirichlet conditions done
BiCGStabl:        9 0.4485E-10 0.4485E-10
ComputeChange: NS (ITER=1) (NRM,RELC): ( 0.29251442E-03 0.13561429E-04 ) :: navier-stokes
FlowSolve: iter:    1 Assembly: (s)    0.01    0.01
FlowSolve: iter:    1 Solve:    (s)    0.00    0.00
FlowSolve:  Result Norm     :    2.9251442116797442E-004
FlowSolve:  Relative Change :    1.3561429201947245E-005
ComputeChange: SS (ITER=222) (NRM,RELC): ( 0.29251085E-03 0.13561357E-05 ) :: navier-stokes
SolveEquations: -------------------------------------
SolveEquations:  Coupled system iteration:          223
SolveEquations: -------------------------------------
HeatSolver: ------------------------------------------------
HeatSolver: Solving energy equation for temperature
HeatSolver: Heat solver iteration: 1
IterSolver: "Linear System GCR Restart" not given, setting it to 200
ComputeChange: NS (ITER=1) (NRM,RELC): (  294.98555     0.44194994E-09 ) :: heat equation
ComputeChange: SS (ITER=223) (NRM,RELC): (  294.98555     0.44195322E-10 ) :: heat equation
FlowSolve: 
FlowSolve: 
FlowSolve: -------------------------------------
FlowSolve:  NAVIER-STOKES ITERATION           1
FlowSolve: -------------------------------------
FlowSolve: 
FlowSolve: Starting Assembly...
FlowSolve: Assembly:
FlowSolve: Assembly done
FlowSolve: Dirichlet conditions done
BiCGStabl:        9 0.3965E-10 0.3965E-10
ComputeChange: NS (ITER=1) (NRM,RELC): ( 0.29251451E-03 0.12501367E-04 ) :: navier-stokes
FlowSolve: iter:    1 Assembly: (s)    0.01    0.01
FlowSolve: iter:    1 Solve:    (s)    0.01    0.01
FlowSolve:  Result Norm     :    2.9251450777363625E-004
FlowSolve:  Relative Change :    1.2501366588152645E-005
ComputeChange: SS (ITER=223) (NRM,RELC): ( 0.29251122E-03 0.12501305E-05 ) :: navier-stokes
SolveEquations: -------------------------------------
SolveEquations:  Coupled system iteration:          224
SolveEquations: -------------------------------------
HeatSolver: ------------------------------------------------
HeatSolver: Solving energy equation for temperature
HeatSolver: Heat solver iteration: 1
IterSolver: "Linear System GCR Restart" not given, setting it to 200
ComputeChange: NS (ITER=1) (NRM,RELC): (  294.98555     0.43071790E-09 ) :: heat equation
ComputeChange: SS (ITER=224) (NRM,RELC): (  294.98555     0.43072079E-10 ) :: heat equation
FlowSolve: 
FlowSolve: 
FlowSolve: -------------------------------------
FlowSolve:  NAVIER-STOKES ITERATION           1
FlowSolve: -------------------------------------
FlowSolve: 
FlowSolve: Starting Assembly...
FlowSolve: Assembly:
FlowSolve: Assembly done
FlowSolve: Dirichlet conditions done
BiCGStabl:        9 0.2092E-10 0.2092E-10
ComputeChange: NS (ITER=1) (NRM,RELC): ( 0.29251455E-03 0.11400737E-04 ) :: navier-stokes
FlowSolve: iter:    1 Assembly: (s)    0.01    0.01
FlowSolve: iter:    1 Solve:    (s)    0.00    0.00
FlowSolve:  Result Norm     :    2.9251455150482473E-004
FlowSolve:  Relative Change :    1.1400736948728044E-005
ComputeChange: SS (ITER=224) (NRM,RELC): ( 0.29251155E-03 0.11400686E-05 ) :: navier-stokes
SolveEquations: -------------------------------------
SolveEquations:  Coupled system iteration:          225
SolveEquations: -------------------------------------
HeatSolver: ------------------------------------------------
HeatSolver: Solving energy equation for temperature
HeatSolver: Heat solver iteration: 1
IterSolver: "Linear System GCR Restart" not given, setting it to 200
ComputeChange: NS (ITER=1) (NRM,RELC): (  294.98555     0.41549718E-09 ) :: heat equation
ComputeChange: SS (ITER=225) (NRM,RELC): (  294.98555     0.41549372E-10 ) :: heat equation
FlowSolve: 
FlowSolve: 
FlowSolve: -------------------------------------
FlowSolve:  NAVIER-STOKES ITERATION           1
FlowSolve: -------------------------------------
FlowSolve: 
FlowSolve: Starting Assembly...
FlowSolve: Assembly:
FlowSolve: Assembly done
FlowSolve: Dirichlet conditions done
BiCGStabl:        9 0.1629E-10 0.1629E-10
ComputeChange: NS (ITER=1) (NRM,RELC): ( 0.29251456E-03 0.10272827E-04 ) :: navier-stokes
FlowSolve: iter:    1 Assembly: (s)    0.01    0.01
FlowSolve: iter:    1 Solve:    (s)    0.00    0.00
FlowSolve:  Result Norm     :    2.9251455506129235E-004
FlowSolve:  Relative Change :    1.0272826644811165E-005
ComputeChange: SS (ITER=225) (NRM,RELC): ( 0.29251185E-03 0.10272784E-05 ) :: navier-stokes
SolveEquations: -------------------------------------
SolveEquations:  Coupled system iteration:          226
SolveEquations: -------------------------------------
HeatSolver: ------------------------------------------------
HeatSolver: Solving energy equation for temperature
HeatSolver: Heat solver iteration: 1
IterSolver: "Linear System GCR Restart" not given, setting it to 200
ComputeChange: NS (ITER=1) (NRM,RELC): (  294.98555     0.39675123E-09 ) :: heat equation
ComputeChange: SS (ITER=226) (NRM,RELC): (  294.98555     0.39675759E-10 ) :: heat equation
FlowSolve: 
FlowSolve: 
FlowSolve: -------------------------------------
FlowSolve:  NAVIER-STOKES ITERATION           1
FlowSolve: -------------------------------------
FlowSolve: 
FlowSolve: Starting Assembly...
FlowSolve: Assembly:
FlowSolve: Assembly done
FlowSolve: Dirichlet conditions done
BiCGStabl:        9 0.1326E-10 0.1326E-10
ComputeChange: NS (ITER=1) (NRM,RELC): ( 0.29251452E-03 0.91309608E-05 ) :: navier-stokes
FlowSolve: iter:    1 Assembly: (s)    0.01    0.01
FlowSolve: iter:    1 Solve:    (s)    0.00    0.00
FlowSolve:  Result Norm     :    2.9251452154280467E-004
FlowSolve:  Relative Change :    9.1309608311769988E-006
ComputeChange: SS (ITER=226) (NRM,RELC): ( 0.29251212E-03 0.91309255E-06 ) :: navier-stokes
SolveEquations: -------------------------------------
SolveEquations:  Coupled system iteration:          227
SolveEquations: -------------------------------------
HeatSolver: ------------------------------------------------
HeatSolver: Solving energy equation for temperature
HeatSolver: Heat solver iteration: 1
IterSolver: "Linear System GCR Restart" not given, setting it to 200
ComputeChange: NS (ITER=1) (NRM,RELC): (  294.98555     0.37501729E-09 ) :: heat equation
ComputeChange: SS (ITER=227) (NRM,RELC): (  294.98555     0.37501537E-10 ) :: heat equation
FlowSolve: 
FlowSolve: 
FlowSolve: -------------------------------------
FlowSolve:  NAVIER-STOKES ITERATION           1
FlowSolve: -------------------------------------
FlowSolve: 
FlowSolve: Starting Assembly...
FlowSolve: Assembly:
FlowSolve: Assembly done
FlowSolve: Dirichlet conditions done
BiCGStabl:        9 0.9119E-10 0.9119E-10
ComputeChange: NS (ITER=1) (NRM,RELC): ( 0.29251445E-03 0.79881349E-05 ) :: navier-stokes
FlowSolve: iter:    1 Assembly: (s)    0.01    0.01
FlowSolve: iter:    1 Solve:    (s)    0.00    0.00
FlowSolve:  Result Norm     :    2.9251445434247300E-004
FlowSolve:  Relative Change :    7.9881349333119726E-006
ComputeChange: SS (ITER=227) (NRM,RELC): ( 0.29251235E-03 0.79881061E-06 ) :: navier-stokes
SolveEquations: -------------------------------------
SolveEquations:  Coupled system iteration:          228
SolveEquations: -------------------------------------
HeatSolver: ------------------------------------------------
HeatSolver: Solving energy equation for temperature
HeatSolver: Heat solver iteration: 1
IterSolver: "Linear System GCR Restart" not given, setting it to 200
ComputeChange: NS (ITER=1) (NRM,RELC): (  294.98555     0.35085592E-09 ) :: heat equation
ComputeChange: SS (ITER=228) (NRM,RELC): (  294.98555     0.35084706E-10 ) :: heat equation
FlowSolve: 
FlowSolve: 
FlowSolve: -------------------------------------
FlowSolve:  NAVIER-STOKES ITERATION           1
FlowSolve: -------------------------------------
FlowSolve: 
FlowSolve: Starting Assembly...
FlowSolve: Assembly:
FlowSolve: Assembly done
FlowSolve: Dirichlet conditions done
BiCGStabl:        8 0.8950E-10 0.8950E-10
ComputeChange: NS (ITER=1) (NRM,RELC): ( 0.29251436E-03 0.68567069E-05 ) :: navier-stokes
FlowSolve: iter:    1 Assembly: (s)    0.01    0.01
FlowSolve: iter:    1 Solve:    (s)    0.00    0.00
FlowSolve:  Result Norm     :    2.9251435704708093E-004
FlowSolve:  Relative Change :    6.8567068875727256E-006
ComputeChange: SS (ITER=228) (NRM,RELC): ( 0.29251255E-03 0.68566836E-06 ) :: navier-stokes
SolveEquations: -------------------------------------
SolveEquations:  Coupled system iteration:          229
SolveEquations: -------------------------------------
HeatSolver: ------------------------------------------------
HeatSolver: Solving energy equation for temperature
HeatSolver: Heat solver iteration: 1
IterSolver: "Linear System GCR Restart" not given, setting it to 200
ComputeChange: NS (ITER=1) (NRM,RELC): (  294.98555     0.32481651E-09 ) :: heat equation
ComputeChange: SS (ITER=229) (NRM,RELC): (  294.98555     0.32482691E-10 ) :: heat equation
FlowSolve: 
FlowSolve: 
FlowSolve: -------------------------------------
FlowSolve:  NAVIER-STOKES ITERATION           1
FlowSolve: -------------------------------------
FlowSolve: 
FlowSolve: Starting Assembly...
FlowSolve: Assembly:
FlowSolve: Assembly done
FlowSolve: Dirichlet conditions done
BiCGStabl:        8 0.6321E-10 0.6321E-10
ComputeChange: NS (ITER=1) (NRM,RELC): ( 0.29251423E-03 0.57484678E-05 ) :: navier-stokes
FlowSolve: iter:    1 Assembly: (s)    0.01    0.01
FlowSolve: iter:    1 Solve:    (s)    0.00    0.00
FlowSolve:  Result Norm     :    2.9251423343909787E-004
FlowSolve:  Relative Change :    5.7484677868814436E-006
ComputeChange: SS (ITER=229) (NRM,RELC): ( 0.29251272E-03 0.57484492E-06 ) :: navier-stokes
SolveEquations: -------------------------------------
SolveEquations:  Coupled system iteration:          230
SolveEquations: -------------------------------------
HeatSolver: ------------------------------------------------
HeatSolver: Solving energy equation for temperature
HeatSolver: Heat solver iteration: 1
IterSolver: "Linear System GCR Restart" not given, setting it to 200
ComputeChange: NS (ITER=1) (NRM,RELC): (  294.98555     0.29742396E-09 ) :: heat equation
ComputeChange: SS (ITER=230) (NRM,RELC): (  294.98555     0.29742126E-10 ) :: heat equation
FlowSolve: 
FlowSolve: 
FlowSolve: -------------------------------------
FlowSolve:  NAVIER-STOKES ITERATION           1
FlowSolve: -------------------------------------
FlowSolve: 
FlowSolve: Starting Assembly...
FlowSolve: Assembly:
FlowSolve: Assembly done
FlowSolve: Dirichlet conditions done
BiCGStabl:        8 0.4908E-10 0.4908E-10
ComputeChange: NS (ITER=1) (NRM,RELC): ( 0.29251409E-03 0.46738550E-05 ) :: navier-stokes
FlowSolve: iter:    1 Assembly: (s)    0.01    0.01
FlowSolve: iter:    1 Solve:    (s)    0.00    0.00
FlowSolve:  Result Norm     :    2.9251408724991526E-004
FlowSolve:  Relative Change :    4.6738549835879951E-006
ComputeChange: SS (ITER=230) (NRM,RELC): ( 0.29251286E-03 0.46738404E-06 ) :: navier-stokes
SolveEquations: -------------------------------------
SolveEquations:  Coupled system iteration:          231
SolveEquations: -------------------------------------
HeatSolver: ------------------------------------------------
HeatSolver: Solving energy equation for temperature
HeatSolver: Heat solver iteration: 1
IterSolver: "Linear System GCR Restart" not given, setting it to 200
ComputeChange: NS (ITER=1) (NRM,RELC): (  294.98555     0.26916831E-09 ) :: heat equation
ComputeChange: SS (ITER=231) (NRM,RELC): (  294.98555     0.26917352E-10 ) :: heat equation
FlowSolve: 
FlowSolve: 
FlowSolve: -------------------------------------
FlowSolve:  NAVIER-STOKES ITERATION           1
FlowSolve: -------------------------------------
FlowSolve: 
FlowSolve: Starting Assembly...
FlowSolve: Assembly:
FlowSolve: Assembly done
FlowSolve: Dirichlet conditions done
BiCGStabl:        8 0.4370E-10 0.4370E-10
ComputeChange: NS (ITER=1) (NRM,RELC): ( 0.29251392E-03 0.36423116E-05 ) :: navier-stokes
FlowSolve: iter:    1 Assembly: (s)    0.01    0.01
FlowSolve: iter:    1 Solve:    (s)    0.00    0.00
FlowSolve:  Result Norm     :    2.9251392222542043E-004
FlowSolve:  Relative Change :    3.6423116460848100E-006
ComputeChange: SS (ITER=231) (NRM,RELC): ( 0.29251296E-03 0.36423005E-06 ) :: navier-stokes
SolveEquations: -------------------------------------
SolveEquations:  Coupled system iteration:          232
SolveEquations: -------------------------------------
HeatSolver: ------------------------------------------------
HeatSolver: Solving energy equation for temperature
HeatSolver: Heat solver iteration: 1
IterSolver: "Linear System GCR Restart" not given, setting it to 200
ComputeChange: NS (ITER=1) (NRM,RELC): (  294.98555     0.24050125E-09 ) :: heat equation
ComputeChange: SS (ITER=232) (NRM,RELC): (  294.98555     0.24049991E-10 ) :: heat equation
FlowSolve: 
FlowSolve: 
FlowSolve: -------------------------------------
FlowSolve:  NAVIER-STOKES ITERATION           1
FlowSolve: -------------------------------------
FlowSolve: 
FlowSolve: Starting Assembly...
FlowSolve: Assembly:
FlowSolve: Assembly done
FlowSolve: Dirichlet conditions done
BiCGStabl:        8 0.4136E-10 0.4136E-10
ComputeChange: NS (ITER=1) (NRM,RELC): ( 0.29251374E-03 0.26620948E-05 ) :: navier-stokes
FlowSolve: iter:    1 Assembly: (s)    0.01    0.01
FlowSolve: iter:    1 Solve:    (s)    0.00    0.00
FlowSolve:  Result Norm     :    2.9251374204074818E-004
FlowSolve:  Relative Change :    2.6620947557111312E-006
ComputeChange: SS (ITER=232) (NRM,RELC): ( 0.29251304E-03 0.26620864E-06 ) :: navier-stokes
SolveEquations: -------------------------------------
SolveEquations:  Coupled system iteration:          233
SolveEquations: -------------------------------------
HeatSolver: ------------------------------------------------
HeatSolver: Solving energy equation for temperature
HeatSolver: Heat solver iteration: 1
IterSolver: "Linear System GCR Restart" not given, setting it to 200
ComputeChange: NS (ITER=1) (NRM,RELC): (  294.98555     0.21183593E-09 ) :: heat equation
ComputeChange: SS (ITER=233) (NRM,RELC): (  294.98555     0.21183786E-10 ) :: heat equation
FlowSolve: 
FlowSolve: 
FlowSolve: -------------------------------------
FlowSolve:  NAVIER-STOKES ITERATION           1
FlowSolve: -------------------------------------
FlowSolve: 
FlowSolve: Starting Assembly...
FlowSolve: Assembly:
FlowSolve: Assembly done
FlowSolve: Dirichlet conditions done
BiCGStabl:        8 0.4414E-10 0.4414E-10
ComputeChange: NS (ITER=1) (NRM,RELC): ( 0.29251355E-03 0.17402244E-05 ) :: navier-stokes
FlowSolve: iter:    1 Assembly: (s)    0.01    0.01
FlowSolve: iter:    1 Solve:    (s)    0.00    0.00
FlowSolve:  Result Norm     :    2.9251355025074395E-004
FlowSolve:  Relative Change :    1.7402243800160742E-006
ComputeChange: SS (ITER=233) (NRM,RELC): ( 0.29251309E-03 0.17402184E-06 ) :: navier-stokes
SolveEquations: -------------------------------------
SolveEquations:  Coupled system iteration:          234
SolveEquations: -------------------------------------
HeatSolver: ------------------------------------------------
HeatSolver: Solving energy equation for temperature
HeatSolver: Heat solver iteration: 1
IterSolver: "Linear System GCR Restart" not given, setting it to 200
ComputeChange: NS (ITER=1) (NRM,RELC): (  294.98555     0.19269899E-15 ) :: heat equation
ComputeChange: SS (ITER=234) (NRM,RELC): (  294.98555      0.0000000     ) :: heat equation
FlowSolve: 
FlowSolve: 
FlowSolve: -------------------------------------
FlowSolve:  NAVIER-STOKES ITERATION           1
FlowSolve: -------------------------------------
FlowSolve: 
FlowSolve: Starting Assembly...
FlowSolve: Assembly:
FlowSolve: Assembly done
FlowSolve: Dirichlet conditions done
BiCGStabl:        8 0.4105E-10 0.4105E-10
ComputeChange: NS (ITER=1) (NRM,RELC): ( 0.29251357E-03 0.16184582E-05 ) :: navier-stokes
FlowSolve: iter:    1 Assembly: (s)    0.01    0.01
FlowSolve: iter:    1 Solve:    (s)    0.00    0.00
FlowSolve:  Result Norm     :    2.9251356553622099E-004
FlowSolve:  Relative Change :    1.6184581562382533E-006
ComputeChange: SS (ITER=234) (NRM,RELC): ( 0.29251314E-03 0.16184530E-06 ) :: navier-stokes
SolveEquations: -------------------------------------
SolveEquations:  Coupled system iteration:          235
SolveEquations: -------------------------------------
HeatSolver: ------------------------------------------------
HeatSolver: Solving energy equation for temperature
HeatSolver: Heat solver iteration: 1
IterSolver: "Linear System GCR Restart" not given, setting it to 200
ComputeChange: NS (ITER=1) (NRM,RELC): (  294.98555      0.0000000     ) :: heat equation
ComputeChange: SS (ITER=235) (NRM,RELC): (  294.98555      0.0000000     ) :: heat equation
FlowSolve: 
FlowSolve: 
FlowSolve: -------------------------------------
FlowSolve:  NAVIER-STOKES ITERATION           1
FlowSolve: -------------------------------------
FlowSolve: 
FlowSolve: Starting Assembly...
FlowSolve: Assembly:
FlowSolve: Assembly done
FlowSolve: Dirichlet conditions done
BiCGStabl:        8 0.3817E-10 0.3817E-10
ComputeChange: NS (ITER=1) (NRM,RELC): ( 0.29251358E-03 0.15052121E-05 ) :: navier-stokes
FlowSolve: iter:    1 Assembly: (s)    0.01    0.01
FlowSolve: iter:    1 Solve:    (s)    0.00    0.00
FlowSolve:  Result Norm     :    2.9251357975214576E-004
FlowSolve:  Relative Change :    1.5052120521845728E-006
ComputeChange: SS (ITER=235) (NRM,RELC): ( 0.29251318E-03 0.15052076E-06 ) :: navier-stokes
SolveEquations: -------------------------------------
SolveEquations:  Coupled system iteration:          236
SolveEquations: -------------------------------------
HeatSolver: ------------------------------------------------
HeatSolver: Solving energy equation for temperature
HeatSolver: Heat solver iteration: 1
IterSolver: "Linear System GCR Restart" not given, setting it to 200
ComputeChange: NS (ITER=1) (NRM,RELC): (  294.98555     0.17498090E-09 ) :: heat equation
ComputeChange: SS (ITER=236) (NRM,RELC): (  294.98555     0.17497261E-10 ) :: heat equation
FlowSolve: 
FlowSolve: 
FlowSolve: -------------------------------------
FlowSolve:  NAVIER-STOKES ITERATION           1
FlowSolve: -------------------------------------
FlowSolve: 
FlowSolve: Starting Assembly...
FlowSolve: Assembly:
FlowSolve: Assembly done
FlowSolve: Dirichlet conditions done
BiCGStabl:        8 0.9668E-10 0.9668E-10
ComputeChange: NS (ITER=1) (NRM,RELC): ( 0.29251337E-03 0.62361023E-06 ) :: navier-stokes
FlowSolve: iter:    1 Assembly: (s)    0.01    0.01
FlowSolve: iter:    1 Solve:    (s)    0.00    0.00
FlowSolve:  Result Norm     :    2.9251336590108417E-004
FlowSolve:  Relative Change :    6.2361022638811831E-007
ComputeChange: SS (ITER=236) (NRM,RELC): ( 0.29251320E-03 0.62360749E-07 ) :: navier-stokes
MAIN: 
MAIN: -------------------------------------
MAIN: Time: 2/3:   2.000E+02
MAIN: Estimated time left:  8.8 seconds
MAIN: -------------------------------------
MAIN: 
SolveEquations: -------------------------------------
SolveEquations:  Coupled system iteration:            1
SolveEquations: -------------------------------------
HeatSolver: ------------------------------------------------
HeatSolver: Solving energy equation for temperature
HeatSolver: Heat solver iteration: 1
IterSolver: "Linear System GCR Restart" not given, setting it to 200
   gcr:    10  0.2839E-06  0.3032E-06
ComputeChange: NS (ITER=1) (NRM,RELC): (  294.97551     0.34027344E-04 ) :: heat equation
ComputeChange: SS (ITER=1) (NRM,RELC): (  294.98455     0.34056408E-05 ) :: heat equation
FlowSolve: 
FlowSolve: 
FlowSolve: -------------------------------------
FlowSolve:  NAVIER-STOKES ITERATION           1
FlowSolve: -------------------------------------
FlowSolve: 
FlowSolve: Starting Assembly...
FlowSolve: Assembly:
FlowSolve: Assembly done
FlowSolve: Dirichlet conditions done
      10 0.3323E-09 0.3323E-09
BiCGStabl:       11 0.3127E-10 0.3127E-10
ComputeChange: NS (ITER=1) (NRM,RELC): ( 0.29316718E-03 0.22332336E-02 ) :: navier-stokes
FlowSolve: iter:    1 Assembly: (s)    0.01    0.01
FlowSolve: iter:    1 Solve:    (s)    0.01    0.01
FlowSolve:  Result Norm     :    2.9316718228209696E-004
FlowSolve:  Relative Change :    2.2332335922283005E-003
ComputeChange: SS (ITER=1) (NRM,RELC): ( 0.29257850E-03 0.22322352E-03 ) :: navier-stokes
SolveEquations: -------------------------------------
SolveEquations:  Coupled system iteration:            2
SolveEquations: -------------------------------------
HeatSolver: ------------------------------------------------
HeatSolver: Solving energy equation for temperature
HeatSolver: Heat solver iteration: 1
IterSolver: "Linear System GCR Restart" not given, setting it to 200
   gcr:    10  0.2651E-06  0.2827E-06
ComputeChange: NS (ITER=1) (NRM,RELC): (  294.97519     0.31710000E-04 ) :: heat equation
ComputeChange: SS (ITER=2) (NRM,RELC): (  294.98361     0.31735170E-05 ) :: heat equation
FlowSolve: 
FlowSolve: 
FlowSolve: -------------------------------------
FlowSolve:  NAVIER-STOKES ITERATION           1
FlowSolve: -------------------------------------
FlowSolve: 
FlowSolve: Starting Assembly...
FlowSolve: Assembly:
FlowSolve: Assembly done
FlowSolve: Dirichlet conditions done
      10 0.9767E-10 0.9767E-10
BiCGStabl:       10 0.9767E-10 0.9767E-10
ComputeChange: NS (ITER=1) (NRM,RELC): ( 0.28978372E-03 0.95981017E-02 ) :: navier-stokes
FlowSolve: iter:    1 Assembly: (s)    0.01    0.01
FlowSolve: iter:    1 Solve:    (s)    0.01    0.01
FlowSolve:  Result Norm     :    2.8978371892733542E-004
FlowSolve:  Relative Change :    9.5981016673789554E-003
ComputeChange: SS (ITER=2) (NRM,RELC): ( 0.29229729E-03 0.96163578E-03 ) :: navier-stokes
SolveEquations: -------------------------------------
SolveEquations:  Coupled system iteration:            3
SolveEquations: -------------------------------------
HeatSolver: ------------------------------------------------
HeatSolver: Solving energy equation for temperature
HeatSolver: Heat solver iteration: 1
IterSolver: "Linear System GCR Restart" not given, setting it to 200
   gcr:    10  0.2472E-06  0.2643E-06
ComputeChange: NS (ITER=1) (NRM,RELC): (  294.97491     0.29503718E-04 ) :: heat equation
ComputeChange: SS (ITER=3) (NRM,RELC): (  294.98274     0.29525690E-05 ) :: heat equation
FlowSolve: 
FlowSolve: 
FlowSolve: -------------------------------------
FlowSolve:  NAVIER-STOKES ITERATION           1
FlowSolve: -------------------------------------
FlowSolve: 
FlowSolve: Starting Assembly...
FlowSolve: Assembly:
FlowSolve: Assembly done
FlowSolve: Dirichlet conditions done
      10 0.1936E-09 0.1936E-09
BiCGStabl:       11 0.9017E-10 0.9017E-10
ComputeChange: NS (ITER=1) (NRM,RELC): ( 0.28659179E-03 0.19711885E-01 ) :: navier-stokes
FlowSolve: iter:    1 Assembly: (s)    0.01    0.01
FlowSolve: iter:    1 Solve:    (s)    0.01    0.01
FlowSolve:  Result Norm     :    2.8659178880035072E-004
FlowSolve:  Relative Change :    1.9711884529455468E-002
ComputeChange: SS (ITER=3) (NRM,RELC): ( 0.29172178E-03 0.19708323E-02 ) :: navier-stokes
SolveEquations: -------------------------------------
SolveEquations:  Coupled system iteration:            4
SolveEquations: -------------------------------------
HeatSolver: ------------------------------------------------
HeatSolver: Solving energy equation for temperature
HeatSolver: Heat solver iteration: 1
IterSolver: "Linear System GCR Restart" not given, setting it to 200
   gcr:    10  0.2301E-06  0.2475E-06
ComputeChange: NS (ITER=1) (NRM,RELC): (  294.97465     0.27407154E-04 ) :: heat equation
ComputeChange: SS (ITER=4) (NRM,RELC): (  294.98193     0.27426492E-05 ) :: heat equation
FlowSolve: 
FlowSolve: 
FlowSolve: -------------------------------------
FlowSolve:  NAVIER-STOKES ITERATION           1
FlowSolve: -------------------------------------
FlowSolve: 
FlowSolve: Starting Assembly...
FlowSolve: Assembly:
FlowSolve: Assembly done
FlowSolve: Dirichlet conditions done
      10 0.1538E-09 0.1538E-09
BiCGStabl:       11 0.6777E-10 0.6777E-10
ComputeChange: NS (ITER=1) (NRM,RELC): ( 0.28361361E-03 0.28185900E-01 ) :: navier-stokes
FlowSolve: iter:    1 Assembly: (s)    0.01    0.01
FlowSolve: iter:    1 Solve:    (s)    0.01    0.01
FlowSolve:  Result Norm     :    2.8361361131639149E-004
FlowSolve:  Relative Change :    2.8185900020153930E-002
ComputeChange: SS (ITER=4) (NRM,RELC): ( 0.29090201E-03 0.28140899E-02 ) :: navier-stokes
SolveEquations: -------------------------------------
SolveEquations:  Coupled system iteration:            5
SolveEquations: -------------------------------------
HeatSolver: ------------------------------------------------
HeatSolver: Solving energy equation for temperature
HeatSolver: Heat solver iteration: 1
IterSolver: "Linear System GCR Restart" not given, setting it to 200
   gcr:    10  0.2136E-06  0.2323E-06
ComputeChange: NS (ITER=1) (NRM,RELC): (  294.97443     0.25418377E-04 ) :: heat equation
ComputeChange: SS (ITER=5) (NRM,RELC): (  294.98118     0.25435543E-05 ) :: heat equation
FlowSolve: 
FlowSolve: 
FlowSolve: -------------------------------------
FlowSolve:  NAVIER-STOKES ITERATION           1
FlowSolve: -------------------------------------
FlowSolve: 
FlowSolve: Starting Assembly...
FlowSolve: Assembly:
FlowSolve: Assembly done
FlowSolve: Dirichlet conditions done
      10 0.2938E-09 0.2938E-09
BiCGStabl:       11 0.2322E-10 0.2322E-10
ComputeChange: NS (ITER=1) (NRM,RELC): ( 0.28086603E-03 0.35105074E-01 ) :: navier-stokes
FlowSolve: iter:    1 Assembly: (s)    0.01    0.01
FlowSolve: iter:    1 Solve:    (s)    0.01    0.01
FlowSolve:  Result Norm     :    2.8086602696789906E-004
FlowSolve:  Relative Change :    3.5105073614774752E-002
ComputeChange: SS (ITER=5) (NRM,RELC): ( 0.28988526E-03 0.35012861E-02 ) :: navier-stokes
SolveEquations: -------------------------------------
SolveEquations:  Coupled system iteration:            6
SolveEquations: -------------------------------------
HeatSolver: ------------------------------------------------
HeatSolver: Solving energy equation for temperature
HeatSolver: Heat solver iteration: 1
IterSolver: "Linear System GCR Restart" not given, setting it to 200
   gcr:    10  0.1973E-06  0.2182E-06
ComputeChange: NS (ITER=1) (NRM,RELC): (  294.97424     0.23535073E-04 ) :: heat equation
ComputeChange: SS (ITER=6) (NRM,RELC): (  294.98049     0.23550450E-05 ) :: heat equation
FlowSolve: 
FlowSolve: 
FlowSolve: -------------------------------------
FlowSolve:  NAVIER-STOKES ITERATION           1
FlowSolve: -------------------------------------
FlowSolve: 
FlowSolve: Starting Assembly...
FlowSolve: Assembly:
FlowSolve: Assembly done
FlowSolve: Dirichlet conditions done
      10 0.3315E-09 0.3315E-09
BiCGStabl:       11 0.4869E-10 0.4869E-10
ComputeChange: NS (ITER=1) (NRM,RELC): ( 0.27836142E-03 0.40559268E-01 ) :: navier-stokes
FlowSolve: iter:    1 Assembly: (s)    0.01    0.01
FlowSolve: iter:    1 Solve:    (s)    0.01    0.01
FlowSolve:  Result Norm     :    2.7836142059038460E-004
FlowSolve:  Relative Change :    4.0559268169064341E-002
ComputeChange: SS (ITER=6) (NRM,RELC): ( 0.28871581E-03 0.40423158E-02 ) :: navier-stokes
SolveEquations: -------------------------------------
SolveEquations:  Coupled system iteration:            7
SolveEquations: -------------------------------------
HeatSolver: ------------------------------------------------
HeatSolver: Solving energy equation for temperature
HeatSolver: Heat solver iteration: 1
IterSolver: "Linear System GCR Restart" not given, setting it to 200
   gcr:    10  0.1810E-06  0.2051E-06
ComputeChange: NS (ITER=1) (NRM,RELC): (  294.97407     0.21737225E-04 ) :: heat equation
ComputeChange: SS (ITER=7) (NRM,RELC): (  294.97984     0.21751131E-05 ) :: heat equation
FlowSolve: 
FlowSolve: 
FlowSolve: -------------------------------------
FlowSolve:  NAVIER-STOKES ITERATION           1
FlowSolve: -------------------------------------
FlowSolve: 
FlowSolve: Starting Assembly...
FlowSolve: Assembly:
FlowSolve: Assembly done
FlowSolve: Dirichlet conditions done
      10 0.5849E-09 0.5849E-09
BiCGStabl:       11 0.8565E-10 0.8565E-10
ComputeChange: NS (ITER=1) (NRM,RELC): ( 0.27610840E-03 0.44641909E-01 ) :: navier-stokes
FlowSolve: iter:    1 Assembly: (s)    0.01    0.01
FlowSolve: iter:    1 Solve:    (s)    0.01    0.01
FlowSolve:  Result Norm     :    2.7610839577478654E-004
FlowSolve:  Relative Change :    4.4641908790980699E-002
ComputeChange: SS (ITER=7) (NRM,RELC): ( 0.28743473E-03 0.44470493E-02 ) :: navier-stokes
SolveEquations: -------------------------------------
SolveEquations:  Coupled system iteration:            8
SolveEquations: -------------------------------------
HeatSolver: ------------------------------------------------
HeatSolver: Solving energy equation for temperature
HeatSolver: Heat solver iteration: 1
IterSolver: "Linear System GCR Restart" not given, setting it to 200
   gcr:    10  0.1648E-06  0.1929E-06
ComputeChange: NS (ITER=1) (NRM,RELC): (  294.97393     0.20062271E-04 ) :: heat equation
ComputeChange: SS (ITER=8) (NRM,RELC): (  294.97925     0.20074970E-05 ) :: heat equation
FlowSolve: 
FlowSolve: 
FlowSolve: -------------------------------------
FlowSolve:  NAVIER-STOKES ITERATION           1
FlowSolve: -------------------------------------
FlowSolve: 
FlowSolve: Starting Assembly...
FlowSolve: Assembly:
FlowSolve: Assembly done
FlowSolve: Dirichlet conditions done
      10 0.1264E-08 0.1264E-08
BiCGStabl:       12 0.2922E-10 0.2922E-10
ComputeChange: NS (ITER=1) (NRM,RELC): ( 0.27411213E-03 0.47449649E-01 ) :: navier-stokes
FlowSolve: iter:    1 Assembly: (s)    0.01    0.01
FlowSolve: iter:    1 Solve:    (s)    0.01    0.01
FlowSolve:  Result Norm     :    2.7411212582334861E-004
FlowSolve:  Relative Change :    4.7449648526017116E-002
ComputeChange: SS (ITER=8) (NRM,RELC): ( 0.28607969E-03 0.47253930E-02 ) :: navier-stokes
SolveEquations: -------------------------------------
SolveEquations:  Coupled system iteration:            9
SolveEquations: -------------------------------------
HeatSolver: ------------------------------------------------
HeatSolver: Solving energy equation for temperature
HeatSolver: Heat solver iteration: 1
IterSolver: "Linear System GCR Restart" not given, setting it to 200
   gcr:    10  0.1488E-06  0.1816E-06
ComputeChange: NS (ITER=1) (NRM,RELC): (  294.97380     0.18484101E-04 ) :: heat equation
ComputeChange: SS (ITER=9) (NRM,RELC): (  294.97871     0.18495812E-05 ) :: heat equation
FlowSolve: 
FlowSolve: 
FlowSolve: -------------------------------------
FlowSolve:  NAVIER-STOKES ITERATION           1
FlowSolve: -------------------------------------
FlowSolve: 
FlowSolve: Starting Assembly...
FlowSolve: Assembly:
FlowSolve: Assembly done
FlowSolve: Dirichlet conditions done
      10 0.8492E-09 0.8492E-09
BiCGStabl:       12 0.2516E-10 0.2516E-10
ComputeChange: NS (ITER=1) (NRM,RELC): ( 0.27237472E-03 0.49081757E-01 ) :: navier-stokes
FlowSolve: iter:    1 Assembly: (s)    0.01    0.01
FlowSolve: iter:    1 Solve:    (s)    0.01    0.01
FlowSolve:  Result Norm     :    2.7237472392408943E-004
FlowSolve:  Relative Change :    4.9081756859013476E-002
ComputeChange: SS (ITER=9) (NRM,RELC): ( 0.28468493E-03 0.48873162E-02 ) :: navier-stokes
SolveEquations: -------------------------------------
SolveEquations:  Coupled system iteration:           10
SolveEquations: -------------------------------------
HeatSolver: ------------------------------------------------
HeatSolver: Solving energy equation for temperature
HeatSolver: Heat solver iteration: 1
IterSolver: "Linear System GCR Restart" not given, setting it to 200
   gcr:    10  0.1337E-06  0.1708E-06
ComputeChange: NS (ITER=1) (NRM,RELC): (  294.97369     0.17000039E-04 ) :: heat equation
ComputeChange: SS (ITER=10) (NRM,RELC): (  294.97820     0.17010940E-05 ) :: heat equation
FlowSolve: 
FlowSolve: 
FlowSolve: -------------------------------------
FlowSolve:  NAVIER-STOKES ITERATION           1
FlowSolve: -------------------------------------
FlowSolve: 
FlowSolve: Starting Assembly...
FlowSolve: Assembly:
FlowSolve: Assembly done
FlowSolve: Dirichlet conditions done
      10 0.1107E-08 0.1107E-08
BiCGStabl:       11 0.9979E-10 0.9979E-10
ComputeChange: NS (ITER=1) (NRM,RELC): ( 0.27089539E-03 0.49640142E-01 ) :: navier-stokes
FlowSolve: iter:    1 Assembly: (s)    0.01    0.01
FlowSolve: iter:    1 Solve:    (s)    0.01    0.01
FlowSolve:  Result Norm     :    2.7089538901219708E-004
FlowSolve:  Relative Change :    4.9640142283350272E-002
ComputeChange: SS (ITER=10) (NRM,RELC): ( 0.28328122E-03 0.49429293E-02 ) :: navier-stokes
SolveEquations: -------------------------------------
SolveEquations:  Coupled system iteration:           11
SolveEquations: -------------------------------------
HeatSolver: ------------------------------------------------
HeatSolver: Solving energy equation for temperature
HeatSolver: Heat solver iteration: 1
IterSolver: "Linear System GCR Restart" not given, setting it to 200
   gcr:    10  0.1199E-06  0.1602E-06
ComputeChange: NS (ITER=1) (NRM,RELC): (  294.97360     0.15607475E-04 ) :: heat equation
ComputeChange: SS (ITER=11) (NRM,RELC): (  294.97774     0.15617705E-05 ) :: heat equation
FlowSolve: 
FlowSolve: 
FlowSolve: -------------------------------------
FlowSolve:  NAVIER-STOKES ITERATION           1
FlowSolve: -------------------------------------
FlowSolve: 
FlowSolve: Starting Assembly...
FlowSolve: Assembly:
FlowSolve: Assembly done
FlowSolve: Dirichlet conditions done
      10 0.5542E-09 0.5542E-09
BiCGStabl:       12 0.7779E-10 0.7779E-10
ComputeChange: NS (ITER=1) (NRM,RELC): ( 0.26967051E-03 0.49229305E-01 ) :: navier-stokes
FlowSolve: iter:    1 Assembly: (s)    0.01    0.01
FlowSolve: iter:    1 Solve:    (s)    0.01    0.01
FlowSolve:  Result Norm     :    2.6967050912243162E-004
FlowSolve:  Relative Change :    4.9229304787852188E-002
ComputeChange: SS (ITER=11) (NRM,RELC): ( 0.28189582E-03 0.49025396E-02 ) :: navier-stokes
SolveEquations: -------------------------------------
SolveEquations:  Coupled system iteration:           12
SolveEquations: -------------------------------------
HeatSolver: ------------------------------------------------
HeatSolver: Solving energy equation for temperature
HeatSolver: Heat solver iteration: 1
IterSolver: "Linear System GCR Restart" not given, setting it to 200
   gcr:    10  0.1077E-06  0.1492E-06
ComputeChange: NS (ITER=1) (NRM,RELC): (  294.97352     0.14303851E-04 ) :: heat equation
ComputeChange: SS (ITER=12) (NRM,RELC): (  294.97732     0.14313519E-05 ) :: heat equation
FlowSolve: 
FlowSolve: 
FlowSolve: -------------------------------------
FlowSolve:  NAVIER-STOKES ITERATION           1
FlowSolve: -------------------------------------
FlowSolve: 
FlowSolve: Starting Assembly...
FlowSolve: Assembly:
FlowSolve: Assembly done
FlowSolve: Dirichlet conditions done
      10 0.5576E-09 0.5576E-09
BiCGStabl:       12 0.8888E-10 0.8888E-10
ComputeChange: NS (ITER=1) (NRM,RELC): ( 0.26869373E-03 0.47956211E-01 ) :: navier-stokes
FlowSolve: iter:    1 Assembly: (s)    0.01    0.01
FlowSolve: iter:    1 Solve:    (s)    0.01    0.01
FlowSolve:  Result Norm     :    2.6869372812132010E-004
FlowSolve:  Relative Change :    4.7956210803209179E-002
ComputeChange: SS (ITER=12) (NRM,RELC): ( 0.28055250E-03 0.47766825E-02 ) :: navier-stokes
SolveEquations: -------------------------------------
SolveEquations:  Coupled system iteration:           13
SolveEquations: -------------------------------------
HeatSolver: ------------------------------------------------
HeatSolver: Solving energy equation for temperature
HeatSolver: Heat solver iteration: 1
IterSolver: "Linear System GCR Restart" not given, setting it to 200
   gcr:    10  0.9695E-07  0.1379E-06
ComputeChange: NS (ITER=1) (NRM,RELC): (  294.97347     0.13061556E-04 ) :: heat equation
ComputeChange: SS (ITER=13) (NRM,RELC): (  294.97694     0.13070738E-05 ) :: heat equation
FlowSolve: 
FlowSolve: 
FlowSolve: -------------------------------------
FlowSolve:  NAVIER-STOKES ITERATION           1
FlowSolve: -------------------------------------
FlowSolve: 
FlowSolve: Starting Assembly...
FlowSolve: Assembly:
FlowSolve: Assembly done
FlowSolve: Dirichlet conditions done
      10 0.1317E-08 0.1317E-08
BiCGStabl:       12 0.4779E-10 0.4779E-10
ComputeChange: NS (ITER=1) (NRM,RELC): ( 0.26795601E-03 0.45929991E-01 ) :: navier-stokes
FlowSolve: iter:    1 Assembly: (s)    0.01    0.01
FlowSolve: iter:    1 Solve:    (s)    0.01    0.01
FlowSolve:  Result Norm     :    2.6795600846658536E-004
FlowSolve:  Relative Change :    4.5929990558209018E-002
ComputeChange: SS (ITER=13) (NRM,RELC): ( 0.27927159E-03 0.45761190E-02 ) :: navier-stokes
SolveEquations: -------------------------------------
SolveEquations:  Coupled system iteration:           14
SolveEquations: -------------------------------------
HeatSolver: ------------------------------------------------
HeatSolver: Solving energy equation for temperature
HeatSolver: Heat solver iteration: 1
IterSolver: "Linear System GCR Restart" not given, setting it to 200
   gcr:    10  0.8756E-07  0.1265E-06
ComputeChange: NS (ITER=1) (NRM,RELC): (  294.97342     0.11929701E-04 ) :: heat equation
ComputeChange: SS (ITER=14) (NRM,RELC): (  294.97658     0.11938448E-05 ) :: heat equation
FlowSolve: 
FlowSolve: 
FlowSolve: -------------------------------------
FlowSolve:  NAVIER-STOKES ITERATION           1
FlowSolve: -------------------------------------
FlowSolve: 
FlowSolve: Starting Assembly...
FlowSolve: Assembly:
FlowSolve: Assembly done
FlowSolve: Dirichlet conditions done
      10 0.2568E-08 0.2568E-08
BiCGStabl:       12 0.5948E-10 0.5948E-10
ComputeChange: NS (ITER=1) (NRM,RELC): ( 0.26744570E-03 0.43261470E-01 ) :: navier-stokes
FlowSolve: iter:    1 Assembly: (s)    0.01    0.01
FlowSolve: iter:    1 Solve:    (s)    0.01    0.01
FlowSolve:  Result Norm     :    2.6744569619120933E-004
FlowSolve:  Relative Change :    4.3261470072836039E-002
ComputeChange: SS (ITER=14) (NRM,RELC): ( 0.27807002E-03 0.43118004E-02 ) :: navier-stokes
SolveEquations: -------------------------------------
SolveEquations:  Coupled system iteration:           15
SolveEquations: -------------------------------------
HeatSolver: ------------------------------------------------
HeatSolver: Solving energy equation for temperature
HeatSolver: Heat solver iteration: 1
IterSolver: "Linear System GCR Restart" not given, setting it to 200
   gcr:    10  0.7922E-07  0.1153E-06
ComputeChange: NS (ITER=1) (NRM,RELC): (  294.97337     0.10880277E-04 ) :: heat equation
ComputeChange: SS (ITER=15) (NRM,RELC): (  294.97626     0.10888616E-05 ) :: heat equation
FlowSolve: 
FlowSolve: 
FlowSolve: -------------------------------------
FlowSolve:  NAVIER-STOKES ITERATION           1
FlowSolve: -------------------------------------
FlowSolve: 
FlowSolve: Starting Assembly...
FlowSolve: Assembly:
FlowSolve: Assembly done
FlowSolve: Dirichlet conditions done
      10 0.6639E-08 0.6639E-08
BiCGStabl:       12 0.9414E-10 0.9414E-10
ComputeChange: NS (ITER=1) (NRM,RELC): ( 0.26714870E-03 0.40062149E-01 ) :: navier-stokes
FlowSolve: iter:    1 Assembly: (s)    0.01    0.01
FlowSolve: iter:    1 Solve:    (s)    0.01    0.01
FlowSolve:  Result Norm     :    2.6714870331310647E-004
FlowSolve:  Relative Change :    4.0062148788370160E-002
ComputeChange: SS (ITER=15) (NRM,RELC): ( 0.27696141E-03 0.39947674E-02 ) :: navier-stokes
SolveEquations: -------------------------------------
SolveEquations:  Coupled system iteration:           16
SolveEquations: -------------------------------------
HeatSolver: ------------------------------------------------
HeatSolver: Solving energy equation for temperature
HeatSolver: Heat solver iteration: 1
IterSolver: "Linear System GCR Restart" not given, setting it to 200
   gcr:    10  0.7171E-07  0.1049E-06
ComputeChange: NS (ITER=1) (NRM,RELC): (  294.97334     0.99111339E-05 ) :: heat equation
ComputeChange: SS (ITER=16) (NRM,RELC): (  294.97597     0.99190727E-06 ) :: heat equation
FlowSolve: 
FlowSolve: 
FlowSolve: -------------------------------------
FlowSolve:  NAVIER-STOKES ITERATION           1
FlowSolve: -------------------------------------
FlowSolve: 
FlowSolve: Starting Assembly...
FlowSolve: Assembly:
FlowSolve: Assembly done
FlowSolve: Dirichlet conditions done
      10 0.7086E-08 0.7086E-08
BiCGStabl:       12 0.9797E-10 0.9797E-10
ComputeChange: NS (ITER=1) (NRM,RELC): ( 0.26704869E-03 0.36443152E-01 ) :: navier-stokes
FlowSolve: iter:    1 Assembly: (s)    0.01    0.01
FlowSolve: iter:    1 Solve:    (s)    0.01    0.01
FlowSolve:  Result Norm     :    2.6704868801238619E-004
FlowSolve:  Relative Change :    3.6443152122796259E-002
ComputeChange: SS (ITER=16) (NRM,RELC): ( 0.27595619E-03 0.36360388E-02 ) :: navier-stokes
SolveEquations: -------------------------------------
SolveEquations:  Coupled system iteration:           17
SolveEquations: -------------------------------------
HeatSolver: ------------------------------------------------
HeatSolver: Solving energy equation for temperature
HeatSolver: Heat solver iteration: 1
IterSolver: "Linear System GCR Restart" not given, setting it to 200
   gcr:    10  0.6486E-07  0.9545E-07
ComputeChange: NS (ITER=1) (NRM,RELC): (  294.97331     0.90198290E-05 ) :: heat equation
ComputeChange: SS (ITER=17) (NRM,RELC): (  294.97570     0.90273613E-06 ) :: heat equation
FlowSolve: 
FlowSolve: 
FlowSolve: -------------------------------------
FlowSolve:  NAVIER-STOKES ITERATION           1
FlowSolve: -------------------------------------
FlowSolve: 
FlowSolve: Starting Assembly...
FlowSolve: Assembly:
FlowSolve: Assembly done
FlowSolve: Dirichlet conditions done
      10 0.9277E-08 0.9277E-08
BiCGStabl:       13 0.6581E-11 0.6581E-11
ComputeChange: NS (ITER=1) (NRM,RELC): ( 0.26712733E-03 0.32513827E-01 ) :: navier-stokes
FlowSolve: iter:    1 Assembly: (s)    0.01    0.01
FlowSolve: iter:    1 Solve:    (s)    0.01    0.01
FlowSolve:  Result Norm     :    2.6712733249546793E-004
FlowSolve:  Relative Change :    3.2513827101282658E-002
ComputeChange: SS (ITER=17) (NRM,RELC): ( 0.27506177E-03 0.32464606E-02 ) :: navier-stokes
SolveEquations: -------------------------------------
SolveEquations:  Coupled system iteration:           18
SolveEquations: -------------------------------------
HeatSolver: ------------------------------------------------
HeatSolver: Solving energy equation for temperature
HeatSolver: Heat solver iteration: 1
IterSolver: "Linear System GCR Restart" not given, setting it to 200
   gcr:    10  0.5855E-07  0.8694E-07
ComputeChange: NS (ITER=1) (NRM,RELC): (  294.97328     0.82036232E-05 ) :: heat equation
ComputeChange: SS (ITER=18) (NRM,RELC): (  294.97546     0.82107322E-06 ) :: heat equation
FlowSolve: 
FlowSolve: 
FlowSolve: -------------------------------------
FlowSolve:  NAVIER-STOKES ITERATION           1
FlowSolve: -------------------------------------
FlowSolve: 
FlowSolve: Starting Assembly...
FlowSolve: Assembly:
FlowSolve: Assembly done
FlowSolve: Dirichlet conditions done
      10 0.1054E-07 0.1054E-07
BiCGStabl:       13 0.1360E-10 0.1360E-10
ComputeChange: NS (ITER=1) (NRM,RELC): ( 0.26736470E-03 0.28380133E-01 ) :: navier-stokes
FlowSolve: iter:    1 Assembly: (s)    0.01    0.01
FlowSolve: iter:    1 Solve:    (s)    0.01    0.01
FlowSolve:  Result Norm     :    2.6736469781900871E-004
FlowSolve:  Relative Change :    2.8380132967594562E-002
ComputeChange: SS (ITER=18) (NRM,RELC): ( 0.27428265E-03 0.28365366E-02 ) :: navier-stokes
SolveEquations: -------------------------------------
SolveEquations:  Coupled system iteration:           19
SolveEquations: -------------------------------------
HeatSolver: ------------------------------------------------
HeatSolver: Solving energy equation for temperature
HeatSolver: Heat solver iteration: 1
IterSolver: "Linear System GCR Restart" not given, setting it to 200
   gcr:    10  0.5272E-07  0.7933E-07
ComputeChange: NS (ITER=1) (NRM,RELC): (  294.97326     0.74594831E-05 ) :: heat equation
ComputeChange: SS (ITER=19) (NRM,RELC): (  294.97524     0.74661468E-06 ) :: heat equation
FlowSolve: 
FlowSolve: 
FlowSolve: -------------------------------------
FlowSolve:  NAVIER-STOKES ITERATION           1
FlowSolve: -------------------------------------
FlowSolve: 
FlowSolve: Starting Assembly...
FlowSolve: Assembly:
FlowSolve: Assembly done
FlowSolve: Dirichlet conditions done
      10 0.3548E-08 0.3548E-08
BiCGStabl:       13 0.6698E-11 0.6698E-11
ComputeChange: NS (ITER=1) (NRM,RELC): ( 0.26773965E-03 0.24142906E-01 ) :: navier-stokes
FlowSolve: iter:    1 Assembly: (s)    0.01    0.01
FlowSolve: iter:    1 Solve:    (s)    0.01    0.01
FlowSolve:  Result Norm     :    2.6773965104634131E-004
FlowSolve:  Relative Change :    2.4142905593435387E-002
ComputeChange: SS (ITER=19) (NRM,RELC): ( 0.27362071E-03 0.24162495E-02 ) :: navier-stokes
SolveEquations: -------------------------------------
SolveEquations:  Coupled system iteration:           20
SolveEquations: -------------------------------------
HeatSolver: ------------------------------------------------
HeatSolver: Solving energy equation for temperature
HeatSolver: Heat solver iteration: 1
IterSolver: "Linear System GCR Restart" not given, setting it to 200
   gcr:    10  0.4737E-07  0.7257E-07
ComputeChange: NS (ITER=1) (NRM,RELC): (  294.97324     0.67840756E-05 ) :: heat equation
ComputeChange: SS (ITER=20) (NRM,RELC): (  294.97504     0.67902709E-06 ) :: heat equation
FlowSolve: 
FlowSolve: 
FlowSolve: -------------------------------------
FlowSolve:  NAVIER-STOKES ITERATION           1
FlowSolve: -------------------------------------
FlowSolve: 
FlowSolve: Starting Assembly...
FlowSolve: Assembly:
FlowSolve: Assembly done
FlowSolve: Dirichlet conditions done
      10 0.1772E-08 0.1772E-08
BiCGStabl:       11 0.9854E-10 0.9854E-10
ComputeChange: NS (ITER=1) (NRM,RELC): ( 0.26823035E-03 0.19896114E-01 ) :: navier-stokes
FlowSolve: iter:    1 Assembly: (s)    0.01    0.01
FlowSolve: iter:    1 Solve:    (s)    0.01    0.01
FlowSolve:  Result Norm     :    2.6823034668519157E-004
FlowSolve:  Relative Change :    1.9896114486284058E-002
ComputeChange: SS (ITER=20) (NRM,RELC): ( 0.27307541E-03 0.19948869E-02 ) :: navier-stokes
SolveEquations: -------------------------------------
SolveEquations:  Coupled system iteration:           21
SolveEquations: -------------------------------------
HeatSolver: ------------------------------------------------
HeatSolver: Solving energy equation for temperature
HeatSolver: Heat solver iteration: 1
IterSolver: "Linear System GCR Restart" not given, setting it to 200
   gcr:    10  0.4252E-07  0.6660E-07
ComputeChange: NS (ITER=1) (NRM,RELC): (  294.97322     0.61737625E-05 ) :: heat equation
ComputeChange: SS (ITER=21) (NRM,RELC): (  294.97486     0.61794689E-06 ) :: heat equation
FlowSolve: 
FlowSolve: 
FlowSolve: -------------------------------------
FlowSolve:  NAVIER-STOKES ITERATION           1
FlowSolve: -------------------------------------
FlowSolve: 
FlowSolve: Starting Assembly...
FlowSolve: Assembly:
FlowSolve: Assembly done
FlowSolve: Dirichlet conditions done
      10 0.2898E-09 0.2898E-09
BiCGStabl:       11 0.4622E-10 0.4622E-10
ComputeChange: NS (ITER=1) (NRM,RELC): ( 0.26881474E-03 0.15725229E-01 ) :: navier-stokes
FlowSolve: iter:    1 Assembly: (s)    0.01    0.01
FlowSolve: iter:    1 Solve:    (s)    0.01    0.01
FlowSolve:  Result Norm     :    2.6881474015516690E-004
FlowSolve:  Relative Change :    1.5725229083323682E-002
ComputeChange: SS (ITER=21) (NRM,RELC): ( 0.27264405E-03 0.15808827E-02 ) :: navier-stokes
SolveEquations: -------------------------------------
SolveEquations:  Coupled system iteration:           22
SolveEquations: -------------------------------------
HeatSolver: ------------------------------------------------
HeatSolver: Solving energy equation for temperature
HeatSolver: Heat solver iteration: 1
IterSolver: "Linear System GCR Restart" not given, setting it to 200
   gcr:    10  0.3822E-07  0.6145E-07
ComputeChange: NS (ITER=1) (NRM,RELC): (  294.97320     0.56245966E-05 ) :: heat equation
ComputeChange: SS (ITER=22) (NRM,RELC): (  294.97469     0.56297996E-06 ) :: heat equation
FlowSolve: 
FlowSolve: 
FlowSolve: -------------------------------------
FlowSolve:  NAVIER-STOKES ITERATION           1
FlowSolve: -------------------------------------
FlowSolve: 
FlowSolve: Starting Assembly...
FlowSolve: Assembly:
FlowSolve: Assembly done
FlowSolve: Dirichlet conditions done
      10 0.1182E-08 0.1182E-08
BiCGStabl:       12 0.1854E-10 0.1854E-10
ComputeChange: NS (ITER=1) (NRM,RELC): ( 0.26947111E-03 0.11705809E-01 ) :: navier-stokes
FlowSolve: iter:    1 Assembly: (s)    0.01    0.01
FlowSolve: iter:    1 Solve:    (s)    0.01    0.01
FlowSolve:  Result Norm     :    2.6947110602196743E-004
FlowSolve:  Relative Change :    1.1705809185143244E-002
ComputeChange: SS (ITER=22) (NRM,RELC): ( 0.27232207E-03 0.11816841E-02 ) :: navier-stokes
SolveEquations: -------------------------------------
SolveEquations:  Coupled system iteration:           23
SolveEquations: -------------------------------------
HeatSolver: ------------------------------------------------
HeatSolver: Solving energy equation for temperature
HeatSolver: Heat solver iteration: 1
IterSolver: "Linear System GCR Restart" not given, setting it to 200
   gcr:    10  0.3461E-07  0.5714E-07
ComputeChange: NS (ITER=1) (NRM,RELC): (  294.97318     0.51179336E-05 ) :: heat equation
ComputeChange: SS (ITER=23) (NRM,RELC): (  294.97454     0.51226267E-06 ) :: heat equation
FlowSolve: 
FlowSolve: 
FlowSolve: -------------------------------------
FlowSolve:  NAVIER-STOKES ITERATION           1
FlowSolve: -------------------------------------
FlowSolve: 
FlowSolve: Starting Assembly...
FlowSolve: Assembly:
FlowSolve: Assembly done
FlowSolve: Dirichlet conditions done
      10 0.1245E-08 0.1245E-08
BiCGStabl:       12 0.1686E-10 0.1686E-10
ComputeChange: NS (ITER=1) (NRM,RELC): ( 0.27017856E-03 0.79023106E-02 ) :: navier-stokes
FlowSolve: iter:    1 Assembly: (s)    0.01    0.01
FlowSolve: iter:    1 Solve:    (s)    0.01    0.01
FlowSolve:  Result Norm     :    2.7017856120736339E-004
FlowSolve:  Relative Change :    7.9023106123115930E-003
ComputeChange: SS (ITER=23) (NRM,RELC): ( 0.27210330E-03 0.80364259E-03 ) :: navier-stokes
SolveEquations: -------------------------------------
SolveEquations:  Coupled system iteration:           24
SolveEquations: -------------------------------------
HeatSolver: ------------------------------------------------
HeatSolver: Solving energy equation for temperature
HeatSolver: Heat solver iteration: 1
IterSolver: "Linear System GCR Restart" not given, setting it to 200
   gcr:    10  0.3182E-07  0.5375E-07
ComputeChange: NS (ITER=1) (NRM,RELC): (  294.97316     0.46803040E-05 ) :: heat equation
ComputeChange: SS (ITER=24) (NRM,RELC): (  294.97440     0.46844895E-06 ) :: heat equation
FlowSolve: 
FlowSolve: 
FlowSolve: -------------------------------------
FlowSolve:  NAVIER-STOKES ITERATION           1
FlowSolve: -------------------------------------
FlowSolve: 
FlowSolve: Starting Assembly...
FlowSolve: Assembly:
FlowSolve: Assembly done
FlowSolve: Dirichlet conditions done
      10 0.1153E-08 0.1153E-08
BiCGStabl:       12 0.1666E-10 0.1666E-10
ComputeChange: NS (ITER=1) (NRM,RELC): ( 0.27091741E-03 0.43677553E-02 ) :: navier-stokes
FlowSolve: iter:    1 Assembly: (s)    0.01    0.01
FlowSolve: iter:    1 Solve:    (s)    0.01    0.01
FlowSolve:  Result Norm     :    2.7091741292963208E-004
FlowSolve:  Relative Change :    4.3677552780306472E-003
ComputeChange: SS (ITER=24) (NRM,RELC): ( 0.27198034E-03 0.45198882E-03 ) :: navier-stokes
SolveEquations: -------------------------------------
SolveEquations:  Coupled system iteration:           25
SolveEquations: -------------------------------------
HeatSolver: ------------------------------------------------
HeatSolver: Solving energy equation for temperature
HeatSolver: Heat solver iteration: 1
IterSolver: "Linear System GCR Restart" not given, setting it to 200
   gcr:    10  0.2999E-07  0.5137E-07
ComputeChange: NS (ITER=1) (NRM,RELC): (  294.97314     0.42902988E-05 ) :: heat equation
ComputeChange: SS (ITER=25) (NRM,RELC): (  294.97428     0.42939885E-06 ) :: heat equation
FlowSolve: 
FlowSolve: 
FlowSolve: -------------------------------------
FlowSolve:  NAVIER-STOKES ITERATION           1
FlowSolve: -------------------------------------
FlowSolve: 
FlowSolve: Starting Assembly...
FlowSolve: Assembly:
FlowSolve: Assembly done
FlowSolve: Dirichlet conditions done
      10 0.1196E-08 0.1196E-08
BiCGStabl:       12 0.1504E-10 0.1504E-10
ComputeChange: NS (ITER=1) (NRM,RELC): ( 0.27166962E-03 0.11430953E-02 ) :: navier-stokes
FlowSolve: iter:    1 Assembly: (s)    0.01    0.01
FlowSolve: iter:    1 Solve:    (s)    0.01    0.01
FlowSolve:  Result Norm     :    2.7166962200738569E-004
FlowSolve:  Relative Change :    1.1430953014811582E-003
ComputeChange: SS (ITER=25) (NRM,RELC): ( 0.27194478E-03 0.13077602E-03 ) :: navier-stokes
SolveEquations: -------------------------------------
SolveEquations:  Coupled system iteration:           26
SolveEquations: -------------------------------------
HeatSolver: ------------------------------------------------
HeatSolver: Solving energy equation for temperature
HeatSolver: Heat solver iteration: 1
IterSolver: "Linear System GCR Restart" not given, setting it to 200
   gcr:    10  0.2908E-07  0.5024E-07
ComputeChange: NS (ITER=1) (NRM,RELC): (  294.97311     0.39440374E-05 ) :: heat equation
ComputeChange: SS (ITER=26) (NRM,RELC): (  294.97416     0.39472519E-06 ) :: heat equation
FlowSolve: 
FlowSolve: 
FlowSolve: -------------------------------------
FlowSolve:  NAVIER-STOKES ITERATION           1
FlowSolve: -------------------------------------
FlowSolve: 
FlowSolve: Starting Assembly...
FlowSolve: Assembly:
FlowSolve: Assembly done
FlowSolve: Dirichlet conditions done
      10 0.1086E-08 0.1086E-08
BiCGStabl:       12 0.1481E-10 0.1481E-10
ComputeChange: NS (ITER=1) (NRM,RELC): ( 0.27241906E-03 0.17425163E-02 ) :: navier-stokes
FlowSolve: iter:    1 Assembly: (s)    0.01    0.01
FlowSolve: iter:    1 Solve:    (s)    0.01    0.01
FlowSolve:  Result Norm     :    2.7241905911821855E-004
FlowSolve:  Relative Change :    1.7425163037498230E-003
ComputeChange: SS (ITER=26) (NRM,RELC): ( 0.27198750E-03 0.15709028E-03 ) :: navier-stokes
SolveEquations: -------------------------------------
SolveEquations:  Coupled system iteration:           27
SolveEquations: -------------------------------------
HeatSolver: ------------------------------------------------
HeatSolver: Solving energy equation for temperature
HeatSolver: Heat solver iteration: 1
IterSolver: "Linear System GCR Restart" not given, setting it to 200
   gcr:    10  0.2882E-07  0.5053E-07
ComputeChange: NS (ITER=1) (NRM,RELC): (  294.97309     0.36375116E-05 ) :: heat equation
ComputeChange: SS (ITER=27) (NRM,RELC): (  294.97405     0.36402794E-06 ) :: heat equation
FlowSolve: 
FlowSolve: 
FlowSolve: -------------------------------------
FlowSolve:  NAVIER-STOKES ITERATION           1
FlowSolve: -------------------------------------
FlowSolve: 
FlowSolve: Starting Assembly...
FlowSolve: Assembly:
FlowSolve: Assembly done
FlowSolve: Dirichlet conditions done
      10 0.1068E-08 0.1068E-08
BiCGStabl:       12 0.1108E-10 0.1108E-10
ComputeChange: NS (ITER=1) (NRM,RELC): ( 0.27315169E-03 0.42711727E-02 ) :: navier-stokes
FlowSolve: iter:    1 Assembly: (s)    0.01    0.01
FlowSolve: iter:    1 Solve:    (s)    0.01    0.01
FlowSolve:  Result Norm     :    2.7315169274155587E-004
FlowSolve:  Relative Change :    4.2711726850459212E-003
ComputeChange: SS (ITER=27) (NRM,RELC): ( 0.27209898E-03 0.40979783E-03 ) :: navier-stokes
SolveEquations: -------------------------------------
SolveEquations:  Coupled system iteration:           28
SolveEquations: -------------------------------------
HeatSolver: ------------------------------------------------
HeatSolver: Solving energy equation for temperature
HeatSolver: Heat solver iteration: 1
IterSolver: "Linear System GCR Restart" not given, setting it to 200
   gcr:    10  0.2881E-07  0.5187E-07
ComputeChange: NS (ITER=1) (NRM,RELC): (  294.97306     0.33666473E-05 ) :: heat equation
ComputeChange: SS (ITER=28) (NRM,RELC): (  294.97395     0.33690027E-06 ) :: heat equation
FlowSolve: 
FlowSolve: 
FlowSolve: -------------------------------------
FlowSolve:  NAVIER-STOKES ITERATION           1
FlowSolve: -------------------------------------
FlowSolve: 
FlowSolve: Starting Assembly...
FlowSolve: Assembly:
FlowSolve: Assembly done
FlowSolve: Dirichlet conditions done
      10 0.8980E-09 0.8980E-09
BiCGStabl:       11 0.9941E-10 0.9941E-10
ComputeChange: NS (ITER=1) (NRM,RELC): ( 0.27385568E-03 0.64353282E-02 ) :: navier-stokes
FlowSolve: iter:    1 Assembly: (s)    0.01    0.01
FlowSolve: iter:    1 Solve:    (s)    0.01    0.01
FlowSolve:  Result Norm     :    2.7385568239788867E-004
FlowSolve:  Relative Change :    6.4353282496151208E-003
ComputeChange: SS (ITER=28) (NRM,RELC): ( 0.27226952E-03 0.62654324E-03 ) :: navier-stokes
SolveEquations: -------------------------------------
SolveEquations:  Coupled system iteration:           29
SolveEquations: -------------------------------------
HeatSolver: ------------------------------------------------
HeatSolver: Solving energy equation for temperature
HeatSolver: Heat solver iteration: 1
IterSolver: "Linear System GCR Restart" not given, setting it to 200
   gcr:    10  0.2886E-07  0.5338E-07
ComputeChange: NS (ITER=1) (NRM,RELC): (  294.97303     0.31274758E-05 ) :: heat equation
ComputeChange: SS (ITER=29) (NRM,RELC): (  294.97386     0.31294577E-06 ) :: heat equation
FlowSolve: 
FlowSolve: 
FlowSolve: -------------------------------------
FlowSolve:  NAVIER-STOKES ITERATION           1
FlowSolve: -------------------------------------
FlowSolve: 
FlowSolve: Starting Assembly...
FlowSolve: Assembly:
FlowSolve: Assembly done
FlowSolve: Dirichlet conditions done
      10 0.8012E-09 0.8012E-09
BiCGStabl:       11 0.9270E-10 0.9270E-10
ComputeChange: NS (ITER=1) (NRM,RELC): ( 0.27452138E-03 0.82366620E-02 ) :: navier-stokes
FlowSolve: iter:    1 Assembly: (s)    0.01    0.01
FlowSolve: iter:    1 Solve:    (s)    0.01    0.01
FlowSolve:  Result Norm     :    2.7452138477663374E-004
FlowSolve:  Relative Change :    8.2366619677899586E-003
ComputeChange: SS (ITER=29) (NRM,RELC): ( 0.27248944E-03 0.80742456E-03 ) :: navier-stokes
SolveEquations: -------------------------------------
SolveEquations:  Coupled system iteration:           30
SolveEquations: -------------------------------------
HeatSolver: ------------------------------------------------
HeatSolver: Solving energy equation for temperature
HeatSolver: Heat solver iteration: 1
IterSolver: "Linear System GCR Restart" not given, setting it to 200
   gcr:    10  0.2891E-07  0.5448E-07
ComputeChange: NS (ITER=1) (NRM,RELC): (  294.97300     0.29162564E-05 ) :: heat equation
ComputeChange: SS (ITER=30) (NRM,RELC): (  294.97377     0.29179060E-06 ) :: heat equation
FlowSolve: 
FlowSolve: 
FlowSolve: -------------------------------------
FlowSolve:  NAVIER-STOKES ITERATION           1
FlowSolve: -------------------------------------
FlowSolve: 
FlowSolve: Starting Assembly...
FlowSolve: Assembly:
FlowSolve: Assembly done
FlowSolve: Dirichlet conditions done
      10 0.7474E-09 0.7474E-09
BiCGStabl:       11 0.9048E-10 0.9048E-10
ComputeChange: NS (ITER=1) (NRM,RELC): ( 0.27514129E-03 0.96847788E-02 ) :: navier-stokes
FlowSolve: iter:    1 Assembly: (s)    0.01    0.01
FlowSolve: iter:    1 Solve:    (s)    0.01    0.01
FlowSolve:  Result Norm     :    2.7514128599682254E-004
FlowSolve:  Relative Change :    9.6847788403248546E-003
ComputeChange: SS (ITER=30) (NRM,RELC): ( 0.27274934E-03 0.95331892E-03 ) :: navier-stokes
SolveEquations: -------------------------------------
SolveEquations:  Coupled system iteration:           31
SolveEquations: -------------------------------------
HeatSolver: ------------------------------------------------
HeatSolver: Solving energy equation for temperature
HeatSolver: Heat solver iteration: 1
IterSolver: "Linear System GCR Restart" not given, setting it to 200
   gcr:    10  0.2892E-07  0.5525E-07
ComputeChange: NS (ITER=1) (NRM,RELC): (  294.97297     0.27294773E-05 ) :: heat equation
ComputeChange: SS (ITER=31) (NRM,RELC): (  294.97369     0.27308365E-06 ) :: heat equation
FlowSolve: 
FlowSolve: 
FlowSolve: -------------------------------------
FlowSolve:  NAVIER-STOKES ITERATION           1
FlowSolve: -------------------------------------
FlowSolve: 
FlowSolve: Starting Assembly...
FlowSolve: Assembly:
FlowSolve: Assembly done
FlowSolve: Dirichlet conditions done
      10 0.7072E-09 0.7072E-09
BiCGStabl:       11 0.8941E-10 0.8941E-10
ComputeChange: NS (ITER=1) (NRM,RELC): ( 0.27570987E-03 0.10795825E-01 ) :: navier-stokes
FlowSolve: iter:    1 Assembly: (s)    0.01    0.01
FlowSolve: iter:    1 Solve:    (s)    0.01    0.01
FlowSolve:  Result Norm     :    2.7570987266149977E-004
FlowSolve:  Relative Change :    1.0795824524821480E-002
ComputeChange: SS (ITER=31) (NRM,RELC): ( 0.27304018E-03 0.10657514E-02 ) :: navier-stokes
SolveEquations: -------------------------------------
SolveEquations:  Coupled system iteration:           32
SolveEquations: -------------------------------------
HeatSolver: ------------------------------------------------
HeatSolver: Solving energy equation for temperature
HeatSolver: Heat solver iteration: 1
IterSolver: "Linear System GCR Restart" not given, setting it to 200
   gcr:    10  0.2891E-07  0.5592E-07
ComputeChange: NS (ITER=1) (NRM,RELC): (  294.97294     0.25637972E-05 ) :: heat equation
ComputeChange: SS (ITER=32) (NRM,RELC): (  294.97362     0.25649068E-06 ) :: heat equation
FlowSolve: 
FlowSolve: 
FlowSolve: -------------------------------------
FlowSolve:  NAVIER-STOKES ITERATION           1
FlowSolve: -------------------------------------
FlowSolve: 
FlowSolve: Starting Assembly...
FlowSolve: Assembly:
FlowSolve: Assembly done
FlowSolve: Dirichlet conditions done
      10 0.6815E-09 0.6815E-09
BiCGStabl:       11 0.8863E-10 0.8863E-10
ComputeChange: NS (ITER=1) (NRM,RELC): ( 0.27622346E-03 0.11591089E-01 ) :: navier-stokes
FlowSolve: iter:    1 Assembly: (s)    0.01    0.01
FlowSolve: iter:    1 Solve:    (s)    0.01    0.01
FlowSolve:  Result Norm     :    2.7622345777261514E-004
FlowSolve:  Relative Change :    1.1591088988999364E-002
ComputeChange: SS (ITER=32) (NRM,RELC): ( 0.27335347E-03 0.11467625E-02 ) :: navier-stokes
SolveEquations: -------------------------------------
SolveEquations:  Coupled system iteration:           33
SolveEquations: -------------------------------------
HeatSolver: ------------------------------------------------
HeatSolver: Solving energy equation for temperature
HeatSolver: Heat solver iteration: 1
IterSolver: "Linear System GCR Restart" not given, setting it to 200
   gcr:    10  0.2891E-07  0.5654E-07
ComputeChange: NS (ITER=1) (NRM,RELC): (  294.97291     0.24160994E-05 ) :: heat equation
ComputeChange: SS (ITER=33) (NRM,RELC): (  294.97355     0.24169984E-06 ) :: heat equation
FlowSolve: 
FlowSolve: 
FlowSolve: -------------------------------------
FlowSolve:  NAVIER-STOKES ITERATION           1
FlowSolve: -------------------------------------
FlowSolve: 
FlowSolve: Starting Assembly...
FlowSolve: Assembly:
FlowSolve: Assembly done
FlowSolve: Dirichlet conditions done
      10 0.6715E-09 0.6715E-09
BiCGStabl:       11 0.8903E-10 0.8903E-10
ComputeChange: NS (ITER=1) (NRM,RELC): ( 0.27667998E-03 0.12095665E-01 ) :: navier-stokes
FlowSolve: iter:    1 Assembly: (s)    0.01    0.01
FlowSolve: iter:    1 Solve:    (s)    0.01    0.01
FlowSolve:  Result Norm     :    2.7667997793318603E-004
FlowSolve:  Relative Change :    1.2095664907641909E-002
ComputeChange: SS (ITER=33) (NRM,RELC): ( 0.27368135E-03 0.11987789E-02 ) :: navier-stokes
SolveEquations: -------------------------------------
SolveEquations:  Coupled system iteration:           34
SolveEquations: -------------------------------------
HeatSolver: ------------------------------------------------
HeatSolver: Solving energy equation for temperature
HeatSolver: Heat solver iteration: 1
IterSolver: "Linear System GCR Restart" not given, setting it to 200
   gcr:    10  0.2890E-07  0.5709E-07
ComputeChange: NS (ITER=1) (NRM,RELC): (  294.97287     0.22836411E-05 ) :: heat equation
ComputeChange: SS (ITER=34) (NRM,RELC): (  294.97348     0.22843652E-06 ) :: heat equation
FlowSolve: 
FlowSolve: 
FlowSolve: -------------------------------------
FlowSolve:  NAVIER-STOKES ITERATION           1
FlowSolve: -------------------------------------
FlowSolve: 
FlowSolve: Starting Assembly...
FlowSolve: Assembly:
FlowSolve: Assembly done
FlowSolve: Dirichlet conditions done
      10 0.6651E-09 0.6651E-09
BiCGStabl:       11 0.9310E-10 0.9310E-10
ComputeChange: NS (ITER=1) (NRM,RELC): ( 0.27707878E-03 0.12337217E-01 ) :: navier-stokes
FlowSolve: iter:    1 Assembly: (s)    0.01    0.01
FlowSolve: iter:    1 Solve:    (s)    0.01    0.01
FlowSolve:  Result Norm     :    2.7707877841894632E-004
FlowSolve:  Relative Change :    1.2337217246803629E-002
ComputeChange: SS (ITER=34) (NRM,RELC): ( 0.27401668E-03 0.12244950E-02 ) :: navier-stokes
SolveEquations: -------------------------------------
SolveEquations:  Coupled system iteration:           35
SolveEquations: -------------------------------------
HeatSolver: ------------------------------------------------
HeatSolver: Solving energy equation for temperature
HeatSolver: Heat solver iteration: 1
IterSolver: "Linear System GCR Restart" not given, setting it to 200
   gcr:    10  0.2885E-07  0.5753E-07
ComputeChange: NS (ITER=1) (NRM,RELC): (  294.97284     0.21640890E-05 ) :: heat equation
ComputeChange: SS (ITER=35) (NRM,RELC): (  294.97342     0.21646703E-06 ) :: heat equation
FlowSolve: 
FlowSolve: 
FlowSolve: -------------------------------------
FlowSolve:  NAVIER-STOKES ITERATION           1
FlowSolve: -------------------------------------
FlowSolve: 
FlowSolve: Starting Assembly...
FlowSolve: Assembly:
FlowSolve: Assembly done
FlowSolve: Dirichlet conditions done
      10 0.6417E-09 0.6417E-09
BiCGStabl:       12 0.9254E-10 0.9254E-10
ComputeChange: NS (ITER=1) (NRM,RELC): ( 0.27742040E-03 0.12344893E-01 ) :: navier-stokes
FlowSolve: iter:    1 Assembly: (s)    0.01    0.01
FlowSolve: iter:    1 Solve:    (s)    0.01    0.01
FlowSolve:  Result Norm     :    2.7742039736724079E-004
FlowSolve:  Relative Change :    1.2344893090172348E-002
ComputeChange: SS (ITER=35) (NRM,RELC): ( 0.27435304E-03 0.12267660E-02 ) :: navier-stokes
SolveEquations: -------------------------------------
SolveEquations:  Coupled system iteration:           36
SolveEquations: -------------------------------------
HeatSolver: ------------------------------------------------
HeatSolver: Solving energy equation for temperature
HeatSolver: Heat solver iteration: 1
IterSolver: "Linear System GCR Restart" not given, setting it to 200
   gcr:    10  0.2871E-07  0.5787E-07
ComputeChange: NS (ITER=1) (NRM,RELC): (  294.97281     0.20554431E-05 ) :: heat equation
ComputeChange: SS (ITER=36) (NRM,RELC): (  294.97336     0.20559097E-06 ) :: heat equation
FlowSolve: 
FlowSolve: 
FlowSolve: -------------------------------------
FlowSolve:  NAVIER-STOKES ITERATION           1
FlowSolve: -------------------------------------
FlowSolve: 
FlowSolve: Starting Assembly...
FlowSolve: Assembly:
FlowSolve: Assembly done
FlowSolve: Dirichlet conditions done
      10 0.5966E-09 0.5966E-09
BiCGStabl:       12 0.6132E-10 0.6132E-10
ComputeChange: NS (ITER=1) (NRM,RELC): ( 0.27770636E-03 0.12148385E-01 ) :: navier-stokes
FlowSolve: iter:    1 Assembly: (s)    0.01    0.01
FlowSolve: iter:    1 Solve:    (s)    0.01    0.01
FlowSolve:  Result Norm     :    2.7770635714816192E-004
FlowSolve:  Relative Change :    1.2148384815904988E-002
ComputeChange: SS (ITER=36) (NRM,RELC): ( 0.27468480E-03 0.12085150E-02 ) :: navier-stokes
SolveEquations: -------------------------------------
SolveEquations:  Coupled system iteration:           37
SolveEquations: -------------------------------------
HeatSolver: ------------------------------------------------
HeatSolver: Solving energy equation for temperature
HeatSolver: Heat solver iteration: 1
IterSolver: "Linear System GCR Restart" not given, setting it to 200
   gcr:    10  0.2846E-07  0.5808E-07
ComputeChange: NS (ITER=1) (NRM,RELC): (  294.97278     0.19559650E-05 ) :: heat equation
ComputeChange: SS (ITER=37) (NRM,RELC): (  294.97330     0.19563407E-06 ) :: heat equation
FlowSolve: 
FlowSolve: 
FlowSolve: -------------------------------------
FlowSolve:  NAVIER-STOKES ITERATION           1
FlowSolve: -------------------------------------
FlowSolve: 
FlowSolve: Starting Assembly...
FlowSolve: Assembly:
FlowSolve: Assembly done
FlowSolve: Dirichlet conditions done
      10 0.5800E-09 0.5800E-09
BiCGStabl:       12 0.4566E-10 0.4566E-10
ComputeChange: NS (ITER=1) (NRM,RELC): ( 0.27793897E-03 0.11777145E-01 ) :: navier-stokes
FlowSolve: iter:    1 Assembly: (s)    0.01    0.01
FlowSolve: iter:    1 Solve:    (s)    0.01    0.01
FlowSolve:  Result Norm     :    2.7793896747882284E-004
FlowSolve:  Relative Change :    1.1777144934643125E-002
ComputeChange: SS (ITER=37) (NRM,RELC): ( 0.27500710E-03 0.11726547E-02 ) :: navier-stokes
SolveEquations: -------------------------------------
SolveEquations:  Coupled system iteration:           38
SolveEquations: -------------------------------------
HeatSolver: ------------------------------------------------
HeatSolver: Solving energy equation for temperature
HeatSolver: Heat solver iteration: 1
IterSolver: "Linear System GCR Restart" not given, setting it to 200
   gcr:    10  0.2811E-07  0.5812E-07
ComputeChange: NS (ITER=1) (NRM,RELC): (  294.97275     0.18641450E-05 ) :: heat equation
ComputeChange: SS (ITER=38) (NRM,RELC): (  294.97324     0.18644497E-06 ) :: heat equation
FlowSolve: 
FlowSolve: 
FlowSolve: -------------------------------------
FlowSolve:  NAVIER-STOKES ITERATION           1
FlowSolve: -------------------------------------
FlowSolve: 
FlowSolve: Starting Assembly...
FlowSolve: Assembly:
FlowSolve: Assembly done
FlowSolve: Dirichlet conditions done
      10 0.7141E-09 0.7141E-09
BiCGStabl:       12 0.2494E-10 0.2494E-10
ComputeChange: NS (ITER=1) (NRM,RELC): ( 0.27812115E-03 0.11259759E-01 ) :: navier-stokes
FlowSolve: iter:    1 Assembly: (s)    0.01    0.01
FlowSolve: iter:    1 Solve:    (s)    0.01    0.01
FlowSolve:  Result Norm     :    2.7812114722446004E-004
FlowSolve:  Relative Change :    1.1259759311829974E-002
ComputeChange: SS (ITER=38) (NRM,RELC): ( 0.27531584E-03 0.11220235E-02 ) :: navier-stokes
SolveEquations: -------------------------------------
SolveEquations:  Coupled system iteration:           39
SolveEquations: -------------------------------------
HeatSolver: ------------------------------------------------
HeatSolver: Solving energy equation for temperature
HeatSolver: Heat solver iteration: 1
IterSolver: "Linear System GCR Restart" not given, setting it to 200
   gcr:    10  0.2766E-07  0.5793E-07
ComputeChange: NS (ITER=1) (NRM,RELC): (  294.97272     0.17639642E-05 ) :: heat equation
ComputeChange: SS (ITER=39) (NRM,RELC): (  294.97319     0.17642142E-06 ) :: heat equation
FlowSolve: 
FlowSolve: 
FlowSolve: -------------------------------------
FlowSolve:  NAVIER-STOKES ITERATION           1
FlowSolve: -------------------------------------
FlowSolve: 
FlowSolve: Starting Assembly...
FlowSolve: Assembly:
FlowSolve: Assembly done
FlowSolve: Dirichlet conditions done
      10 0.1252E-08 0.1252E-08
BiCGStabl:       12 0.2111E-10 0.2111E-10
ComputeChange: NS (ITER=1) (NRM,RELC): ( 0.27825609E-03 0.10622814E-01 ) :: navier-stokes
FlowSolve: iter:    1 Assembly: (s)    0.01    0.01
FlowSolve: iter:    1 Solve:    (s)    0.01    0.01
FlowSolve:  Result Norm     :    2.7825608512308230E-004
FlowSolve:  Relative Change :    1.0622813809145063E-002
ComputeChange: SS (ITER=39) (NRM,RELC): ( 0.27560763E-03 0.10592708E-02 ) :: navier-stokes
SolveEquations: -------------------------------------
SolveEquations:  Coupled system iteration:           40
SolveEquations: -------------------------------------
HeatSolver: ------------------------------------------------
HeatSolver: Solving energy equation for temperature
HeatSolver: Heat solver iteration: 1
IterSolver: "Linear System GCR Restart" not given, setting it to 200
   gcr:    10  0.2713E-07  0.5746E-07
ComputeChange: NS (ITER=1) (NRM,RELC): (  294.97269     0.16854136E-05 ) :: heat equation
ComputeChange: SS (ITER=40) (NRM,RELC): (  294.97314     0.16856218E-06 ) :: heat equation
FlowSolve: 
FlowSolve: 
FlowSolve: -------------------------------------
FlowSolve:  NAVIER-STOKES ITERATION           1
FlowSolve: -------------------------------------
FlowSolve: 
FlowSolve: Starting Assembly...
FlowSolve: Assembly:
FlowSolve: Assembly done
FlowSolve: Dirichlet conditions done
      10 0.2393E-08 0.2393E-08
BiCGStabl:       12 0.4413E-10 0.4413E-10
ComputeChange: NS (ITER=1) (NRM,RELC): ( 0.27834765E-03 0.98925816E-02 ) :: navier-stokes
FlowSolve: iter:    1 Assembly: (s)    0.01    0.01
FlowSolve: iter:    1 Solve:    (s)    0.01    0.01
FlowSolve:  Result Norm     :    2.7834765187425236E-004
FlowSolve:  Relative Change :    9.8925816224130336E-003
ComputeChange: SS (ITER=40) (NRM,RELC): ( 0.27587979E-03 0.98702379E-03 ) :: navier-stokes
SolveEquations: -------------------------------------
SolveEquations:  Coupled system iteration:           41
SolveEquations: -------------------------------------
HeatSolver: ------------------------------------------------
HeatSolver: Solving energy equation for temperature
HeatSolver: Heat solver iteration: 1
IterSolver: "Linear System GCR Restart" not given, setting it to 200
   gcr:    10  0.2650E-07  0.5663E-07
ComputeChange: NS (ITER=1) (NRM,RELC): (  294.97267     0.16110739E-05 ) :: heat equation
ComputeChange: SS (ITER=41) (NRM,RELC): (  294.97309     0.16112504E-06 ) :: heat equation
FlowSolve: 
FlowSolve: 
FlowSolve: -------------------------------------
FlowSolve:  NAVIER-STOKES ITERATION           1
FlowSolve: -------------------------------------
FlowSolve: 
FlowSolve: Starting Assembly...
FlowSolve: Assembly:
FlowSolve: Assembly done
FlowSolve: Dirichlet conditions done
      10 0.2321E-08 0.2321E-08
BiCGStabl:       12 0.1638E-10 0.1638E-10
ComputeChange: NS (ITER=1) (NRM,RELC): ( 0.27839973E-03 0.90926443E-02 ) :: navier-stokes
FlowSolve: iter:    1 Assembly: (s)    0.01    0.01
FlowSolve: iter:    1 Solve:    (s)    0.01    0.01
FlowSolve:  Result Norm     :    2.7839972683682979E-004
FlowSolve:  Relative Change :    9.0926443366156715E-003
ComputeChange: SS (ITER=41) (NRM,RELC): ( 0.27613031E-03 0.90764749E-03 ) :: navier-stokes
SolveEquations: -------------------------------------
SolveEquations:  Coupled system iteration:           42
SolveEquations: -------------------------------------
HeatSolver: ------------------------------------------------
HeatSolver: Solving energy equation for temperature
HeatSolver: Heat solver iteration: 1
IterSolver: "Linear System GCR Restart" not given, setting it to 200
   gcr:    10  0.2579E-07  0.5533E-07
ComputeChange: NS (ITER=1) (NRM,RELC): (  294.97264     0.15401928E-05 ) :: heat equation
ComputeChange: SS (ITER=42) (NRM,RELC): (  294.97305     0.15403450E-06 ) :: heat equation
FlowSolve: 
FlowSolve: 
FlowSolve: -------------------------------------
FlowSolve:  NAVIER-STOKES ITERATION           1
FlowSolve: -------------------------------------
FlowSolve: 
FlowSolve: Starting Assembly...
FlowSolve: Assembly:
FlowSolve: Assembly done
FlowSolve: Dirichlet conditions done
      10 0.1641E-08 0.1641E-08
BiCGStabl:       12 0.1386E-10 0.1386E-10
ComputeChange: NS (ITER=1) (NRM,RELC): ( 0.27841629E-03 0.82444890E-02 ) :: navier-stokes
FlowSolve: iter:    1 Assembly: (s)    0.01    0.01
FlowSolve: iter:    1 Solve:    (s)    0.01    0.01
FlowSolve:  Result Norm     :    2.7841628551669359E-004
FlowSolve:  Relative Change :    8.2444890408315090E-003
ComputeChange: SS (ITER=42) (NRM,RELC): ( 0.27635774E-03 0.82330293E-03 ) :: navier-stokes
SolveEquations: -------------------------------------
SolveEquations:  Coupled system iteration:           43
SolveEquations: -------------------------------------
HeatSolver: ------------------------------------------------
HeatSolver: Solving energy equation for temperature
HeatSolver: Heat solver iteration: 1
IterSolver: "Linear System GCR Restart" not given, setting it to 200
   gcr:    10  0.2497E-07  0.5339E-07
ComputeChange: NS (ITER=1) (NRM,RELC): (  294.97261     0.14721519E-05 ) :: heat equation
ComputeChange: SS (ITER=43) (NRM,RELC): (  294.97300     0.14722853E-06 ) :: heat equation
FlowSolve: 
FlowSolve: 
FlowSolve: -------------------------------------
FlowSolve:  NAVIER-STOKES ITERATION           1
FlowSolve: -------------------------------------
FlowSolve: 
FlowSolve: Starting Assembly...
FlowSolve: Assembly:
FlowSolve: Assembly done
FlowSolve: Dirichlet conditions done
      10 0.8639E-09 0.8639E-09
BiCGStabl:       11 0.8308E-10 0.8308E-10
ComputeChange: NS (ITER=1) (NRM,RELC): ( 0.27840132E-03 0.73674405E-02 ) :: navier-stokes
FlowSolve: iter:    1 Assembly: (s)    0.01    0.01
FlowSolve: iter:    1 Solve:    (s)    0.01    0.01
FlowSolve:  Result Norm     :    2.7840131854542534E-004
FlowSolve:  Relative Change :    7.3674404694907929E-003
ComputeChange: SS (ITER=43) (NRM,RELC): ( 0.27656120E-03 0.73593843E-03 ) :: navier-stokes
SolveEquations: -------------------------------------
SolveEquations:  Coupled system iteration:           44
SolveEquations: -------------------------------------
HeatSolver: ------------------------------------------------
HeatSolver: Solving energy equation for temperature
HeatSolver: Heat solver iteration: 1
IterSolver: "Linear System GCR Restart" not given, setting it to 200
   gcr:    10  0.2402E-07  0.5060E-07
ComputeChange: NS (ITER=1) (NRM,RELC): (  294.97259     0.14064528E-05 ) :: heat equation
ComputeChange: SS (ITER=44) (NRM,RELC): (  294.97296     0.14065713E-06 ) :: heat equation
FlowSolve: 
FlowSolve: 
FlowSolve: -------------------------------------
FlowSolve:  NAVIER-STOKES ITERATION           1
FlowSolve: -------------------------------------
FlowSolve: 
FlowSolve: Starting Assembly...
FlowSolve: Assembly:
FlowSolve: Assembly done
FlowSolve: Dirichlet conditions done
      10 0.2859E-09 0.2859E-09
BiCGStabl:       11 0.7046E-10 0.7046E-10
ComputeChange: NS (ITER=1) (NRM,RELC): ( 0.27835877E-03 0.64786556E-02 ) :: navier-stokes
FlowSolve: iter:    1 Assembly: (s)    0.01    0.01
FlowSolve: iter:    1 Solve:    (s)    0.01    0.01
FlowSolve:  Result Norm     :    2.7835876619245479E-004
FlowSolve:  Relative Change :    6.4786556134067289E-003
ComputeChange: SS (ITER=44) (NRM,RELC): ( 0.27674027E-03 0.64728764E-03 ) :: navier-stokes
SolveEquations: -------------------------------------
SolveEquations:  Coupled system iteration:           45
SolveEquations: -------------------------------------
HeatSolver: ------------------------------------------------
HeatSolver: Solving energy equation for temperature
HeatSolver: Heat solver iteration: 1
IterSolver: "Linear System GCR Restart" not given, setting it to 200
   gcr:    10  0.2290E-07  0.4679E-07
ComputeChange: NS (ITER=1) (NRM,RELC): (  294.97257     0.13427004E-05 ) :: heat equation
ComputeChange: SS (ITER=45) (NRM,RELC): (  294.97292     0.13428067E-06 ) :: heat equation
FlowSolve: 
FlowSolve: 
FlowSolve: -------------------------------------
FlowSolve:  NAVIER-STOKES ITERATION           1
FlowSolve: -------------------------------------
FlowSolve: 
FlowSolve: Starting Assembly...
FlowSolve: Assembly:
FlowSolve: Assembly done
FlowSolve: Dirichlet conditions done
      10 0.4088E-09 0.4088E-09
BiCGStabl:       12 0.3805E-11 0.3805E-11
ComputeChange: NS (ITER=1) (NRM,RELC): ( 0.27829247E-03 0.55931689E-02 ) :: navier-stokes
FlowSolve: iter:    1 Assembly: (s)    0.01    0.01
FlowSolve: iter:    1 Solve:    (s)    0.01    0.01
FlowSolve:  Result Norm     :    2.7829246704453480E-004
FlowSolve:  Relative Change :    5.5931688935707841E-003
ComputeChange: SS (ITER=45) (NRM,RELC): ( 0.27689498E-03 0.55887276E-03 ) :: navier-stokes
SolveEquations: -------------------------------------
SolveEquations:  Coupled system iteration:           46
SolveEquations: -------------------------------------
HeatSolver: ------------------------------------------------
HeatSolver: Solving energy equation for temperature
HeatSolver: Heat solver iteration: 1
IterSolver: "Linear System GCR Restart" not given, setting it to 200
   gcr:    10  0.2158E-07  0.4215E-07
ComputeChange: NS (ITER=1) (NRM,RELC): (  294.97255     0.12805813E-05 ) :: heat equation
ComputeChange: SS (ITER=46) (NRM,RELC): (  294.97289     0.12806770E-06 ) :: heat equation
FlowSolve: 
FlowSolve: 
FlowSolve: -------------------------------------
FlowSolve:  NAVIER-STOKES ITERATION           1
FlowSolve: -------------------------------------
FlowSolve: 
FlowSolve: Starting Assembly...
FlowSolve: Assembly:
FlowSolve: Assembly done
FlowSolve: Dirichlet conditions done
      10 0.3402E-09 0.3402E-09
BiCGStabl:       12 0.1785E-10 0.1785E-10
ComputeChange: NS (ITER=1) (NRM,RELC): ( 0.27820612E-03 0.47239756E-02 ) :: navier-stokes
FlowSolve: iter:    1 Assembly: (s)    0.01    0.01
FlowSolve: iter:    1 Solve:    (s)    0.01    0.01
FlowSolve:  Result Norm     :    2.7820611897474095E-004
FlowSolve:  Relative Change :    4.7239756261575122E-003
ComputeChange: SS (ITER=46) (NRM,RELC): ( 0.27702571E-03 0.47201194E-03 ) :: navier-stokes
SolveEquations: -------------------------------------
SolveEquations:  Coupled system iteration:           47
SolveEquations: -------------------------------------
HeatSolver: ------------------------------------------------
HeatSolver: Solving energy equation for temperature
HeatSolver: Heat solver iteration: 1
IterSolver: "Linear System GCR Restart" not given, setting it to 200
   gcr:    10  0.2013E-07  0.3745E-07
ComputeChange: NS (ITER=1) (NRM,RELC): (  294.97253     0.12107257E-05 ) :: heat equation
ComputeChange: SS (ITER=47) (NRM,RELC): (  294.97285     0.12108120E-06 ) :: heat equation
FlowSolve: 
FlowSolve: 
FlowSolve: -------------------------------------
FlowSolve:  NAVIER-STOKES ITERATION           1
FlowSolve: -------------------------------------
FlowSolve: 
FlowSolve: Starting Assembly...
FlowSolve: Assembly:
FlowSolve: Assembly done
FlowSolve: Dirichlet conditions done
      10 0.5116E-10 0.5116E-10
BiCGStabl:       10 0.5116E-10 0.5116E-10
ComputeChange: NS (ITER=1) (NRM,RELC): ( 0.27810318E-03 0.38818850E-02 ) :: navier-stokes
FlowSolve: iter:    1 Assembly: (s)    0.01    0.01
FlowSolve: iter:    1 Solve:    (s)    0.01    0.01
FlowSolve:  Result Norm     :    2.7810317877476428E-004
FlowSolve:  Relative Change :    3.8818849657029568E-003
ComputeChange: SS (ITER=47) (NRM,RELC): ( 0.27713316E-03 0.38780377E-03 ) :: navier-stokes
SolveEquations: -------------------------------------
SolveEquations:  Coupled system iteration:           48
SolveEquations: -------------------------------------
HeatSolver: ------------------------------------------------
HeatSolver: Solving energy equation for temperature
HeatSolver: Heat solver iteration: 1
IterSolver: "Linear System GCR Restart" not given, setting it to 200
   gcr:    10  0.1884E-07  0.3361E-07
ComputeChange: NS (ITER=1) (NRM,RELC): (  294.97251     0.11526335E-05 ) :: heat equation
ComputeChange: SS (ITER=48) (NRM,RELC): (  294.97282     0.11527111E-06 ) :: heat equation
FlowSolve: 
FlowSolve: 
FlowSolve: -------------------------------------
FlowSolve:  NAVIER-STOKES ITERATION           1
FlowSolve: -------------------------------------
FlowSolve: 
FlowSolve: Starting Assembly...
FlowSolve: Assembly:
FlowSolve: Assembly done
FlowSolve: Dirichlet conditions done
      10 0.2011E-09 0.2011E-09
BiCGStabl:       12 0.8686E-10 0.8686E-10
ComputeChange: NS (ITER=1) (NRM,RELC): ( 0.27798714E-03 0.30767480E-02 ) :: navier-stokes
FlowSolve: iter:    1 Assembly: (s)    0.01    0.01
FlowSolve: iter:    1 Solve:    (s)    0.01    0.01
FlowSolve:  Result Norm     :    2.7798714061605959E-004
FlowSolve:  Relative Change :    3.0767479807935682E-003
ComputeChange: SS (ITER=48) (NRM,RELC): ( 0.27721832E-03 0.30724966E-03 ) :: navier-stokes
SolveEquations: -------------------------------------
SolveEquations:  Coupled system iteration:           49
SolveEquations: -------------------------------------
HeatSolver: ------------------------------------------------
HeatSolver: Solving energy equation for temperature
HeatSolver: Heat solver iteration: 1
IterSolver: "Linear System GCR Restart" not given, setting it to 200
   gcr:    10  0.1799E-07  0.3066E-07
ComputeChange: NS (ITER=1) (NRM,RELC): (  294.97249     0.10949699E-05 ) :: heat equation
ComputeChange: SS (ITER=49) (NRM,RELC): (  294.97278     0.10950391E-06 ) :: heat equation
FlowSolve: 
FlowSolve: 
FlowSolve: -------------------------------------
FlowSolve:  NAVIER-STOKES ITERATION           1
FlowSolve: -------------------------------------
FlowSolve: 
FlowSolve: Starting Assembly...
FlowSolve: Assembly:
FlowSolve: Assembly done
FlowSolve: Dirichlet conditions done
      10 0.6283E-09 0.6283E-09
BiCGStabl:       12 0.1829E-10 0.1829E-10
ComputeChange: NS (ITER=1) (NRM,RELC): ( 0.27786114E-03 0.23161508E-02 ) :: navier-stokes
FlowSolve: iter:    1 Assembly: (s)    0.01    0.01
FlowSolve: iter:    1 Solve:    (s)    0.01    0.01
FlowSolve:  Result Norm     :    2.7786114400918426E-004
FlowSolve:  Relative Change :    2.3161507901002967E-003
ComputeChange: SS (ITER=49) (NRM,RELC): ( 0.27728240E-03 0.23112262E-03 ) :: navier-stokes
SolveEquations: -------------------------------------
SolveEquations:  Coupled system iteration:           50
SolveEquations: -------------------------------------
HeatSolver: ------------------------------------------------
HeatSolver: Solving energy equation for temperature
HeatSolver: Heat solver iteration: 1
IterSolver: "Linear System GCR Restart" not given, setting it to 200
   gcr:    10  0.1740E-07  0.2768E-07
ComputeChange: NS (ITER=1) (NRM,RELC): (  294.97248     0.10372636E-05 ) :: heat equation
ComputeChange: SS (ITER=50) (NRM,RELC): (  294.97275     0.10373249E-06 ) :: heat equation
FlowSolve: 
FlowSolve: 
FlowSolve: -------------------------------------
FlowSolve:  NAVIER-STOKES ITERATION           1
FlowSolve: -------------------------------------
FlowSolve: 
FlowSolve: Starting Assembly...
FlowSolve: Assembly:
FlowSolve: Assembly done
FlowSolve: Dirichlet conditions done
      10 0.9750E-10 0.9750E-10
BiCGStabl:       10 0.9750E-10 0.9750E-10
ComputeChange: NS (ITER=1) (NRM,RELC): ( 0.27772807E-03 0.16059744E-02 ) :: navier-stokes
FlowSolve: iter:    1 Assembly: (s)    0.01    0.01
FlowSolve: iter:    1 Solve:    (s)    0.01    0.01
FlowSolve:  Result Norm     :    2.7772806527390838E-004
FlowSolve:  Relative Change :    1.6059744182640762E-003
ComputeChange: SS (ITER=50) (NRM,RELC): ( 0.27732677E-03 0.16002308E-03 ) :: navier-stokes
SolveEquations: -------------------------------------
SolveEquations:  Coupled system iteration:           51
SolveEquations: -------------------------------------
HeatSolver: ------------------------------------------------
HeatSolver: Solving energy equation for temperature
HeatSolver: Heat solver iteration: 1
IterSolver: "Linear System GCR Restart" not given, setting it to 200
   gcr:    10  0.1668E-07  0.2433E-07
ComputeChange: NS (ITER=1) (NRM,RELC): (  294.97246     0.97968431E-06 ) :: heat equation
ComputeChange: SS (ITER=51) (NRM,RELC): (  294.97272     0.97973790E-07 ) :: heat equation
FlowSolve: 
FlowSolve: 
FlowSolve: -------------------------------------
FlowSolve:  NAVIER-STOKES ITERATION           1
FlowSolve: -------------------------------------
FlowSolve: 
FlowSolve: Starting Assembly...
FlowSolve: Assembly:
FlowSolve: Assembly done
FlowSolve: Dirichlet conditions done
      10 0.3215E-09 0.3215E-09
BiCGStabl:       12 0.1225E-10 0.1225E-10
ComputeChange: NS (ITER=1) (NRM,RELC): ( 0.27759052E-03 0.95056270E-03 ) :: navier-stokes
FlowSolve: iter:    1 Assembly: (s)    0.01    0.01
FlowSolve: iter:    1 Solve:    (s)    0.01    0.01
FlowSolve:  Result Norm     :    2.7759051594548472E-004
FlowSolve:  Relative Change :    9.5056270466278717E-004
ComputeChange: SS (ITER=51) (NRM,RELC): ( 0.27735295E-03 0.94395634E-04 ) :: navier-stokes
SolveEquations: -------------------------------------
SolveEquations:  Coupled system iteration:           52
SolveEquations: -------------------------------------
HeatSolver: ------------------------------------------------
HeatSolver: Solving energy equation for temperature
HeatSolver: Heat solver iteration: 1
IterSolver: "Linear System GCR Restart" not given, setting it to 200
   gcr:    10  0.1566E-07  0.2105E-07
ComputeChange: NS (ITER=1) (NRM,RELC): (  294.97245     0.92286290E-06 ) :: heat equation
ComputeChange: SS (ITER=52) (NRM,RELC): (  294.97270     0.92290922E-07 ) :: heat equation
FlowSolve: 
FlowSolve: 
FlowSolve: -------------------------------------
FlowSolve:  NAVIER-STOKES ITERATION           1
FlowSolve: -------------------------------------
FlowSolve: 
FlowSolve: Starting Assembly...
FlowSolve: Assembly:
FlowSolve: Assembly done
FlowSolve: Dirichlet conditions done
      10 0.1045E-08 0.1045E-08
BiCGStabl:       12 0.9272E-10 0.9272E-10
ComputeChange: NS (ITER=1) (NRM,RELC): ( 0.27745086E-03 0.35294677E-03 ) :: navier-stokes
FlowSolve: iter:    1 Assembly: (s)    0.01    0.01
FlowSolve: iter:    1 Solve:    (s)    0.01    0.01
FlowSolve:  Result Norm     :    2.7745086188587880E-004
FlowSolve:  Relative Change :    3.5294677332693144E-004
ComputeChange: SS (ITER=52) (NRM,RELC): ( 0.27736254E-03 0.34551504E-04 ) :: navier-stokes
SolveEquations: -------------------------------------
SolveEquations:  Coupled system iteration:           53
SolveEquations: -------------------------------------
HeatSolver: ------------------------------------------------
HeatSolver: Solving energy equation for temperature
HeatSolver: Heat solver iteration: 1
IterSolver: "Linear System GCR Restart" not given, setting it to 200
   gcr:    10  0.1443E-07  0.1816E-07
ComputeChange: NS (ITER=1) (NRM,RELC): (  294.97244     0.86728702E-06 ) :: heat equation
ComputeChange: SS (ITER=53) (NRM,RELC): (  294.97267     0.86732649E-07 ) :: heat equation
FlowSolve: 
FlowSolve: 
FlowSolve: -------------------------------------
FlowSolve:  NAVIER-STOKES ITERATION           1
FlowSolve: -------------------------------------
FlowSolve: 
FlowSolve: Starting Assembly...
FlowSolve: Assembly:
FlowSolve: Assembly done
FlowSolve: Dirichlet conditions done
      10 0.4032E-08 0.4032E-08
BiCGStabl:       11 0.6552E-10 0.6552E-10
ComputeChange: NS (ITER=1) (NRM,RELC): ( 0.27731124E-03 0.18496805E-03 ) :: navier-stokes
FlowSolve: iter:    1 Assembly: (s)    0.01    0.01
FlowSolve: iter:    1 Solve:    (s)    0.01    0.01
FlowSolve:  Result Norm     :    2.7731123844234749E-004
FlowSolve:  Relative Change :    1.8496804697861144E-004
ComputeChange: SS (ITER=53) (NRM,RELC): ( 0.27735718E-03 0.19312636E-04 ) :: navier-stokes
SolveEquations: -------------------------------------
SolveEquations:  Coupled system iteration:           54
SolveEquations: -------------------------------------
HeatSolver: ------------------------------------------------
HeatSolver: Solving energy equation for temperature
HeatSolver: Heat solver iteration: 1
IterSolver: "Linear System GCR Restart" not given, setting it to 200
   gcr:    10  0.1311E-07  0.1566E-07
ComputeChange: NS (ITER=1) (NRM,RELC): (  294.97243     0.81314314E-06 ) :: heat equation
ComputeChange: SS (ITER=54) (NRM,RELC): (  294.97265     0.81317626E-07 ) :: heat equation
FlowSolve: 
FlowSolve: 
FlowSolve: -------------------------------------
FlowSolve:  NAVIER-STOKES ITERATION           1
FlowSolve: -------------------------------------
FlowSolve: 
FlowSolve: Starting Assembly...
FlowSolve: Assembly:
FlowSolve: Assembly done
FlowSolve: Dirichlet conditions done
      10 0.1646E-08 0.1646E-08
BiCGStabl:       12 0.4541E-10 0.4541E-10
ComputeChange: NS (ITER=1) (NRM,RELC): ( 0.27717355E-03 0.66227527E-03 ) :: navier-stokes
FlowSolve: iter:    1 Assembly: (s)    0.01    0.01
FlowSolve: iter:    1 Solve:    (s)    0.01    0.01
FlowSolve:  Result Norm     :    2.7717355435836913E-004
FlowSolve:  Relative Change :    6.6227527132534233E-004
ComputeChange: SS (ITER=54) (NRM,RELC): ( 0.27733857E-03 0.67101834E-04 ) :: navier-stokes
SolveEquations: -------------------------------------
SolveEquations:  Coupled system iteration:           55
SolveEquations: -------------------------------------
HeatSolver: ------------------------------------------------
HeatSolver: Solving energy equation for temperature
HeatSolver: Heat solver iteration: 1
IterSolver: "Linear System GCR Restart" not given, setting it to 200
   gcr:    10  0.1177E-07  0.1344E-07
ComputeChange: NS (ITER=1) (NRM,RELC): (  294.97242     0.76047154E-06 ) :: heat equation
ComputeChange: SS (ITER=55) (NRM,RELC): (  294.97263     0.76049890E-07 ) :: heat equation
FlowSolve: 
FlowSolve: 
FlowSolve: -------------------------------------
FlowSolve:  NAVIER-STOKES ITERATION           1
FlowSolve: -------------------------------------
FlowSolve: 
FlowSolve: Starting Assembly...
FlowSolve: Assembly:
FlowSolve: Assembly done
FlowSolve: Dirichlet conditions done
      10 0.9297E-09 0.9297E-09
BiCGStabl:       11 0.8981E-10 0.8981E-10
ComputeChange: NS (ITER=1) (NRM,RELC): ( 0.27703949E-03 0.10789698E-02 ) :: navier-stokes
FlowSolve: iter:    1 Assembly: (s)    0.01    0.01
FlowSolve: iter:    1 Solve:    (s)    0.01    0.01
FlowSolve:  Result Norm     :    2.7703949120923190E-004
FlowSolve:  Relative Change :    1.0789698057976360E-003
ComputeChange: SS (ITER=55) (NRM,RELC): ( 0.27730839E-03 0.10881292E-03 ) :: navier-stokes
SolveEquations: -------------------------------------
SolveEquations:  Coupled system iteration:           56
SolveEquations: -------------------------------------
HeatSolver: ------------------------------------------------
HeatSolver: Solving energy equation for temperature
HeatSolver: Heat solver iteration: 1
IterSolver: "Linear System GCR Restart" not given, setting it to 200
   gcr:    10  0.1041E-07  0.1143E-07
ComputeChange: NS (ITER=1) (NRM,RELC): (  294.97242     0.70929990E-06 ) :: heat equation
ComputeChange: SS (ITER=56) (NRM,RELC): (  294.97260     0.70932213E-07 ) :: heat equation
FlowSolve: 
FlowSolve: 
FlowSolve: -------------------------------------
FlowSolve:  NAVIER-STOKES ITERATION           1
FlowSolve: -------------------------------------
FlowSolve: 
FlowSolve: Starting Assembly...
FlowSolve: Assembly:
FlowSolve: Assembly done
FlowSolve: Dirichlet conditions done
      10 0.7563E-09 0.7563E-09
BiCGStabl:       11 0.4789E-10 0.4789E-10
ComputeChange: NS (ITER=1) (NRM,RELC): ( 0.27691050E-03 0.14358546E-02 ) :: navier-stokes
FlowSolve: iter:    1 Assembly: (s)    0.01    0.01
FlowSolve: iter:    1 Solve:    (s)    0.01    0.01
FlowSolve:  Result Norm     :    2.7691050456276966E-004
FlowSolve:  Relative Change :    1.4358545538773789E-003
ComputeChange: SS (ITER=56) (NRM,RELC): ( 0.27726832E-03 0.14452493E-03 ) :: navier-stokes
SolveEquations: -------------------------------------
SolveEquations:  Coupled system iteration:           57
SolveEquations: -------------------------------------
HeatSolver: ------------------------------------------------
HeatSolver: Solving energy equation for temperature
HeatSolver: Heat solver iteration: 1
IterSolver: "Linear System GCR Restart" not given, setting it to 200
   gcr:    10  0.9028E-08  0.9617E-08
ComputeChange: NS (ITER=1) (NRM,RELC): (  294.97241     0.64940589E-06 ) :: heat equation
ComputeChange: SS (ITER=57) (NRM,RELC): (  294.97259     0.64942367E-07 ) :: heat equation
FlowSolve: 
FlowSolve: 
FlowSolve: -------------------------------------
FlowSolve:  NAVIER-STOKES ITERATION           1
FlowSolve: -------------------------------------
FlowSolve: 
FlowSolve: Starting Assembly...
FlowSolve: Assembly:
FlowSolve: Assembly done
FlowSolve: Dirichlet conditions done
      10 0.6498E-09 0.6498E-09
BiCGStabl:       11 0.9087E-10 0.9087E-10
ComputeChange: NS (ITER=1) (NRM,RELC): ( 0.27678796E-03 0.17339672E-02 ) :: navier-stokes
FlowSolve: iter:    1 Assembly: (s)    0.01    0.01
FlowSolve: iter:    1 Solve:    (s)    0.01    0.01
FlowSolve:  Result Norm     :    2.7678796065224581E-004
FlowSolve:  Relative Change :    1.7339671566163205E-003
ComputeChange: SS (ITER=57) (NRM,RELC): ( 0.27721998E-03 0.17434162E-03 ) :: navier-stokes
SolveEquations: -------------------------------------
SolveEquations:  Coupled system iteration:           58
SolveEquations: -------------------------------------
HeatSolver: ------------------------------------------------
HeatSolver: Solving energy equation for temperature
HeatSolver: Heat solver iteration: 1
IterSolver: "Linear System GCR Restart" not given, setting it to 200
   gcr:    10  0.7671E-08  0.8105E-08
ComputeChange: NS (ITER=1) (NRM,RELC): (  294.97241     0.60331674E-06 ) :: heat equation
ComputeChange: SS (ITER=58) (NRM,RELC): (  294.97257     0.60333078E-07 ) :: heat equation
FlowSolve: 
FlowSolve: 
FlowSolve: -------------------------------------
FlowSolve:  NAVIER-STOKES ITERATION           1
FlowSolve: -------------------------------------
FlowSolve: 
FlowSolve: Starting Assembly...
FlowSolve: Assembly:
FlowSolve: Assembly done
FlowSolve: Dirichlet conditions done
      10 0.5367E-09 0.5367E-09
BiCGStabl:       11 0.5983E-10 0.5983E-10
ComputeChange: NS (ITER=1) (NRM,RELC): ( 0.27667263E-03 0.19763812E-02 ) :: navier-stokes
FlowSolve: iter:    1 Assembly: (s)    0.01    0.01
FlowSolve: iter:    1 Solve:    (s)    0.01    0.01
FlowSolve:  Result Norm     :    2.7667263166726488E-004
FlowSolve:  Relative Change :    1.9763812345348413E-003
ComputeChange: SS (ITER=58) (NRM,RELC): ( 0.27716494E-03 0.19857121E-03 ) :: navier-stokes
SolveEquations: -------------------------------------
SolveEquations:  Coupled system iteration:           59
SolveEquations: -------------------------------------
HeatSolver: ------------------------------------------------
HeatSolver: Solving energy equation for temperature
HeatSolver: Heat solver iteration: 1
IterSolver: "Linear System GCR Restart" not given, setting it to 200
ComputeChange: NS (ITER=1) (NRM,RELC): (  294.97241     0.54789297E-06 ) :: heat equation
ComputeChange: SS (ITER=59) (NRM,RELC): (  294.97255     0.54790399E-07 ) :: heat equation
FlowSolve: 
FlowSolve: 
FlowSolve: -------------------------------------
FlowSolve:  NAVIER-STOKES ITERATION           1
FlowSolve: -------------------------------------
FlowSolve: 
FlowSolve: Starting Assembly...
FlowSolve: Assembly:
FlowSolve: Assembly done
FlowSolve: Dirichlet conditions done
      10 0.4273E-09 0.4273E-09
BiCGStabl:       11 0.5089E-10 0.5089E-10
ComputeChange: NS (ITER=1) (NRM,RELC): ( 0.27656505E-03 0.21667422E-02 ) :: navier-stokes
FlowSolve: iter:    1 Assembly: (s)    0.01    0.01
FlowSolve: iter:    1 Solve:    (s)    0.01    0.01
FlowSolve:  Result Norm     :    2.7656504564416151E-004
FlowSolve:  Relative Change :    2.1667421998747254E-003
ComputeChange: SS (ITER=59) (NRM,RELC): ( 0.27710464E-03 0.21757986E-03 ) :: navier-stokes
SolveEquations: -------------------------------------
SolveEquations:  Coupled system iteration:           60
SolveEquations: -------------------------------------
HeatSolver: ------------------------------------------------
HeatSolver: Solving energy equation for temperature
HeatSolver: Heat solver iteration: 1
IterSolver: "Linear System GCR Restart" not given, setting it to 200
ComputeChange: NS (ITER=1) (NRM,RELC): (  294.97240     0.50647852E-06 ) :: heat equation
ComputeChange: SS (ITER=60) (NRM,RELC): (  294.97254     0.50648717E-07 ) :: heat equation
FlowSolve: 
FlowSolve: 
FlowSolve: -------------------------------------
FlowSolve:  NAVIER-STOKES ITERATION           1
FlowSolve: -------------------------------------
FlowSolve: 
FlowSolve: Starting Assembly...
FlowSolve: Assembly:
FlowSolve: Assembly done
FlowSolve: Dirichlet conditions done
      10 0.3128E-09 0.3128E-09
BiCGStabl:       11 0.6340E-10 0.6340E-10
ComputeChange: NS (ITER=1) (NRM,RELC): ( 0.27646603E-03 0.23072565E-02 ) :: navier-stokes
FlowSolve: iter:    1 Assembly: (s)    0.01    0.01
FlowSolve: iter:    1 Solve:    (s)    0.01    0.01
FlowSolve:  Result Norm     :    2.7646602700019771E-004
FlowSolve:  Relative Change :    2.3072564878987372E-003
ComputeChange: SS (ITER=60) (NRM,RELC): ( 0.27704047E-03 0.23159031E-03 ) :: navier-stokes
SolveEquations: -------------------------------------
SolveEquations:  Coupled system iteration:           61
SolveEquations: -------------------------------------
HeatSolver: ------------------------------------------------
HeatSolver: Solving energy equation for temperature
HeatSolver: Heat solver iteration: 1
IterSolver: "Linear System GCR Restart" not given, setting it to 200
ComputeChange: NS (ITER=1) (NRM,RELC): (  294.97240     0.46692670E-06 ) :: heat equation
ComputeChange: SS (ITER=61) (NRM,RELC): (  294.97252     0.46693358E-07 ) :: heat equation
FlowSolve: 
FlowSolve: 
FlowSolve: -------------------------------------
FlowSolve:  NAVIER-STOKES ITERATION           1
FlowSolve: -------------------------------------
FlowSolve: 
FlowSolve: Starting Assembly...
FlowSolve: Assembly:
FlowSolve: Assembly done
FlowSolve: Dirichlet conditions done
      10 0.1825E-09 0.1825E-09
BiCGStabl:       11 0.4022E-10 0.4022E-10
ComputeChange: NS (ITER=1) (NRM,RELC): ( 0.27637609E-03 0.24010237E-02 ) :: navier-stokes
FlowSolve: iter:    1 Assembly: (s)    0.01    0.01
FlowSolve: iter:    1 Solve:    (s)    0.01    0.01
FlowSolve:  Result Norm     :    2.7637609130501455E-004
FlowSolve:  Relative Change :    2.4010236619342049E-003
ComputeChange: SS (ITER=61) (NRM,RELC): ( 0.27697374E-03 0.24091496E-03 ) :: navier-stokes
SolveEquations: -------------------------------------
SolveEquations:  Coupled system iteration:           62
SolveEquations: -------------------------------------
HeatSolver: ------------------------------------------------
HeatSolver: Solving energy equation for temperature
HeatSolver: Heat solver iteration: 1
IterSolver: "Linear System GCR Restart" not given, setting it to 200
   gcr:    10  0.6055E-08  0.8831E-08
ComputeChange: NS (ITER=1) (NRM,RELC): (  294.97239     0.43547896E-06 ) :: heat equation
ComputeChange: SS (ITER=62) (NRM,RELC): (  294.97251     0.43548457E-07 ) :: heat equation
FlowSolve: 
FlowSolve: 
FlowSolve: -------------------------------------
FlowSolve:  NAVIER-STOKES ITERATION           1
FlowSolve: -------------------------------------
FlowSolve: 
FlowSolve: Starting Assembly...
FlowSolve: Assembly:
FlowSolve: Assembly done
FlowSolve: Dirichlet conditions done
      10 0.9093E-10 0.9093E-10
BiCGStabl:       10 0.9093E-10 0.9093E-10
ComputeChange: NS (ITER=1) (NRM,RELC): ( 0.27629600E-03 0.24499430E-02 ) :: navier-stokes
FlowSolve: iter:    1 Assembly: (s)    0.01    0.01
FlowSolve: iter:    1 Solve:    (s)    0.01    0.01
FlowSolve:  Result Norm     :    2.7629599961348088E-004
FlowSolve:  Relative Change :    2.4499430255036036E-003
ComputeChange: SS (ITER=62) (NRM,RELC): ( 0.27690568E-03 0.24574646E-03 ) :: navier-stokes
SolveEquations: -------------------------------------
SolveEquations:  Coupled system iteration:           63
SolveEquations: -------------------------------------
HeatSolver: ------------------------------------------------
HeatSolver: Solving energy equation for temperature
HeatSolver: Heat solver iteration: 1
IterSolver: "Linear System GCR Restart" not given, setting it to 200
   gcr:    10  0.6053E-08  0.9497E-08
ComputeChange: NS (ITER=1) (NRM,RELC): (  294.97239     0.39583221E-06 ) :: heat equation
ComputeChange: SS (ITER=63) (NRM,RELC): (  294.97250     0.39583704E-07 ) :: heat equation
FlowSolve: 
FlowSolve: 
FlowSolve: -------------------------------------
FlowSolve:  NAVIER-STOKES ITERATION           1
FlowSolve: -------------------------------------
FlowSolve: 
FlowSolve: Starting Assembly...
FlowSolve: Assembly:
FlowSolve: Assembly done
FlowSolve: Dirichlet conditions done
      10 0.2267E-09 0.2267E-09
BiCGStabl:       11 0.3771E-10 0.3771E-10
ComputeChange: NS (ITER=1) (NRM,RELC): ( 0.27622555E-03 0.24592069E-02 ) :: navier-stokes
FlowSolve: iter:    1 Assembly: (s)    0.01    0.01
FlowSolve: iter:    1 Solve:    (s)    0.01    0.01
FlowSolve:  Result Norm     :    2.7622555026322372E-004
FlowSolve:  Relative Change :    2.4592068770537055E-003
ComputeChange: SS (ITER=63) (NRM,RELC): ( 0.27683740E-03 0.24660660E-03 ) :: navier-stokes
SolveEquations: -------------------------------------
SolveEquations:  Coupled system iteration:           64
SolveEquations: -------------------------------------
HeatSolver: ------------------------------------------------
HeatSolver: Solving energy equation for temperature
HeatSolver: Heat solver iteration: 1
IterSolver: "Linear System GCR Restart" not given, setting it to 200
   gcr:    10  0.5832E-08  0.9535E-08
ComputeChange: NS (ITER=1) (NRM,RELC): (  294.97239     0.35806207E-06 ) :: heat equation
ComputeChange: SS (ITER=64) (NRM,RELC): (  294.97249     0.35806654E-07 ) :: heat equation
FlowSolve: 
FlowSolve: 
FlowSolve: -------------------------------------
FlowSolve:  NAVIER-STOKES ITERATION           1
FlowSolve: -------------------------------------
FlowSolve: 
FlowSolve: Starting Assembly...
FlowSolve: Assembly:
FlowSolve: Assembly done
FlowSolve: Dirichlet conditions done
      10 0.3756E-09 0.3756E-09
BiCGStabl:       11 0.5489E-10 0.5489E-10
ComputeChange: NS (ITER=1) (NRM,RELC): ( 0.27616473E-03 0.24328251E-02 ) :: navier-stokes
FlowSolve: iter:    1 Assembly: (s)    0.01    0.01
FlowSolve: iter:    1 Solve:    (s)    0.01    0.01
FlowSolve:  Result Norm     :    2.7616472525204767E-004
FlowSolve:  Relative Change :    2.4328250926193046E-003
ComputeChange: SS (ITER=64) (NRM,RELC): ( 0.27676989E-03 0.24389886E-03 ) :: navier-stokes
SolveEquations: -------------------------------------
SolveEquations:  Coupled system iteration:           65
SolveEquations: -------------------------------------
HeatSolver: ------------------------------------------------
HeatSolver: Solving energy equation for temperature
HeatSolver: Heat solver iteration: 1
IterSolver: "Linear System GCR Restart" not given, setting it to 200
   gcr:    10  0.5517E-08  0.9257E-08
ComputeChange: NS (ITER=1) (NRM,RELC): (  294.97239     0.32241065E-06 ) :: heat equation
ComputeChange: SS (ITER=65) (NRM,RELC): (  294.97248     0.32241504E-07 ) :: heat equation
FlowSolve: 
FlowSolve: 
FlowSolve: -------------------------------------
FlowSolve:  NAVIER-STOKES ITERATION           1
FlowSolve: -------------------------------------
FlowSolve: 
FlowSolve: Starting Assembly...
FlowSolve: Assembly:
FlowSolve: Assembly done
FlowSolve: Dirichlet conditions done
      10 0.4687E-09 0.4687E-09
BiCGStabl:       11 0.6925E-10 0.6925E-10
ComputeChange: NS (ITER=1) (NRM,RELC): ( 0.27611336E-03 0.23749454E-02 ) :: navier-stokes
FlowSolve: iter:    1 Assembly: (s)    0.01    0.01
FlowSolve: iter:    1 Solve:    (s)    0.01    0.01
FlowSolve:  Result Norm     :    2.7611335811202336E-004
FlowSolve:  Relative Change :    2.3749454323558055E-003
ComputeChange: SS (ITER=65) (NRM,RELC): ( 0.27670402E-03 0.23804031E-03 ) :: navier-stokes
SolveEquations: -------------------------------------
SolveEquations:  Coupled system iteration:           66
SolveEquations: -------------------------------------
HeatSolver: ------------------------------------------------
HeatSolver: Solving energy equation for temperature
HeatSolver: Heat solver iteration: 1
IterSolver: "Linear System GCR Restart" not given, setting it to 200
   gcr:    10  0.5190E-08  0.8932E-08
ComputeChange: NS (ITER=1) (NRM,RELC): (  294.97239     0.28892706E-06 ) :: heat equation
ComputeChange: SS (ITER=66) (NRM,RELC): (  294.97247     0.28893163E-07 ) :: heat equation
FlowSolve: 
FlowSolve: 
FlowSolve: -------------------------------------
FlowSolve:  NAVIER-STOKES ITERATION           1
FlowSolve: -------------------------------------
FlowSolve: 
FlowSolve: Starting Assembly...
FlowSolve: Assembly:
FlowSolve: Assembly done
FlowSolve: Dirichlet conditions done
      10 0.4675E-09 0.4675E-09
BiCGStabl:       11 0.7800E-10 0.7800E-10
ComputeChange: NS (ITER=1) (NRM,RELC): ( 0.27607117E-03 0.22897196E-02 ) :: navier-stokes
FlowSolve: iter:    1 Assembly: (s)    0.01    0.01
FlowSolve: iter:    1 Solve:    (s)    0.01    0.01
FlowSolve:  Result Norm     :    2.7607116724050250E-004
FlowSolve:  Relative Change :    2.2897196290405709E-003
ComputeChange: SS (ITER=66) (NRM,RELC): ( 0.27664054E-03 0.22944814E-03 ) :: navier-stokes
SolveEquations: -------------------------------------
SolveEquations:  Coupled system iteration:           67
SolveEquations: -------------------------------------
HeatSolver: ------------------------------------------------
HeatSolver: Solving energy equation for temperature
HeatSolver: Heat solver iteration: 1
IterSolver: "Linear System GCR Restart" not given, setting it to 200
ComputeChange: NS (ITER=1) (NRM,RELC): (  294.97239     0.25340578E-06 ) :: heat equation
ComputeChange: SS (ITER=67) (NRM,RELC): (  294.97246     0.25341066E-07 ) :: heat equation
FlowSolve: 
FlowSolve: 
FlowSolve: -------------------------------------
FlowSolve:  NAVIER-STOKES ITERATION           1
FlowSolve: -------------------------------------
FlowSolve: 
FlowSolve: Starting Assembly...
FlowSolve: Assembly:
FlowSolve: Assembly done
FlowSolve: Dirichlet conditions done
      10 0.3820E-09 0.3820E-09
BiCGStabl:       11 0.7733E-10 0.7733E-10
ComputeChange: NS (ITER=1) (NRM,RELC): ( 0.27603769E-03 0.21815429E-02 ) :: navier-stokes
FlowSolve: iter:    1 Assembly: (s)    0.01    0.01
FlowSolve: iter:    1 Solve:    (s)    0.01    0.01
FlowSolve:  Result Norm     :    2.7603768977887077E-004
FlowSolve:  Relative Change :    2.1815428609625446E-003
ComputeChange: SS (ITER=67) (NRM,RELC): ( 0.27658008E-03 0.21856350E-03 ) :: navier-stokes
SolveEquations: -------------------------------------
SolveEquations:  Coupled system iteration:           68
SolveEquations: -------------------------------------
HeatSolver: ------------------------------------------------
HeatSolver: Solving energy equation for temperature
HeatSolver: Heat solver iteration: 1
IterSolver: "Linear System GCR Restart" not given, setting it to 200
ComputeChange: NS (ITER=1) (NRM,RELC): (  294.97240     0.22460404E-06 ) :: heat equation
ComputeChange: SS (ITER=68) (NRM,RELC): (  294.97246     0.22460935E-07 ) :: heat equation
FlowSolve: 
FlowSolve: 
FlowSolve: -------------------------------------
FlowSolve:  NAVIER-STOKES ITERATION           1
FlowSolve: -------------------------------------
FlowSolve: 
FlowSolve: Starting Assembly...
FlowSolve: Assembly:
FlowSolve: Assembly done
FlowSolve: Dirichlet conditions done
      10 0.2601E-09 0.2601E-09
BiCGStabl:       11 0.6864E-10 0.6864E-10
ComputeChange: NS (ITER=1) (NRM,RELC): ( 0.27601258E-03 0.20539616E-02 ) :: navier-stokes
FlowSolve: iter:    1 Assembly: (s)    0.01    0.01
FlowSolve: iter:    1 Solve:    (s)    0.01    0.01
FlowSolve:  Result Norm     :    2.7601257643712754E-004
FlowSolve:  Relative Change :    2.0539615856888403E-003
ComputeChange: SS (ITER=68) (NRM,RELC): ( 0.27652318E-03 0.20574246E-03 ) :: navier-stokes
SolveEquations: -------------------------------------
SolveEquations:  Coupled system iteration:           69
SolveEquations: -------------------------------------
HeatSolver: ------------------------------------------------
HeatSolver: Solving energy equation for temperature
HeatSolver: Heat solver iteration: 1
IterSolver: "Linear System GCR Restart" not given, setting it to 200
ComputeChange: NS (ITER=1) (NRM,RELC): (  294.97240     0.19773867E-06 ) :: heat equation
ComputeChange: SS (ITER=69) (NRM,RELC): (  294.97245     0.19774441E-07 ) :: heat equation
FlowSolve: 
FlowSolve: 
FlowSolve: -------------------------------------
FlowSolve:  NAVIER-STOKES ITERATION           1
FlowSolve: -------------------------------------
FlowSolve: 
FlowSolve: Starting Assembly...
FlowSolve: Assembly:
FlowSolve: Assembly done
FlowSolve: Dirichlet conditions done
      10 0.1518E-09 0.1518E-09
BiCGStabl:       11 0.5487E-10 0.5487E-10
ComputeChange: NS (ITER=1) (NRM,RELC): ( 0.27599530E-03 0.19108297E-02 ) :: navier-stokes
FlowSolve: iter:    1 Assembly: (s)    0.01    0.01
FlowSolve: iter:    1 Solve:    (s)    0.01    0.01
FlowSolve:  Result Norm     :    2.7599529569918618E-004
FlowSolve:  Relative Change :    1.9108297440145700E-003
ComputeChange: SS (ITER=69) (NRM,RELC): ( 0.27647027E-03 0.19137141E-03 ) :: navier-stokes
SolveEquations: -------------------------------------
SolveEquations:  Coupled system iteration:           70
SolveEquations: -------------------------------------
HeatSolver: ------------------------------------------------
HeatSolver: Solving energy equation for temperature
HeatSolver: Heat solver iteration: 1
IterSolver: "Linear System GCR Restart" not given, setting it to 200
ComputeChange: NS (ITER=1) (NRM,RELC): (  294.97240     0.17276417E-06 ) :: heat equation
ComputeChange: SS (ITER=70) (NRM,RELC): (  294.97244     0.17277030E-07 ) :: heat equation
FlowSolve: 
FlowSolve: 
FlowSolve: -------------------------------------
FlowSolve:  NAVIER-STOKES ITERATION           1
FlowSolve: -------------------------------------
FlowSolve: 
FlowSolve: Starting Assembly...
FlowSolve: Assembly:
FlowSolve: Assembly done
FlowSolve: Dirichlet conditions done
      10 0.7535E-10 0.7535E-10
BiCGStabl:       10 0.7535E-10 0.7535E-10
ComputeChange: NS (ITER=1) (NRM,RELC): ( 0.27598526E-03 0.17558084E-02 ) :: navier-stokes
FlowSolve: iter:    1 Assembly: (s)    0.01    0.01
FlowSolve: iter:    1 Solve:    (s)    0.01    0.01
FlowSolve:  Result Norm     :    2.7598526345987167E-004
FlowSolve:  Relative Change :    1.7558084411404447E-003
ComputeChange: SS (ITER=70) (NRM,RELC): ( 0.27642166E-03 0.17581713E-03 ) :: navier-stokes
SolveEquations: -------------------------------------
SolveEquations:  Coupled system iteration:           71
SolveEquations: -------------------------------------
HeatSolver: ------------------------------------------------
HeatSolver: Solving energy equation for temperature
HeatSolver: Heat solver iteration: 1
IterSolver: "Linear System GCR Restart" not given, setting it to 200
ComputeChange: NS (ITER=1) (NRM,RELC): (  294.97240     0.14965079E-06 ) :: heat equation
ComputeChange: SS (ITER=71) (NRM,RELC): (  294.97244     0.14965729E-07 ) :: heat equation
FlowSolve: 
FlowSolve: 
FlowSolve: -------------------------------------
FlowSolve:  NAVIER-STOKES ITERATION           1
FlowSolve: -------------------------------------
FlowSolve: 
FlowSolve: Starting Assembly...
FlowSolve: Assembly:
FlowSolve: Assembly done
FlowSolve: Dirichlet conditions done
      10 0.3285E-10 0.3285E-10
BiCGStabl:       10 0.3285E-10 0.3285E-10
ComputeChange: NS (ITER=1) (NRM,RELC): ( 0.27598186E-03 0.15923380E-02 ) :: navier-stokes
FlowSolve: iter:    1 Assembly: (s)    0.01    0.01
FlowSolve: iter:    1 Solve:    (s)    0.01    0.01
FlowSolve:  Result Norm     :    2.7598185600782404E-004
FlowSolve:  Relative Change :    1.5923379994817078E-003
ComputeChange: SS (ITER=71) (NRM,RELC): ( 0.27637760E-03 0.15942404E-03 ) :: navier-stokes
SolveEquations: -------------------------------------
SolveEquations:  Coupled system iteration:           72
SolveEquations: -------------------------------------
HeatSolver: ------------------------------------------------
HeatSolver: Solving energy equation for temperature
HeatSolver: Heat solver iteration: 1
IterSolver: "Linear System GCR Restart" not given, setting it to 200
ComputeChange: NS (ITER=1) (NRM,RELC): (  294.97240     0.12837136E-06 ) :: heat equation
ComputeChange: SS (ITER=72) (NRM,RELC): (  294.97244     0.12837811E-07 ) :: heat equation
FlowSolve: 
FlowSolve: 
FlowSolve: -------------------------------------
FlowSolve:  NAVIER-STOKES ITERATION           1
FlowSolve: -------------------------------------
FlowSolve: 
FlowSolve: Starting Assembly...
FlowSolve: Assembly:
FlowSolve: Assembly done
FlowSolve: Dirichlet conditions done
BiCGStabl:       10 0.7582E-10 0.7582E-10
ComputeChange: NS (ITER=1) (NRM,RELC): ( 0.27598442E-03 0.14236144E-02 ) :: navier-stokes
FlowSolve: iter:    1 Assembly: (s)    0.01    0.01
FlowSolve: iter:    1 Solve:    (s)    0.01    0.01
FlowSolve:  Result Norm     :    2.7598442254859220E-004
FlowSolve:  Relative Change :    1.4236144223729636E-003
ComputeChange: SS (ITER=72) (NRM,RELC): ( 0.27633821E-03 0.14251185E-03 ) :: navier-stokes
SolveEquations: -------------------------------------
SolveEquations:  Coupled system iteration:           73
SolveEquations: -------------------------------------
HeatSolver: ------------------------------------------------
HeatSolver: Solving energy equation for temperature
HeatSolver: Heat solver iteration: 1
IterSolver: "Linear System GCR Restart" not given, setting it to 200
ComputeChange: NS (ITER=1) (NRM,RELC): (  294.97240     0.10889294E-06 ) :: heat equation
ComputeChange: SS (ITER=73) (NRM,RELC): (  294.97243     0.10889986E-07 ) :: heat equation
FlowSolve: 
FlowSolve: 
FlowSolve: -------------------------------------
FlowSolve:  NAVIER-STOKES ITERATION           1
FlowSolve: -------------------------------------
FlowSolve: 
FlowSolve: Starting Assembly...
FlowSolve: Assembly:
FlowSolve: Assembly done
FlowSolve: Dirichlet conditions done
      10 0.6547E-10 0.6547E-10
BiCGStabl:       10 0.6547E-10 0.6547E-10
ComputeChange: NS (ITER=1) (NRM,RELC): ( 0.27599230E-03 0.12525689E-02 ) :: navier-stokes
FlowSolve: iter:    1 Assembly: (s)    0.01    0.01
FlowSolve: iter:    1 Solve:    (s)    0.01    0.01
FlowSolve:  Result Norm     :    2.7599229752387860E-004
FlowSolve:  Relative Change :    1.2525689253154876E-003
ComputeChange: SS (ITER=73) (NRM,RELC): ( 0.27630357E-03 0.12537356E-03 ) :: navier-stokes
SolveEquations: -------------------------------------
SolveEquations:  Coupled system iteration:           74
SolveEquations: -------------------------------------
HeatSolver: ------------------------------------------------
HeatSolver: Solving energy equation for temperature
HeatSolver: Heat solver iteration: 1
IterSolver: "Linear System GCR Restart" not given, setting it to 200
ComputeChange: NS (ITER=1) (NRM,RELC): (  294.97241     0.91173044E-07 ) :: heat equation
ComputeChange: SS (ITER=74) (NRM,RELC): (  294.97243     0.91179997E-08 ) :: heat equation
FlowSolve: 
FlowSolve: 
FlowSolve: -------------------------------------
FlowSolve:  NAVIER-STOKES ITERATION           1
FlowSolve: -------------------------------------
FlowSolve: 
FlowSolve: Starting Assembly...
FlowSolve: Assembly:
FlowSolve: Assembly done
FlowSolve: Dirichlet conditions done
      10 0.4369E-10 0.4369E-10
BiCGStabl:       10 0.4369E-10 0.4369E-10
ComputeChange: NS (ITER=1) (NRM,RELC): ( 0.27600481E-03 0.10818537E-02 ) :: navier-stokes
FlowSolve: iter:    1 Assembly: (s)    0.01    0.01
FlowSolve: iter:    1 Solve:    (s)    0.01    0.01
FlowSolve:  Result Norm     :    2.7600481178755953E-004
FlowSolve:  Relative Change :    1.0818536534680622E-003
ComputeChange: SS (ITER=74) (NRM,RELC): ( 0.27627366E-03 0.10827408E-03 ) :: navier-stokes
SolveEquations: -------------------------------------
SolveEquations:  Coupled system iteration:           75
SolveEquations: -------------------------------------
HeatSolver: ------------------------------------------------
HeatSolver: Solving energy equation for temperature
HeatSolver: Heat solver iteration: 1
IterSolver: "Linear System GCR Restart" not given, setting it to 200
ComputeChange: NS (ITER=1) (NRM,RELC): (  294.97241     0.75158920E-07 ) :: heat equation
ComputeChange: SS (ITER=75) (NRM,RELC): (  294.97243     0.75165812E-08 ) :: heat equation
FlowSolve: 
FlowSolve: 
FlowSolve: -------------------------------------
FlowSolve:  NAVIER-STOKES ITERATION           1
FlowSolve: -------------------------------------
FlowSolve: 
FlowSolve: Starting Assembly...
FlowSolve: Assembly:
FlowSolve: Assembly done
FlowSolve: Dirichlet conditions done
      10 0.6835E-10 0.6835E-10
BiCGStabl:       10 0.6835E-10 0.6835E-10
ComputeChange: NS (ITER=1) (NRM,RELC): ( 0.27602130E-03 0.91383280E-03 ) :: navier-stokes
FlowSolve: iter:    1 Assembly: (s)    0.01    0.01
FlowSolve: iter:    1 Solve:    (s)    0.01    0.01
FlowSolve:  Result Norm     :    2.7602130268808612E-004
FlowSolve:  Relative Change :    9.1383280433294037E-004
ComputeChange: SS (ITER=75) (NRM,RELC): ( 0.27624839E-03 0.91449394E-04 ) :: navier-stokes
SolveEquations: -------------------------------------
SolveEquations:  Coupled system iteration:           76
SolveEquations: -------------------------------------
HeatSolver: ------------------------------------------------
HeatSolver: Solving energy equation for temperature
HeatSolver: Heat solver iteration: 1
IterSolver: "Linear System GCR Restart" not given, setting it to 200
ComputeChange: NS (ITER=1) (NRM,RELC): (  294.97241     0.60788340E-07 ) :: heat equation
ComputeChange: SS (ITER=76) (NRM,RELC): (  294.97243     0.60795058E-08 ) :: heat equation
FlowSolve: 
FlowSolve: 
FlowSolve: -------------------------------------
FlowSolve:  NAVIER-STOKES ITERATION           1
FlowSolve: -------------------------------------
FlowSolve: 
FlowSolve: Starting Assembly...
FlowSolve: Assembly:
FlowSolve: Assembly done
FlowSolve: Dirichlet conditions done
      10 0.1177E-09 0.1177E-09
BiCGStabl:       11 0.5256E-10 0.5256E-10
ComputeChange: NS (ITER=1) (NRM,RELC): ( 0.27604112E-03 0.75057843E-03 ) :: navier-stokes
FlowSolve: iter:    1 Assembly: (s)    0.01    0.01
FlowSolve: iter:    1 Solve:    (s)    0.01    0.01
FlowSolve:  Result Norm     :    2.7604112311074158E-004
FlowSolve:  Relative Change :    7.5057843392460383E-004
ComputeChange: SS (ITER=76) (NRM,RELC): ( 0.27622764E-03 0.75106175E-04 ) :: navier-stokes
SolveEquations: -------------------------------------
SolveEquations:  Coupled system iteration:           77
SolveEquations: -------------------------------------
HeatSolver: ------------------------------------------------
HeatSolver: Solving energy equation for temperature
HeatSolver: Heat solver iteration: 1
IterSolver: "Linear System GCR Restart" not given, setting it to 200
ComputeChange: NS (ITER=1) (NRM,RELC): (  294.97241     0.47990989E-07 ) :: heat equation
ComputeChange: SS (ITER=77) (NRM,RELC): (  294.97242     0.47997441E-08 ) :: heat equation
FlowSolve: 
FlowSolve: 
FlowSolve: -------------------------------------
FlowSolve:  NAVIER-STOKES ITERATION           1
FlowSolve: -------------------------------------
FlowSolve: 
FlowSolve: Starting Assembly...
FlowSolve: Assembly:
FlowSolve: Assembly done
FlowSolve: Dirichlet conditions done
      10 0.9290E-09 0.9290E-09
BiCGStabl:       11 0.1579E-10 0.1579E-10
ComputeChange: NS (ITER=1) (NRM,RELC): ( 0.27606365E-03 0.59387136E-03 ) :: navier-stokes
FlowSolve: iter:    1 Assembly: (s)    0.01    0.01
FlowSolve: iter:    1 Solve:    (s)    0.01    0.01
FlowSolve:  Result Norm     :    2.7606364923745883E-004
FlowSolve:  Relative Change :    5.9387136398523826E-004
ComputeChange: SS (ITER=77) (NRM,RELC): ( 0.27621123E-03 0.59421911E-04 ) :: navier-stokes
SolveEquations: -------------------------------------
SolveEquations:  Coupled system iteration:           78
SolveEquations: -------------------------------------
HeatSolver: ------------------------------------------------
HeatSolver: Solving energy equation for temperature
HeatSolver: Heat solver iteration: 1
IterSolver: "Linear System GCR Restart" not given, setting it to 200
ComputeChange: NS (ITER=1) (NRM,RELC): (  294.97241     0.36689985E-07 ) :: heat equation
ComputeChange: SS (ITER=78) (NRM,RELC): (  294.97242     0.36696085E-08 ) :: heat equation
FlowSolve: 
FlowSolve: 
FlowSolve: -------------------------------------
FlowSolve:  NAVIER-STOKES ITERATION           1
FlowSolve: -------------------------------------
FlowSolve: 
FlowSolve: Starting Assembly...
FlowSolve: Assembly:
FlowSolve: Assembly done
FlowSolve: Dirichlet conditions done
      10 0.2343E-09 0.2343E-09
BiCGStabl:       11 0.5582E-10 0.5582E-10
ComputeChange: NS (ITER=1) (NRM,RELC): ( 0.27608829E-03 0.44520618E-03 ) :: navier-stokes
FlowSolve: iter:    1 Assembly: (s)    0.01    0.01
FlowSolve: iter:    1 Solve:    (s)    0.01    0.01
FlowSolve:  Result Norm     :    2.7608828716340435E-004
FlowSolve:  Relative Change :    4.4520617971023212E-004
ComputeChange: SS (ITER=78) (NRM,RELC): ( 0.27619893E-03 0.44545443E-04 ) :: navier-stokes
SolveEquations: -------------------------------------
SolveEquations:  Coupled system iteration:           79
SolveEquations: -------------------------------------
HeatSolver: ------------------------------------------------
HeatSolver: Solving energy equation for temperature
HeatSolver: Heat solver iteration: 1
IterSolver: "Linear System GCR Restart" not given, setting it to 200
ComputeChange: NS (ITER=1) (NRM,RELC): (  294.97242     0.26803332E-07 ) :: heat equation
ComputeChange: SS (ITER=79) (NRM,RELC): (  294.97242     0.26809011E-08 ) :: heat equation
FlowSolve: 
FlowSolve: 
FlowSolve: -------------------------------------
FlowSolve:  NAVIER-STOKES ITERATION           1
FlowSolve: -------------------------------------
FlowSolve: 
FlowSolve: Starting Assembly...
FlowSolve: Assembly:
FlowSolve: Assembly done
FlowSolve: Dirichlet conditions done
      10 0.7087E-10 0.7087E-10
BiCGStabl:       10 0.7087E-10 0.7087E-10
ComputeChange: NS (ITER=1) (NRM,RELC): ( 0.27611448E-03 0.30580020E-03 ) :: navier-stokes
FlowSolve: iter:    1 Assembly: (s)    0.01    0.01
FlowSolve: iter:    1 Solve:    (s)    0.01    0.01
FlowSolve:  Result Norm     :    2.7611447828924430E-004
FlowSolve:  Relative Change :    3.0580020322989641E-004
ComputeChange: SS (ITER=79) (NRM,RELC): ( 0.27619048E-03 0.30597892E-04 ) :: navier-stokes
SolveEquations: -------------------------------------
SolveEquations:  Coupled system iteration:           80
SolveEquations: -------------------------------------
HeatSolver: ------------------------------------------------
HeatSolver: Solving energy equation for temperature
HeatSolver: Heat solver iteration: 1
IterSolver: "Linear System GCR Restart" not given, setting it to 200
ComputeChange: NS (ITER=1) (NRM,RELC): (  294.97242     0.18245247E-07 ) :: heat equation
ComputeChange: SS (ITER=80) (NRM,RELC): (  294.97242     0.18250475E-08 ) :: heat equation
FlowSolve: 
FlowSolve: 
FlowSolve: -------------------------------------
FlowSolve:  NAVIER-STOKES ITERATION           1
FlowSolve: -------------------------------------
FlowSolve: 
FlowSolve: Starting Assembly...
FlowSolve: Assembly:
FlowSolve: Assembly done
FlowSolve: Dirichlet conditions done
      10 0.4451E-08 0.4451E-08
BiCGStabl:       11 0.8531E-10 0.8531E-10
ComputeChange: NS (ITER=1) (NRM,RELC): ( 0.27614170E-03 0.17660451E-03 ) :: navier-stokes
FlowSolve: iter:    1 Assembly: (s)    0.01    0.01
FlowSolve: iter:    1 Solve:    (s)    0.01    0.01
FlowSolve:  Result Norm     :    2.7614170391234994E-004
FlowSolve:  Relative Change :    1.7660451016880037E-004
ComputeChange: SS (ITER=80) (NRM,RELC): ( 0.27618559E-03 0.17673782E-04 ) :: navier-stokes
SolveEquations: -------------------------------------
SolveEquations:  Coupled system iteration:           81
SolveEquations: -------------------------------------
HeatSolver: ------------------------------------------------
HeatSolver: Solving energy equation for temperature
HeatSolver: Heat solver iteration: 1
IterSolver: "Linear System GCR Restart" not given, setting it to 200
ComputeChange: NS (ITER=1) (NRM,RELC): (  294.97242     0.10927382E-07 ) :: heat equation
ComputeChange: SS (ITER=81) (NRM,RELC): (  294.97242     0.10932112E-08 ) :: heat equation
FlowSolve: 
FlowSolve: 
FlowSolve: -------------------------------------
FlowSolve:  NAVIER-STOKES ITERATION           1
FlowSolve: -------------------------------------
FlowSolve: 
FlowSolve: Starting Assembly...
FlowSolve: Assembly:
FlowSolve: Assembly done
FlowSolve: Dirichlet conditions done
      10 0.6466E-10 0.6466E-10
BiCGStabl:       10 0.6466E-10 0.6466E-10
ComputeChange: NS (ITER=1) (NRM,RELC): ( 0.27616949E-03 0.58320625E-04 ) :: navier-stokes
FlowSolve: iter:    1 Assembly: (s)    0.01    0.01
FlowSolve: iter:    1 Solve:    (s)    0.01    0.01
FlowSolve:  Result Norm     :    2.7616948795558034E-004
FlowSolve:  Relative Change :    5.8320624805052427E-005
ComputeChange: SS (ITER=81) (NRM,RELC): ( 0.27618398E-03 0.58427261E-05 ) :: navier-stokes
SolveEquations: -------------------------------------
SolveEquations:  Coupled system iteration:           82
SolveEquations: -------------------------------------
HeatSolver: ------------------------------------------------
HeatSolver: Solving energy equation for temperature
HeatSolver: Heat solver iteration: 1
IterSolver: "Linear System GCR Restart" not given, setting it to 200
ComputeChange: NS (ITER=1) (NRM,RELC): (  294.97242     0.47598965E-08 ) :: heat equation
ComputeChange: SS (ITER=82) (NRM,RELC): (  294.97242     0.47641281E-09 ) :: heat equation
FlowSolve: 
FlowSolve: 
FlowSolve: -------------------------------------
FlowSolve:  NAVIER-STOKES ITERATION           1
FlowSolve: -------------------------------------
FlowSolve: 
FlowSolve: Starting Assembly...
FlowSolve: Assembly:
FlowSolve: Assembly done
FlowSolve: Dirichlet conditions done
      10 0.6346E-10 0.6346E-10
BiCGStabl:       10 0.6346E-10 0.6346E-10
ComputeChange: NS (ITER=1) (NRM,RELC): ( 0.27619740E-03 0.48583630E-04 ) :: navier-stokes
FlowSolve: iter:    1 Assembly: (s)    0.01    0.01
FlowSolve: iter:    1 Solve:    (s)    0.01    0.01
FlowSolve:  Result Norm     :    2.7619739947666702E-004
FlowSolve:  Relative Change :    4.8583630308671920E-005
ComputeChange: SS (ITER=82) (NRM,RELC): ( 0.27618532E-03 0.48489735E-05 ) :: navier-stokes
SolveEquations: -------------------------------------
SolveEquations:  Coupled system iteration:           83
SolveEquations: -------------------------------------
HeatSolver: ------------------------------------------------
HeatSolver: Solving energy equation for temperature
HeatSolver: Heat solver iteration: 1
IterSolver: "Linear System GCR Restart" not given, setting it to 200
ComputeChange: NS (ITER=1) (NRM,RELC): (  294.97242     0.34756448E-09 ) :: heat equation
ComputeChange: SS (ITER=83) (NRM,RELC): (  294.97242     0.34383848E-10 ) :: heat equation
FlowSolve: 
FlowSolve: 
FlowSolve: -------------------------------------
FlowSolve:  NAVIER-STOKES ITERATION           1
FlowSolve: -------------------------------------
FlowSolve: 
FlowSolve: Starting Assembly...
FlowSolve: Assembly:
FlowSolve: Assembly done
FlowSolve: Dirichlet conditions done
BiCGStabl:       10 0.7222E-10 0.7222E-10
ComputeChange: NS (ITER=1) (NRM,RELC): ( 0.27622505E-03 0.14385524E-03 ) :: navier-stokes
FlowSolve: iter:    1 Assembly: (s)    0.01    0.01
FlowSolve: iter:    1 Solve:    (s)    0.01    0.01
FlowSolve:  Result Norm     :    2.7622505390595046E-004
FlowSolve:  Relative Change :    1.4385524046688428E-004
ComputeChange: SS (ITER=83) (NRM,RELC): ( 0.27618929E-03 0.14376432E-04 ) :: navier-stokes
SolveEquations: -------------------------------------
SolveEquations:  Coupled system iteration:           84
SolveEquations: -------------------------------------
HeatSolver: ------------------------------------------------
HeatSolver: Solving energy equation for temperature
HeatSolver: Heat solver iteration: 1
IterSolver: "Linear System GCR Restart" not given, setting it to 200
ComputeChange: NS (ITER=1) (NRM,RELC): (  294.97242     0.44849843E-08 ) :: heat equation
ComputeChange: SS (ITER=84) (NRM,RELC): (  294.97242     0.44817518E-09 ) :: heat equation
FlowSolve: 
FlowSolve: 
FlowSolve: -------------------------------------
FlowSolve:  NAVIER-STOKES ITERATION           1
FlowSolve: -------------------------------------
FlowSolve: 
FlowSolve: Starting Assembly...
FlowSolve: Assembly:
FlowSolve: Assembly done
FlowSolve: Dirichlet conditions done
BiCGStabl:       10 0.8668E-10 0.8668E-10
ComputeChange: NS (ITER=1) (NRM,RELC): ( 0.27625211E-03 0.22743523E-03 ) :: navier-stokes
FlowSolve: iter:    1 Assembly: (s)    0.01    0.01
FlowSolve: iter:    1 Solve:    (s)    0.01    0.01
FlowSolve:  Result Norm     :    2.7625211324835611E-004
FlowSolve:  Relative Change :    2.2743522624867944E-004
ComputeChange: SS (ITER=84) (NRM,RELC): ( 0.27619557E-03 0.22734102E-04 ) :: navier-stokes
SolveEquations: -------------------------------------
SolveEquations:  Coupled system iteration:           85
SolveEquations: -------------------------------------
HeatSolver: ------------------------------------------------
HeatSolver: Solving energy equation for temperature
HeatSolver: Heat solver iteration: 1
IterSolver: "Linear System GCR Restart" not given, setting it to 200
ComputeChange: NS (ITER=1) (NRM,RELC): (  294.97242     0.77411540E-08 ) :: heat equation
ComputeChange: SS (ITER=85) (NRM,RELC): (  294.97242     0.77383671E-09 ) :: heat equation
FlowSolve: 
FlowSolve: 
FlowSolve: -------------------------------------
FlowSolve:  NAVIER-STOKES ITERATION           1
FlowSolve: -------------------------------------
FlowSolve: 
FlowSolve: Starting Assembly...
FlowSolve: Assembly:
FlowSolve: Assembly done
FlowSolve: Dirichlet conditions done
BiCGStabl:       10 0.9927E-10 0.9927E-10
ComputeChange: NS (ITER=1) (NRM,RELC): ( 0.27627829E-03 0.29943857E-03 ) :: navier-stokes
FlowSolve: iter:    1 Assembly: (s)    0.01    0.01
FlowSolve: iter:    1 Solve:    (s)    0.01    0.01
FlowSolve:  Result Norm     :    2.7627828590800368E-004
FlowSolve:  Relative Change :    2.9943856977983027E-004
ComputeChange: SS (ITER=85) (NRM,RELC): ( 0.27620384E-03 0.29933764E-04 ) :: navier-stokes
SolveEquations: -------------------------------------
SolveEquations:  Coupled system iteration:           86
SolveEquations: -------------------------------------
HeatSolver: ------------------------------------------------
HeatSolver: Solving energy equation for temperature
HeatSolver: Heat solver iteration: 1
IterSolver: "Linear System GCR Restart" not given, setting it to 200
ComputeChange: NS (ITER=1) (NRM,RELC): (  294.97243     0.10202998E-07 ) :: heat equation
ComputeChange: SS (ITER=86) (NRM,RELC): (  294.97242     0.10200655E-08 ) :: heat equation
FlowSolve: 
FlowSolve: 
FlowSolve: -------------------------------------
FlowSolve:  NAVIER-STOKES ITERATION           1
FlowSolve: -------------------------------------
FlowSolve: 
FlowSolve: Starting Assembly...
FlowSolve: Assembly:
FlowSolve: Assembly done
FlowSolve: Dirichlet conditions done
      10 0.6193E-10 0.6193E-10
BiCGStabl:       10 0.6193E-10 0.6193E-10
ComputeChange: NS (ITER=1) (NRM,RELC): ( 0.27630333E-03 0.36013233E-03 ) :: navier-stokes
FlowSolve: iter:    1 Assembly: (s)    0.01    0.01
FlowSolve: iter:    1 Solve:    (s)    0.01    0.01
FlowSolve:  Result Norm     :    2.7630332546035565E-004
FlowSolve:  Relative Change :    3.6013233127786114E-004
ComputeChange: SS (ITER=86) (NRM,RELC): ( 0.27621378E-03 0.36002343E-04 ) :: navier-stokes
SolveEquations: -------------------------------------
SolveEquations:  Coupled system iteration:           87
SolveEquations: -------------------------------------
HeatSolver: ------------------------------------------------
HeatSolver: Solving energy equation for temperature
HeatSolver: Heat solver iteration: 1
IterSolver: "Linear System GCR Restart" not given, setting it to 200
ComputeChange: NS (ITER=1) (NRM,RELC): (  294.97243     0.13054637E-07 ) :: heat equation
ComputeChange: SS (ITER=87) (NRM,RELC): (  294.97242     0.13052681E-08 ) :: heat equation
FlowSolve: 
FlowSolve: 
FlowSolve: -------------------------------------
FlowSolve:  NAVIER-STOKES ITERATION           1
FlowSolve: -------------------------------------
FlowSolve: 
FlowSolve: Starting Assembly...
FlowSolve: Assembly:
FlowSolve: Assembly done
FlowSolve: Dirichlet conditions done
      10 0.8091E-10 0.8091E-10
BiCGStabl:       10 0.8091E-10 0.8091E-10
ComputeChange: NS (ITER=1) (NRM,RELC): ( 0.27632702E-03 0.40987991E-03 ) :: navier-stokes
FlowSolve: iter:    1 Assembly: (s)    0.01    0.01
FlowSolve: iter:    1 Solve:    (s)    0.01    0.01
FlowSolve:  Result Norm     :    2.7632701946469064E-004
FlowSolve:  Relative Change :    4.0987990822574698E-004
ComputeChange: SS (ITER=87) (NRM,RELC): ( 0.27622510E-03 0.40976343E-04 ) :: navier-stokes
SolveEquations: -------------------------------------
SolveEquations:  Coupled system iteration:           88
SolveEquations: -------------------------------------
HeatSolver: ------------------------------------------------
HeatSolver: Solving energy equation for temperature
HeatSolver: Heat solver iteration: 1
IterSolver: "Linear System GCR Restart" not given, setting it to 200
ComputeChange: NS (ITER=1) (NRM,RELC): (  294.97243     0.13847853E-07 ) :: heat equation
ComputeChange: SS (ITER=88) (NRM,RELC): (  294.97242     0.13846237E-08 ) :: heat equation
FlowSolve: 
FlowSolve: 
FlowSolve: -------------------------------------
FlowSolve:  NAVIER-STOKES ITERATION           1
FlowSolve: -------------------------------------
FlowSolve: 
FlowSolve: Starting Assembly...
FlowSolve: Assembly:
FlowSolve: Assembly done
FlowSolve: Dirichlet conditions done
      10 0.1011E-09 0.1011E-09
BiCGStabl:       11 0.7826E-10 0.7826E-10
ComputeChange: NS (ITER=1) (NRM,RELC): ( 0.27634923E-03 0.44926206E-03 ) :: navier-stokes
FlowSolve: iter:    1 Assembly: (s)    0.01    0.01
FlowSolve: iter:    1 Solve:    (s)    0.01    0.01
FlowSolve:  Result Norm     :    2.7634922558012333E-004
FlowSolve:  Relative Change :    4.4926205723307036E-004
ComputeChange: SS (ITER=88) (NRM,RELC): ( 0.27623751E-03 0.44913952E-04 ) :: navier-stokes
SolveEquations: -------------------------------------
SolveEquations:  Coupled system iteration:           89
SolveEquations: -------------------------------------
HeatSolver: ------------------------------------------------
HeatSolver: Solving energy equation for temperature
HeatSolver: Heat solver iteration: 1
IterSolver: "Linear System GCR Restart" not given, setting it to 200
ComputeChange: NS (ITER=1) (NRM,RELC): (  294.97243     0.14149133E-07 ) :: heat equation
ComputeChange: SS (ITER=89) (NRM,RELC): (  294.97242     0.14147842E-08 ) :: heat equation
FlowSolve: 
FlowSolve: 
FlowSolve: -------------------------------------
FlowSolve:  NAVIER-STOKES ITERATION           1
FlowSolve: -------------------------------------
FlowSolve: 
FlowSolve: Starting Assembly...
FlowSolve: Assembly:
FlowSolve: Assembly done
FlowSolve: Dirichlet conditions done
      10 0.1224E-09 0.1224E-09
BiCGStabl:       11 0.7829E-10 0.7829E-10
ComputeChange: NS (ITER=1) (NRM,RELC): ( 0.27636982E-03 0.47886904E-03 ) :: navier-stokes
FlowSolve: iter:    1 Assembly: (s)    0.01    0.01
FlowSolve: iter:    1 Solve:    (s)    0.01    0.01
FlowSolve:  Result Norm     :    2.7636982014986138E-004
FlowSolve:  Relative Change :    4.7886903757653069E-004
ComputeChange: SS (ITER=89) (NRM,RELC): ( 0.27625073E-03 0.47874262E-04 ) :: navier-stokes
SolveEquations: -------------------------------------
SolveEquations:  Coupled system iteration:           90
SolveEquations: -------------------------------------
HeatSolver: ------------------------------------------------
HeatSolver: Solving energy equation for temperature
HeatSolver: Heat solver iteration: 1
IterSolver: "Linear System GCR Restart" not given, setting it to 200
ComputeChange: NS (ITER=1) (NRM,RELC): (  294.97243     0.14021838E-07 ) :: heat equation
ComputeChange: SS (ITER=90) (NRM,RELC): (  294.97242     0.14020813E-08 ) :: heat equation
FlowSolve: 
FlowSolve: 
FlowSolve: -------------------------------------
FlowSolve:  NAVIER-STOKES ITERATION           1
FlowSolve: -------------------------------------
FlowSolve: 
FlowSolve: Starting Assembly...
FlowSolve: Assembly:
FlowSolve: Assembly done
FlowSolve: Dirichlet conditions done
      10 0.1352E-09 0.1352E-09
BiCGStabl:       11 0.7088E-10 0.7088E-10
ComputeChange: NS (ITER=1) (NRM,RELC): ( 0.27638872E-03 0.49936263E-03 ) :: navier-stokes
FlowSolve: iter:    1 Assembly: (s)    0.01    0.01
FlowSolve: iter:    1 Solve:    (s)    0.01    0.01
FlowSolve:  Result Norm     :    2.7638871560829557E-004
FlowSolve:  Relative Change :    4.9936263210833328E-004
ComputeChange: SS (ITER=90) (NRM,RELC): ( 0.27626452E-03 0.49923484E-04 ) :: navier-stokes
SolveEquations: -------------------------------------
SolveEquations:  Coupled system iteration:           91
SolveEquations: -------------------------------------
HeatSolver: ------------------------------------------------
HeatSolver: Solving energy equation for temperature
HeatSolver: Heat solver iteration: 1
IterSolver: "Linear System GCR Restart" not given, setting it to 200
ComputeChange: NS (ITER=1) (NRM,RELC): (  294.97243     0.13526192E-07 ) :: heat equation
ComputeChange: SS (ITER=91) (NRM,RELC): (  294.97242     0.13525393E-08 ) :: heat equation
FlowSolve: 
FlowSolve: 
FlowSolve: -------------------------------------
FlowSolve:  NAVIER-STOKES ITERATION           1
FlowSolve: -------------------------------------
FlowSolve: 
FlowSolve: Starting Assembly...
FlowSolve: Assembly:
FlowSolve: Assembly done
FlowSolve: Dirichlet conditions done
      10 0.1379E-09 0.1379E-09
BiCGStabl:       11 0.6397E-10 0.6397E-10
ComputeChange: NS (ITER=1) (NRM,RELC): ( 0.27640586E-03 0.51145719E-03 ) :: navier-stokes
FlowSolve: iter:    1 Assembly: (s)    0.01    0.01
FlowSolve: iter:    1 Solve:    (s)    0.01    0.01
FlowSolve:  Result Norm     :    2.7640585722711532E-004
FlowSolve:  Relative Change :    5.1145719059037551E-004
ComputeChange: SS (ITER=91) (NRM,RELC): ( 0.27627865E-03 0.51133058E-04 ) :: navier-stokes
SolveEquations: -------------------------------------
SolveEquations:  Coupled system iteration:           92
SolveEquations: -------------------------------------
HeatSolver: ------------------------------------------------
HeatSolver: Solving energy equation for temperature
HeatSolver: Heat solver iteration: 1
IterSolver: "Linear System GCR Restart" not given, setting it to 200
ComputeChange: NS (ITER=1) (NRM,RELC): (  294.97243     0.12719555E-07 ) :: heat equation
ComputeChange: SS (ITER=92) (NRM,RELC): (  294.97242     0.12718940E-08 ) :: heat equation
FlowSolve: 
FlowSolve: 
FlowSolve: -------------------------------------
FlowSolve:  NAVIER-STOKES ITERATION           1
FlowSolve: -------------------------------------
FlowSolve: 
FlowSolve: Starting Assembly...
FlowSolve: Assembly:
FlowSolve: Assembly done
FlowSolve: Dirichlet conditions done
      10 0.1298E-09 0.1298E-09
BiCGStabl:       11 0.5669E-10 0.5669E-10
ComputeChange: NS (ITER=1) (NRM,RELC): ( 0.27642122E-03 0.51590336E-03 ) :: navier-stokes
FlowSolve: iter:    1 Assembly: (s)    0.01    0.01
FlowSolve: iter:    1 Solve:    (s)    0.01    0.01
FlowSolve:  Result Norm     :    2.7642122007849812E-004
FlowSolve:  Relative Change :    5.1590336167753694E-004
ComputeChange: SS (ITER=92) (NRM,RELC): ( 0.27629290E-03 0.51578033E-04 ) :: navier-stokes
SolveEquations: -------------------------------------
SolveEquations:  Coupled system iteration:           93
SolveEquations: -------------------------------------
HeatSolver: ------------------------------------------------
HeatSolver: Solving energy equation for temperature
HeatSolver: Heat solver iteration: 1
IterSolver: "Linear System GCR Restart" not given, setting it to 200
ComputeChange: NS (ITER=1) (NRM,RELC): (  294.97243     0.11657072E-07 ) :: heat equation
ComputeChange: SS (ITER=93) (NRM,RELC): (  294.97243     0.11656609E-08 ) :: heat equation
FlowSolve: 
FlowSolve: 
FlowSolve: -------------------------------------
FlowSolve:  NAVIER-STOKES ITERATION           1
FlowSolve: -------------------------------------
FlowSolve: 
FlowSolve: Starting Assembly...
FlowSolve: Assembly:
FlowSolve: Assembly done
FlowSolve: Dirichlet conditions done
      10 0.1203E-09 0.1203E-09
BiCGStabl:       11 0.4818E-10 0.4818E-10
ComputeChange: NS (ITER=1) (NRM,RELC): ( 0.27643481E-03 0.51347328E-03 ) :: navier-stokes
FlowSolve: iter:    1 Assembly: (s)    0.01    0.01
FlowSolve: iter:    1 Solve:    (s)    0.01    0.01
FlowSolve:  Result Norm     :    2.7643480594862131E-004
FlowSolve:  Relative Change :    5.1347327919126513E-004
ComputeChange: SS (ITER=93) (NRM,RELC): ( 0.27630708E-03 0.51335592E-04 ) :: navier-stokes
SolveEquations: -------------------------------------
SolveEquations:  Coupled system iteration:           94
SolveEquations: -------------------------------------
HeatSolver: ------------------------------------------------
HeatSolver: Solving energy equation for temperature
HeatSolver: Heat solver iteration: 1
IterSolver: "Linear System GCR Restart" not given, setting it to 200
ComputeChange: NS (ITER=1) (NRM,RELC): (  294.97243     0.10392328E-07 ) :: heat equation
ComputeChange: SS (ITER=94) (NRM,RELC): (  294.97243     0.10391985E-08 ) :: heat equation
FlowSolve: 
FlowSolve: 
FlowSolve: -------------------------------------
FlowSolve:  NAVIER-STOKES ITERATION           1
FlowSolve: -------------------------------------
FlowSolve: 
FlowSolve: Starting Assembly...
FlowSolve: Assembly:
FlowSolve: Assembly done
FlowSolve: Dirichlet conditions done
      10 0.1137E-09 0.1137E-09
BiCGStabl:       11 0.4053E-10 0.4053E-10
ComputeChange: NS (ITER=1) (NRM,RELC): ( 0.27644664E-03 0.50494767E-03 ) :: navier-stokes
FlowSolve: iter:    1 Assembly: (s)    0.01    0.01
FlowSolve: iter:    1 Solve:    (s)    0.01    0.01
FlowSolve:  Result Norm     :    2.7644664037153826E-004
FlowSolve:  Relative Change :    5.0494767198843457E-004
ComputeChange: SS (ITER=94) (NRM,RELC): ( 0.27632103E-03 0.50483769E-04 ) :: navier-stokes
SolveEquations: -------------------------------------
SolveEquations:  Coupled system iteration:           95
SolveEquations: -------------------------------------
HeatSolver: ------------------------------------------------
HeatSolver: Solving energy equation for temperature
HeatSolver: Heat solver iteration: 1
IterSolver: "Linear System GCR Restart" not given, setting it to 200
ComputeChange: NS (ITER=1) (NRM,RELC): (  294.97243     0.89773666E-08 ) :: heat equation
ComputeChange: SS (ITER=95) (NRM,RELC): (  294.97243     0.89771202E-09 ) :: heat equation
FlowSolve: 
FlowSolve: 
FlowSolve: -------------------------------------
FlowSolve:  NAVIER-STOKES ITERATION           1
FlowSolve: -------------------------------------
FlowSolve: 
FlowSolve: Starting Assembly...
FlowSolve: Assembly:
FlowSolve: Assembly done
FlowSolve: Dirichlet conditions done
      10 0.1075E-09 0.1075E-09
BiCGStabl:       11 0.3395E-10 0.3395E-10
ComputeChange: NS (ITER=1) (NRM,RELC): ( 0.27645677E-03 0.49110491E-03 ) :: navier-stokes
FlowSolve: iter:    1 Assembly: (s)    0.01    0.01
FlowSolve: iter:    1 Solve:    (s)    0.01    0.01
FlowSolve:  Result Norm     :    2.7645676984106634E-004
FlowSolve:  Relative Change :    4.9110491283744584E-004
ComputeChange: SS (ITER=95) (NRM,RELC): ( 0.27633460E-03 0.49100360E-04 ) :: navier-stokes
SolveEquations: -------------------------------------
SolveEquations:  Coupled system iteration:           96
SolveEquations: -------------------------------------
HeatSolver: ------------------------------------------------
HeatSolver: Solving energy equation for temperature
HeatSolver: Heat solver iteration: 1
IterSolver: "Linear System GCR Restart" not given, setting it to 200
ComputeChange: NS (ITER=1) (NRM,RELC): (  294.97243     0.74611366E-08 ) :: heat equation
ComputeChange: SS (ITER=96) (NRM,RELC): (  294.97243     0.74609549E-09 ) :: heat equation
FlowSolve: 
FlowSolve: 
FlowSolve: -------------------------------------
FlowSolve:  NAVIER-STOKES ITERATION           1
FlowSolve: -------------------------------------
FlowSolve: 
FlowSolve: Starting Assembly...
FlowSolve: Assembly:
FlowSolve: Assembly done
FlowSolve: Dirichlet conditions done
      10 0.9881E-10 0.9881E-10
BiCGStabl:       10 0.9881E-10 0.9881E-10
ComputeChange: NS (ITER=1) (NRM,RELC): ( 0.27646526E-03 0.47271133E-03 ) :: navier-stokes
FlowSolve: iter:    1 Assembly: (s)    0.01    0.01
FlowSolve: iter:    1 Solve:    (s)    0.01    0.01
FlowSolve:  Result Norm     :    2.7646525906664790E-004
FlowSolve:  Relative Change :    4.7271132664814864E-004
ComputeChange: SS (ITER=96) (NRM,RELC): ( 0.27634766E-03 0.47261953E-04 ) :: navier-stokes
SolveEquations: -------------------------------------
SolveEquations:  Coupled system iteration:           97
SolveEquations: -------------------------------------
HeatSolver: ------------------------------------------------
HeatSolver: Solving energy equation for temperature
HeatSolver: Heat solver iteration: 1
IterSolver: "Linear System GCR Restart" not given, setting it to 200
ComputeChange: NS (ITER=1) (NRM,RELC): (  294.97243     0.58855629E-08 ) :: heat equation
ComputeChange: SS (ITER=97) (NRM,RELC): (  294.97243     0.58854298E-09 ) :: heat equation
FlowSolve: 
FlowSolve: 
FlowSolve: -------------------------------------
FlowSolve:  NAVIER-STOKES ITERATION           1
FlowSolve: -------------------------------------
FlowSolve: 
FlowSolve: Starting Assembly...
FlowSolve: Assembly:
FlowSolve: Assembly done
FlowSolve: Dirichlet conditions done
      10 0.8685E-10 0.8685E-10
BiCGStabl:       10 0.8685E-10 0.8685E-10
ComputeChange: NS (ITER=1) (NRM,RELC): ( 0.27647219E-03 0.45051312E-03 ) :: navier-stokes
FlowSolve: iter:    1 Assembly: (s)    0.01    0.01
FlowSolve: iter:    1 Solve:    (s)    0.01    0.01
FlowSolve:  Result Norm     :    2.7647218840727621E-004
FlowSolve:  Relative Change :    4.5051311631869083E-004
ComputeChange: SS (ITER=97) (NRM,RELC): ( 0.27636011E-03 0.45043127E-04 ) :: navier-stokes
SolveEquations: -------------------------------------
SolveEquations:  Coupled system iteration:           98
SolveEquations: -------------------------------------
HeatSolver: ------------------------------------------------
HeatSolver: Solving energy equation for temperature
HeatSolver: Heat solver iteration: 1
IterSolver: "Linear System GCR Restart" not given, setting it to 200
ComputeChange: NS (ITER=1) (NRM,RELC): (  294.97243     0.42783075E-08 ) :: heat equation
ComputeChange: SS (ITER=98) (NRM,RELC): (  294.97243     0.42782082E-09 ) :: heat equation
FlowSolve: 
FlowSolve: 
FlowSolve: -------------------------------------
FlowSolve:  NAVIER-STOKES ITERATION           1
FlowSolve: -------------------------------------
FlowSolve: 
FlowSolve: Starting Assembly...
FlowSolve: Assembly:
FlowSolve: Assembly done
FlowSolve: Dirichlet conditions done
      10 0.7418E-10 0.7418E-10
BiCGStabl:       10 0.7418E-10 0.7418E-10
ComputeChange: NS (ITER=1) (NRM,RELC): ( 0.27647765E-03 0.42522611E-03 ) :: navier-stokes
FlowSolve: iter:    1 Assembly: (s)    0.01    0.01
FlowSolve: iter:    1 Solve:    (s)    0.01    0.01
FlowSolve:  Result Norm     :    2.7647765047975899E-004
FlowSolve:  Relative Change :    4.2522611304381222E-004
ComputeChange: SS (ITER=98) (NRM,RELC): ( 0.27637186E-03 0.42515430E-04 ) :: navier-stokes
SolveEquations: -------------------------------------
SolveEquations:  Coupled system iteration:           99
SolveEquations: -------------------------------------
HeatSolver: ------------------------------------------------
HeatSolver: Solving energy equation for temperature
HeatSolver: Heat solver iteration: 1
IterSolver: "Linear System GCR Restart" not given, setting it to 200
ComputeChange: NS (ITER=1) (NRM,RELC): (  294.97243     0.10503362E-08 ) :: heat equation
ComputeChange: SS (ITER=99) (NRM,RELC): (  294.97243     0.10502640E-09 ) :: heat equation
FlowSolve: 
FlowSolve: 
FlowSolve: -------------------------------------
FlowSolve:  NAVIER-STOKES ITERATION           1
FlowSolve: -------------------------------------
FlowSolve: 
FlowSolve: Starting Assembly...
FlowSolve: Assembly:
FlowSolve: Assembly done
FlowSolve: Dirichlet conditions done
      10 0.6766E-10 0.6766E-10
BiCGStabl:       10 0.6766E-10 0.6766E-10
ComputeChange: NS (ITER=1) (NRM,RELC): ( 0.27648212E-03 0.39887206E-03 ) :: navier-stokes
FlowSolve: iter:    1 Assembly: (s)    0.01    0.01
FlowSolve: iter:    1 Solve:    (s)    0.01    0.01
FlowSolve:  Result Norm     :    2.7648211877430711E-004
FlowSolve:  Relative Change :    3.9887205763270762E-004
ComputeChange: SS (ITER=99) (NRM,RELC): ( 0.27638288E-03 0.39881013E-04 ) :: navier-stokes
SolveEquations: -------------------------------------
SolveEquations:  Coupled system iteration:          100
SolveEquations: -------------------------------------
HeatSolver: ------------------------------------------------
HeatSolver: Solving energy equation for temperature
HeatSolver: Heat solver iteration: 1
IterSolver: "Linear System GCR Restart" not given, setting it to 200
ComputeChange: NS (ITER=1) (NRM,RELC): (  294.97243     0.87954894E-09 ) :: heat equation
ComputeChange: SS (ITER=100) (NRM,RELC): (  294.97243     0.87960406E-10 ) :: heat equation
FlowSolve: 
FlowSolve: 
FlowSolve: -------------------------------------
FlowSolve:  NAVIER-STOKES ITERATION           1
FlowSolve: -------------------------------------
FlowSolve: 
FlowSolve: Starting Assembly...
FlowSolve: Assembly:
FlowSolve: Assembly done
FlowSolve: Dirichlet conditions done
      10 0.6913E-10 0.6913E-10
BiCGStabl:       10 0.6913E-10 0.6913E-10
ComputeChange: NS (ITER=1) (NRM,RELC): ( 0.27648523E-03 0.37025246E-03 ) :: navier-stokes
FlowSolve: iter:    1 Assembly: (s)    0.01    0.01
FlowSolve: iter:    1 Solve:    (s)    0.01    0.01
FlowSolve:  Result Norm     :    2.7648523237186560E-004
FlowSolve:  Relative Change :    3.7025246144722229E-004
ComputeChange: SS (ITER=100) (NRM,RELC): ( 0.27639311E-03 0.37019990E-04 ) :: navier-stokes
SolveEquations: -------------------------------------
SolveEquations:  Coupled system iteration:          101
SolveEquations: -------------------------------------
HeatSolver: ------------------------------------------------
HeatSolver: Solving energy equation for temperature
HeatSolver: Heat solver iteration: 1
IterSolver: "Linear System GCR Restart" not given, setting it to 200
ComputeChange: NS (ITER=1) (NRM,RELC): (  294.97243     0.43402348E-08 ) :: heat equation
ComputeChange: SS (ITER=101) (NRM,RELC): (  294.97243     0.43402928E-09 ) :: heat equation
FlowSolve: 
FlowSolve: 
FlowSolve: -------------------------------------
FlowSolve:  NAVIER-STOKES ITERATION           1
FlowSolve: -------------------------------------
FlowSolve: 
FlowSolve: Starting Assembly...
FlowSolve: Assembly:
FlowSolve: Assembly done
FlowSolve: Dirichlet conditions done
      10 0.7649E-10 0.7649E-10
BiCGStabl:       10 0.7649E-10 0.7649E-10
ComputeChange: NS (ITER=1) (NRM,RELC): ( 0.27648735E-03 0.34089182E-03 ) :: navier-stokes
FlowSolve: iter:    1 Assembly: (s)    0.01    0.01
FlowSolve: iter:    1 Solve:    (s)    0.01    0.01
FlowSolve:  Result Norm     :    2.7648735007528989E-004
FlowSolve:  Relative Change :    3.4089181558927977E-004
ComputeChange: SS (ITER=101) (NRM,RELC): ( 0.27640253E-03 0.34084805E-04 ) :: navier-stokes
SolveEquations: -------------------------------------
SolveEquations:  Coupled system iteration:          102
SolveEquations: -------------------------------------
HeatSolver: ------------------------------------------------
HeatSolver: Solving energy equation for temperature
HeatSolver: Heat solver iteration: 1
IterSolver: "Linear System GCR Restart" not given, setting it to 200
ComputeChange: NS (ITER=1) (NRM,RELC): (  294.97242     0.58904073E-08 ) :: heat equation
ComputeChange: SS (ITER=102) (NRM,RELC): (  294.97243     0.58904537E-09 ) :: heat equation
FlowSolve: 
FlowSolve: 
FlowSolve: -------------------------------------
FlowSolve:  NAVIER-STOKES ITERATION           1
FlowSolve: -------------------------------------
FlowSolve: 
FlowSolve: Starting Assembly...
FlowSolve: Assembly:
FlowSolve: Assembly done
FlowSolve: Dirichlet conditions done
      10 0.7879E-10 0.7879E-10
BiCGStabl:       10 0.7879E-10 0.7879E-10
ComputeChange: NS (ITER=1) (NRM,RELC): ( 0.27648816E-03 0.30973782E-03 ) :: navier-stokes
FlowSolve: iter:    1 Assembly: (s)    0.01    0.01
FlowSolve: iter:    1 Solve:    (s)    0.01    0.01
FlowSolve:  Result Norm     :    2.7648816040824292E-004
FlowSolve:  Relative Change :    3.0973782120034159E-004
ComputeChange: SS (ITER=102) (NRM,RELC): ( 0.27641110E-03 0.30970193E-04 ) :: navier-stokes
SolveEquations: -------------------------------------
SolveEquations:  Coupled system iteration:          103
SolveEquations: -------------------------------------
HeatSolver: ------------------------------------------------
HeatSolver: Solving energy equation for temperature
HeatSolver: Heat solver iteration: 1
IterSolver: "Linear System GCR Restart" not given, setting it to 200
ComputeChange: NS (ITER=1) (NRM,RELC): (  294.97242     0.70610443E-08 ) :: heat equation
ComputeChange: SS (ITER=103) (NRM,RELC): (  294.97243     0.70611040E-09 ) :: heat equation
FlowSolve: 
FlowSolve: 
FlowSolve: -------------------------------------
FlowSolve:  NAVIER-STOKES ITERATION           1
FlowSolve: -------------------------------------
FlowSolve: 
FlowSolve: Starting Assembly...
FlowSolve: Assembly:
FlowSolve: Assembly done
FlowSolve: Dirichlet conditions done
      10 0.7187E-10 0.7187E-10
BiCGStabl:       10 0.7187E-10 0.7187E-10
ComputeChange: NS (ITER=1) (NRM,RELC): ( 0.27648771E-03 0.27714243E-03 ) :: navier-stokes
FlowSolve: iter:    1 Assembly: (s)    0.01    0.01
FlowSolve: iter:    1 Solve:    (s)    0.01    0.01
FlowSolve:  Result Norm     :    2.7648771106015814E-004
FlowSolve:  Relative Change :    2.7714242916929892E-004
ComputeChange: SS (ITER=103) (NRM,RELC): ( 0.27641876E-03 0.27711343E-04 ) :: navier-stokes
SolveEquations: -------------------------------------
SolveEquations:  Coupled system iteration:          104
SolveEquations: -------------------------------------
HeatSolver: ------------------------------------------------
HeatSolver: Solving energy equation for temperature
HeatSolver: Heat solver iteration: 1
IterSolver: "Linear System GCR Restart" not given, setting it to 200
ComputeChange: NS (ITER=1) (NRM,RELC): (  294.97242     0.80812042E-08 ) :: heat equation
ComputeChange: SS (ITER=104) (NRM,RELC): (  294.97243     0.80812593E-09 ) :: heat equation
FlowSolve: 
FlowSolve: 
FlowSolve: -------------------------------------
FlowSolve:  NAVIER-STOKES ITERATION           1
FlowSolve: -------------------------------------
FlowSolve: 
FlowSolve: Starting Assembly...
FlowSolve: Assembly:
FlowSolve: Assembly done
FlowSolve: Dirichlet conditions done
      10 0.5441E-10 0.5441E-10
BiCGStabl:       10 0.5441E-10 0.5441E-10
ComputeChange: NS (ITER=1) (NRM,RELC): ( 0.27648620E-03 0.24397010E-03 ) :: navier-stokes
FlowSolve: iter:    1 Assembly: (s)    0.01    0.01
FlowSolve: iter:    1 Solve:    (s)    0.01    0.01
FlowSolve:  Result Norm     :    2.7648620116876529E-004
FlowSolve:  Relative Change :    2.4397010092217419E-004
ComputeChange: SS (ITER=104) (NRM,RELC): ( 0.27642550E-03 0.24394703E-04 ) :: navier-stokes
SolveEquations: -------------------------------------
SolveEquations:  Coupled system iteration:          105
SolveEquations: -------------------------------------
HeatSolver: ------------------------------------------------
HeatSolver: Solving energy equation for temperature
HeatSolver: Heat solver iteration: 1
IterSolver: "Linear System GCR Restart" not given, setting it to 200
ComputeChange: NS (ITER=1) (NRM,RELC): (  294.97242     0.89328258E-08 ) :: heat equation
ComputeChange: SS (ITER=105) (NRM,RELC): (  294.97243     0.89328823E-09 ) :: heat equation
FlowSolve: 
FlowSolve: 
FlowSolve: -------------------------------------
FlowSolve:  NAVIER-STOKES ITERATION           1
FlowSolve: -------------------------------------
FlowSolve: 
FlowSolve: Starting Assembly...
FlowSolve: Assembly:
FlowSolve: Assembly done
FlowSolve: Dirichlet conditions done
      10 0.3588E-10 0.3588E-10
BiCGStabl:       10 0.3588E-10 0.3588E-10
ComputeChange: NS (ITER=1) (NRM,RELC): ( 0.27648382E-03 0.21096221E-03 ) :: navier-stokes
FlowSolve: iter:    1 Assembly: (s)    0.01    0.01
FlowSolve: iter:    1 Solve:    (s)    0.01    0.01
FlowSolve:  Result Norm     :    2.7648381975056788E-004
FlowSolve:  Relative Change :    2.1096220751880607E-004
ComputeChange: SS (ITER=105) (NRM,RELC): ( 0.27643133E-03 0.21094415E-04 ) :: navier-stokes
SolveEquations: -------------------------------------
SolveEquations:  Coupled system iteration:          106
SolveEquations: -------------------------------------
HeatSolver: ------------------------------------------------
HeatSolver: Solving energy equation for temperature
HeatSolver: Heat solver iteration: 1
IterSolver: "Linear System GCR Restart" not given, setting it to 200
ComputeChange: NS (ITER=1) (NRM,RELC): (  294.97242     0.96154167E-08 ) :: heat equation
ComputeChange: SS (ITER=106) (NRM,RELC): (  294.97243     0.96154794E-09 ) :: heat equation
FlowSolve: 
FlowSolve: 
FlowSolve: -------------------------------------
FlowSolve:  NAVIER-STOKES ITERATION           1
FlowSolve: -------------------------------------
FlowSolve: 
FlowSolve: Starting Assembly...
FlowSolve: Assembly:
FlowSolve: Assembly done
FlowSolve: Dirichlet conditions done
BiCGStabl:       10 0.6676E-10 0.6676E-10
ComputeChange: NS (ITER=1) (NRM,RELC): ( 0.27648074E-03 0.17873158E-03 ) :: navier-stokes
FlowSolve: iter:    1 Assembly: (s)    0.01    0.01
FlowSolve: iter:    1 Solve:    (s)    0.00    0.00
FlowSolve:  Result Norm     :    2.7648074078488153E-004
FlowSolve:  Relative Change :    1.7873157935110025E-004
ComputeChange: SS (ITER=106) (NRM,RELC): ( 0.27643627E-03 0.17871769E-04 ) :: navier-stokes
SolveEquations: -------------------------------------
SolveEquations:  Coupled system iteration:          107
SolveEquations: -------------------------------------
HeatSolver: ------------------------------------------------
HeatSolver: Solving energy equation for temperature
HeatSolver: Heat solver iteration: 1
IterSolver: "Linear System GCR Restart" not given, setting it to 200
ComputeChange: NS (ITER=1) (NRM,RELC): (  294.97242     0.95925363E-08 ) :: heat equation
ComputeChange: SS (ITER=107) (NRM,RELC): (  294.97242     0.95925974E-09 ) :: heat equation
FlowSolve: 
FlowSolve: 
FlowSolve: -------------------------------------
FlowSolve:  NAVIER-STOKES ITERATION           1
FlowSolve: -------------------------------------
FlowSolve: 
FlowSolve: Starting Assembly...
FlowSolve: Assembly:
FlowSolve: Assembly done
FlowSolve: Dirichlet conditions done
BiCGStabl:       10 0.5701E-10 0.5701E-10
ComputeChange: NS (ITER=1) (NRM,RELC): ( 0.27647745E-03 0.14895096E-03 ) :: navier-stokes
FlowSolve: iter:    1 Assembly: (s)    0.01    0.01
FlowSolve: iter:    1 Solve:    (s)    0.00    0.00
FlowSolve:  Result Norm     :    2.7647744823650381E-004
FlowSolve:  Relative Change :    1.4895095985170033E-004
ComputeChange: SS (ITER=107) (NRM,RELC): ( 0.27644039E-03 0.14894049E-04 ) :: navier-stokes
SolveEquations: -------------------------------------
SolveEquations:  Coupled system iteration:          108
SolveEquations: -------------------------------------
HeatSolver: ------------------------------------------------
HeatSolver: Solving energy equation for temperature
HeatSolver: Heat solver iteration: 1
IterSolver: "Linear System GCR Restart" not given, setting it to 200
ComputeChange: NS (ITER=1) (NRM,RELC): (  294.97242     0.99463677E-08 ) :: heat equation
ComputeChange: SS (ITER=108) (NRM,RELC): (  294.97242     0.99464316E-09 ) :: heat equation
FlowSolve: 
FlowSolve: 
FlowSolve: -------------------------------------
FlowSolve:  NAVIER-STOKES ITERATION           1
FlowSolve: -------------------------------------
FlowSolve: 
FlowSolve: Starting Assembly...
FlowSolve: Assembly:
FlowSolve: Assembly done
FlowSolve: Dirichlet conditions done
BiCGStabl:       10 0.7597E-10 0.7597E-10
ComputeChange: NS (ITER=1) (NRM,RELC): ( 0.27647377E-03 0.12074529E-03 ) :: navier-stokes
FlowSolve: iter:    1 Assembly: (s)    0.01    0.01
FlowSolve: iter:    1 Solve:    (s)    0.01    0.01
FlowSolve:  Result Norm     :    2.7647376789742578E-004
FlowSolve:  Relative Change :    1.2074528780292632E-004
ComputeChange: SS (ITER=108) (NRM,RELC): ( 0.27644372E-03 0.12073752E-04 ) :: navier-stokes
SolveEquations: -------------------------------------
SolveEquations:  Coupled system iteration:          109
SolveEquations: -------------------------------------
HeatSolver: ------------------------------------------------
HeatSolver: Solving energy equation for temperature
HeatSolver: Heat solver iteration: 1
IterSolver: "Linear System GCR Restart" not given, setting it to 200
ComputeChange: NS (ITER=1) (NRM,RELC): (  294.97242     0.10211432E-07 ) :: heat equation
ComputeChange: SS (ITER=109) (NRM,RELC): (  294.97242     0.10211487E-08 ) :: heat equation
FlowSolve: 
FlowSolve: 
FlowSolve: -------------------------------------
FlowSolve:  NAVIER-STOKES ITERATION           1
FlowSolve: -------------------------------------
FlowSolve: 
FlowSolve: Starting Assembly...
FlowSolve: Assembly:
FlowSolve: Assembly done
FlowSolve: Dirichlet conditions done
BiCGStabl:       10 0.8275E-10 0.8275E-10
ComputeChange: NS (ITER=1) (NRM,RELC): ( 0.27646981E-03 0.94340439E-04 ) :: navier-stokes
FlowSolve: iter:    1 Assembly: (s)    0.01    0.01
FlowSolve: iter:    1 Solve:    (s)    0.01    0.01
FlowSolve:  Result Norm     :    2.7646980575362804E-004
FlowSolve:  Relative Change :    9.4340439095383678E-005
ComputeChange: SS (ITER=109) (NRM,RELC): ( 0.27644633E-03 0.94334756E-05 ) :: navier-stokes
SolveEquations: -------------------------------------
SolveEquations:  Coupled system iteration:          110
SolveEquations: -------------------------------------
HeatSolver: ------------------------------------------------
HeatSolver: Solving energy equation for temperature
HeatSolver: Heat solver iteration: 1
IterSolver: "Linear System GCR Restart" not given, setting it to 200
ComputeChange: NS (ITER=1) (NRM,RELC): (  294.97242     0.10396429E-07 ) :: heat equation
ComputeChange: SS (ITER=110) (NRM,RELC): (  294.97242     0.10396491E-08 ) :: heat equation
FlowSolve: 
FlowSolve: 
FlowSolve: -------------------------------------
FlowSolve:  NAVIER-STOKES ITERATION           1
FlowSolve: -------------------------------------
FlowSolve: 
FlowSolve: Starting Assembly...
FlowSolve: Assembly:
FlowSolve: Assembly done
FlowSolve: Dirichlet conditions done
BiCGStabl:       10 0.3463E-10 0.3463E-10
ComputeChange: NS (ITER=1) (NRM,RELC): ( 0.27646566E-03 0.69894934E-04 ) :: navier-stokes
FlowSolve: iter:    1 Assembly: (s)    0.01    0.01
FlowSolve: iter:    1 Solve:    (s)    0.00    0.00
FlowSolve:  Result Norm     :    2.7646565541187380E-004
FlowSolve:  Relative Change :    6.9894933946577741E-005
ComputeChange: SS (ITER=110) (NRM,RELC): ( 0.27644826E-03 0.69890799E-05 ) :: navier-stokes
SolveEquations: -------------------------------------
SolveEquations:  Coupled system iteration:          111
SolveEquations: -------------------------------------
HeatSolver: ------------------------------------------------
HeatSolver: Solving energy equation for temperature
HeatSolver: Heat solver iteration: 1
IterSolver: "Linear System GCR Restart" not given, setting it to 200
ComputeChange: NS (ITER=1) (NRM,RELC): (  294.97242     0.10508531E-07 ) :: heat equation
ComputeChange: SS (ITER=111) (NRM,RELC): (  294.97242     0.10508577E-08 ) :: heat equation
FlowSolve: 
FlowSolve: 
FlowSolve: -------------------------------------
FlowSolve:  NAVIER-STOKES ITERATION           1
FlowSolve: -------------------------------------
FlowSolve: 
FlowSolve: Starting Assembly...
FlowSolve: Assembly:
FlowSolve: Assembly done
FlowSolve: Dirichlet conditions done
BiCGStabl:        9 0.4880E-10 0.4880E-10
ComputeChange: NS (ITER=1) (NRM,RELC): ( 0.27646140E-03 0.47510643E-04 ) :: navier-stokes
FlowSolve: iter:    1 Assembly: (s)    0.01    0.01
FlowSolve: iter:    1 Solve:    (s)    0.00    0.00
FlowSolve:  Result Norm     :    2.7646139919751313E-004
FlowSolve:  Relative Change :    4.7510642929585687E-005
ComputeChange: SS (ITER=111) (NRM,RELC): ( 0.27644958E-03 0.47507619E-05 ) :: navier-stokes
SolveEquations: -------------------------------------
SolveEquations:  Coupled system iteration:          112
SolveEquations: -------------------------------------
HeatSolver: ------------------------------------------------
HeatSolver: Solving energy equation for temperature
HeatSolver: Heat solver iteration: 1
IterSolver: "Linear System GCR Restart" not given, setting it to 200
ComputeChange: NS (ITER=1) (NRM,RELC): (  294.97242     0.10553810E-07 ) :: heat equation
ComputeChange: SS (ITER=112) (NRM,RELC): (  294.97242     0.10553865E-08 ) :: heat equation
FlowSolve: 
FlowSolve: 
FlowSolve: -------------------------------------
FlowSolve:  NAVIER-STOKES ITERATION           1
FlowSolve: -------------------------------------
FlowSolve: 
FlowSolve: Starting Assembly...
FlowSolve: Assembly:
FlowSolve: Assembly done
FlowSolve: Dirichlet conditions done
BiCGStabl:        9 0.6256E-10 0.6256E-10
ComputeChange: NS (ITER=1) (NRM,RELC): ( 0.27645711E-03 0.27242029E-04 ) :: navier-stokes
FlowSolve: iter:    1 Assembly: (s)    0.01    0.01
FlowSolve: iter:    1 Solve:    (s)    0.00    0.00
FlowSolve:  Result Norm     :    2.7645710914362358E-004
FlowSolve:  Relative Change :    2.7242028656153203E-005
ComputeChange: SS (ITER=112) (NRM,RELC): ( 0.27645033E-03 0.27239765E-05 ) :: navier-stokes
SolveEquations: -------------------------------------
SolveEquations:  Coupled system iteration:          113
SolveEquations: -------------------------------------
HeatSolver: ------------------------------------------------
HeatSolver: Solving energy equation for temperature
HeatSolver: Heat solver iteration: 1
IterSolver: "Linear System GCR Restart" not given, setting it to 200
ComputeChange: NS (ITER=1) (NRM,RELC): (  294.97242     0.10966669E-07 ) :: heat equation
ComputeChange: SS (ITER=113) (NRM,RELC): (  294.97242     0.10966716E-08 ) :: heat equation
FlowSolve: 
FlowSolve: 
FlowSolve: -------------------------------------
FlowSolve:  NAVIER-STOKES ITERATION           1
FlowSolve: -------------------------------------
FlowSolve: 
FlowSolve: Starting Assembly...
FlowSolve: Assembly:
FlowSolve: Assembly done
FlowSolve: Dirichlet conditions done
BiCGStabl:       10 0.3252E-10 0.3252E-10
ComputeChange: NS (ITER=1) (NRM,RELC): ( 0.27645249E-03 0.78013641E-05 ) :: navier-stokes
FlowSolve: iter:    1 Assembly: (s)    0.01    0.01
FlowSolve: iter:    1 Solve:    (s)    0.01    0.01
FlowSolve:  Result Norm     :    2.7645248773499551E-004
FlowSolve:  Relative Change :    7.8013640865447878E-006
ComputeChange: SS (ITER=113) (NRM,RELC): ( 0.27645055E-03 0.77995996E-06 ) :: navier-stokes
SolveEquations: -------------------------------------
SolveEquations:  Coupled system iteration:          114
SolveEquations: -------------------------------------
HeatSolver: ------------------------------------------------
HeatSolver: Solving energy equation for temperature
HeatSolver: Heat solver iteration: 1
IterSolver: "Linear System GCR Restart" not given, setting it to 200
ComputeChange: NS (ITER=1) (NRM,RELC): (  294.97242     0.10806459E-07 ) :: heat equation
ComputeChange: SS (ITER=114) (NRM,RELC): (  294.97242     0.10806489E-08 ) :: heat equation
FlowSolve: 
FlowSolve: 
FlowSolve: -------------------------------------
FlowSolve:  NAVIER-STOKES ITERATION           1
FlowSolve: -------------------------------------
FlowSolve: 
FlowSolve: Starting Assembly...
FlowSolve: Assembly:
FlowSolve: Assembly done
FlowSolve: Dirichlet conditions done
BiCGStabl:       10 0.3881E-10 0.3881E-10
ComputeChange: NS (ITER=1) (NRM,RELC): ( 0.27644799E-03 0.92519460E-05 ) :: navier-stokes
FlowSolve: iter:    1 Assembly: (s)    0.01    0.01
FlowSolve: iter:    1 Solve:    (s)    0.01    0.01
FlowSolve:  Result Norm     :    2.7644798896348134E-004
FlowSolve:  Relative Change :    9.2519459788014329E-006
ComputeChange: SS (ITER=114) (NRM,RELC): ( 0.27645029E-03 0.92534051E-06 ) :: navier-stokes
SolveEquations: -------------------------------------
SolveEquations:  Coupled system iteration:          115
SolveEquations: -------------------------------------
HeatSolver: ------------------------------------------------
HeatSolver: Solving energy equation for temperature
HeatSolver: Heat solver iteration: 1
IterSolver: "Linear System GCR Restart" not given, setting it to 200
ComputeChange: NS (ITER=1) (NRM,RELC): (  294.97242     0.10584621E-07 ) :: heat equation
ComputeChange: SS (ITER=115) (NRM,RELC): (  294.97242     0.10584660E-08 ) :: heat equation
FlowSolve: 
FlowSolve: 
FlowSolve: -------------------------------------
FlowSolve:  NAVIER-STOKES ITERATION           1
FlowSolve: -------------------------------------
FlowSolve: 
FlowSolve: Starting Assembly...
FlowSolve: Assembly:
FlowSolve: Assembly done
FlowSolve: Dirichlet conditions done
BiCGStabl:       10 0.6565E-10 0.6565E-10
ComputeChange: NS (ITER=1) (NRM,RELC): ( 0.27644367E-03 0.23965120E-04 ) :: navier-stokes
FlowSolve: iter:    1 Assembly: (s)    0.01    0.01
FlowSolve: iter:    1 Solve:    (s)    0.00    0.00
FlowSolve:  Result Norm     :    2.7644366576128532E-004
FlowSolve:  Relative Change :    2.3965120393592605E-005
ComputeChange: SS (ITER=115) (NRM,RELC): ( 0.27644963E-03 0.23966413E-05 ) :: navier-stokes
SolveEquations: -------------------------------------
SolveEquations:  Coupled system iteration:          116
SolveEquations: -------------------------------------
HeatSolver: ------------------------------------------------
HeatSolver: Solving energy equation for temperature
HeatSolver: Heat solver iteration: 1
IterSolver: "Linear System GCR Restart" not given, setting it to 200
ComputeChange: NS (ITER=1) (NRM,RELC): (  294.97242     0.10311649E-07 ) :: heat equation
ComputeChange: SS (ITER=116) (NRM,RELC): (  294.97242     0.10311676E-08 ) :: heat equation
FlowSolve: 
FlowSolve: 
FlowSolve: -------------------------------------
FlowSolve:  NAVIER-STOKES ITERATION           1
FlowSolve: -------------------------------------
FlowSolve: 
FlowSolve: Starting Assembly...
FlowSolve: Assembly:
FlowSolve: Assembly done
FlowSolve: Dirichlet conditions done
BiCGStabl:        9 0.6416E-10 0.6416E-10
ComputeChange: NS (ITER=1) (NRM,RELC): ( 0.27643956E-03 0.36417490E-04 ) :: navier-stokes
FlowSolve: iter:    1 Assembly: (s)    0.01    0.01
FlowSolve: iter:    1 Solve:    (s)    0.00    0.00
FlowSolve:  Result Norm     :    2.7643956087665254E-004
FlowSolve:  Relative Change :    3.6417490364816651E-005
ComputeChange: SS (ITER=116) (NRM,RELC): ( 0.27644862E-03 0.36418710E-05 ) :: navier-stokes
SolveEquations: -------------------------------------
SolveEquations:  Coupled system iteration:          117
SolveEquations: -------------------------------------
HeatSolver: ------------------------------------------------
HeatSolver: Solving energy equation for temperature
HeatSolver: Heat solver iteration: 1
IterSolver: "Linear System GCR Restart" not given, setting it to 200
ComputeChange: NS (ITER=1) (NRM,RELC): (  294.97242     0.99970209E-08 ) :: heat equation
ComputeChange: SS (ITER=117) (NRM,RELC): (  294.97242     0.99970425E-09 ) :: heat equation
FlowSolve: 
FlowSolve: 
FlowSolve: -------------------------------------
FlowSolve:  NAVIER-STOKES ITERATION           1
FlowSolve: -------------------------------------
FlowSolve: 
FlowSolve: Starting Assembly...
FlowSolve: Assembly:
FlowSolve: Assembly done
FlowSolve: Dirichlet conditions done
BiCGStabl:        9 0.3344E-10 0.3344E-10
ComputeChange: NS (ITER=1) (NRM,RELC): ( 0.27643571E-03 0.46713731E-04 ) :: navier-stokes
FlowSolve: iter:    1 Assembly: (s)    0.01    0.01
FlowSolve: iter:    1 Solve:    (s)    0.00    0.00
FlowSolve:  Result Norm     :    2.7643570785800903E-004
FlowSolve:  Relative Change :    4.6713731160989987E-005
ComputeChange: SS (ITER=117) (NRM,RELC): ( 0.27644733E-03 0.46714933E-05 ) :: navier-stokes
SolveEquations: -------------------------------------
SolveEquations:  Coupled system iteration:          118
SolveEquations: -------------------------------------
HeatSolver: ------------------------------------------------
HeatSolver: Solving energy equation for temperature
HeatSolver: Heat solver iteration: 1
IterSolver: "Linear System GCR Restart" not given, setting it to 200
ComputeChange: NS (ITER=1) (NRM,RELC): (  294.97242     0.96492848E-08 ) :: heat equation
ComputeChange: SS (ITER=118) (NRM,RELC): (  294.97242     0.96492997E-09 ) :: heat equation
FlowSolve: 
FlowSolve: 
FlowSolve: -------------------------------------
FlowSolve:  NAVIER-STOKES ITERATION           1
FlowSolve: -------------------------------------
FlowSolve: 
FlowSolve: Starting Assembly...
FlowSolve: Assembly:
FlowSolve: Assembly done
FlowSolve: Dirichlet conditions done
BiCGStabl:       10 0.4450E-10 0.4450E-10
ComputeChange: NS (ITER=1) (NRM,RELC): ( 0.27643213E-03 0.54978228E-04 ) :: navier-stokes
FlowSolve: iter:    1 Assembly: (s)    0.01    0.01
FlowSolve: iter:    1 Solve:    (s)    0.00    0.00
FlowSolve:  Result Norm     :    2.7643213191150777E-004
FlowSolve:  Relative Change :    5.4978228106194362E-005
ComputeChange: SS (ITER=118) (NRM,RELC): ( 0.27644581E-03 0.54979441E-05 ) :: navier-stokes
SolveEquations: -------------------------------------
SolveEquations:  Coupled system iteration:          119
SolveEquations: -------------------------------------
HeatSolver: ------------------------------------------------
HeatSolver: Solving energy equation for temperature
HeatSolver: Heat solver iteration: 1
IterSolver: "Linear System GCR Restart" not given, setting it to 200
ComputeChange: NS (ITER=1) (NRM,RELC): (  294.97242     0.90696136E-08 ) :: heat equation
ComputeChange: SS (ITER=119) (NRM,RELC): (  294.97242     0.90696296E-09 ) :: heat equation
FlowSolve: 
FlowSolve: 
FlowSolve: -------------------------------------
FlowSolve:  NAVIER-STOKES ITERATION           1
FlowSolve: -------------------------------------
FlowSolve: 
FlowSolve: Starting Assembly...
FlowSolve: Assembly:
FlowSolve: Assembly done
FlowSolve: Dirichlet conditions done
BiCGStabl:       10 0.3116E-10 0.3116E-10
ComputeChange: NS (ITER=1) (NRM,RELC): ( 0.27642865E-03 0.62082654E-04 ) :: navier-stokes
FlowSolve: iter:    1 Assembly: (s)    0.01    0.01
FlowSolve: iter:    1 Solve:    (s)    0.01    0.01
FlowSolve:  Result Norm     :    2.7642864823355538E-004
FlowSolve:  Relative Change :    6.2082653637283072E-005
ComputeChange: SS (ITER=119) (NRM,RELC): ( 0.27644409E-03 0.62083853E-05 ) :: navier-stokes
SolveEquations: -------------------------------------
SolveEquations:  Coupled system iteration:          120
SolveEquations: -------------------------------------
HeatSolver: ------------------------------------------------
HeatSolver: Solving energy equation for temperature
HeatSolver: Heat solver iteration: 1
IterSolver: "Linear System GCR Restart" not given, setting it to 200
ComputeChange: NS (ITER=1) (NRM,RELC): (  294.97242     0.86836820E-08 ) :: heat equation
ComputeChange: SS (ITER=120) (NRM,RELC): (  294.97242     0.86836980E-09 ) :: heat equation
FlowSolve: 
FlowSolve: 
FlowSolve: -------------------------------------
FlowSolve:  NAVIER-STOKES ITERATION           1
FlowSolve: -------------------------------------
FlowSolve: 
FlowSolve: Starting Assembly...
FlowSolve: Assembly:
FlowSolve: Assembly done
FlowSolve: Dirichlet conditions done
BiCGStabl:       10 0.1181E-10 0.1181E-10
ComputeChange: NS (ITER=1) (NRM,RELC): ( 0.27642551E-03 0.67212396E-04 ) :: navier-stokes
FlowSolve: iter:    1 Assembly: (s)    0.01    0.01
FlowSolve: iter:    1 Solve:    (s)    0.01    0.01
FlowSolve:  Result Norm     :    2.7642551406792100E-004
FlowSolve:  Relative Change :    6.7212396341036006E-005
ComputeChange: SS (ITER=120) (NRM,RELC): ( 0.27644224E-03 0.67213581E-05 ) :: navier-stokes
SolveEquations: -------------------------------------
SolveEquations:  Coupled system iteration:          121
SolveEquations: -------------------------------------
HeatSolver: ------------------------------------------------
HeatSolver: Solving energy equation for temperature
HeatSolver: Heat solver iteration: 1
IterSolver: "Linear System GCR Restart" not given, setting it to 200
ComputeChange: NS (ITER=1) (NRM,RELC): (  294.97242     0.82761213E-08 ) :: heat equation
ComputeChange: SS (ITER=121) (NRM,RELC): (  294.97242     0.82761273E-09 ) :: heat equation
FlowSolve: 
FlowSolve: 
FlowSolve: -------------------------------------
FlowSolve:  NAVIER-STOKES ITERATION           1
FlowSolve: -------------------------------------
FlowSolve: 
FlowSolve: Starting Assembly...
FlowSolve: Assembly:
FlowSolve: Assembly done
FlowSolve: Dirichlet conditions done
BiCGStabl:       10 0.1284E-10 0.1284E-10
ComputeChange: NS (ITER=1) (NRM,RELC): ( 0.27642273E-03 0.70547406E-04 ) :: navier-stokes
FlowSolve: iter:    1 Assembly: (s)    0.01    0.01
FlowSolve: iter:    1 Solve:    (s)    0.00    0.00
FlowSolve:  Result Norm     :    2.7642273424520925E-004
FlowSolve:  Relative Change :    7.0547406182142161E-005
ComputeChange: SS (ITER=121) (NRM,RELC): ( 0.27644029E-03 0.70548569E-05 ) :: navier-stokes
SolveEquations: -------------------------------------
SolveEquations:  Coupled system iteration:          122
SolveEquations: -------------------------------------
HeatSolver: ------------------------------------------------
HeatSolver: Solving energy equation for temperature
HeatSolver: Heat solver iteration: 1
IterSolver: "Linear System GCR Restart" not given, setting it to 200
ComputeChange: NS (ITER=1) (NRM,RELC): (  294.97242     0.71200370E-08 ) :: heat equation
ComputeChange: SS (ITER=122) (NRM,RELC): (  294.97242     0.71200457E-09 ) :: heat equation
FlowSolve: 
FlowSolve: 
FlowSolve: -------------------------------------
FlowSolve:  NAVIER-STOKES ITERATION           1
FlowSolve: -------------------------------------
FlowSolve: 
FlowSolve: Starting Assembly...
FlowSolve: Assembly:
FlowSolve: Assembly done
FlowSolve: Dirichlet conditions done
BiCGStabl:       10 0.6462E-11 0.6462E-11
ComputeChange: NS (ITER=1) (NRM,RELC): ( 0.27642021E-03 0.72639526E-04 ) :: navier-stokes
FlowSolve: iter:    1 Assembly: (s)    0.01    0.01
FlowSolve: iter:    1 Solve:    (s)    0.00    0.00
FlowSolve:  Result Norm     :    2.7642020582433076E-004
FlowSolve:  Relative Change :    7.2639526480295795E-005
ComputeChange: SS (ITER=122) (NRM,RELC): ( 0.27643828E-03 0.72640642E-05 ) :: navier-stokes
SolveEquations: -------------------------------------
SolveEquations:  Coupled system iteration:          123
SolveEquations: -------------------------------------
HeatSolver: ------------------------------------------------
HeatSolver: Solving energy equation for temperature
HeatSolver: Heat solver iteration: 1
IterSolver: "Linear System GCR Restart" not given, setting it to 200
ComputeChange: NS (ITER=1) (NRM,RELC): (  294.97242     0.67763521E-08 ) :: heat equation
ComputeChange: SS (ITER=123) (NRM,RELC): (  294.97242     0.67763517E-09 ) :: heat equation
FlowSolve: 
FlowSolve: 
FlowSolve: -------------------------------------
FlowSolve:  NAVIER-STOKES ITERATION           1
FlowSolve: -------------------------------------
FlowSolve: 
FlowSolve: Starting Assembly...
FlowSolve: Assembly:
FlowSolve: Assembly done
FlowSolve: Dirichlet conditions done
BiCGStabl:       10 0.7010E-11 0.7010E-11
ComputeChange: NS (ITER=1) (NRM,RELC): ( 0.27641805E-03 0.73181682E-04 ) :: navier-stokes
FlowSolve: iter:    1 Assembly: (s)    0.01    0.01
FlowSolve: iter:    1 Solve:    (s)    0.00    0.00
FlowSolve:  Result Norm     :    2.7641804803595641E-004
FlowSolve:  Relative Change :    7.3181681724762229E-005
ComputeChange: SS (ITER=123) (NRM,RELC): ( 0.27643625E-03 0.73182744E-05 ) :: navier-stokes
SolveEquations: -------------------------------------
SolveEquations:  Coupled system iteration:          124
SolveEquations: -------------------------------------
HeatSolver: ------------------------------------------------
HeatSolver: Solving energy equation for temperature
HeatSolver: Heat solver iteration: 1
IterSolver: "Linear System GCR Restart" not given, setting it to 200
ComputeChange: NS (ITER=1) (NRM,RELC): (  294.97242     0.64061150E-08 ) :: heat equation
ComputeChange: SS (ITER=124) (NRM,RELC): (  294.97242     0.64061239E-09 ) :: heat equation
FlowSolve: 
FlowSolve: 
FlowSolve: -------------------------------------
FlowSolve:  NAVIER-STOKES ITERATION           1
FlowSolve: -------------------------------------
FlowSolve: 
FlowSolve: Starting Assembly...
FlowSolve: Assembly:
FlowSolve: Assembly done
FlowSolve: Dirichlet conditions done
BiCGStabl:       10 0.8741E-11 0.8741E-11
ComputeChange: NS (ITER=1) (NRM,RELC): ( 0.27641625E-03 0.72368967E-04 ) :: navier-stokes
FlowSolve: iter:    1 Assembly: (s)    0.01    0.01
FlowSolve: iter:    1 Solve:    (s)    0.00    0.00
FlowSolve:  Result Norm     :    2.7641624978776852E-004
FlowSolve:  Relative Change :    7.2368966704539113E-005
ComputeChange: SS (ITER=124) (NRM,RELC): ( 0.27643425E-03 0.72369969E-05 ) :: navier-stokes
SolveEquations: -------------------------------------
SolveEquations:  Coupled system iteration:          125
SolveEquations: -------------------------------------
HeatSolver: ------------------------------------------------
HeatSolver: Solving energy equation for temperature
HeatSolver: Heat solver iteration: 1
IterSolver: "Linear System GCR Restart" not given, setting it to 200
ComputeChange: NS (ITER=1) (NRM,RELC): (  294.97242     0.60158059E-08 ) :: heat equation
ComputeChange: SS (ITER=125) (NRM,RELC): (  294.97242     0.60158024E-09 ) :: heat equation
FlowSolve: 
FlowSolve: 
FlowSolve: -------------------------------------
FlowSolve:  NAVIER-STOKES ITERATION           1
FlowSolve: -------------------------------------
FlowSolve: 
FlowSolve: Starting Assembly...
FlowSolve: Assembly:
FlowSolve: Assembly done
FlowSolve: Dirichlet conditions done
BiCGStabl:       10 0.1138E-10 0.1138E-10
ComputeChange: NS (ITER=1) (NRM,RELC): ( 0.27641479E-03 0.70395075E-04 ) :: navier-stokes
FlowSolve: iter:    1 Assembly: (s)    0.01    0.01
FlowSolve: iter:    1 Solve:    (s)    0.00    0.00
FlowSolve:  Result Norm     :    2.7641479498384850E-004
FlowSolve:  Relative Change :    7.0395074777205660E-005
ComputeChange: SS (ITER=125) (NRM,RELC): ( 0.27643231E-03 0.70396011E-05 ) :: navier-stokes
SolveEquations: -------------------------------------
SolveEquations:  Coupled system iteration:          126
SolveEquations: -------------------------------------
HeatSolver: ------------------------------------------------
HeatSolver: Solving energy equation for temperature
HeatSolver: Heat solver iteration: 1
IterSolver: "Linear System GCR Restart" not given, setting it to 200
ComputeChange: NS (ITER=1) (NRM,RELC): (  294.97242     0.43497119E-08 ) :: heat equation
ComputeChange: SS (ITER=126) (NRM,RELC): (  294.97242     0.43497144E-09 ) :: heat equation
FlowSolve: 
FlowSolve: 
FlowSolve: -------------------------------------
FlowSolve:  NAVIER-STOKES ITERATION           1
FlowSolve: -------------------------------------
FlowSolve: 
FlowSolve: Starting Assembly...
FlowSolve: Assembly:
FlowSolve: Assembly done
FlowSolve: Dirichlet conditions done
BiCGStabl:       10 0.1537E-10 0.1537E-10
ComputeChange: NS (ITER=1) (NRM,RELC): ( 0.27641369E-03 0.67368219E-04 ) :: navier-stokes
FlowSolve: iter:    1 Assembly: (s)    0.01    0.01
FlowSolve: iter:    1 Solve:    (s)    0.00    0.00
FlowSolve:  Result Norm     :    2.7641368580389657E-004
FlowSolve:  Relative Change :    6.7368219021078234E-005
ComputeChange: SS (ITER=126) (NRM,RELC): ( 0.27643045E-03 0.67369083E-05 ) :: navier-stokes
SolveEquations: -------------------------------------
SolveEquations:  Coupled system iteration:          127
SolveEquations: -------------------------------------
HeatSolver: ------------------------------------------------
HeatSolver: Solving energy equation for temperature
HeatSolver: Heat solver iteration: 1
IterSolver: "Linear System GCR Restart" not given, setting it to 200
ComputeChange: NS (ITER=1) (NRM,RELC): (  294.97242     0.41472922E-08 ) :: heat equation
ComputeChange: SS (ITER=127) (NRM,RELC): (  294.97242     0.41472886E-09 ) :: heat equation
FlowSolve: 
FlowSolve: 
FlowSolve: -------------------------------------
FlowSolve:  NAVIER-STOKES ITERATION           1
FlowSolve: -------------------------------------
FlowSolve: 
FlowSolve: Starting Assembly...
FlowSolve: Assembly:
FlowSolve: Assembly done
FlowSolve: Dirichlet conditions done
BiCGStabl:       10 0.1825E-10 0.1825E-10
ComputeChange: NS (ITER=1) (NRM,RELC): ( 0.27641286E-03 0.63601197E-04 ) :: navier-stokes
FlowSolve: iter:    1 Assembly: (s)    0.01    0.01
FlowSolve: iter:    1 Solve:    (s)    0.01    0.01
FlowSolve:  Result Norm     :    2.7641286488796829E-004
FlowSolve:  Relative Change :    6.3601196754672413E-005
ComputeChange: SS (ITER=127) (NRM,RELC): ( 0.27642869E-03 0.63601984E-05 ) :: navier-stokes
SolveEquations: -------------------------------------
SolveEquations:  Coupled system iteration:          128
SolveEquations: -------------------------------------
HeatSolver: ------------------------------------------------
HeatSolver: Solving energy equation for temperature
HeatSolver: Heat solver iteration: 1
IterSolver: "Linear System GCR Restart" not given, setting it to 200
ComputeChange: NS (ITER=1) (NRM,RELC): (  294.97242     0.39288912E-08 ) :: heat equation
ComputeChange: SS (ITER=128) (NRM,RELC): (  294.97242     0.39288989E-09 ) :: heat equation
FlowSolve: 
FlowSolve: 
FlowSolve: -------------------------------------
FlowSolve:  NAVIER-STOKES ITERATION           1
FlowSolve: -------------------------------------
FlowSolve: 
FlowSolve: Starting Assembly...
FlowSolve: Assembly:
FlowSolve: Assembly done
FlowSolve: Dirichlet conditions done
BiCGStabl:       10 0.1820E-10 0.1820E-10
ComputeChange: NS (ITER=1) (NRM,RELC): ( 0.27641230E-03 0.59285342E-04 ) :: navier-stokes
FlowSolve: iter:    1 Assembly: (s)    0.01    0.01
FlowSolve: iter:    1 Solve:    (s)    0.00    0.00
FlowSolve:  Result Norm     :    2.7641229980570215E-004
FlowSolve:  Relative Change :    5.9285341877475744E-005
ComputeChange: SS (ITER=128) (NRM,RELC): ( 0.27642705E-03 0.59286049E-05 ) :: navier-stokes
SolveEquations: -------------------------------------
SolveEquations:  Coupled system iteration:          129
SolveEquations: -------------------------------------
HeatSolver: ------------------------------------------------
HeatSolver: Solving energy equation for temperature
HeatSolver: Heat solver iteration: 1
IterSolver: "Linear System GCR Restart" not given, setting it to 200
ComputeChange: NS (ITER=1) (NRM,RELC): (  294.97242     0.37143963E-08 ) :: heat equation
ComputeChange: SS (ITER=129) (NRM,RELC): (  294.97242     0.37143961E-09 ) :: heat equation
FlowSolve: 
FlowSolve: 
FlowSolve: -------------------------------------
FlowSolve:  NAVIER-STOKES ITERATION           1
FlowSolve: -------------------------------------
FlowSolve: 
FlowSolve: Starting Assembly...
FlowSolve: Assembly:
FlowSolve: Assembly done
FlowSolve: Dirichlet conditions done
BiCGStabl:       10 0.1498E-10 0.1498E-10
ComputeChange: NS (ITER=1) (NRM,RELC): ( 0.27641196E-03 0.54594392E-04 ) :: navier-stokes
FlowSolve: iter:    1 Assembly: (s)    0.01    0.01
FlowSolve: iter:    1 Solve:    (s)    0.01    0.01
FlowSolve:  Result Norm     :    2.7641195770295541E-004
FlowSolve:  Relative Change :    5.4594391548365473E-005
ComputeChange: SS (ITER=129) (NRM,RELC): ( 0.27642554E-03 0.54595020E-05 ) :: navier-stokes
SolveEquations: -------------------------------------
SolveEquations:  Coupled system iteration:          130
SolveEquations: -------------------------------------
HeatSolver: ------------------------------------------------
HeatSolver: Solving energy equation for temperature
HeatSolver: Heat solver iteration: 1
IterSolver: "Linear System GCR Restart" not given, setting it to 200
ComputeChange: NS (ITER=1) (NRM,RELC): (  294.97242     0.35212067E-08 ) :: heat equation
ComputeChange: SS (ITER=130) (NRM,RELC): (  294.97242     0.35212048E-09 ) :: heat equation
FlowSolve: 
FlowSolve: 
FlowSolve: -------------------------------------
FlowSolve:  NAVIER-STOKES ITERATION           1
FlowSolve: -------------------------------------
FlowSolve: 
FlowSolve: Starting Assembly...
FlowSolve: Assembly:
FlowSolve: Assembly done
FlowSolve: Dirichlet conditions done
BiCGStabl:       10 0.1118E-10 0.1118E-10
ComputeChange: NS (ITER=1) (NRM,RELC): ( 0.27641181E-03 0.49674095E-04 ) :: navier-stokes
FlowSolve: iter:    1 Assembly: (s)    0.01    0.01
FlowSolve: iter:    1 Solve:    (s)    0.00    0.00
FlowSolve:  Result Norm     :    2.7641180866022538E-004
FlowSolve:  Relative Change :    4.9674094786241579E-005
ComputeChange: SS (ITER=130) (NRM,RELC): ( 0.27642417E-03 0.49674646E-05 ) :: navier-stokes
SolveEquations: -------------------------------------
SolveEquations:  Coupled system iteration:          131
SolveEquations: -------------------------------------
HeatSolver: ------------------------------------------------
HeatSolver: Solving energy equation for temperature
HeatSolver: Heat solver iteration: 1
IterSolver: "Linear System GCR Restart" not given, setting it to 200
ComputeChange: NS (ITER=1) (NRM,RELC): (  294.97242     0.33550201E-08 ) :: heat equation
ComputeChange: SS (ITER=131) (NRM,RELC): (  294.97242     0.33550196E-09 ) :: heat equation
FlowSolve: 
FlowSolve: 
FlowSolve: -------------------------------------
FlowSolve:  NAVIER-STOKES ITERATION           1
FlowSolve: -------------------------------------
FlowSolve: 
FlowSolve: Starting Assembly...
FlowSolve: Assembly:
FlowSolve: Assembly done
FlowSolve: Dirichlet conditions done
BiCGStabl:        9 0.8188E-10 0.8188E-10
ComputeChange: NS (ITER=1) (NRM,RELC): ( 0.27641183E-03 0.44639207E-04 ) :: navier-stokes
FlowSolve: iter:    1 Assembly: (s)    0.01    0.01
FlowSolve: iter:    1 Solve:    (s)    0.00    0.00
FlowSolve:  Result Norm     :    2.7641182729667995E-004
FlowSolve:  Relative Change :    4.4639207389883814E-005
ComputeChange: SS (ITER=131) (NRM,RELC): ( 0.27642293E-03 0.44639686E-05 ) :: navier-stokes
SolveEquations: -------------------------------------
SolveEquations:  Coupled system iteration:          132
SolveEquations: -------------------------------------
HeatSolver: ------------------------------------------------
HeatSolver: Solving energy equation for temperature
HeatSolver: Heat solver iteration: 1
IterSolver: "Linear System GCR Restart" not given, setting it to 200
ComputeChange: NS (ITER=1) (NRM,RELC): (  294.97242     0.32078309E-08 ) :: heat equation
ComputeChange: SS (ITER=132) (NRM,RELC): (  294.97242     0.32078276E-09 ) :: heat equation
FlowSolve: 
FlowSolve: 
FlowSolve: -------------------------------------
FlowSolve:  NAVIER-STOKES ITERATION           1
FlowSolve: -------------------------------------
FlowSolve: 
FlowSolve: Starting Assembly...
FlowSolve: Assembly:
FlowSolve: Assembly done
FlowSolve: Dirichlet conditions done
BiCGStabl:        9 0.5904E-10 0.5904E-10
ComputeChange: NS (ITER=1) (NRM,RELC): ( 0.27641199E-03 0.39581534E-04 ) :: navier-stokes
FlowSolve: iter:    1 Assembly: (s)    0.01    0.01
FlowSolve: iter:    1 Solve:    (s)    0.01    0.01
FlowSolve:  Result Norm     :    2.7641199140376497E-004
FlowSolve:  Relative Change :    3.9581533981655536E-005
ComputeChange: SS (ITER=132) (NRM,RELC): ( 0.27642184E-03 0.39581945E-05 ) :: navier-stokes
SolveEquations: -------------------------------------
SolveEquations:  Coupled system iteration:          133
SolveEquations: -------------------------------------
HeatSolver: ------------------------------------------------
HeatSolver: Solving energy equation for temperature
HeatSolver: Heat solver iteration: 1
IterSolver: "Linear System GCR Restart" not given, setting it to 200
ComputeChange: NS (ITER=1) (NRM,RELC): (  294.97242     0.30659638E-08 ) :: heat equation
ComputeChange: SS (ITER=133) (NRM,RELC): (  294.97242     0.30659678E-09 ) :: heat equation
FlowSolve: 
FlowSolve: 
FlowSolve: -------------------------------------
FlowSolve:  NAVIER-STOKES ITERATION           1
FlowSolve: -------------------------------------
FlowSolve: 
FlowSolve: Starting Assembly...
FlowSolve: Assembly:
FlowSolve: Assembly done
FlowSolve: Dirichlet conditions done
BiCGStabl:        9 0.3820E-10 0.3820E-10
ComputeChange: NS (ITER=1) (NRM,RELC): ( 0.27641228E-03 0.34580237E-04 ) :: navier-stokes
FlowSolve: iter:    1 Assembly: (s)    0.01    0.01
FlowSolve: iter:    1 Solve:    (s)    0.00    0.00
FlowSolve:  Result Norm     :    2.7641227972991742E-004
FlowSolve:  Relative Change :    3.4580237154955421E-005
ComputeChange: SS (ITER=133) (NRM,RELC): ( 0.27642088E-03 0.34580586E-05 ) :: navier-stokes
SolveEquations: -------------------------------------
SolveEquations:  Coupled system iteration:          134
SolveEquations: -------------------------------------
HeatSolver: ------------------------------------------------
HeatSolver: Solving energy equation for temperature
HeatSolver: Heat solver iteration: 1
IterSolver: "Linear System GCR Restart" not given, setting it to 200
ComputeChange: NS (ITER=1) (NRM,RELC): (  294.97242     0.29189900E-08 ) :: heat equation
ComputeChange: SS (ITER=134) (NRM,RELC): (  294.97242     0.29189879E-09 ) :: heat equation
FlowSolve: 
FlowSolve: 
FlowSolve: -------------------------------------
FlowSolve:  NAVIER-STOKES ITERATION           1
FlowSolve: -------------------------------------
FlowSolve: 
FlowSolve: Starting Assembly...
FlowSolve: Assembly:
FlowSolve: Assembly done
FlowSolve: Dirichlet conditions done
BiCGStabl:        9 0.2303E-10 0.2303E-10
ComputeChange: NS (ITER=1) (NRM,RELC): ( 0.27641267E-03 0.29708655E-04 ) :: navier-stokes
FlowSolve: iter:    1 Assembly: (s)    0.01    0.01
FlowSolve: iter:    1 Solve:    (s)    0.00    0.00
FlowSolve:  Result Norm     :    2.7641267044541552E-004
FlowSolve:  Relative Change :    2.9708655184429189E-005
ComputeChange: SS (ITER=134) (NRM,RELC): ( 0.27642006E-03 0.29708948E-05 ) :: navier-stokes
SolveEquations: -------------------------------------
SolveEquations:  Coupled system iteration:          135
SolveEquations: -------------------------------------
HeatSolver: ------------------------------------------------
HeatSolver: Solving energy equation for temperature
HeatSolver: Heat solver iteration: 1
IterSolver: "Linear System GCR Restart" not given, setting it to 200
ComputeChange: NS (ITER=1) (NRM,RELC): (  294.97242     0.27627319E-08 ) :: heat equation
ComputeChange: SS (ITER=135) (NRM,RELC): (  294.97242     0.27627367E-09 ) :: heat equation
FlowSolve: 
FlowSolve: 
FlowSolve: -------------------------------------
FlowSolve:  NAVIER-STOKES ITERATION           1
FlowSolve: -------------------------------------
FlowSolve: 
FlowSolve: Starting Assembly...
FlowSolve: Assembly:
FlowSolve: Assembly done
FlowSolve: Dirichlet conditions done
BiCGStabl:        9 0.1442E-10 0.1442E-10
ComputeChange: NS (ITER=1) (NRM,RELC): ( 0.27641314E-03 0.25034618E-04 ) :: navier-stokes
FlowSolve: iter:    1 Assembly: (s)    0.01    0.01
FlowSolve: iter:    1 Solve:    (s)    0.00    0.00
FlowSolve:  Result Norm     :    2.7641314121601402E-004
FlowSolve:  Relative Change :    2.5034617760550110E-005
ComputeChange: SS (ITER=135) (NRM,RELC): ( 0.27641937E-03 0.25034861E-05 ) :: navier-stokes
SolveEquations: -------------------------------------
SolveEquations:  Coupled system iteration:          136
SolveEquations: -------------------------------------
HeatSolver: ------------------------------------------------
HeatSolver: Solving energy equation for temperature
HeatSolver: Heat solver iteration: 1
IterSolver: "Linear System GCR Restart" not given, setting it to 200
ComputeChange: NS (ITER=1) (NRM,RELC): (  294.97242     0.25978041E-08 ) :: heat equation
ComputeChange: SS (ITER=136) (NRM,RELC): (  294.97242     0.25977944E-09 ) :: heat equation
FlowSolve: 
FlowSolve: 
FlowSolve: -------------------------------------
FlowSolve:  NAVIER-STOKES ITERATION           1
FlowSolve: -------------------------------------
FlowSolve: 
FlowSolve: Starting Assembly...
FlowSolve: Assembly:
FlowSolve: Assembly done
FlowSolve: Dirichlet conditions done
BiCGStabl:        9 0.1436E-10 0.1436E-10
ComputeChange: NS (ITER=1) (NRM,RELC): ( 0.27641367E-03 0.20618187E-04 ) :: navier-stokes
FlowSolve: iter:    1 Assembly: (s)    0.01    0.01
FlowSolve: iter:    1 Solve:    (s)    0.00    0.00
FlowSolve:  Result Norm     :    2.7641366997957029E-004
FlowSolve:  Relative Change :    2.0618186940354254E-005
ComputeChange: SS (ITER=136) (NRM,RELC): ( 0.27641880E-03 0.20618387E-05 ) :: navier-stokes
SolveEquations: -------------------------------------
SolveEquations:  Coupled system iteration:          137
SolveEquations: -------------------------------------
HeatSolver: ------------------------------------------------
HeatSolver: Solving energy equation for temperature
HeatSolver: Heat solver iteration: 1
IterSolver: "Linear System GCR Restart" not given, setting it to 200
ComputeChange: NS (ITER=1) (NRM,RELC): (  294.97242     0.24272197E-08 ) :: heat equation
ComputeChange: SS (ITER=137) (NRM,RELC): (  294.97242     0.24272270E-09 ) :: heat equation
FlowSolve: 
FlowSolve: 
FlowSolve: -------------------------------------
FlowSolve:  NAVIER-STOKES ITERATION           1
FlowSolve: -------------------------------------
FlowSolve: 
FlowSolve: Starting Assembly...
FlowSolve: Assembly:
FlowSolve: Assembly done
FlowSolve: Dirichlet conditions done
BiCGStabl:        9 0.1352E-10 0.1352E-10
ComputeChange: NS (ITER=1) (NRM,RELC): ( 0.27641424E-03 0.16509358E-04 ) :: navier-stokes
FlowSolve: iter:    1 Assembly: (s)    0.01    0.01
FlowSolve: iter:    1 Solve:    (s)    0.00    0.00
FlowSolve:  Result Norm     :    2.7641423579629422E-004
FlowSolve:  Relative Change :    1.6509357739681456E-005
ComputeChange: SS (ITER=137) (NRM,RELC): ( 0.27641834E-03 0.16509521E-05 ) :: navier-stokes
SolveEquations: -------------------------------------
SolveEquations:  Coupled system iteration:          138
SolveEquations: -------------------------------------
HeatSolver: ------------------------------------------------
HeatSolver: Solving energy equation for temperature
HeatSolver: Heat solver iteration: 1
IterSolver: "Linear System GCR Restart" not given, setting it to 200
ComputeChange: NS (ITER=1) (NRM,RELC): (  294.97242     0.22546676E-08 ) :: heat equation
ComputeChange: SS (ITER=138) (NRM,RELC): (  294.97242     0.22546690E-09 ) :: heat equation
FlowSolve: 
FlowSolve: 
FlowSolve: -------------------------------------
FlowSolve:  NAVIER-STOKES ITERATION           1
FlowSolve: -------------------------------------
FlowSolve: 
FlowSolve: Starting Assembly...
FlowSolve: Assembly:
FlowSolve: Assembly done
FlowSolve: Dirichlet conditions done
BiCGStabl:        9 0.7644E-10 0.7644E-10
ComputeChange: NS (ITER=1) (NRM,RELC): ( 0.27641482E-03 0.12746814E-04 ) :: navier-stokes
FlowSolve: iter:    1 Assembly: (s)    0.01    0.01
FlowSolve: iter:    1 Solve:    (s)    0.00    0.00
FlowSolve:  Result Norm     :    2.7641481947075877E-004
FlowSolve:  Relative Change :    1.2746814478440890E-005
ComputeChange: SS (ITER=138) (NRM,RELC): ( 0.27641799E-03 0.12746947E-05 ) :: navier-stokes
SolveEquations: -------------------------------------
SolveEquations:  Coupled system iteration:          139
SolveEquations: -------------------------------------
HeatSolver: ------------------------------------------------
HeatSolver: Solving energy equation for temperature
HeatSolver: Heat solver iteration: 1
IterSolver: "Linear System GCR Restart" not given, setting it to 200
ComputeChange: NS (ITER=1) (NRM,RELC): (  294.97242     0.20836262E-08 ) :: heat equation
ComputeChange: SS (ITER=139) (NRM,RELC): (  294.97242     0.20836275E-09 ) :: heat equation
FlowSolve: 
FlowSolve: 
FlowSolve: -------------------------------------
FlowSolve:  NAVIER-STOKES ITERATION           1
FlowSolve: -------------------------------------
FlowSolve: 
FlowSolve: Starting Assembly...
FlowSolve: Assembly:
FlowSolve: Assembly done
FlowSolve: Dirichlet conditions done
BiCGStabl:        9 0.9690E-10 0.9690E-10
ComputeChange: NS (ITER=1) (NRM,RELC): ( 0.27641540E-03 0.93573741E-05 ) :: navier-stokes
FlowSolve: iter:    1 Assembly: (s)    0.01    0.01
FlowSolve: iter:    1 Solve:    (s)    0.00    0.00
FlowSolve:  Result Norm     :    2.7641540401840978E-004
FlowSolve:  Relative Change :    9.3573741480321841E-006
ComputeChange: SS (ITER=139) (NRM,RELC): ( 0.27641773E-03 0.93574809E-06 ) :: navier-stokes
SolveEquations: -------------------------------------
SolveEquations:  Coupled system iteration:          140
SolveEquations: -------------------------------------
HeatSolver: ------------------------------------------------
HeatSolver: Solving energy equation for temperature
HeatSolver: Heat solver iteration: 1
IterSolver: "Linear System GCR Restart" not given, setting it to 200
ComputeChange: NS (ITER=1) (NRM,RELC): (  294.97242     0.19169985E-08 ) :: heat equation
ComputeChange: SS (ITER=140) (NRM,RELC): (  294.97242     0.19169991E-09 ) :: heat equation
FlowSolve: 
FlowSolve: 
FlowSolve: -------------------------------------
FlowSolve:  NAVIER-STOKES ITERATION           1
FlowSolve: -------------------------------------
FlowSolve: 
FlowSolve: Starting Assembly...
FlowSolve: Assembly:
FlowSolve: Assembly done
FlowSolve: Dirichlet conditions done
BiCGStabl:        9 0.9785E-10 0.9785E-10
ComputeChange: NS (ITER=1) (NRM,RELC): ( 0.27641597E-03 0.63565618E-05 ) :: navier-stokes
FlowSolve: iter:    1 Assembly: (s)    0.01    0.01
FlowSolve: iter:    1 Solve:    (s)    0.00    0.00
FlowSolve:  Result Norm     :    2.7641597483456682E-004
FlowSolve:  Relative Change :    6.3565618125478273E-006
ComputeChange: SS (ITER=140) (NRM,RELC): ( 0.27641756E-03 0.63566477E-06 ) :: navier-stokes
SolveEquations: -------------------------------------
SolveEquations:  Coupled system iteration:          141
SolveEquations: -------------------------------------
HeatSolver: ------------------------------------------------
HeatSolver: Solving energy equation for temperature
HeatSolver: Heat solver iteration: 1
IterSolver: "Linear System GCR Restart" not given, setting it to 200
ComputeChange: NS (ITER=1) (NRM,RELC): (  294.97242     0.17570283E-08 ) :: heat equation
ComputeChange: SS (ITER=141) (NRM,RELC): (  294.97242     0.17570190E-09 ) :: heat equation
FlowSolve: 
FlowSolve: 
FlowSolve: -------------------------------------
FlowSolve:  NAVIER-STOKES ITERATION           1
FlowSolve: -------------------------------------
FlowSolve: 
FlowSolve: Starting Assembly...
FlowSolve: Assembly:
FlowSolve: Assembly done
FlowSolve: Dirichlet conditions done
BiCGStabl:        9 0.9216E-10 0.9216E-10
ComputeChange: NS (ITER=1) (NRM,RELC): ( 0.27641652E-03 0.37496391E-05 ) :: navier-stokes
FlowSolve: iter:    1 Assembly: (s)    0.01    0.01
FlowSolve: iter:    1 Solve:    (s)    0.00    0.00
FlowSolve:  Result Norm     :    2.7641651972228515E-004
FlowSolve:  Relative Change :    3.7496391182830605E-006
ComputeChange: SS (ITER=141) (NRM,RELC): ( 0.27641745E-03 0.37497084E-06 ) :: navier-stokes
SolveEquations: -------------------------------------
SolveEquations:  Coupled system iteration:          142
SolveEquations: -------------------------------------
HeatSolver: ------------------------------------------------
HeatSolver: Solving energy equation for temperature
HeatSolver: Heat solver iteration: 1
IterSolver: "Linear System GCR Restart" not given, setting it to 200
ComputeChange: NS (ITER=1) (NRM,RELC): (  294.97242     0.16053479E-08 ) :: heat equation
ComputeChange: SS (ITER=142) (NRM,RELC): (  294.97242     0.16053581E-09 ) :: heat equation
FlowSolve: 
FlowSolve: 
FlowSolve: -------------------------------------
FlowSolve:  NAVIER-STOKES ITERATION           1
FlowSolve: -------------------------------------
FlowSolve: 
FlowSolve: Starting Assembly...
FlowSolve: Assembly:
FlowSolve: Assembly done
FlowSolve: Dirichlet conditions done
BiCGStabl:        9 0.4386E-10 0.4386E-10
ComputeChange: NS (ITER=1) (NRM,RELC): ( 0.27641703E-03 0.15322438E-05 ) :: navier-stokes
FlowSolve: iter:    1 Assembly: (s)    0.01    0.01
FlowSolve: iter:    1 Solve:    (s)    0.00    0.00
FlowSolve:  Result Norm     :    2.7641702899931092E-004
FlowSolve:  Relative Change :    1.5322438182580336E-006
ComputeChange: SS (ITER=142) (NRM,RELC): ( 0.27641741E-03 0.15323002E-06 ) :: navier-stokes
SolveEquations: -------------------------------------
SolveEquations:  Coupled system iteration:          143
SolveEquations: -------------------------------------
HeatSolver: ------------------------------------------------
HeatSolver: Solving energy equation for temperature
HeatSolver: Heat solver iteration: 1
IterSolver: "Linear System GCR Restart" not given, setting it to 200
ComputeChange: NS (ITER=1) (NRM,RELC): (  294.97242     0.14630496E-08 ) :: heat equation
ComputeChange: SS (ITER=143) (NRM,RELC): (  294.97242     0.14630397E-09 ) :: heat equation
FlowSolve: 
FlowSolve: 
FlowSolve: -------------------------------------
FlowSolve:  NAVIER-STOKES ITERATION           1
FlowSolve: -------------------------------------
FlowSolve: 
FlowSolve: Starting Assembly...
FlowSolve: Assembly:
FlowSolve: Assembly done
FlowSolve: Dirichlet conditions done
BiCGStabl:        9 0.7949E-10 0.7949E-10
ComputeChange: NS (ITER=1) (NRM,RELC): ( 0.27641750E-03 0.30685275E-06 ) :: navier-stokes
FlowSolve: iter:    1 Assembly: (s)    0.01    0.01
FlowSolve: iter:    1 Solve:    (s)    0.00    0.00
FlowSolve:  Result Norm     :    2.7641749500192562E-004
FlowSolve:  Relative Change :    3.0685275007147989E-007
ComputeChange: SS (ITER=143) (NRM,RELC): ( 0.27641742E-03 0.30680612E-07 ) :: navier-stokes
MAIN: 
MAIN: -------------------------------------
MAIN: Time: 3/3:   3.000E+02
MAIN: Estimated time left:  2.6 seconds
MAIN: -------------------------------------
MAIN: 
SolveEquations: -------------------------------------
SolveEquations:  Coupled system iteration:            1
SolveEquations: -------------------------------------
HeatSolver: ------------------------------------------------
HeatSolver: Solving energy equation for temperature
HeatSolver: Heat solver iteration: 1
IterSolver: "Linear System GCR Restart" not given, setting it to 200
   gcr:    10  0.7322E-07  0.1041E-06
ComputeChange: NS (ITER=1) (NRM,RELC): (  294.97174     0.22832209E-05 ) :: heat equation
ComputeChange: SS (ITER=1) (NRM,RELC): (  294.97235     0.22839528E-06 ) :: heat equation
FlowSolve: 
FlowSolve: 
FlowSolve: -------------------------------------
FlowSolve:  NAVIER-STOKES ITERATION           1
FlowSolve: -------------------------------------
FlowSolve: 
FlowSolve: Starting Assembly...
FlowSolve: Assembly:
FlowSolve: Assembly done
FlowSolve: Dirichlet conditions done
      10 0.2371E-09 0.2371E-09
BiCGStabl:       11 0.5055E-10 0.5055E-10
ComputeChange: NS (ITER=1) (NRM,RELC): ( 0.27455901E-03 0.67458563E-02 ) :: navier-stokes
FlowSolve: iter:    1 Assembly: (s)    0.01    0.01
FlowSolve: iter:    1 Solve:    (s)    0.01    0.01
FlowSolve:  Result Norm     :    2.7455901473629585E-004
FlowSolve:  Relative Change :    6.7458563168077456E-003
ComputeChange: SS (ITER=1) (NRM,RELC): ( 0.27623137E-03 0.67329607E-03 ) :: navier-stokes
SolveEquations: -------------------------------------
SolveEquations:  Coupled system iteration:            2
SolveEquations: -------------------------------------
HeatSolver: ------------------------------------------------
HeatSolver: Solving energy equation for temperature
HeatSolver: Heat solver iteration: 1
IterSolver: "Linear System GCR Restart" not given, setting it to 200
   gcr:    10  0.6760E-07  0.9650E-07
ComputeChange: NS (ITER=1) (NRM,RELC): (  294.97174     0.20766939E-05 ) :: heat equation
ComputeChange: SS (ITER=2) (NRM,RELC): (  294.97229     0.20773072E-06 ) :: heat equation
FlowSolve: 
FlowSolve: 
FlowSolve: -------------------------------------
FlowSolve:  NAVIER-STOKES ITERATION           1
FlowSolve: -------------------------------------
FlowSolve: 
FlowSolve: Starting Assembly...
FlowSolve: Assembly:
FlowSolve: Assembly done
FlowSolve: Dirichlet conditions done
      10 0.6262E-09 0.6262E-09
BiCGStabl:       11 0.6048E-10 0.6048E-10
ComputeChange: NS (ITER=1) (NRM,RELC): ( 0.27453226E-03 0.61700326E-02 ) :: navier-stokes
FlowSolve: iter:    1 Assembly: (s)    0.01    0.01
FlowSolve: iter:    1 Solve:    (s)    0.01    0.01
FlowSolve:  Result Norm     :    2.7453225576042821E-004
FlowSolve:  Relative Change :    6.1700326339263218E-003
ComputeChange: SS (ITER=2) (NRM,RELC): ( 0.27606132E-03 0.61581294E-03 ) :: navier-stokes
SolveEquations: -------------------------------------
SolveEquations:  Coupled system iteration:            3
SolveEquations: -------------------------------------
HeatSolver: ------------------------------------------------
HeatSolver: Solving energy equation for temperature
HeatSolver: Heat solver iteration: 1
IterSolver: "Linear System GCR Restart" not given, setting it to 200
   gcr:    10  0.6250E-07  0.8947E-07
ComputeChange: NS (ITER=1) (NRM,RELC): (  294.97173     0.18968398E-05 ) :: heat equation
ComputeChange: SS (ITER=3) (NRM,RELC): (  294.97223     0.18973550E-06 ) :: heat equation
FlowSolve: 
FlowSolve: 
FlowSolve: -------------------------------------
FlowSolve:  NAVIER-STOKES ITERATION           1
FlowSolve: -------------------------------------
FlowSolve: 
FlowSolve: Starting Assembly...
FlowSolve: Assembly:
FlowSolve: Assembly done
FlowSolve: Dirichlet conditions done
      10 0.4191E-09 0.4191E-09
BiCGStabl:       11 0.1865E-10 0.1865E-10
ComputeChange: NS (ITER=1) (NRM,RELC): ( 0.27452831E-03 0.55685839E-02 ) :: navier-stokes
FlowSolve: iter:    1 Assembly: (s)    0.01    0.01
FlowSolve: iter:    1 Solve:    (s)    0.01    0.01
FlowSolve:  Result Norm     :    2.7452831376857233E-004
FlowSolve:  Relative Change :    5.5685838961478966E-003
ComputeChange: SS (ITER=3) (NRM,RELC): ( 0.27590792E-03 0.55580048E-03 ) :: navier-stokes
SolveEquations: -------------------------------------
SolveEquations:  Coupled system iteration:            4
SolveEquations: -------------------------------------
HeatSolver: ------------------------------------------------
HeatSolver: Solving energy equation for temperature
HeatSolver: Heat solver iteration: 1
IterSolver: "Linear System GCR Restart" not given, setting it to 200
   gcr:    10  0.5788E-07  0.8297E-07
ComputeChange: NS (ITER=1) (NRM,RELC): (  294.97172     0.17407314E-05 ) :: heat equation
ComputeChange: SS (ITER=4) (NRM,RELC): (  294.97218     0.17411655E-06 ) :: heat equation
FlowSolve: 
FlowSolve: 
FlowSolve: -------------------------------------
FlowSolve:  NAVIER-STOKES ITERATION           1
FlowSolve: -------------------------------------
FlowSolve: 
FlowSolve: Starting Assembly...
FlowSolve: Assembly:
FlowSolve: Assembly done
FlowSolve: Dirichlet conditions done
      10 0.6994E-08 0.6994E-08
BiCGStabl:       11 0.4721E-10 0.4721E-10
ComputeChange: NS (ITER=1) (NRM,RELC): ( 0.27454341E-03 0.49578172E-02 ) :: navier-stokes
FlowSolve: iter:    1 Assembly: (s)    0.01    0.01
FlowSolve: iter:    1 Solve:    (s)    0.01    0.01
FlowSolve:  Result Norm     :    2.7454340513246005E-004
FlowSolve:  Relative Change :    4.9578171688131325E-003
ComputeChange: SS (ITER=4) (NRM,RELC): ( 0.27577142E-03 0.49487605E-03 ) :: navier-stokes
SolveEquations: -------------------------------------
SolveEquations:  Coupled system iteration:            5
SolveEquations: -------------------------------------
HeatSolver: ------------------------------------------------
HeatSolver: Solving energy equation for temperature
HeatSolver: Heat solver iteration: 1
IterSolver: "Linear System GCR Restart" not given, setting it to 200
   gcr:    10  0.5370E-07  0.7698E-07
ComputeChange: NS (ITER=1) (NRM,RELC): (  294.97172     0.15811892E-05 ) :: heat equation
ComputeChange: SS (ITER=5) (NRM,RELC): (  294.97214     0.15815562E-06 ) :: heat equation
FlowSolve: 
FlowSolve: 
FlowSolve: -------------------------------------
FlowSolve:  NAVIER-STOKES ITERATION           1
FlowSolve: -------------------------------------
FlowSolve: 
FlowSolve: Starting Assembly...
FlowSolve: Assembly:
FlowSolve: Assembly done
FlowSolve: Dirichlet conditions done
      10 0.6857E-10 0.6857E-10
BiCGStabl:       10 0.6857E-10 0.6857E-10
ComputeChange: NS (ITER=1) (NRM,RELC): ( 0.27457387E-03 0.43519701E-02 ) :: navier-stokes
FlowSolve: iter:    1 Assembly: (s)    0.01    0.01
FlowSolve: iter:    1 Solve:    (s)    0.01    0.01
FlowSolve:  Result Norm     :    2.7457387409400265E-004
FlowSolve:  Relative Change :    4.3519700595458484E-003
ComputeChange: SS (ITER=5) (NRM,RELC): ( 0.27565163E-03 0.43445215E-03 ) :: navier-stokes
SolveEquations: -------------------------------------
SolveEquations:  Coupled system iteration:            6
SolveEquations: -------------------------------------
HeatSolver: ------------------------------------------------
HeatSolver: Solving energy equation for temperature
HeatSolver: Heat solver iteration: 1
IterSolver: "Linear System GCR Restart" not given, setting it to 200
   gcr:    10  0.4993E-07  0.7145E-07
ComputeChange: NS (ITER=1) (NRM,RELC): (  294.97170     0.14678881E-05 ) :: heat equation
ComputeChange: SS (ITER=6) (NRM,RELC): (  294.97209     0.14681994E-06 ) :: heat equation
FlowSolve: 
FlowSolve: 
FlowSolve: -------------------------------------
FlowSolve:  NAVIER-STOKES ITERATION           1
FlowSolve: -------------------------------------
FlowSolve: 
FlowSolve: Starting Assembly...
FlowSolve: Assembly:
FlowSolve: Assembly done
FlowSolve: Dirichlet conditions done
      10 0.5994E-10 0.5994E-10
BiCGStabl:       10 0.5994E-10 0.5994E-10
ComputeChange: NS (ITER=1) (NRM,RELC): ( 0.27461646E-03 0.37624339E-02 ) :: navier-stokes
FlowSolve: iter:    1 Assembly: (s)    0.01    0.01
FlowSolve: iter:    1 Solve:    (s)    0.01    0.01
FlowSolve:  Result Norm     :    2.7461646006562117E-004
FlowSolve:  Relative Change :    3.7624339440557315E-003
ComputeChange: SS (ITER=6) (NRM,RELC): ( 0.27554810E-03 0.37565898E-03 ) :: navier-stokes
SolveEquations: -------------------------------------
SolveEquations:  Coupled system iteration:            7
SolveEquations: -------------------------------------
HeatSolver: ------------------------------------------------
HeatSolver: Solving energy equation for temperature
HeatSolver: Heat solver iteration: 1
IterSolver: "Linear System GCR Restart" not given, setting it to 200
   gcr:    10  0.4651E-07  0.6636E-07
ComputeChange: NS (ITER=1) (NRM,RELC): (  294.97169     0.13702423E-05 ) :: heat equation
ComputeChange: SS (ITER=7) (NRM,RELC): (  294.97205     0.13705073E-06 ) :: heat equation
FlowSolve: 
FlowSolve: 
FlowSolve: -------------------------------------
FlowSolve:  NAVIER-STOKES ITERATION           1
FlowSolve: -------------------------------------
FlowSolve: 
FlowSolve: Starting Assembly...
FlowSolve: Assembly:
FlowSolve: Assembly done
FlowSolve: Dirichlet conditions done
      10 0.8287E-10 0.8287E-10
BiCGStabl:       10 0.8287E-10 0.8287E-10
ComputeChange: NS (ITER=1) (NRM,RELC): ( 0.27466809E-03 0.31987922E-02 ) :: navier-stokes
FlowSolve: iter:    1 Assembly: (s)    0.01    0.01
FlowSolve: iter:    1 Solve:    (s)    0.01    0.01
FlowSolve:  Result Norm     :    2.7466808853525854E-004
FlowSolve:  Relative Change :    3.1987922457609955E-003
ComputeChange: SS (ITER=7) (NRM,RELC): ( 0.27546009E-03 0.31944786E-03 ) :: navier-stokes
SolveEquations: -------------------------------------
SolveEquations:  Coupled system iteration:            8
SolveEquations: -------------------------------------
HeatSolver: ------------------------------------------------
HeatSolver: Solving energy equation for temperature
HeatSolver: Heat solver iteration: 1
IterSolver: "Linear System GCR Restart" not given, setting it to 200
   gcr:    10  0.4341E-07  0.6167E-07
ComputeChange: NS (ITER=1) (NRM,RELC): (  294.97167     0.12861451E-05 ) :: heat equation
ComputeChange: SS (ITER=8) (NRM,RELC): (  294.97201     0.12863716E-06 ) :: heat equation
FlowSolve: 
FlowSolve: 
FlowSolve: -------------------------------------
FlowSolve:  NAVIER-STOKES ITERATION           1
FlowSolve: -------------------------------------
FlowSolve: 
FlowSolve: Starting Assembly...
FlowSolve: Assembly:
FlowSolve: Assembly done
FlowSolve: Dirichlet conditions done
      10 0.4785E-10 0.4785E-10
BiCGStabl:       10 0.4785E-10 0.4785E-10
ComputeChange: NS (ITER=1) (NRM,RELC): ( 0.27472597E-03 0.26686262E-02 ) :: navier-stokes
FlowSolve: iter:    1 Assembly: (s)    0.01    0.01
FlowSolve: iter:    1 Solve:    (s)    0.01    0.01
FlowSolve:  Result Norm     :    2.7472597249506383E-004
FlowSolve:  Relative Change :    2.6686262460349883E-003
ComputeChange: SS (ITER=8) (NRM,RELC): ( 0.27538667E-03 0.26657180E-03 ) :: navier-stokes
SolveEquations: -------------------------------------
SolveEquations:  Coupled system iteration:            9
SolveEquations: -------------------------------------
HeatSolver: ------------------------------------------------
HeatSolver: Solving energy equation for temperature
HeatSolver: Heat solver iteration: 1
IterSolver: "Linear System GCR Restart" not given, setting it to 200
   gcr:    10  0.4061E-07  0.5736E-07
ComputeChange: NS (ITER=1) (NRM,RELC): (  294.97166     0.11901745E-05 ) :: heat equation
ComputeChange: SS (ITER=9) (NRM,RELC): (  294.97198     0.11903689E-06 ) :: heat equation
FlowSolve: 
FlowSolve: 
FlowSolve: -------------------------------------
FlowSolve:  NAVIER-STOKES ITERATION           1
FlowSolve: -------------------------------------
FlowSolve: 
FlowSolve: Starting Assembly...
FlowSolve: Assembly:
FlowSolve: Assembly done
FlowSolve: Dirichlet conditions done
      10 0.5993E-10 0.5993E-10
BiCGStabl:       10 0.5993E-10 0.5993E-10
ComputeChange: NS (ITER=1) (NRM,RELC): ( 0.27478760E-03 0.21777441E-02 ) :: navier-stokes
FlowSolve: iter:    1 Assembly: (s)    0.01    0.01
FlowSolve: iter:    1 Solve:    (s)    0.01    0.01
FlowSolve:  Result Norm     :    2.7478760348562673E-004
FlowSolve:  Relative Change :    2.1777440862772433E-003
ComputeChange: SS (ITER=9) (NRM,RELC): ( 0.27532675E-03 0.21760820E-03 ) :: navier-stokes
SolveEquations: -------------------------------------
SolveEquations:  Coupled system iteration:           10
SolveEquations: -------------------------------------
HeatSolver: ------------------------------------------------
HeatSolver: Solving energy equation for temperature
HeatSolver: Heat solver iteration: 1
IterSolver: "Linear System GCR Restart" not given, setting it to 200
   gcr:    10  0.3808E-07  0.5342E-07
ComputeChange: NS (ITER=1) (NRM,RELC): (  294.97165     0.11301661E-05 ) :: heat equation
ComputeChange: SS (ITER=10) (NRM,RELC): (  294.97195     0.11303335E-06 ) :: heat equation
FlowSolve: 
FlowSolve: 
FlowSolve: -------------------------------------
FlowSolve:  NAVIER-STOKES ITERATION           1
FlowSolve: -------------------------------------
FlowSolve: 
FlowSolve: Starting Assembly...
FlowSolve: Assembly:
FlowSolve: Assembly done
FlowSolve: Dirichlet conditions done
      10 0.7404E-10 0.7404E-10
BiCGStabl:       10 0.7404E-10 0.7404E-10
ComputeChange: NS (ITER=1) (NRM,RELC): ( 0.27485082E-03 0.17301137E-02 ) :: navier-stokes
FlowSolve: iter:    1 Assembly: (s)    0.01    0.01
FlowSolve: iter:    1 Solve:    (s)    0.01    0.01
FlowSolve:  Result Norm     :    2.7485081811373955E-004
FlowSolve:  Relative Change :    1.7301137231683220E-003
ComputeChange: SS (ITER=10) (NRM,RELC): ( 0.27527914E-03 0.17295187E-03 ) :: navier-stokes
SolveEquations: -------------------------------------
SolveEquations:  Coupled system iteration:           11
SolveEquations: -------------------------------------
HeatSolver: ------------------------------------------------
HeatSolver: Solving energy equation for temperature
HeatSolver: Heat solver iteration: 1
IterSolver: "Linear System GCR Restart" not given, setting it to 200
   gcr:    10  0.3578E-07  0.4981E-07
ComputeChange: NS (ITER=1) (NRM,RELC): (  294.97163     0.10781669E-05 ) :: heat equation
ComputeChange: SS (ITER=11) (NRM,RELC): (  294.97191     0.10783116E-06 ) :: heat equation
FlowSolve: 
FlowSolve: 
FlowSolve: -------------------------------------
FlowSolve:  NAVIER-STOKES ITERATION           1
FlowSolve: -------------------------------------
FlowSolve: 
FlowSolve: Starting Assembly...
FlowSolve: Assembly:
FlowSolve: Assembly done
FlowSolve: Dirichlet conditions done
      10 0.6108E-10 0.6108E-10
BiCGStabl:       10 0.6108E-10 0.6108E-10
ComputeChange: NS (ITER=1) (NRM,RELC): ( 0.27491374E-03 0.13282711E-02 ) :: navier-stokes
FlowSolve: iter:    1 Assembly: (s)    0.01    0.01
FlowSolve: iter:    1 Solve:    (s)    0.01    0.01
FlowSolve:  Result Norm     :    2.7491373619566509E-004
FlowSolve:  Relative Change :    1.3282710752539999E-003
ComputeChange: SS (ITER=11) (NRM,RELC): ( 0.27524257E-03 0.13285572E-03 ) :: navier-stokes
SolveEquations: -------------------------------------
SolveEquations:  Coupled system iteration:           12
SolveEquations: -------------------------------------
HeatSolver: ------------------------------------------------
HeatSolver: Solving energy equation for temperature
HeatSolver: Heat solver iteration: 1
IterSolver: "Linear System GCR Restart" not given, setting it to 200
   gcr:    10  0.3369E-07  0.4651E-07
ComputeChange: NS (ITER=1) (NRM,RELC): (  294.97161     0.10328034E-05 ) :: heat equation
ComputeChange: SS (ITER=12) (NRM,RELC): (  294.97188     0.10329291E-06 ) :: heat equation
FlowSolve: 
FlowSolve: 
FlowSolve: -------------------------------------
FlowSolve:  NAVIER-STOKES ITERATION           1
FlowSolve: -------------------------------------
FlowSolve: 
FlowSolve: Starting Assembly...
FlowSolve: Assembly:
FlowSolve: Assembly done
FlowSolve: Dirichlet conditions done
      10 0.1110E-09 0.1110E-09
BiCGStabl:       11 0.5151E-10 0.5151E-10
ComputeChange: NS (ITER=1) (NRM,RELC): ( 0.27497477E-03 0.97341843E-03 ) :: navier-stokes
FlowSolve: iter:    1 Assembly: (s)    0.01    0.01
FlowSolve: iter:    1 Solve:    (s)    0.01    0.01
FlowSolve:  Result Norm     :    2.7497477300727119E-004
FlowSolve:  Relative Change :    9.7341843415339822E-004
ComputeChange: SS (ITER=12) (NRM,RELC): ( 0.27521575E-03 0.97440230E-04 ) :: navier-stokes
SolveEquations: -------------------------------------
SolveEquations:  Coupled system iteration:           13
SolveEquations: -------------------------------------
HeatSolver: ------------------------------------------------
HeatSolver: Solving energy equation for temperature
HeatSolver: Heat solver iteration: 1
IterSolver: "Linear System GCR Restart" not given, setting it to 200
   gcr:    10  0.3178E-07  0.4349E-07
ComputeChange: NS (ITER=1) (NRM,RELC): (  294.97159     0.99285596E-06 ) :: heat equation
ComputeChange: SS (ITER=13) (NRM,RELC): (  294.97185     0.99296560E-07 ) :: heat equation
FlowSolve: 
FlowSolve: 
FlowSolve: -------------------------------------
FlowSolve:  NAVIER-STOKES ITERATION           1
FlowSolve: -------------------------------------
FlowSolve: 
FlowSolve: Starting Assembly...
FlowSolve: Assembly:
FlowSolve: Assembly done
FlowSolve: Dirichlet conditions done
      10 0.8645E-10 0.8645E-10
BiCGStabl:       10 0.8645E-10 0.8645E-10
ComputeChange: NS (ITER=1) (NRM,RELC): ( 0.27503263E-03 0.66560281E-03 ) :: navier-stokes
FlowSolve: iter:    1 Assembly: (s)    0.01    0.01
FlowSolve: iter:    1 Solve:    (s)    0.01    0.01
FlowSolve:  Result Norm     :    2.7503262703347780E-004
FlowSolve:  Relative Change :    6.6560280933253551E-004
ComputeChange: SS (ITER=13) (NRM,RELC): ( 0.27519739E-03 0.66711159E-04 ) :: navier-stokes
SolveEquations: -------------------------------------
SolveEquations:  Coupled system iteration:           14
SolveEquations: -------------------------------------
HeatSolver: ------------------------------------------------
HeatSolver: Solving energy equation for temperature
HeatSolver: Heat solver iteration: 1
IterSolver: "Linear System GCR Restart" not given, setting it to 200
   gcr:    10  0.3004E-07  0.4073E-07
ComputeChange: NS (ITER=1) (NRM,RELC): (  294.97157     0.95725167E-06 ) :: heat equation
ComputeChange: SS (ITER=14) (NRM,RELC): (  294.97183     0.95734766E-07 ) :: heat equation
FlowSolve: 
FlowSolve: 
FlowSolve: -------------------------------------
FlowSolve:  NAVIER-STOKES ITERATION           1
FlowSolve: -------------------------------------
FlowSolve: 
FlowSolve: Starting Assembly...
FlowSolve: Assembly:
FlowSolve: Assembly done
FlowSolve: Dirichlet conditions done
      10 0.3532E-10 0.3532E-10
BiCGStabl:       10 0.3532E-10 0.3532E-10
ComputeChange: NS (ITER=1) (NRM,RELC): ( 0.27508626E-03 0.40389052E-03 ) :: navier-stokes
FlowSolve: iter:    1 Assembly: (s)    0.01    0.01
FlowSolve: iter:    1 Solve:    (s)    0.01    0.01
FlowSolve:  Result Norm     :    2.7508626394112857E-004
FlowSolve:  Relative Change :    4.0389052048196169E-004
ComputeChange: SS (ITER=14) (NRM,RELC): ( 0.27518622E-03 0.40576720E-04 ) :: navier-stokes
SolveEquations: -------------------------------------
SolveEquations:  Coupled system iteration:           15
SolveEquations: -------------------------------------
HeatSolver: ------------------------------------------------
HeatSolver: Solving energy equation for temperature
HeatSolver: Heat solver iteration: 1
IterSolver: "Linear System GCR Restart" not given, setting it to 200
   gcr:    10  0.2843E-07  0.3820E-07
ComputeChange: NS (ITER=1) (NRM,RELC): (  294.97155     0.92505694E-06 ) :: heat equation
ComputeChange: SS (ITER=15) (NRM,RELC): (  294.97180     0.92514137E-07 ) :: heat equation
FlowSolve: 
FlowSolve: 
FlowSolve: -------------------------------------
FlowSolve:  NAVIER-STOKES ITERATION           1
FlowSolve: -------------------------------------
FlowSolve: 
FlowSolve: Starting Assembly...
FlowSolve: Assembly:
FlowSolve: Assembly done
FlowSolve: Dirichlet conditions done
      10 0.3677E-10 0.3677E-10
BiCGStabl:       10 0.3677E-10 0.3677E-10
ComputeChange: NS (ITER=1) (NRM,RELC): ( 0.27513490E-03 0.18653499E-03 ) :: navier-stokes
FlowSolve: iter:    1 Assembly: (s)    0.01    0.01
FlowSolve: iter:    1 Solve:    (s)    0.01    0.01
FlowSolve:  Result Norm     :    2.7513489766409384E-004
FlowSolve:  Relative Change :    1.8653498836893647E-004
ComputeChange: SS (ITER=15) (NRM,RELC): ( 0.27518103E-03 0.18864184E-04 ) :: navier-stokes
SolveEquations: -------------------------------------
SolveEquations:  Coupled system iteration:           16
SolveEquations: -------------------------------------
HeatSolver: ------------------------------------------------
HeatSolver: Solving energy equation for temperature
HeatSolver: Heat solver iteration: 1
IterSolver: "Linear System GCR Restart" not given, setting it to 200
   gcr:    10  0.2693E-07  0.3589E-07
ComputeChange: NS (ITER=1) (NRM,RELC): (  294.97153     0.89546875E-06 ) :: heat equation
ComputeChange: SS (ITER=16) (NRM,RELC): (  294.97177     0.89554329E-07 ) :: heat equation
FlowSolve: 
FlowSolve: 
FlowSolve: -------------------------------------
FlowSolve:  NAVIER-STOKES ITERATION           1
FlowSolve: -------------------------------------
FlowSolve: 
FlowSolve: Starting Assembly...
FlowSolve: Assembly:
FlowSolve: Assembly done
FlowSolve: Dirichlet conditions done
      10 0.5236E-10 0.5236E-10
BiCGStabl:       10 0.5236E-10 0.5236E-10
ComputeChange: NS (ITER=1) (NRM,RELC): ( 0.27517797E-03 0.11136638E-04 ) :: navier-stokes
FlowSolve: iter:    1 Assembly: (s)    0.01    0.01
FlowSolve: iter:    1 Solve:    (s)    0.01    0.01
FlowSolve:  Result Norm     :    2.7517796904699563E-004
FlowSolve:  Relative Change :    1.1136638199695913E-005
ComputeChange: SS (ITER=16) (NRM,RELC): ( 0.27518067E-03 0.13357030E-05 ) :: navier-stokes
SolveEquations: -------------------------------------
SolveEquations:  Coupled system iteration:           17
SolveEquations: -------------------------------------
HeatSolver: ------------------------------------------------
HeatSolver: Solving energy equation for temperature
HeatSolver: Heat solver iteration: 1
IterSolver: "Linear System GCR Restart" not given, setting it to 200
   gcr:    10  0.2554E-07  0.3377E-07
ComputeChange: NS (ITER=1) (NRM,RELC): (  294.97152     0.84212537E-06 ) :: heat equation
ComputeChange: SS (ITER=17) (NRM,RELC): (  294.97175     0.84219144E-07 ) :: heat equation
FlowSolve: 
FlowSolve: 
FlowSolve: -------------------------------------
FlowSolve:  NAVIER-STOKES ITERATION           1
FlowSolve: -------------------------------------
FlowSolve: 
FlowSolve: Starting Assembly...
FlowSolve: Assembly:
FlowSolve: Assembly done
FlowSolve: Dirichlet conditions done
BiCGStabl:       10 0.6497E-10 0.6497E-10
ComputeChange: NS (ITER=1) (NRM,RELC): ( 0.27521513E-03 0.12522937E-03 ) :: navier-stokes
FlowSolve: iter:    1 Assembly: (s)    0.01    0.01
FlowSolve: iter:    1 Solve:    (s)    0.01    0.01
FlowSolve:  Result Norm     :    2.7521512892176892E-004
FlowSolve:  Relative Change :    1.2522937280472665E-004
ComputeChange: SS (ITER=17) (NRM,RELC): ( 0.27518405E-03 0.12299037E-04 ) :: navier-stokes
SolveEquations: -------------------------------------
SolveEquations:  Coupled system iteration:           18
SolveEquations: -------------------------------------
HeatSolver: ------------------------------------------------
HeatSolver: Solving energy equation for temperature
HeatSolver: Heat solver iteration: 1
IterSolver: "Linear System GCR Restart" not given, setting it to 200
   gcr:    10  0.2427E-07  0.3184E-07
ComputeChange: NS (ITER=1) (NRM,RELC): (  294.97151     0.81829224E-06 ) :: heat equation
ComputeChange: SS (ITER=18) (NRM,RELC): (  294.97172     0.81835104E-07 ) :: heat equation
FlowSolve: 
FlowSolve: 
FlowSolve: -------------------------------------
FlowSolve:  NAVIER-STOKES ITERATION           1
FlowSolve: -------------------------------------
FlowSolve: 
FlowSolve: Starting Assembly...
FlowSolve: Assembly:
FlowSolve: Assembly done
FlowSolve: Dirichlet conditions done
BiCGStabl:       10 0.8462E-10 0.8462E-10
ComputeChange: NS (ITER=1) (NRM,RELC): ( 0.27524619E-03 0.22579920E-03 ) :: navier-stokes
FlowSolve: iter:    1 Assembly: (s)    0.01    0.01
FlowSolve: iter:    1 Solve:    (s)    0.01    0.01
FlowSolve:  Result Norm     :    2.7524619389471223E-004
FlowSolve:  Relative Change :    2.2579920268629903E-004
ComputeChange: SS (ITER=18) (NRM,RELC): ( 0.27519020E-03 0.22361612E-04 ) :: navier-stokes
SolveEquations: -------------------------------------
SolveEquations:  Coupled system iteration:           19
SolveEquations: -------------------------------------
HeatSolver: ------------------------------------------------
HeatSolver: Solving energy equation for temperature
HeatSolver: Heat solver iteration: 1
IterSolver: "Linear System GCR Restart" not given, setting it to 200
   gcr:    10  0.2306E-07  0.3007E-07
ComputeChange: NS (ITER=1) (NRM,RELC): (  294.97149     0.79525252E-06 ) :: heat equation
ComputeChange: SS (ITER=19) (NRM,RELC): (  294.97170     0.79530504E-07 ) :: heat equation
FlowSolve: 
FlowSolve: 
FlowSolve: -------------------------------------
FlowSolve:  NAVIER-STOKES ITERATION           1
FlowSolve: -------------------------------------
FlowSolve: 
FlowSolve: Starting Assembly...
FlowSolve: Assembly:
FlowSolve: Assembly done
FlowSolve: Dirichlet conditions done
      10 0.5450E-10 0.5450E-10
BiCGStabl:       10 0.5450E-10 0.5450E-10
ComputeChange: NS (ITER=1) (NRM,RELC): ( 0.27527115E-03 0.29409860E-03 ) :: navier-stokes
FlowSolve: iter:    1 Assembly: (s)    0.01    0.01
FlowSolve: iter:    1 Solve:    (s)    0.01    0.01
FlowSolve:  Result Norm     :    2.7527114912468851E-004
FlowSolve:  Relative Change :    2.9409860219954768E-004
ComputeChange: SS (ITER=19) (NRM,RELC): ( 0.27519824E-03 0.29202674E-04 ) :: navier-stokes
SolveEquations: -------------------------------------
SolveEquations:  Coupled system iteration:           20
SolveEquations: -------------------------------------
HeatSolver: ------------------------------------------------
HeatSolver: Solving energy equation for temperature
HeatSolver: Heat solver iteration: 1
IterSolver: "Linear System GCR Restart" not given, setting it to 200
   gcr:    10  0.2192E-07  0.2843E-07
ComputeChange: NS (ITER=1) (NRM,RELC): (  294.97147     0.77262179E-06 ) :: heat equation
ComputeChange: SS (ITER=20) (NRM,RELC): (  294.97168     0.77266885E-07 ) :: heat equation
FlowSolve: 
FlowSolve: 
FlowSolve: -------------------------------------
FlowSolve:  NAVIER-STOKES ITERATION           1
FlowSolve: -------------------------------------
FlowSolve: 
FlowSolve: Starting Assembly...
FlowSolve: Assembly:
FlowSolve: Assembly done
FlowSolve: Dirichlet conditions done
      10 0.7992E-10 0.7992E-10
BiCGStabl:       10 0.7992E-10 0.7992E-10
ComputeChange: NS (ITER=1) (NRM,RELC): ( 0.27529011E-03 0.33379069E-03 ) :: navier-stokes
FlowSolve: iter:    1 Assembly: (s)    0.01    0.01
FlowSolve: iter:    1 Solve:    (s)    0.01    0.01
FlowSolve:  Result Norm     :    2.7529011451899631E-004
FlowSolve:  Relative Change :    3.3379069191260408E-004
ComputeChange: SS (ITER=20) (NRM,RELC): ( 0.27520737E-03 0.33186815E-04 ) :: navier-stokes
SolveEquations: -------------------------------------
SolveEquations:  Coupled system iteration:           21
SolveEquations: -------------------------------------
HeatSolver: ------------------------------------------------
HeatSolver: Solving energy equation for temperature
HeatSolver: Heat solver iteration: 1
IterSolver: "Linear System GCR Restart" not given, setting it to 200
   gcr:    10  0.2084E-07  0.2691E-07
ComputeChange: NS (ITER=1) (NRM,RELC): (  294.97146     0.75009607E-06 ) :: heat equation
ComputeChange: SS (ITER=21) (NRM,RELC): (  294.97165     0.75013833E-07 ) :: heat equation
FlowSolve: 
FlowSolve: 
FlowSolve: -------------------------------------
FlowSolve:  NAVIER-STOKES ITERATION           1
FlowSolve: -------------------------------------
FlowSolve: 
FlowSolve: Starting Assembly...
FlowSolve: Assembly:
FlowSolve: Assembly done
FlowSolve: Dirichlet conditions done
      10 0.1195E-09 0.1195E-09
BiCGStabl:       11 0.7059E-10 0.7059E-10
ComputeChange: NS (ITER=1) (NRM,RELC): ( 0.27530332E-03 0.34858157E-03 ) :: navier-stokes
FlowSolve: iter:    1 Assembly: (s)    0.01    0.01
FlowSolve: iter:    1 Solve:    (s)    0.01    0.01
FlowSolve:  Result Norm     :    2.7530332262143452E-004
FlowSolve:  Relative Change :    3.4858157320065381E-004
ComputeChange: SS (ITER=21) (NRM,RELC): ( 0.27521692E-03 0.34683166E-04 ) :: navier-stokes
SolveEquations: -------------------------------------
SolveEquations:  Coupled system iteration:           22
SolveEquations: -------------------------------------
HeatSolver: ------------------------------------------------
HeatSolver: Solving energy equation for temperature
HeatSolver: Heat solver iteration: 1
IterSolver: "Linear System GCR Restart" not given, setting it to 200
   gcr:    10  0.1980E-07  0.2549E-07
ComputeChange: NS (ITER=1) (NRM,RELC): (  294.97144     0.72744354E-06 ) :: heat equation
ComputeChange: SS (ITER=22) (NRM,RELC): (  294.97163     0.72748157E-07 ) :: heat equation
FlowSolve: 
FlowSolve: 
FlowSolve: -------------------------------------
FlowSolve:  NAVIER-STOKES ITERATION           1
FlowSolve: -------------------------------------
FlowSolve: 
FlowSolve: Starting Assembly...
FlowSolve: Assembly:
FlowSolve: Assembly done
FlowSolve: Dirichlet conditions done
      10 0.1456E-09 0.1456E-09
BiCGStabl:       11 0.9151E-10 0.9151E-10
ComputeChange: NS (ITER=1) (NRM,RELC): ( 0.27531110E-03 0.34213910E-03 ) :: navier-stokes
FlowSolve: iter:    1 Assembly: (s)    0.01    0.01
FlowSolve: iter:    1 Solve:    (s)    0.01    0.01
FlowSolve:  Result Norm     :    2.7531109748800512E-004
FlowSolve:  Relative Change :    3.4213910055681741E-004
ComputeChange: SS (ITER=22) (NRM,RELC): ( 0.27522629E-03 0.34057287E-04 ) :: navier-stokes
SolveEquations: -------------------------------------
SolveEquations:  Coupled system iteration:           23
SolveEquations: -------------------------------------
HeatSolver: ------------------------------------------------
HeatSolver: Solving energy equation for temperature
HeatSolver: Heat solver iteration: 1
IterSolver: "Linear System GCR Restart" not given, setting it to 200
   gcr:    10  0.1883E-07  0.2416E-07
ComputeChange: NS (ITER=1) (NRM,RELC): (  294.97143     0.70449658E-06 ) :: heat equation
ComputeChange: SS (ITER=23) (NRM,RELC): (  294.97161     0.70453083E-07 ) :: heat equation
FlowSolve: 
FlowSolve: 
FlowSolve: -------------------------------------
FlowSolve:  NAVIER-STOKES ITERATION           1
FlowSolve: -------------------------------------
FlowSolve: 
FlowSolve: Starting Assembly...
FlowSolve: Assembly:
FlowSolve: Assembly done
FlowSolve: Dirichlet conditions done
      10 0.1933E-09 0.1933E-09
BiCGStabl:       11 0.1488E-10 0.1488E-10
ComputeChange: NS (ITER=1) (NRM,RELC): ( 0.27531384E-03 0.31802565E-03 ) :: navier-stokes
FlowSolve: iter:    1 Assembly: (s)    0.01    0.01
FlowSolve: iter:    1 Solve:    (s)    0.01    0.01
FlowSolve:  Result Norm     :    2.7531383515118786E-004
FlowSolve:  Relative Change :    3.1802565444563570E-004
ComputeChange: SS (ITER=23) (NRM,RELC): ( 0.27523501E-03 0.31664437E-04 ) :: navier-stokes
SolveEquations: -------------------------------------
SolveEquations:  Coupled system iteration:           24
SolveEquations: -------------------------------------
HeatSolver: ------------------------------------------------
HeatSolver: Solving energy equation for temperature
HeatSolver: Heat solver iteration: 1
IterSolver: "Linear System GCR Restart" not given, setting it to 200
   gcr:    10  0.1790E-07  0.2291E-07
ComputeChange: NS (ITER=1) (NRM,RELC): (  294.97141     0.68114398E-06 ) :: heat equation
ComputeChange: SS (ITER=24) (NRM,RELC): (  294.97159     0.68117488E-07 ) :: heat equation
FlowSolve: 
FlowSolve: 
FlowSolve: -------------------------------------
FlowSolve:  NAVIER-STOKES ITERATION           1
FlowSolve: -------------------------------------
FlowSolve: 
FlowSolve: Starting Assembly...
FlowSolve: Assembly:
FlowSolve: Assembly done
FlowSolve: Dirichlet conditions done
      10 0.1670E-09 0.1670E-09
BiCGStabl:       11 0.1951E-10 0.1951E-10
ComputeChange: NS (ITER=1) (NRM,RELC): ( 0.27531199E-03 0.27964184E-03 ) :: navier-stokes
FlowSolve: iter:    1 Assembly: (s)    0.01    0.01
FlowSolve: iter:    1 Solve:    (s)    0.01    0.01
FlowSolve:  Result Norm     :    2.7531198521882447E-004
FlowSolve:  Relative Change :    2.7964183715390584E-004
ComputeChange: SS (ITER=24) (NRM,RELC): ( 0.27524267E-03 0.27843935E-04 ) :: navier-stokes
SolveEquations: -------------------------------------
SolveEquations:  Coupled system iteration:           25
SolveEquations: -------------------------------------
HeatSolver: ------------------------------------------------
HeatSolver: Solving energy equation for temperature
HeatSolver: Heat solver iteration: 1
IterSolver: "Linear System GCR Restart" not given, setting it to 200
   gcr:    10  0.1702E-07  0.2173E-07
ComputeChange: NS (ITER=1) (NRM,RELC): (  294.97140     0.63795433E-06 ) :: heat equation
ComputeChange: SS (ITER=25) (NRM,RELC): (  294.97157     0.63798216E-07 ) :: heat equation
FlowSolve: 
FlowSolve: 
FlowSolve: -------------------------------------
FlowSolve:  NAVIER-STOKES ITERATION           1
FlowSolve: -------------------------------------
FlowSolve: 
FlowSolve: Starting Assembly...
FlowSolve: Assembly:
FlowSolve: Assembly done
FlowSolve: Dirichlet conditions done
      10 0.1412E-09 0.1412E-09
BiCGStabl:       11 0.1370E-10 0.1370E-10
ComputeChange: NS (ITER=1) (NRM,RELC): ( 0.27530608E-03 0.23033262E-03 ) :: navier-stokes
FlowSolve: iter:    1 Assembly: (s)    0.01    0.01
FlowSolve: iter:    1 Solve:    (s)    0.01    0.01
FlowSolve:  Result Norm     :    2.7530607563374017E-004
FlowSolve:  Relative Change :    2.3033262457705528E-004
ComputeChange: SS (ITER=25) (NRM,RELC): ( 0.27524898E-03 0.22929729E-04 ) :: navier-stokes
SolveEquations: -------------------------------------
SolveEquations:  Coupled system iteration:           26
SolveEquations: -------------------------------------
HeatSolver: ------------------------------------------------
HeatSolver: Solving energy equation for temperature
HeatSolver: Heat solver iteration: 1
IterSolver: "Linear System GCR Restart" not given, setting it to 200
   gcr:    10  0.1621E-07  0.2063E-07
ComputeChange: NS (ITER=1) (NRM,RELC): (  294.97139     0.61555724E-06 ) :: heat equation
ComputeChange: SS (ITER=26) (NRM,RELC): (  294.97156     0.61558232E-07 ) :: heat equation
FlowSolve: 
FlowSolve: 
FlowSolve: -------------------------------------
FlowSolve:  NAVIER-STOKES ITERATION           1
FlowSolve: -------------------------------------
FlowSolve: 
FlowSolve: Starting Assembly...
FlowSolve: Assembly:
FlowSolve: Assembly done
FlowSolve: Dirichlet conditions done
      10 0.8576E-10 0.8576E-10
BiCGStabl:       10 0.8576E-10 0.8576E-10
ComputeChange: NS (ITER=1) (NRM,RELC): ( 0.27529657E-03 0.17285751E-03 ) :: navier-stokes
FlowSolve: iter:    1 Assembly: (s)    0.01    0.01
FlowSolve: iter:    1 Solve:    (s)    0.01    0.01
FlowSolve:  Result Norm     :    2.7529656524412512E-004
FlowSolve:  Relative Change :    1.7285751331371161E-004
ComputeChange: SS (ITER=26) (NRM,RELC): ( 0.27525372E-03 0.17197456E-04 ) :: navier-stokes
SolveEquations: -------------------------------------
SolveEquations:  Coupled system iteration:           27
SolveEquations: -------------------------------------
HeatSolver: ------------------------------------------------
HeatSolver: Solving energy equation for temperature
HeatSolver: Heat solver iteration: 1
IterSolver: "Linear System GCR Restart" not given, setting it to 200
   gcr:    10  0.1545E-07  0.1958E-07
ComputeChange: NS (ITER=1) (NRM,RELC): (  294.97138     0.59263300E-06 ) :: heat equation
ComputeChange: SS (ITER=27) (NRM,RELC): (  294.97154     0.59265555E-07 ) :: heat equation
FlowSolve: 
FlowSolve: 
FlowSolve: -------------------------------------
FlowSolve:  NAVIER-STOKES ITERATION           1
FlowSolve: -------------------------------------
FlowSolve: 
FlowSolve: Starting Assembly...
FlowSolve: Assembly:
FlowSolve: Assembly done
FlowSolve: Dirichlet conditions done
      10 0.1508E-09 0.1508E-09
BiCGStabl:       11 0.2165E-10 0.2165E-10
ComputeChange: NS (ITER=1) (NRM,RELC): ( 0.27528397E-03 0.10992511E-03 ) :: navier-stokes
FlowSolve: iter:    1 Assembly: (s)    0.01    0.01
FlowSolve: iter:    1 Solve:    (s)    0.01    0.01
FlowSolve:  Result Norm     :    2.7528397485804479E-004
FlowSolve:  Relative Change :    1.0992511013751445E-004
ComputeChange: SS (ITER=27) (NRM,RELC): ( 0.27525672E-03 0.10917785E-04 ) :: navier-stokes
SolveEquations: -------------------------------------
SolveEquations:  Coupled system iteration:           28
SolveEquations: -------------------------------------
HeatSolver: ------------------------------------------------
HeatSolver: Solving energy equation for temperature
HeatSolver: Heat solver iteration: 1
IterSolver: "Linear System GCR Restart" not given, setting it to 200
   gcr:    10  0.1473E-07  0.1858E-07
ComputeChange: NS (ITER=1) (NRM,RELC): (  294.97137     0.56921751E-06 ) :: heat equation
ComputeChange: SS (ITER=28) (NRM,RELC): (  294.97152     0.56923773E-07 ) :: heat equation
FlowSolve: 
FlowSolve: 
FlowSolve: -------------------------------------
FlowSolve:  NAVIER-STOKES ITERATION           1
FlowSolve: -------------------------------------
FlowSolve: 
FlowSolve: Starting Assembly...
FlowSolve: Assembly:
FlowSolve: Assembly done
FlowSolve: Dirichlet conditions done
      10 0.2104E-09 0.2104E-09
BiCGStabl:       11 0.3763E-10 0.3763E-10
ComputeChange: NS (ITER=1) (NRM,RELC): ( 0.27526882E-03 0.43966232E-04 ) :: navier-stokes
FlowSolve: iter:    1 Assembly: (s)    0.01    0.01
FlowSolve: iter:    1 Solve:    (s)    0.01    0.01
FlowSolve:  Result Norm     :    2.7526882334418526E-004
FlowSolve:  Relative Change :    4.3966232460563161E-005
ComputeChange: SS (ITER=28) (NRM,RELC): ( 0.27525791E-03 0.43337313E-05 ) :: navier-stokes
SolveEquations: -------------------------------------
SolveEquations:  Coupled system iteration:           29
SolveEquations: -------------------------------------
HeatSolver: ------------------------------------------------
HeatSolver: Solving energy equation for temperature
HeatSolver: Heat solver iteration: 1
IterSolver: "Linear System GCR Restart" not given, setting it to 200
   gcr:    10  0.1406E-07  0.1762E-07
ComputeChange: NS (ITER=1) (NRM,RELC): (  294.97136     0.54537068E-06 ) :: heat equation
ComputeChange: SS (ITER=29) (NRM,RELC): (  294.97151     0.54538877E-07 ) :: heat equation
FlowSolve: 
FlowSolve: 
FlowSolve: -------------------------------------
FlowSolve:  NAVIER-STOKES ITERATION           1
FlowSolve: -------------------------------------
FlowSolve: 
FlowSolve: Starting Assembly...
FlowSolve: Assembly:
FlowSolve: Assembly done
FlowSolve: Dirichlet conditions done
      10 0.3898E-09 0.3898E-09
BiCGStabl:       11 0.3127E-10 0.3127E-10
ComputeChange: NS (ITER=1) (NRM,RELC): ( 0.27525162E-03 0.22872457E-04 ) :: navier-stokes
FlowSolve: iter:    1 Assembly: (s)    0.01    0.01
FlowSolve: iter:    1 Solve:    (s)    0.01    0.01
FlowSolve:  Result Norm     :    2.7525161821547020E-004
FlowSolve:  Relative Change :    2.2872457485608780E-005
ComputeChange: SS (ITER=29) (NRM,RELC): ( 0.27525727E-03 0.23400076E-05 ) :: navier-stokes
SolveEquations: -------------------------------------
SolveEquations:  Coupled system iteration:           30
SolveEquations: -------------------------------------
HeatSolver: ------------------------------------------------
HeatSolver: Solving energy equation for temperature
HeatSolver: Heat solver iteration: 1
IterSolver: "Linear System GCR Restart" not given, setting it to 200
   gcr:    10  0.1342E-07  0.1671E-07
ComputeChange: NS (ITER=1) (NRM,RELC): (  294.97135     0.52117110E-06 ) :: heat equation
ComputeChange: SS (ITER=30) (NRM,RELC): (  294.97149     0.52118724E-07 ) :: heat equation
FlowSolve: 
FlowSolve: 
FlowSolve: -------------------------------------
FlowSolve:  NAVIER-STOKES ITERATION           1
FlowSolve: -------------------------------------
FlowSolve: 
FlowSolve: Starting Assembly...
FlowSolve: Assembly:
FlowSolve: Assembly done
FlowSolve: Dirichlet conditions done
      10 0.7377E-10 0.7377E-10
BiCGStabl:       10 0.7377E-10 0.7377E-10
ComputeChange: NS (ITER=1) (NRM,RELC): ( 0.27523285E-03 0.88730167E-04 ) :: navier-stokes
FlowSolve: iter:    1 Assembly: (s)    0.01    0.01
FlowSolve: iter:    1 Solve:    (s)    0.01    0.01
FlowSolve:  Result Norm     :    2.7523284732350578E-004
FlowSolve:  Relative Change :    8.8730167099989566E-005
ComputeChange: SS (ITER=30) (NRM,RELC): ( 0.27525482E-03 0.89172512E-05 ) :: navier-stokes
SolveEquations: -------------------------------------
SolveEquations:  Coupled system iteration:           31
SolveEquations: -------------------------------------
HeatSolver: ------------------------------------------------
HeatSolver: Solving energy equation for temperature
HeatSolver: Heat solver iteration: 1
IterSolver: "Linear System GCR Restart" not given, setting it to 200
   gcr:    10  0.1282E-07  0.1584E-07
ComputeChange: NS (ITER=1) (NRM,RELC): (  294.97134     0.49671146E-06 ) :: heat equation
ComputeChange: SS (ITER=31) (NRM,RELC): (  294.97148     0.49672581E-07 ) :: heat equation
FlowSolve: 
FlowSolve: 
FlowSolve: -------------------------------------
FlowSolve:  NAVIER-STOKES ITERATION           1
FlowSolve: -------------------------------------
FlowSolve: 
FlowSolve: Starting Assembly...
FlowSolve: Assembly:
FlowSolve: Assembly done
FlowSolve: Dirichlet conditions done
      10 0.1528E-09 0.1528E-09
BiCGStabl:       11 0.2125E-10 0.2125E-10
ComputeChange: NS (ITER=1) (NRM,RELC): ( 0.27521297E-03 0.15202689E-03 ) :: navier-stokes
FlowSolve: iter:    1 Assembly: (s)    0.01    0.01
FlowSolve: iter:    1 Solve:    (s)    0.01    0.01
FlowSolve:  Result Norm     :    2.7521297238385518E-004
FlowSolve:  Relative Change :    1.5202688821125523E-004
ComputeChange: SS (ITER=31) (NRM,RELC): ( 0.27525062E-03 0.15239851E-04 ) :: navier-stokes
SolveEquations: -------------------------------------
SolveEquations:  Coupled system iteration:           32
SolveEquations: -------------------------------------
HeatSolver: ------------------------------------------------
HeatSolver: Solving energy equation for temperature
HeatSolver: Heat solver iteration: 1
IterSolver: "Linear System GCR Restart" not given, setting it to 200
   gcr:    10  0.1224E-07  0.1500E-07
ComputeChange: NS (ITER=1) (NRM,RELC): (  294.97134     0.47209469E-06 ) :: heat equation
ComputeChange: SS (ITER=32) (NRM,RELC): (  294.97146     0.47210738E-07 ) :: heat equation
FlowSolve: 
FlowSolve: 
FlowSolve: -------------------------------------
FlowSolve:  NAVIER-STOKES ITERATION           1
FlowSolve: -------------------------------------
FlowSolve: 
FlowSolve: Starting Assembly...
FlowSolve: Assembly:
FlowSolve: Assembly done
FlowSolve: Dirichlet conditions done
      10 0.7329E-10 0.7329E-10
BiCGStabl:       10 0.7329E-10 0.7329E-10
ComputeChange: NS (ITER=1) (NRM,RELC): ( 0.27519242E-03 0.21145498E-03 ) :: navier-stokes
FlowSolve: iter:    1 Assembly: (s)    0.01    0.01
FlowSolve: iter:    1 Solve:    (s)    0.01    0.01
FlowSolve:  Result Norm     :    2.7519242356402256E-004
FlowSolve:  Relative Change :    2.1145498190867443E-004
ComputeChange: SS (ITER=32) (NRM,RELC): ( 0.27524479E-03 0.21176867E-04 ) :: navier-stokes
SolveEquations: -------------------------------------
SolveEquations:  Coupled system iteration:           33
SolveEquations: -------------------------------------
HeatSolver: ------------------------------------------------
HeatSolver: Solving energy equation for temperature
HeatSolver: Heat solver iteration: 1
IterSolver: "Linear System GCR Restart" not given, setting it to 200
   gcr:    10  0.1170E-07  0.1420E-07
ComputeChange: NS (ITER=1) (NRM,RELC): (  294.97133     0.44743067E-06 ) :: heat equation
ComputeChange: SS (ITER=33) (NRM,RELC): (  294.97145     0.44744185E-07 ) :: heat equation
FlowSolve: 
FlowSolve: 
FlowSolve: -------------------------------------
FlowSolve:  NAVIER-STOKES ITERATION           1
FlowSolve: -------------------------------------
FlowSolve: 
FlowSolve: Starting Assembly...
FlowSolve: Assembly:
FlowSolve: Assembly done
FlowSolve: Dirichlet conditions done
      10 0.7421E-10 0.7421E-10
BiCGStabl:       10 0.7421E-10 0.7421E-10
ComputeChange: NS (ITER=1) (NRM,RELC): ( 0.27517160E-03 0.26596512E-03 ) :: navier-stokes
FlowSolve: iter:    1 Assembly: (s)    0.01    0.01
FlowSolve: iter:    1 Solve:    (s)    0.01    0.01
FlowSolve:  Result Norm     :    2.7517159586097487E-004
FlowSolve:  Relative Change :    2.6596512280995611E-004
ComputeChange: SS (ITER=33) (NRM,RELC): ( 0.27523746E-03 0.26623181E-04 ) :: navier-stokes
SolveEquations: -------------------------------------
SolveEquations:  Coupled system iteration:           34
SolveEquations: -------------------------------------
HeatSolver: ------------------------------------------------
HeatSolver: Solving energy equation for temperature
HeatSolver: Heat solver iteration: 1
IterSolver: "Linear System GCR Restart" not given, setting it to 200
   gcr:    10  0.1117E-07  0.1345E-07
ComputeChange: NS (ITER=1) (NRM,RELC): (  294.97132     0.42283340E-06 ) :: heat equation
ComputeChange: SS (ITER=34) (NRM,RELC): (  294.97144     0.42284319E-07 ) :: heat equation
FlowSolve: 
FlowSolve: 
FlowSolve: -------------------------------------
FlowSolve:  NAVIER-STOKES ITERATION           1
FlowSolve: -------------------------------------
FlowSolve: 
FlowSolve: Starting Assembly...
FlowSolve: Assembly:
FlowSolve: Assembly done
FlowSolve: Dirichlet conditions done
      10 0.8456E-10 0.8456E-10
BiCGStabl:       10 0.8456E-10 0.8456E-10
ComputeChange: NS (ITER=1) (NRM,RELC): ( 0.27515085E-03 0.31475131E-03 ) :: navier-stokes
FlowSolve: iter:    1 Assembly: (s)    0.01    0.01
FlowSolve: iter:    1 Solve:    (s)    0.01    0.01
FlowSolve:  Result Norm     :    2.7515084612658546E-004
FlowSolve:  Relative Change :    3.1475131071702453E-004
ComputeChange: SS (ITER=34) (NRM,RELC): ( 0.27522879E-03 0.31498011E-04 ) :: navier-stokes
SolveEquations: -------------------------------------
SolveEquations:  Coupled system iteration:           35
SolveEquations: -------------------------------------
HeatSolver: ------------------------------------------------
HeatSolver: Solving energy equation for temperature
HeatSolver: Heat solver iteration: 1
IterSolver: "Linear System GCR Restart" not given, setting it to 200
   gcr:    10  0.1066E-07  0.1273E-07
ComputeChange: NS (ITER=1) (NRM,RELC): (  294.97132     0.39841835E-06 ) :: heat equation
ComputeChange: SS (ITER=35) (NRM,RELC): (  294.97142     0.39842692E-07 ) :: heat equation
FlowSolve: 
FlowSolve: 
FlowSolve: -------------------------------------
FlowSolve:  NAVIER-STOKES ITERATION           1
FlowSolve: -------------------------------------
FlowSolve: 
FlowSolve: Starting Assembly...
FlowSolve: Assembly:
FlowSolve: Assembly done
FlowSolve: Dirichlet conditions done
      10 0.5619E-10 0.5619E-10
BiCGStabl:       10 0.5619E-10 0.5619E-10
ComputeChange: NS (ITER=1) (NRM,RELC): ( 0.27513049E-03 0.35723294E-03 ) :: navier-stokes
FlowSolve: iter:    1 Assembly: (s)    0.01    0.01
FlowSolve: iter:    1 Solve:    (s)    0.01    0.01
FlowSolve:  Result Norm     :    2.7513049131858402E-004
FlowSolve:  Relative Change :    3.5723293993662254E-004
ComputeChange: SS (ITER=35) (NRM,RELC): ( 0.27521896E-03 0.35743123E-04 ) :: navier-stokes
SolveEquations: -------------------------------------
SolveEquations:  Coupled system iteration:           36
SolveEquations: -------------------------------------
HeatSolver: ------------------------------------------------
HeatSolver: Solving energy equation for temperature
HeatSolver: Heat solver iteration: 1
IterSolver: "Linear System GCR Restart" not given, setting it to 200
   gcr:    10  0.1016E-07  0.1205E-07
ComputeChange: NS (ITER=1) (NRM,RELC): (  294.97131     0.37429997E-06 ) :: heat equation
ComputeChange: SS (ITER=36) (NRM,RELC): (  294.97141     0.37430740E-07 ) :: heat equation
FlowSolve: 
FlowSolve: 
FlowSolve: -------------------------------------
FlowSolve:  NAVIER-STOKES ITERATION           1
FlowSolve: -------------------------------------
FlowSolve: 
FlowSolve: Starting Assembly...
FlowSolve: Assembly:
FlowSolve: Assembly done
FlowSolve: Dirichlet conditions done
      10 0.3859E-10 0.3859E-10
BiCGStabl:       10 0.3859E-10 0.3859E-10
ComputeChange: NS (ITER=1) (NRM,RELC): ( 0.27511081E-03 0.39303429E-03 ) :: navier-stokes
FlowSolve: iter:    1 Assembly: (s)    0.01    0.01
FlowSolve: iter:    1 Solve:    (s)    0.01    0.01
FlowSolve:  Result Norm     :    2.7511080795714185E-004
FlowSolve:  Relative Change :    3.9303428745551475E-004
ComputeChange: SS (ITER=36) (NRM,RELC): ( 0.27520814E-03 0.39320789E-04 ) :: navier-stokes
SolveEquations: -------------------------------------
SolveEquations:  Coupled system iteration:           37
SolveEquations: -------------------------------------
HeatSolver: ------------------------------------------------
HeatSolver: Solving energy equation for temperature
HeatSolver: Heat solver iteration: 1
IterSolver: "Linear System GCR Restart" not given, setting it to 200
   gcr:    10  0.9682E-08  0.1141E-07
ComputeChange: NS (ITER=1) (NRM,RELC): (  294.97131     0.33290241E-06 ) :: heat equation
ComputeChange: SS (ITER=37) (NRM,RELC): (  294.97140     0.33290883E-07 ) :: heat equation
FlowSolve: 
FlowSolve: 
FlowSolve: -------------------------------------
FlowSolve:  NAVIER-STOKES ITERATION           1
FlowSolve: -------------------------------------
FlowSolve: 
FlowSolve: Starting Assembly...
FlowSolve: Assembly:
FlowSolve: Assembly done
FlowSolve: Dirichlet conditions done
      10 0.2746E-10 0.2746E-10
BiCGStabl:       10 0.2746E-10 0.2746E-10
ComputeChange: NS (ITER=1) (NRM,RELC): ( 0.27509212E-03 0.42164704E-03 ) :: navier-stokes
FlowSolve: iter:    1 Assembly: (s)    0.01    0.01
FlowSolve: iter:    1 Solve:    (s)    0.01    0.01
FlowSolve:  Result Norm     :    2.7509211934114043E-004
FlowSolve:  Relative Change :    4.2164703627830884E-004
ComputeChange: SS (ITER=37) (NRM,RELC): ( 0.27519653E-03 0.42180049E-04 ) :: navier-stokes
SolveEquations: -------------------------------------
SolveEquations:  Coupled system iteration:           38
SolveEquations: -------------------------------------
HeatSolver: ------------------------------------------------
HeatSolver: Solving energy equation for temperature
HeatSolver: Heat solver iteration: 1
IterSolver: "Linear System GCR Restart" not given, setting it to 200
   gcr:    10  0.9223E-08  0.1081E-07
ComputeChange: NS (ITER=1) (NRM,RELC): (  294.97131     0.31175799E-06 ) :: heat equation
ComputeChange: SS (ITER=38) (NRM,RELC): (  294.97139     0.31176353E-07 ) :: heat equation
FlowSolve: 
FlowSolve: 
FlowSolve: -------------------------------------
FlowSolve:  NAVIER-STOKES ITERATION           1
FlowSolve: -------------------------------------
FlowSolve: 
FlowSolve: Starting Assembly...
FlowSolve: Assembly:
FlowSolve: Assembly done
FlowSolve: Dirichlet conditions done
BiCGStabl:       10 0.7902E-10 0.7902E-10
ComputeChange: NS (ITER=1) (NRM,RELC): ( 0.27507453E-03 0.44342254E-03 ) :: navier-stokes
FlowSolve: iter:    1 Assembly: (s)    0.01    0.01
FlowSolve: iter:    1 Solve:    (s)    0.01    0.01
FlowSolve:  Result Norm     :    2.7507452623428736E-004
FlowSolve:  Relative Change :    4.4342254232450205E-004
ComputeChange: SS (ITER=38) (NRM,RELC): ( 0.27518432E-03 0.44355921E-04 ) :: navier-stokes
SolveEquations: -------------------------------------
SolveEquations:  Coupled system iteration:           39
SolveEquations: -------------------------------------
HeatSolver: ------------------------------------------------
HeatSolver: Solving energy equation for temperature
HeatSolver: Heat solver iteration: 1
IterSolver: "Linear System GCR Restart" not given, setting it to 200
   gcr:    10  0.8774E-08  0.1024E-07
ComputeChange: NS (ITER=1) (NRM,RELC): (  294.97131     0.29112366E-06 ) :: heat equation
ComputeChange: SS (ITER=39) (NRM,RELC): (  294.97139     0.29112839E-07 ) :: heat equation
FlowSolve: 
FlowSolve: 
FlowSolve: -------------------------------------
FlowSolve:  NAVIER-STOKES ITERATION           1
FlowSolve: -------------------------------------
FlowSolve: 
FlowSolve: Starting Assembly...
FlowSolve: Assembly:
FlowSolve: Assembly done
FlowSolve: Dirichlet conditions done
BiCGStabl:       10 0.7803E-10 0.7803E-10
ComputeChange: NS (ITER=1) (NRM,RELC): ( 0.27505819E-03 0.45847248E-03 ) :: navier-stokes
FlowSolve: iter:    1 Assembly: (s)    0.01    0.01
FlowSolve: iter:    1 Solve:    (s)    0.01    0.01
FlowSolve:  Result Norm     :    2.7505818568103853E-004
FlowSolve:  Relative Change :    4.5847248027796949E-004
ComputeChange: SS (ITER=39) (NRM,RELC): ( 0.27517170E-03 0.45859483E-04 ) :: navier-stokes
SolveEquations: -------------------------------------
SolveEquations:  Coupled system iteration:           40
SolveEquations: -------------------------------------
HeatSolver: ------------------------------------------------
HeatSolver: Solving energy equation for temperature
HeatSolver: Heat solver iteration: 1
IterSolver: "Linear System GCR Restart" not given, setting it to 200
   gcr:    10  0.8332E-08  0.9704E-08
ComputeChange: NS (ITER=1) (NRM,RELC): (  294.97131     0.27108135E-06 ) :: heat equation
ComputeChange: SS (ITER=40) (NRM,RELC): (  294.97138     0.27108540E-07 ) :: heat equation
FlowSolve: 
FlowSolve: 
FlowSolve: -------------------------------------
FlowSolve:  NAVIER-STOKES ITERATION           1
FlowSolve: -------------------------------------
FlowSolve: 
FlowSolve: Starting Assembly...
FlowSolve: Assembly:
FlowSolve: Assembly done
FlowSolve: Dirichlet conditions done
BiCGStabl:       10 0.7686E-10 0.7686E-10
ComputeChange: NS (ITER=1) (NRM,RELC): ( 0.27504322E-03 0.46703090E-03 ) :: navier-stokes
FlowSolve: iter:    1 Assembly: (s)    0.01    0.01
FlowSolve: iter:    1 Solve:    (s)    0.01    0.01
FlowSolve:  Result Norm     :    2.7504321799763339E-004
FlowSolve:  Relative Change :    4.6703090362121838E-004
ComputeChange: SS (ITER=40) (NRM,RELC): ( 0.27515885E-03 0.46714073E-04 ) :: navier-stokes
SolveEquations: -------------------------------------
SolveEquations:  Coupled system iteration:           41
SolveEquations: -------------------------------------
HeatSolver: ------------------------------------------------
HeatSolver: Solving energy equation for temperature
HeatSolver: Heat solver iteration: 1
IterSolver: "Linear System GCR Restart" not given, setting it to 200
   gcr:    10  0.7897E-08  0.9189E-08
ComputeChange: NS (ITER=1) (NRM,RELC): (  294.97130     0.25170298E-06 ) :: heat equation
ComputeChange: SS (ITER=41) (NRM,RELC): (  294.97137     0.25170642E-07 ) :: heat equation
FlowSolve: 
FlowSolve: 
FlowSolve: -------------------------------------
FlowSolve:  NAVIER-STOKES ITERATION           1
FlowSolve: -------------------------------------
FlowSolve: 
FlowSolve: Starting Assembly...
FlowSolve: Assembly:
FlowSolve: Assembly done
FlowSolve: Dirichlet conditions done
BiCGStabl:       10 0.6719E-10 0.6719E-10
ComputeChange: NS (ITER=1) (NRM,RELC): ( 0.27502971E-03 0.46943380E-03 ) :: navier-stokes
FlowSolve: iter:    1 Assembly: (s)    0.01    0.01
FlowSolve: iter:    1 Solve:    (s)    0.01    0.01
FlowSolve:  Result Norm     :    2.7502970904069480E-004
FlowSolve:  Relative Change :    4.6943379781412190E-004
ComputeChange: SS (ITER=41) (NRM,RELC): ( 0.27514593E-03 0.46953240E-04 ) :: navier-stokes
SolveEquations: -------------------------------------
SolveEquations:  Coupled system iteration:           42
SolveEquations: -------------------------------------
HeatSolver: ------------------------------------------------
HeatSolver: Solving energy equation for temperature
HeatSolver: Heat solver iteration: 1
IterSolver: "Linear System GCR Restart" not given, setting it to 200
   gcr:    10  0.7468E-08  0.8694E-08
ComputeChange: NS (ITER=1) (NRM,RELC): (  294.97130     0.23304968E-06 ) :: heat equation
ComputeChange: SS (ITER=42) (NRM,RELC): (  294.97136     0.23305259E-07 ) :: heat equation
FlowSolve: 
FlowSolve: 
FlowSolve: -------------------------------------
FlowSolve:  NAVIER-STOKES ITERATION           1
FlowSolve: -------------------------------------
FlowSolve: 
FlowSolve: Starting Assembly...
FlowSolve: Assembly:
FlowSolve: Assembly done
FlowSolve: Dirichlet conditions done
BiCGStabl:       10 0.5730E-10 0.5730E-10
ComputeChange: NS (ITER=1) (NRM,RELC): ( 0.27501771E-03 0.46609961E-03 ) :: navier-stokes
FlowSolve: iter:    1 Assembly: (s)    0.01    0.01
FlowSolve: iter:    1 Solve:    (s)    0.01    0.01
FlowSolve:  Result Norm     :    2.7501771276735215E-004
FlowSolve:  Relative Change :    4.6609960974388736E-004
ComputeChange: SS (ITER=42) (NRM,RELC): ( 0.27513310E-03 0.46618794E-04 ) :: navier-stokes
SolveEquations: -------------------------------------
SolveEquations:  Coupled system iteration:           43
SolveEquations: -------------------------------------
HeatSolver: ------------------------------------------------
HeatSolver: Solving energy equation for temperature
HeatSolver: Heat solver iteration: 1
IterSolver: "Linear System GCR Restart" not given, setting it to 200
   gcr:    10  0.7048E-08  0.8212E-08
ComputeChange: NS (ITER=1) (NRM,RELC): (  294.97130     0.21517150E-06 ) :: heat equation
ComputeChange: SS (ITER=43) (NRM,RELC): (  294.97136     0.21517396E-07 ) :: heat equation
FlowSolve: 
FlowSolve: 
FlowSolve: -------------------------------------
FlowSolve:  NAVIER-STOKES ITERATION           1
FlowSolve: -------------------------------------
FlowSolve: 
FlowSolve: Starting Assembly...
FlowSolve: Assembly:
FlowSolve: Assembly done
FlowSolve: Dirichlet conditions done
BiCGStabl:       10 0.5111E-10 0.5111E-10
ComputeChange: NS (ITER=1) (NRM,RELC): ( 0.27500725E-03 0.45751093E-03 ) :: navier-stokes
FlowSolve: iter:    1 Assembly: (s)    0.01    0.01
FlowSolve: iter:    1 Solve:    (s)    0.01    0.01
FlowSolve:  Result Norm     :    2.7500725401104122E-004
FlowSolve:  Relative Change :    4.5751093136342253E-004
ComputeChange: SS (ITER=43) (NRM,RELC): ( 0.27512051E-03 0.45758973E-04 ) :: navier-stokes
SolveEquations: -------------------------------------
SolveEquations:  Coupled system iteration:           44
SolveEquations: -------------------------------------
HeatSolver: ------------------------------------------------
HeatSolver: Solving energy equation for temperature
HeatSolver: Heat solver iteration: 1
IterSolver: "Linear System GCR Restart" not given, setting it to 200
   gcr:    10  0.6637E-08  0.7741E-08
ComputeChange: NS (ITER=1) (NRM,RELC): (  294.97130     0.19810747E-06 ) :: heat equation
ComputeChange: SS (ITER=44) (NRM,RELC): (  294.97135     0.19810955E-07 ) :: heat equation
FlowSolve: 
FlowSolve: 
FlowSolve: -------------------------------------
FlowSolve:  NAVIER-STOKES ITERATION           1
FlowSolve: -------------------------------------
FlowSolve: 
FlowSolve: Starting Assembly...
FlowSolve: Assembly:
FlowSolve: Assembly done
FlowSolve: Dirichlet conditions done
BiCGStabl:       10 0.5457E-10 0.5457E-10
ComputeChange: NS (ITER=1) (NRM,RELC): ( 0.27499833E-03 0.44419759E-03 ) :: navier-stokes
FlowSolve: iter:    1 Assembly: (s)    0.01    0.01
FlowSolve: iter:    1 Solve:    (s)    0.01    0.01
FlowSolve:  Result Norm     :    2.7499833137185496E-004
FlowSolve:  Relative Change :    4.4419759012346324E-004
ComputeChange: SS (ITER=44) (NRM,RELC): ( 0.27510829E-03 0.44426749E-04 ) :: navier-stokes
SolveEquations: -------------------------------------
SolveEquations:  Coupled system iteration:           45
SolveEquations: -------------------------------------
HeatSolver: ------------------------------------------------
HeatSolver: Solving energy equation for temperature
HeatSolver: Heat solver iteration: 1
IterSolver: "Linear System GCR Restart" not given, setting it to 200
ComputeChange: NS (ITER=1) (NRM,RELC): (  294.97130     0.17178312E-06 ) :: heat equation
ComputeChange: SS (ITER=45) (NRM,RELC): (  294.97135     0.17178488E-07 ) :: heat equation
FlowSolve: 
FlowSolve: 
FlowSolve: -------------------------------------
FlowSolve:  NAVIER-STOKES ITERATION           1
FlowSolve: -------------------------------------
FlowSolve: 
FlowSolve: Starting Assembly...
FlowSolve: Assembly:
FlowSolve: Assembly done
FlowSolve: Dirichlet conditions done
BiCGStabl:       10 0.7371E-10 0.7371E-10
ComputeChange: NS (ITER=1) (NRM,RELC): ( 0.27499099E-03 0.42645780E-03 ) :: navier-stokes
FlowSolve: iter:    1 Assembly: (s)    0.01    0.01
FlowSolve: iter:    1 Solve:    (s)    0.01    0.01
FlowSolve:  Result Norm     :    2.7499099259991130E-004
FlowSolve:  Relative Change :    4.2645780319379900E-004
ComputeChange: SS (ITER=45) (NRM,RELC): ( 0.27509656E-03 0.42651938E-04 ) :: navier-stokes
SolveEquations: -------------------------------------
SolveEquations:  Coupled system iteration:           46
SolveEquations: -------------------------------------
HeatSolver: ------------------------------------------------
HeatSolver: Solving energy equation for temperature
HeatSolver: Heat solver iteration: 1
IterSolver: "Linear System GCR Restart" not given, setting it to 200
ComputeChange: NS (ITER=1) (NRM,RELC): (  294.97130     0.15792884E-06 ) :: heat equation
ComputeChange: SS (ITER=46) (NRM,RELC): (  294.97134     0.15793031E-07 ) :: heat equation
FlowSolve: 
FlowSolve: 
FlowSolve: -------------------------------------
FlowSolve:  NAVIER-STOKES ITERATION           1
FlowSolve: -------------------------------------
FlowSolve: 
FlowSolve: Starting Assembly...
FlowSolve: Assembly:
FlowSolve: Assembly done
FlowSolve: Dirichlet conditions done
      10 0.2283E-10 0.2283E-10
BiCGStabl:       10 0.2283E-10 0.2283E-10
ComputeChange: NS (ITER=1) (NRM,RELC): ( 0.27498511E-03 0.40518882E-03 ) :: navier-stokes
FlowSolve: iter:    1 Assembly: (s)    0.01    0.01
FlowSolve: iter:    1 Solve:    (s)    0.01    0.01
FlowSolve:  Result Norm     :    2.7498511254279366E-004
FlowSolve:  Relative Change :    4.0518882048191506E-004
ComputeChange: SS (ITER=46) (NRM,RELC): ( 0.27508541E-03 0.40524267E-04 ) :: navier-stokes
SolveEquations: -------------------------------------
SolveEquations:  Coupled system iteration:           47
SolveEquations: -------------------------------------
HeatSolver: ------------------------------------------------
HeatSolver: Solving energy equation for temperature
HeatSolver: Heat solver iteration: 1
IterSolver: "Linear System GCR Restart" not given, setting it to 200
ComputeChange: NS (ITER=1) (NRM,RELC): (  294.97130     0.14481788E-06 ) :: heat equation
ComputeChange: SS (ITER=47) (NRM,RELC): (  294.97134     0.14481912E-07 ) :: heat equation
FlowSolve: 
FlowSolve: 
FlowSolve: -------------------------------------
FlowSolve:  NAVIER-STOKES ITERATION           1
FlowSolve: -------------------------------------
FlowSolve: 
FlowSolve: Starting Assembly...
FlowSolve: Assembly:
FlowSolve: Assembly done
FlowSolve: Dirichlet conditions done
      10 0.3478E-10 0.3478E-10
BiCGStabl:       10 0.3478E-10 0.3478E-10
ComputeChange: NS (ITER=1) (NRM,RELC): ( 0.27498063E-03 0.38097348E-03 ) :: navier-stokes
FlowSolve: iter:    1 Assembly: (s)    0.01    0.01
FlowSolve: iter:    1 Solve:    (s)    0.01    0.01
FlowSolve:  Result Norm     :    2.7498062786825736E-004
FlowSolve:  Relative Change :    3.8097347759917744E-004
ComputeChange: SS (ITER=47) (NRM,RELC): ( 0.27507493E-03 0.38102021E-04 ) :: navier-stokes
SolveEquations: -------------------------------------
SolveEquations:  Coupled system iteration:           48
SolveEquations: -------------------------------------
HeatSolver: ------------------------------------------------
HeatSolver: Solving energy equation for temperature
HeatSolver: Heat solver iteration: 1
IterSolver: "Linear System GCR Restart" not given, setting it to 200
ComputeChange: NS (ITER=1) (NRM,RELC): (  294.97130     0.13245138E-06 ) :: heat equation
ComputeChange: SS (ITER=48) (NRM,RELC): (  294.97133     0.13245244E-07 ) :: heat equation
FlowSolve: 
FlowSolve: 
FlowSolve: -------------------------------------
FlowSolve:  NAVIER-STOKES ITERATION           1
FlowSolve: -------------------------------------
FlowSolve: 
FlowSolve: Starting Assembly...
FlowSolve: Assembly:
FlowSolve: Assembly done
FlowSolve: Dirichlet conditions done
BiCGStabl:       10 0.7637E-10 0.7637E-10
ComputeChange: NS (ITER=1) (NRM,RELC): ( 0.27497746E-03 0.35438788E-03 ) :: navier-stokes
FlowSolve: iter:    1 Assembly: (s)    0.01    0.01
FlowSolve: iter:    1 Solve:    (s)    0.01    0.01
FlowSolve:  Result Norm     :    2.7497746109415817E-004
FlowSolve:  Relative Change :    3.5438787703783397E-004
ComputeChange: SS (ITER=48) (NRM,RELC): ( 0.27506518E-03 0.35442815E-04 ) :: navier-stokes
SolveEquations: -------------------------------------
SolveEquations:  Coupled system iteration:           49
SolveEquations: -------------------------------------
HeatSolver: ------------------------------------------------
HeatSolver: Solving energy equation for temperature
HeatSolver: Heat solver iteration: 1
IterSolver: "Linear System GCR Restart" not given, setting it to 200
ComputeChange: NS (ITER=1) (NRM,RELC): (  294.97130     0.12082473E-06 ) :: heat equation
ComputeChange: SS (ITER=49) (NRM,RELC): (  294.97133     0.12082562E-07 ) :: heat equation
FlowSolve: 
FlowSolve: 
FlowSolve: -------------------------------------
FlowSolve:  NAVIER-STOKES ITERATION           1
FlowSolve: -------------------------------------
FlowSolve: 
FlowSolve: Starting Assembly...
FlowSolve: Assembly:
FlowSolve: Assembly done
FlowSolve: Dirichlet conditions done
      10 0.2900E-10 0.2900E-10
BiCGStabl:       10 0.2900E-10 0.2900E-10
ComputeChange: NS (ITER=1) (NRM,RELC): ( 0.27497552E-03 0.32599244E-03 ) :: navier-stokes
FlowSolve: iter:    1 Assembly: (s)    0.01    0.01
FlowSolve: iter:    1 Solve:    (s)    0.01    0.01
FlowSolve:  Result Norm     :    2.7497552323111252E-004
FlowSolve:  Relative Change :    3.2599244046650809E-004
ComputeChange: SS (ITER=49) (NRM,RELC): ( 0.27505621E-03 0.32602692E-04 ) :: navier-stokes
SolveEquations: -------------------------------------
SolveEquations:  Coupled system iteration:           50
SolveEquations: -------------------------------------
HeatSolver: ------------------------------------------------
HeatSolver: Solving energy equation for temperature
HeatSolver: Heat solver iteration: 1
IterSolver: "Linear System GCR Restart" not given, setting it to 200
ComputeChange: NS (ITER=1) (NRM,RELC): (  294.97130     0.10992952E-06 ) :: heat equation
ComputeChange: SS (ITER=50) (NRM,RELC): (  294.97133     0.10993028E-07 ) :: heat equation
FlowSolve: 
FlowSolve: 
FlowSolve: -------------------------------------
FlowSolve:  NAVIER-STOKES ITERATION           1
FlowSolve: -------------------------------------
FlowSolve: 
FlowSolve: Starting Assembly...
FlowSolve: Assembly:
FlowSolve: Assembly done
FlowSolve: Dirichlet conditions done
      10 0.1617E-10 0.1617E-10
BiCGStabl:       10 0.1617E-10 0.1617E-10
ComputeChange: NS (ITER=1) (NRM,RELC): ( 0.27497472E-03 0.29632319E-03 ) :: navier-stokes
FlowSolve: iter:    1 Assembly: (s)    0.01    0.01
FlowSolve: iter:    1 Solve:    (s)    0.01    0.01
FlowSolve:  Result Norm     :    2.7497471660670766E-004
FlowSolve:  Relative Change :    2.9632319387119571E-004
ComputeChange: SS (ITER=50) (NRM,RELC): ( 0.27504806E-03 0.29635259E-04 ) :: navier-stokes
SolveEquations: -------------------------------------
SolveEquations:  Coupled system iteration:           51
SolveEquations: -------------------------------------
HeatSolver: ------------------------------------------------
HeatSolver: Solving energy equation for temperature
HeatSolver: Heat solver iteration: 1
IterSolver: "Linear System GCR Restart" not given, setting it to 200
ComputeChange: NS (ITER=1) (NRM,RELC): (  294.97130     0.99754597E-07 ) :: heat equation
ComputeChange: SS (ITER=51) (NRM,RELC): (  294.97132     0.99755245E-08 ) :: heat equation
FlowSolve: 
FlowSolve: 
FlowSolve: -------------------------------------
FlowSolve:  NAVIER-STOKES ITERATION           1
FlowSolve: -------------------------------------
FlowSolve: 
FlowSolve: Starting Assembly...
FlowSolve: Assembly:
FlowSolve: Assembly done
FlowSolve: Dirichlet conditions done
      10 0.2744E-10 0.2744E-10
BiCGStabl:       10 0.2744E-10 0.2744E-10
ComputeChange: NS (ITER=1) (NRM,RELC): ( 0.27497494E-03 0.26588628E-03 ) :: navier-stokes
FlowSolve: iter:    1 Assembly: (s)    0.01    0.01
FlowSolve: iter:    1 Solve:    (s)    0.01    0.01
FlowSolve:  Result Norm     :    2.7497493704284619E-004
FlowSolve:  Relative Change :    2.6588627586723277E-004
ComputeChange: SS (ITER=51) (NRM,RELC): ( 0.27504075E-03 0.26591129E-04 ) :: navier-stokes
SolveEquations: -------------------------------------
SolveEquations:  Coupled system iteration:           52
SolveEquations: -------------------------------------
HeatSolver: ------------------------------------------------
HeatSolver: Solving energy equation for temperature
HeatSolver: Heat solver iteration: 1
IterSolver: "Linear System GCR Restart" not given, setting it to 200
ComputeChange: NS (ITER=1) (NRM,RELC): (  294.97130     0.86108599E-07 ) :: heat equation
ComputeChange: SS (ITER=52) (NRM,RELC): (  294.97132     0.86109144E-08 ) :: heat equation
FlowSolve: 
FlowSolve: 
FlowSolve: -------------------------------------
FlowSolve:  NAVIER-STOKES ITERATION           1
FlowSolve: -------------------------------------
FlowSolve: 
FlowSolve: Starting Assembly...
FlowSolve: Assembly:
FlowSolve: Assembly done
FlowSolve: Dirichlet conditions done
      10 0.1224E-10 0.1224E-10
BiCGStabl:       10 0.1224E-10 0.1224E-10
ComputeChange: NS (ITER=1) (NRM,RELC): ( 0.27497601E-03 0.23538797E-03 ) :: navier-stokes
FlowSolve: iter:    1 Assembly: (s)    0.01    0.01
FlowSolve: iter:    1 Solve:    (s)    0.01    0.01
FlowSolve:  Result Norm     :    2.7497601142104414E-004
FlowSolve:  Relative Change :    2.3538796867161830E-004
ComputeChange: SS (ITER=52) (NRM,RELC): ( 0.27503427E-03 0.23540927E-04 ) :: navier-stokes
SolveEquations: -------------------------------------
SolveEquations:  Coupled system iteration:           53
SolveEquations: -------------------------------------
HeatSolver: ------------------------------------------------
HeatSolver: Solving energy equation for temperature
HeatSolver: Heat solver iteration: 1
IterSolver: "Linear System GCR Restart" not given, setting it to 200
ComputeChange: NS (ITER=1) (NRM,RELC): (  294.97130     0.78083490E-07 ) :: heat equation
ComputeChange: SS (ITER=53) (NRM,RELC): (  294.97132     0.78083966E-08 ) :: heat equation
FlowSolve: 
FlowSolve: 
FlowSolve: -------------------------------------
FlowSolve:  NAVIER-STOKES ITERATION           1
FlowSolve: -------------------------------------
FlowSolve: 
FlowSolve: Starting Assembly...
FlowSolve: Assembly:
FlowSolve: Assembly done
FlowSolve: Dirichlet conditions done
BiCGStabl:       10 0.3272E-10 0.3272E-10
ComputeChange: NS (ITER=1) (NRM,RELC): ( 0.27497790E-03 0.20497998E-03 ) :: navier-stokes
FlowSolve: iter:    1 Assembly: (s)    0.01    0.01
FlowSolve: iter:    1 Solve:    (s)    0.01    0.01
FlowSolve:  Result Norm     :    2.7497789970417702E-004
FlowSolve:  Relative Change :    2.0497998224573206E-004
ComputeChange: SS (ITER=53) (NRM,RELC): ( 0.27502863E-03 0.20499823E-04 ) :: navier-stokes
SolveEquations: -------------------------------------
SolveEquations:  Coupled system iteration:           54
SolveEquations: -------------------------------------
HeatSolver: ------------------------------------------------
HeatSolver: Solving energy equation for temperature
HeatSolver: Heat solver iteration: 1
IterSolver: "Linear System GCR Restart" not given, setting it to 200
ComputeChange: NS (ITER=1) (NRM,RELC): (  294.97130     0.70652851E-07 ) :: heat equation
ComputeChange: SS (ITER=54) (NRM,RELC): (  294.97132     0.70653271E-08 ) :: heat equation
FlowSolve: 
FlowSolve: 
FlowSolve: -------------------------------------
FlowSolve:  NAVIER-STOKES ITERATION           1
FlowSolve: -------------------------------------
FlowSolve: 
FlowSolve: Starting Assembly...
FlowSolve: Assembly:
FlowSolve: Assembly done
FlowSolve: Dirichlet conditions done
BiCGStabl:       10 0.7801E-10 0.7801E-10
ComputeChange: NS (ITER=1) (NRM,RELC): ( 0.27498049E-03 0.17505611E-03 ) :: navier-stokes
FlowSolve: iter:    1 Assembly: (s)    0.01    0.01
FlowSolve: iter:    1 Solve:    (s)    0.01    0.01
FlowSolve:  Result Norm     :    2.7498049112073894E-004
FlowSolve:  Relative Change :    1.7505611315790233E-004
ComputeChange: SS (ITER=54) (NRM,RELC): ( 0.27502382E-03 0.17507193E-04 ) :: navier-stokes
SolveEquations: -------------------------------------
SolveEquations:  Coupled system iteration:           55
SolveEquations: -------------------------------------
HeatSolver: ------------------------------------------------
HeatSolver: Solving energy equation for temperature
HeatSolver: Heat solver iteration: 1
IterSolver: "Linear System GCR Restart" not given, setting it to 200
ComputeChange: NS (ITER=1) (NRM,RELC): (  294.97130     0.63789771E-07 ) :: heat equation
ComputeChange: SS (ITER=55) (NRM,RELC): (  294.97131     0.63790126E-08 ) :: heat equation
FlowSolve: 
FlowSolve: 
FlowSolve: -------------------------------------
FlowSolve:  NAVIER-STOKES ITERATION           1
FlowSolve: -------------------------------------
FlowSolve: 
FlowSolve: Starting Assembly...
FlowSolve: Assembly:
FlowSolve: Assembly done
FlowSolve: Dirichlet conditions done
      10 0.2584E-10 0.2584E-10
BiCGStabl:       10 0.2584E-10 0.2584E-10
ComputeChange: NS (ITER=1) (NRM,RELC): ( 0.27498368E-03 0.14596491E-03 ) :: navier-stokes
FlowSolve: iter:    1 Assembly: (s)    0.01    0.01
FlowSolve: iter:    1 Solve:    (s)    0.01    0.01
FlowSolve:  Result Norm     :    2.7498367651520043E-004
FlowSolve:  Relative Change :    1.4596491348992249E-004
ComputeChange: SS (ITER=55) (NRM,RELC): ( 0.27501980E-03 0.14597884E-04 ) :: navier-stokes
SolveEquations: -------------------------------------
SolveEquations:  Coupled system iteration:           56
SolveEquations: -------------------------------------
HeatSolver: ------------------------------------------------
HeatSolver: Solving energy equation for temperature
HeatSolver: Heat solver iteration: 1
IterSolver: "Linear System GCR Restart" not given, setting it to 200
ComputeChange: NS (ITER=1) (NRM,RELC): (  294.97130     0.57466979E-07 ) :: heat equation
ComputeChange: SS (ITER=56) (NRM,RELC): (  294.97131     0.57467281E-08 ) :: heat equation
FlowSolve: 
FlowSolve: 
FlowSolve: -------------------------------------
FlowSolve:  NAVIER-STOKES ITERATION           1
FlowSolve: -------------------------------------
FlowSolve: 
FlowSolve: Starting Assembly...
FlowSolve: Assembly:
FlowSolve: Assembly done
FlowSolve: Dirichlet conditions done
BiCGStabl:       10 0.6321E-10 0.6321E-10
ComputeChange: NS (ITER=1) (NRM,RELC): ( 0.27498735E-03 0.11800780E-03 ) :: navier-stokes
FlowSolve: iter:    1 Assembly: (s)    0.01    0.01
FlowSolve: iter:    1 Solve:    (s)    0.00    0.00
FlowSolve:  Result Norm     :    2.7498735011000943E-004
FlowSolve:  Relative Change :    1.1800779978104467E-004
ComputeChange: SS (ITER=56) (NRM,RELC): ( 0.27501656E-03 0.11802031E-04 ) :: navier-stokes
SolveEquations: -------------------------------------
SolveEquations:  Coupled system iteration:           57
SolveEquations: -------------------------------------
HeatSolver: ------------------------------------------------
HeatSolver: Solving energy equation for temperature
HeatSolver: Heat solver iteration: 1
IterSolver: "Linear System GCR Restart" not given, setting it to 200
ComputeChange: NS (ITER=1) (NRM,RELC): (  294.97130     0.50257244E-07 ) :: heat equation
ComputeChange: SS (ITER=57) (NRM,RELC): (  294.97131     0.50257516E-08 ) :: heat equation
FlowSolve: 
FlowSolve: 
FlowSolve: -------------------------------------
FlowSolve:  NAVIER-STOKES ITERATION           1
FlowSolve: -------------------------------------
FlowSolve: 
FlowSolve: Starting Assembly...
FlowSolve: Assembly:
FlowSolve: Assembly done
FlowSolve: Dirichlet conditions done
BiCGStabl:        9 0.3504E-10 0.3504E-10
ComputeChange: NS (ITER=1) (NRM,RELC): ( 0.27499114E-03 0.92426148E-04 ) :: navier-stokes
FlowSolve: iter:    1 Assembly: (s)    0.01    0.01
FlowSolve: iter:    1 Solve:    (s)    0.00    0.00
FlowSolve:  Result Norm     :    2.7499113935764514E-004
FlowSolve:  Relative Change :    9.2426147856997830E-005
ComputeChange: SS (ITER=57) (NRM,RELC): ( 0.27501401E-03 0.92437621E-05 ) :: navier-stokes
SolveEquations: -------------------------------------
SolveEquations:  Coupled system iteration:           58
SolveEquations: -------------------------------------
HeatSolver: ------------------------------------------------
HeatSolver: Solving energy equation for temperature
HeatSolver: Heat solver iteration: 1
IterSolver: "Linear System GCR Restart" not given, setting it to 200
ComputeChange: NS (ITER=1) (NRM,RELC): (  294.97130     0.45074666E-07 ) :: heat equation
ComputeChange: SS (ITER=58) (NRM,RELC): (  294.97131     0.45074898E-08 ) :: heat equation
FlowSolve: 
FlowSolve: 
FlowSolve: -------------------------------------
FlowSolve:  NAVIER-STOKES ITERATION           1
FlowSolve: -------------------------------------
FlowSolve: 
FlowSolve: Starting Assembly...
FlowSolve: Assembly:
FlowSolve: Assembly done
FlowSolve: Dirichlet conditions done
      10 0.1757E-10 0.1757E-10
BiCGStabl:       10 0.1757E-10 0.1757E-10
ComputeChange: NS (ITER=1) (NRM,RELC): ( 0.27499527E-03 0.68169806E-04 ) :: navier-stokes
FlowSolve: iter:    1 Assembly: (s)    0.01    0.01
FlowSolve: iter:    1 Solve:    (s)    0.01    0.01
FlowSolve:  Result Norm     :    2.7499526771508745E-004
FlowSolve:  Relative Change :    6.8169805899059892E-005
ComputeChange: SS (ITER=58) (NRM,RELC): ( 0.27501214E-03 0.68180583E-05 ) :: navier-stokes
SolveEquations: -------------------------------------
SolveEquations:  Coupled system iteration:           59
SolveEquations: -------------------------------------
HeatSolver: ------------------------------------------------
HeatSolver: Solving energy equation for temperature
HeatSolver: Heat solver iteration: 1
IterSolver: "Linear System GCR Restart" not given, setting it to 200
ComputeChange: NS (ITER=1) (NRM,RELC): (  294.97130     0.40355238E-07 ) :: heat equation
ComputeChange: SS (ITER=59) (NRM,RELC): (  294.97131     0.40355436E-08 ) :: heat equation
FlowSolve: 
FlowSolve: 
FlowSolve: -------------------------------------
FlowSolve:  NAVIER-STOKES ITERATION           1
FlowSolve: -------------------------------------
FlowSolve: 
FlowSolve: Starting Assembly...
FlowSolve: Assembly:
FlowSolve: Assembly done
FlowSolve: Dirichlet conditions done
      10 0.6163E-10 0.6163E-10
BiCGStabl:       10 0.6163E-10 0.6163E-10
ComputeChange: NS (ITER=1) (NRM,RELC): ( 0.27499964E-03 0.45436941E-04 ) :: navier-stokes
FlowSolve: iter:    1 Assembly: (s)    0.01    0.01
FlowSolve: iter:    1 Solve:    (s)    0.01    0.01
FlowSolve:  Result Norm     :    2.7499964424647279E-004
FlowSolve:  Relative Change :    4.5436940758708913E-005
ComputeChange: SS (ITER=59) (NRM,RELC): ( 0.27501089E-03 0.45447282E-05 ) :: navier-stokes
SolveEquations: -------------------------------------
SolveEquations:  Coupled system iteration:           60
SolveEquations: -------------------------------------
HeatSolver: ------------------------------------------------
HeatSolver: Solving energy equation for temperature
HeatSolver: Heat solver iteration: 1
IterSolver: "Linear System GCR Restart" not given, setting it to 200
ComputeChange: NS (ITER=1) (NRM,RELC): (  294.97130     0.36089465E-07 ) :: heat equation
ComputeChange: SS (ITER=60) (NRM,RELC): (  294.97131     0.36089637E-08 ) :: heat equation
FlowSolve: 
FlowSolve: 
FlowSolve: -------------------------------------
FlowSolve:  NAVIER-STOKES ITERATION           1
FlowSolve: -------------------------------------
FlowSolve: 
FlowSolve: Starting Assembly...
FlowSolve: Assembly:
FlowSolve: Assembly done
FlowSolve: Dirichlet conditions done
      10 0.8840E-10 0.8840E-10
BiCGStabl:       10 0.8840E-10 0.8840E-10
ComputeChange: NS (ITER=1) (NRM,RELC): ( 0.27500418E-03 0.24384689E-04 ) :: navier-stokes
FlowSolve: iter:    1 Assembly: (s)    0.01    0.01
FlowSolve: iter:    1 Solve:    (s)    0.01    0.01
FlowSolve:  Result Norm     :    2.7500418384711876E-004
FlowSolve:  Relative Change :    2.4384688785165560E-005
ComputeChange: SS (ITER=60) (NRM,RELC): ( 0.27501022E-03 0.24394777E-05 ) :: navier-stokes
SolveEquations: -------------------------------------
SolveEquations:  Coupled system iteration:           61
SolveEquations: -------------------------------------
HeatSolver: ------------------------------------------------
HeatSolver: Solving energy equation for temperature
HeatSolver: Heat solver iteration: 1
IterSolver: "Linear System GCR Restart" not given, setting it to 200
ComputeChange: NS (ITER=1) (NRM,RELC): (  294.97130     0.32263628E-07 ) :: heat equation
ComputeChange: SS (ITER=61) (NRM,RELC): (  294.97131     0.32263778E-08 ) :: heat equation
FlowSolve: 
FlowSolve: 
FlowSolve: -------------------------------------
FlowSolve:  NAVIER-STOKES ITERATION           1
FlowSolve: -------------------------------------
FlowSolve: 
FlowSolve: Starting Assembly...
FlowSolve: Assembly:
FlowSolve: Assembly done
FlowSolve: Dirichlet conditions done
      10 0.7059E-10 0.7059E-10
BiCGStabl:       10 0.7059E-10 0.7059E-10
ComputeChange: NS (ITER=1) (NRM,RELC): ( 0.27500881E-03 0.51303954E-05 ) :: navier-stokes
FlowSolve: iter:    1 Assembly: (s)    0.01    0.01
FlowSolve: iter:    1 Solve:    (s)    0.01    0.01
FlowSolve:  Result Norm     :    2.7500880803064319E-004
FlowSolve:  Relative Change :    5.1303954425347686E-006
ComputeChange: SS (ITER=61) (NRM,RELC): ( 0.27501008E-03 0.51403492E-06 ) :: navier-stokes
SolveEquations: -------------------------------------
SolveEquations:  Coupled system iteration:           62
SolveEquations: -------------------------------------
HeatSolver: ------------------------------------------------
HeatSolver: Solving energy equation for temperature
HeatSolver: Heat solver iteration: 1
IterSolver: "Linear System GCR Restart" not given, setting it to 200
ComputeChange: NS (ITER=1) (NRM,RELC): (  294.97130     0.28858760E-07 ) :: heat equation
ComputeChange: SS (ITER=62) (NRM,RELC): (  294.97131     0.28858893E-08 ) :: heat equation
FlowSolve: 
FlowSolve: 
FlowSolve: -------------------------------------
FlowSolve:  NAVIER-STOKES ITERATION           1
FlowSolve: -------------------------------------
FlowSolve: 
FlowSolve: Starting Assembly...
FlowSolve: Assembly:
FlowSolve: Assembly done
FlowSolve: Dirichlet conditions done
BiCGStabl:       10 0.8990E-10 0.8990E-10
ComputeChange: NS (ITER=1) (NRM,RELC): ( 0.27501345E-03 0.12246392E-04 ) :: navier-stokes
FlowSolve: iter:    1 Assembly: (s)    0.01    0.01
FlowSolve: iter:    1 Solve:    (s)    0.01    0.01
FlowSolve:  Result Norm     :    2.7501344547523293E-004
FlowSolve:  Relative Change :    1.2246392070087060E-005
ComputeChange: SS (ITER=62) (NRM,RELC): ( 0.27501041E-03 0.12236512E-05 ) :: navier-stokes
SolveEquations: -------------------------------------
SolveEquations:  Coupled system iteration:           63
SolveEquations: -------------------------------------
HeatSolver: ------------------------------------------------
HeatSolver: Solving energy equation for temperature
HeatSolver: Heat solver iteration: 1
IterSolver: "Linear System GCR Restart" not given, setting it to 200
ComputeChange: NS (ITER=1) (NRM,RELC): (  294.97130     0.22349010E-07 ) :: heat equation
ComputeChange: SS (ITER=63) (NRM,RELC): (  294.97130     0.22349118E-08 ) :: heat equation
FlowSolve: 
FlowSolve: 
FlowSolve: -------------------------------------
FlowSolve:  NAVIER-STOKES ITERATION           1
FlowSolve: -------------------------------------
FlowSolve: 
FlowSolve: Starting Assembly...
FlowSolve: Assembly:
FlowSolve: Assembly done
FlowSolve: Dirichlet conditions done
      10 0.7072E-10 0.7072E-10
BiCGStabl:       10 0.7072E-10 0.7072E-10
ComputeChange: NS (ITER=1) (NRM,RELC): ( 0.27501772E-03 0.26554525E-04 ) :: navier-stokes
FlowSolve: iter:    1 Assembly: (s)    0.01    0.01
FlowSolve: iter:    1 Solve:    (s)    0.01    0.01
FlowSolve:  Result Norm     :    2.7501771695800681E-004
FlowSolve:  Relative Change :    2.6554525480124112E-005
ComputeChange: SS (ITER=63) (NRM,RELC): ( 0.27501114E-03 0.26544678E-05 ) :: navier-stokes
SolveEquations: -------------------------------------
SolveEquations:  Coupled system iteration:           64
SolveEquations: -------------------------------------
HeatSolver: ------------------------------------------------
HeatSolver: Solving energy equation for temperature
HeatSolver: Heat solver iteration: 1
IterSolver: "Linear System GCR Restart" not given, setting it to 200
ComputeChange: NS (ITER=1) (NRM,RELC): (  294.97130     0.20039342E-07 ) :: heat equation
ComputeChange: SS (ITER=64) (NRM,RELC): (  294.97130     0.20039436E-08 ) :: heat equation
FlowSolve: 
FlowSolve: 
FlowSolve: -------------------------------------
FlowSolve:  NAVIER-STOKES ITERATION           1
FlowSolve: -------------------------------------
FlowSolve: 
FlowSolve: Starting Assembly...
FlowSolve: Assembly:
FlowSolve: Assembly done
FlowSolve: Dirichlet conditions done
      10 0.5945E-10 0.5945E-10
BiCGStabl:       10 0.5945E-10 0.5945E-10
ComputeChange: NS (ITER=1) (NRM,RELC): ( 0.27502192E-03 0.39193854E-04 ) :: navier-stokes
FlowSolve: iter:    1 Assembly: (s)    0.01    0.01
FlowSolve: iter:    1 Solve:    (s)    0.01    0.01
FlowSolve:  Result Norm     :    2.7502192305512932E-004
FlowSolve:  Relative Change :    3.9193854086525593E-005
ComputeChange: SS (ITER=64) (NRM,RELC): ( 0.27501222E-03 0.39184062E-05 ) :: navier-stokes
SolveEquations: -------------------------------------
SolveEquations:  Coupled system iteration:           65
SolveEquations: -------------------------------------
HeatSolver: ------------------------------------------------
HeatSolver: Solving energy equation for temperature
HeatSolver: Heat solver iteration: 1
IterSolver: "Linear System GCR Restart" not given, setting it to 200
ComputeChange: NS (ITER=1) (NRM,RELC): (  294.97130     0.18063453E-07 ) :: heat equation
ComputeChange: SS (ITER=65) (NRM,RELC): (  294.97130     0.18063518E-08 ) :: heat equation
FlowSolve: 
FlowSolve: 
FlowSolve: -------------------------------------
FlowSolve:  NAVIER-STOKES ITERATION           1
FlowSolve: -------------------------------------
FlowSolve: 
FlowSolve: Starting Assembly...
FlowSolve: Assembly:
FlowSolve: Assembly done
FlowSolve: Dirichlet conditions done
BiCGStabl:       10 0.9910E-10 0.9910E-10
ComputeChange: NS (ITER=1) (NRM,RELC): ( 0.27502601E-03 0.50139611E-04 ) :: navier-stokes
FlowSolve: iter:    1 Assembly: (s)    0.01    0.01
FlowSolve: iter:    1 Solve:    (s)    0.01    0.01
FlowSolve:  Result Norm     :    2.7502601105621898E-004
FlowSolve:  Relative Change :    5.0139610962445067E-005
ComputeChange: SS (ITER=65) (NRM,RELC): ( 0.27501360E-03 0.50129925E-05 ) :: navier-stokes
SolveEquations: -------------------------------------
SolveEquations:  Coupled system iteration:           66
SolveEquations: -------------------------------------
HeatSolver: ------------------------------------------------
HeatSolver: Solving energy equation for temperature
HeatSolver: Heat solver iteration: 1
IterSolver: "Linear System GCR Restart" not given, setting it to 200
ComputeChange: NS (ITER=1) (NRM,RELC): (  294.97130     0.16384660E-07 ) :: heat equation
ComputeChange: SS (ITER=66) (NRM,RELC): (  294.97130     0.16384738E-08 ) :: heat equation
FlowSolve: 
FlowSolve: 
FlowSolve: -------------------------------------
FlowSolve:  NAVIER-STOKES ITERATION           1
FlowSolve: -------------------------------------
FlowSolve: 
FlowSolve: Starting Assembly...
FlowSolve: Assembly:
FlowSolve: Assembly done
FlowSolve: Dirichlet conditions done
BiCGStabl:       10 0.8935E-10 0.8935E-10
ComputeChange: NS (ITER=1) (NRM,RELC): ( 0.27502994E-03 0.59397294E-04 ) :: navier-stokes
FlowSolve: iter:    1 Assembly: (s)    0.01    0.01
FlowSolve: iter:    1 Solve:    (s)    0.01    0.01
FlowSolve:  Result Norm     :    2.7502993589134054E-004
FlowSolve:  Relative Change :    5.9397294490776743E-005
ComputeChange: SS (ITER=66) (NRM,RELC): ( 0.27501523E-03 0.59387785E-05 ) :: navier-stokes
SolveEquations: -------------------------------------
SolveEquations:  Coupled system iteration:           67
SolveEquations: -------------------------------------
HeatSolver: ------------------------------------------------
HeatSolver: Solving energy equation for temperature
HeatSolver: Heat solver iteration: 1
IterSolver: "Linear System GCR Restart" not given, setting it to 200
ComputeChange: NS (ITER=1) (NRM,RELC): (  294.97130     0.14966546E-07 ) :: heat equation
ComputeChange: SS (ITER=67) (NRM,RELC): (  294.97130     0.14966605E-08 ) :: heat equation
FlowSolve: 
FlowSolve: 
FlowSolve: -------------------------------------
FlowSolve:  NAVIER-STOKES ITERATION           1
FlowSolve: -------------------------------------
FlowSolve: 
FlowSolve: Starting Assembly...
FlowSolve: Assembly:
FlowSolve: Assembly done
FlowSolve: Dirichlet conditions done
BiCGStabl:       10 0.8491E-10 0.8491E-10
ComputeChange: NS (ITER=1) (NRM,RELC): ( 0.27503366E-03 0.66998193E-04 ) :: navier-stokes
FlowSolve: iter:    1 Assembly: (s)    0.01    0.01
FlowSolve: iter:    1 Solve:    (s)    0.01    0.01
FlowSolve:  Result Norm     :    2.7503365973315460E-004
FlowSolve:  Relative Change :    6.6998193405072581E-005
ComputeChange: SS (ITER=67) (NRM,RELC): ( 0.27501708E-03 0.66988937E-05 ) :: navier-stokes
SolveEquations: -------------------------------------
SolveEquations:  Coupled system iteration:           68
SolveEquations: -------------------------------------
HeatSolver: ------------------------------------------------
HeatSolver: Solving energy equation for temperature
HeatSolver: Heat solver iteration: 1
IterSolver: "Linear System GCR Restart" not given, setting it to 200
ComputeChange: NS (ITER=1) (NRM,RELC): (  294.97130     0.13773659E-07 ) :: heat equation
ComputeChange: SS (ITER=68) (NRM,RELC): (  294.97130     0.13773708E-08 ) :: heat equation
FlowSolve: 
FlowSolve: 
FlowSolve: -------------------------------------
FlowSolve:  NAVIER-STOKES ITERATION           1
FlowSolve: -------------------------------------
FlowSolve: 
FlowSolve: Starting Assembly...
FlowSolve: Assembly:
FlowSolve: Assembly done
FlowSolve: Dirichlet conditions done
BiCGStabl:       10 0.8400E-10 0.8400E-10
ComputeChange: NS (ITER=1) (NRM,RELC): ( 0.27503715E-03 0.72996138E-04 ) :: navier-stokes
FlowSolve: iter:    1 Assembly: (s)    0.01    0.01
FlowSolve: iter:    1 Solve:    (s)    0.01    0.01
FlowSolve:  Result Norm     :    2.7503715181328883E-004
FlowSolve:  Relative Change :    7.2996138198835531E-005
ComputeChange: SS (ITER=68) (NRM,RELC): ( 0.27501908E-03 0.72987215E-05 ) :: navier-stokes
SolveEquations: -------------------------------------
SolveEquations:  Coupled system iteration:           69
SolveEquations: -------------------------------------
HeatSolver: ------------------------------------------------
HeatSolver: Solving energy equation for temperature
HeatSolver: Heat solver iteration: 1
IterSolver: "Linear System GCR Restart" not given, setting it to 200
ComputeChange: NS (ITER=1) (NRM,RELC): (  294.97130     0.12772226E-07 ) :: heat equation
ComputeChange: SS (ITER=69) (NRM,RELC): (  294.97130     0.12772263E-08 ) :: heat equation
FlowSolve: 
FlowSolve: 
FlowSolve: -------------------------------------
FlowSolve:  NAVIER-STOKES ITERATION           1
FlowSolve: -------------------------------------
FlowSolve: 
FlowSolve: Starting Assembly...
FlowSolve: Assembly:
FlowSolve: Assembly done
FlowSolve: Dirichlet conditions done
BiCGStabl:       10 0.8429E-10 0.8429E-10
ComputeChange: NS (ITER=1) (NRM,RELC): ( 0.27504039E-03 0.77463569E-04 ) :: navier-stokes
FlowSolve: iter:    1 Assembly: (s)    0.01    0.01
FlowSolve: iter:    1 Solve:    (s)    0.01    0.01
FlowSolve:  Result Norm     :    2.7504038796121122E-004
FlowSolve:  Relative Change :    7.7463568501685886E-005
ComputeChange: SS (ITER=69) (NRM,RELC): ( 0.27502121E-03 0.77455054E-05 ) :: navier-stokes
SolveEquations: -------------------------------------
SolveEquations:  Coupled system iteration:           70
SolveEquations: -------------------------------------
HeatSolver: ------------------------------------------------
HeatSolver: Solving energy equation for temperature
HeatSolver: Heat solver iteration: 1
IterSolver: "Linear System GCR Restart" not given, setting it to 200
ComputeChange: NS (ITER=1) (NRM,RELC): (  294.97130     0.11931082E-07 ) :: heat equation
ComputeChange: SS (ITER=70) (NRM,RELC): (  294.97130     0.11931122E-08 ) :: heat equation
FlowSolve: 
FlowSolve: 
FlowSolve: -------------------------------------
FlowSolve:  NAVIER-STOKES ITERATION           1
FlowSolve: -------------------------------------
FlowSolve: 
FlowSolve: Starting Assembly...
FlowSolve: Assembly:
FlowSolve: Assembly done
FlowSolve: Dirichlet conditions done
BiCGStabl:       10 0.8418E-10 0.8418E-10
ComputeChange: NS (ITER=1) (NRM,RELC): ( 0.27504335E-03 0.80488001E-04 ) :: navier-stokes
FlowSolve: iter:    1 Assembly: (s)    0.01    0.01
FlowSolve: iter:    1 Solve:    (s)    0.01    0.01
FlowSolve:  Result Norm     :    2.7504335014497247E-004
FlowSolve:  Relative Change :    8.0488000692019148E-005
ComputeChange: SS (ITER=70) (NRM,RELC): ( 0.27502343E-03 0.80479961E-05 ) :: navier-stokes
SolveEquations: -------------------------------------
SolveEquations:  Coupled system iteration:           71
SolveEquations: -------------------------------------
HeatSolver: ------------------------------------------------
HeatSolver: Solving energy equation for temperature
HeatSolver: Heat solver iteration: 1
IterSolver: "Linear System GCR Restart" not given, setting it to 200
ComputeChange: NS (ITER=1) (NRM,RELC): (  294.97130     0.11222904E-07 ) :: heat equation
ComputeChange: SS (ITER=71) (NRM,RELC): (  294.97130     0.11222942E-08 ) :: heat equation
FlowSolve: 
FlowSolve: 
FlowSolve: -------------------------------------
FlowSolve:  NAVIER-STOKES ITERATION           1
FlowSolve: -------------------------------------
FlowSolve: 
FlowSolve: Starting Assembly...
FlowSolve: Assembly:
FlowSolve: Assembly done
FlowSolve: Dirichlet conditions done
BiCGStabl:       10 0.8255E-10 0.8255E-10
ComputeChange: NS (ITER=1) (NRM,RELC): ( 0.27504603E-03 0.82169279E-04 ) :: navier-stokes
FlowSolve: iter:    1 Assembly: (s)    0.01    0.01
FlowSolve: iter:    1 Solve:    (s)    0.01    0.01
FlowSolve:  Result Norm     :    2.7504602613015623E-004
FlowSolve:  Relative Change :    8.2169278761974338E-005
ComputeChange: SS (ITER=71) (NRM,RELC): ( 0.27502569E-03 0.82161769E-05 ) :: navier-stokes
SolveEquations: -------------------------------------
SolveEquations:  Coupled system iteration:           72
SolveEquations: -------------------------------------
HeatSolver: ------------------------------------------------
HeatSolver: Solving energy equation for temperature
HeatSolver: Heat solver iteration: 1
IterSolver: "Linear System GCR Restart" not given, setting it to 200
ComputeChange: NS (ITER=1) (NRM,RELC): (  294.97130     0.10625433E-07 ) :: heat equation
ComputeChange: SS (ITER=72) (NRM,RELC): (  294.97130     0.10625458E-08 ) :: heat equation
FlowSolve: 
FlowSolve: 
FlowSolve: -------------------------------------
FlowSolve:  NAVIER-STOKES ITERATION           1
FlowSolve: -------------------------------------
FlowSolve: 
FlowSolve: Starting Assembly...
FlowSolve: Assembly:
FlowSolve: Assembly done
FlowSolve: Dirichlet conditions done
BiCGStabl:       10 0.7660E-10 0.7660E-10
ComputeChange: NS (ITER=1) (NRM,RELC): ( 0.27504841E-03 0.82618072E-04 ) :: navier-stokes
FlowSolve: iter:    1 Assembly: (s)    0.01    0.01
FlowSolve: iter:    1 Solve:    (s)    0.01    0.01
FlowSolve:  Result Norm     :    2.7504840940614198E-004
FlowSolve:  Relative Change :    8.2618072196282482E-005
ComputeChange: SS (ITER=72) (NRM,RELC): ( 0.27502796E-03 0.82611133E-05 ) :: navier-stokes
SolveEquations: -------------------------------------
SolveEquations:  Coupled system iteration:           73
SolveEquations: -------------------------------------
HeatSolver: ------------------------------------------------
HeatSolver: Solving energy equation for temperature
HeatSolver: Heat solver iteration: 1
IterSolver: "Linear System GCR Restart" not given, setting it to 200
ComputeChange: NS (ITER=1) (NRM,RELC): (  294.97130     0.10121963E-07 ) :: heat equation
ComputeChange: SS (ITER=73) (NRM,RELC): (  294.97130     0.10121986E-08 ) :: heat equation
FlowSolve: 
FlowSolve: 
FlowSolve: -------------------------------------
FlowSolve:  NAVIER-STOKES ITERATION           1
FlowSolve: -------------------------------------
FlowSolve: 
FlowSolve: Starting Assembly...
FlowSolve: Assembly:
FlowSolve: Assembly done
FlowSolve: Dirichlet conditions done
BiCGStabl:       10 0.7435E-10 0.7435E-10
ComputeChange: NS (ITER=1) (NRM,RELC): ( 0.27505050E-03 0.81955522E-04 ) :: navier-stokes
FlowSolve: iter:    1 Assembly: (s)    0.01    0.01
FlowSolve: iter:    1 Solve:    (s)    0.01    0.01
FlowSolve:  Result Norm     :    2.7505049938673627E-004
FlowSolve:  Relative Change :    8.1955521800397985E-005
ComputeChange: SS (ITER=73) (NRM,RELC): ( 0.27503021E-03 0.81949180E-05 ) :: navier-stokes
SolveEquations: -------------------------------------
SolveEquations:  Coupled system iteration:           74
SolveEquations: -------------------------------------
HeatSolver: ------------------------------------------------
HeatSolver: Solving energy equation for temperature
HeatSolver: Heat solver iteration: 1
IterSolver: "Linear System GCR Restart" not given, setting it to 200
ComputeChange: NS (ITER=1) (NRM,RELC): (  294.97130     0.97002642E-08 ) :: heat equation
ComputeChange: SS (ITER=74) (NRM,RELC): (  294.97130     0.97002943E-09 ) :: heat equation
FlowSolve: 
FlowSolve: 
FlowSolve: -------------------------------------
FlowSolve:  NAVIER-STOKES ITERATION           1
FlowSolve: -------------------------------------
FlowSolve: 
FlowSolve: Starting Assembly...
FlowSolve: Assembly:
FlowSolve: Assembly done
FlowSolve: Dirichlet conditions done
BiCGStabl:       10 0.7990E-10 0.7990E-10
ComputeChange: NS (ITER=1) (NRM,RELC): ( 0.27505230E-03 0.80312936E-04 ) :: navier-stokes
FlowSolve: iter:    1 Assembly: (s)    0.01    0.01
FlowSolve: iter:    1 Solve:    (s)    0.01    0.01
FlowSolve:  Result Norm     :    2.7505230161494279E-004
FlowSolve:  Relative Change :    8.0312936175329545E-005
ComputeChange: SS (ITER=74) (NRM,RELC): ( 0.27503242E-03 0.80307204E-05 ) :: navier-stokes
SolveEquations: -------------------------------------
SolveEquations:  Coupled system iteration:           75
SolveEquations: -------------------------------------
HeatSolver: ------------------------------------------------
HeatSolver: Solving energy equation for temperature
HeatSolver: Heat solver iteration: 1
IterSolver: "Linear System GCR Restart" not given, setting it to 200
ComputeChange: NS (ITER=1) (NRM,RELC): (  294.97130     0.93499073E-08 ) :: heat equation
ComputeChange: SS (ITER=75) (NRM,RELC): (  294.97130     0.93499255E-09 ) :: heat equation
FlowSolve: 
FlowSolve: 
FlowSolve: -------------------------------------
FlowSolve:  NAVIER-STOKES ITERATION           1
FlowSolve: -------------------------------------
FlowSolve: 
FlowSolve: Starting Assembly...
FlowSolve: Assembly:
FlowSolve: Assembly done
FlowSolve: Dirichlet conditions done
BiCGStabl:       10 0.9185E-10 0.9185E-10
ComputeChange: NS (ITER=1) (NRM,RELC): ( 0.27505383E-03 0.77829631E-04 ) :: navier-stokes
FlowSolve: iter:    1 Assembly: (s)    0.01    0.01
FlowSolve: iter:    1 Solve:    (s)    0.01    0.01
FlowSolve:  Result Norm     :    2.7505382744838448E-004
FlowSolve:  Relative Change :    7.7829630607755362E-005
ComputeChange: SS (ITER=75) (NRM,RELC): ( 0.27503456E-03 0.77824505E-05 ) :: navier-stokes
SolveEquations: -------------------------------------
SolveEquations:  Coupled system iteration:           76
SolveEquations: -------------------------------------
HeatSolver: ------------------------------------------------
HeatSolver: Solving energy equation for temperature
HeatSolver: Heat solver iteration: 1
IterSolver: "Linear System GCR Restart" not given, setting it to 200
ComputeChange: NS (ITER=1) (NRM,RELC): (  294.97130     0.90594396E-08 ) :: heat equation
ComputeChange: SS (ITER=76) (NRM,RELC): (  294.97130     0.90594640E-09 ) :: heat equation
FlowSolve: 
FlowSolve: 
FlowSolve: -------------------------------------
FlowSolve:  NAVIER-STOKES ITERATION           1
FlowSolve: -------------------------------------
FlowSolve: 
FlowSolve: Starting Assembly...
FlowSolve: Assembly:
FlowSolve: Assembly done
FlowSolve: Dirichlet conditions done
      10 0.2877E-10 0.2877E-10
BiCGStabl:       10 0.2877E-10 0.2877E-10
ComputeChange: NS (ITER=1) (NRM,RELC): ( 0.27505509E-03 0.74647574E-04 ) :: navier-stokes
FlowSolve: iter:    1 Assembly: (s)    0.01    0.01
FlowSolve: iter:    1 Solve:    (s)    0.01    0.01
FlowSolve:  Result Norm     :    2.7505509280732488E-004
FlowSolve:  Relative Change :    7.4647574297230084E-005
ComputeChange: SS (ITER=76) (NRM,RELC): ( 0.27503661E-03 0.74643041E-05 ) :: navier-stokes
SolveEquations: -------------------------------------
SolveEquations:  Coupled system iteration:           77
SolveEquations: -------------------------------------
HeatSolver: ------------------------------------------------
HeatSolver: Solving energy equation for temperature
HeatSolver: Heat solver iteration: 1
IterSolver: "Linear System GCR Restart" not given, setting it to 200
ComputeChange: NS (ITER=1) (NRM,RELC): (  294.97130     0.88154017E-08 ) :: heat equation
ComputeChange: SS (ITER=77) (NRM,RELC): (  294.97130     0.88154144E-09 ) :: heat equation
FlowSolve: 
FlowSolve: 
FlowSolve: -------------------------------------
FlowSolve:  NAVIER-STOKES ITERATION           1
FlowSolve: -------------------------------------
FlowSolve: 
FlowSolve: Starting Assembly...
FlowSolve: Assembly:
FlowSolve: Assembly done
FlowSolve: Dirichlet conditions done
      10 0.2660E-10 0.2660E-10
BiCGStabl:       10 0.2660E-10 0.2660E-10
ComputeChange: NS (ITER=1) (NRM,RELC): ( 0.27505612E-03 0.70903680E-04 ) :: navier-stokes
FlowSolve: iter:    1 Assembly: (s)    0.01    0.01
FlowSolve: iter:    1 Solve:    (s)    0.01    0.01
FlowSolve:  Result Norm     :    2.7505611612679723E-004
FlowSolve:  Relative Change :    7.0903679636392610E-005
ComputeChange: SS (ITER=77) (NRM,RELC): ( 0.27503856E-03 0.70899714E-05 ) :: navier-stokes
SolveEquations: -------------------------------------
SolveEquations:  Coupled system iteration:           78
SolveEquations: -------------------------------------
HeatSolver: ------------------------------------------------
HeatSolver: Solving energy equation for temperature
HeatSolver: Heat solver iteration: 1
IterSolver: "Linear System GCR Restart" not given, setting it to 200
ComputeChange: NS (ITER=1) (NRM,RELC): (  294.97130     0.86037924E-08 ) :: heat equation
ComputeChange: SS (ITER=78) (NRM,RELC): (  294.97130     0.86038072E-09 ) :: heat equation
FlowSolve: 
FlowSolve: 
FlowSolve: -------------------------------------
FlowSolve:  NAVIER-STOKES ITERATION           1
FlowSolve: -------------------------------------
FlowSolve: 
FlowSolve: Starting Assembly...
FlowSolve: Assembly:
FlowSolve: Assembly done
FlowSolve: Dirichlet conditions done
      10 0.3130E-10 0.3130E-10
BiCGStabl:       10 0.3130E-10 0.3130E-10
ComputeChange: NS (ITER=1) (NRM,RELC): ( 0.27505692E-03 0.66723102E-04 ) :: navier-stokes
FlowSolve: iter:    1 Assembly: (s)    0.01    0.01
FlowSolve: iter:    1 Solve:    (s)    0.01    0.01
FlowSolve:  Result Norm     :    2.7505691637442472E-004
FlowSolve:  Relative Change :    6.6723101662808480E-005
ComputeChange: SS (ITER=78) (NRM,RELC): ( 0.27504040E-03 0.66719671E-05 ) :: navier-stokes
SolveEquations: -------------------------------------
SolveEquations:  Coupled system iteration:           79
SolveEquations: -------------------------------------
HeatSolver: ------------------------------------------------
HeatSolver: Solving energy equation for temperature
HeatSolver: Heat solver iteration: 1
IterSolver: "Linear System GCR Restart" not given, setting it to 200
ComputeChange: NS (ITER=1) (NRM,RELC): (  294.97130     0.84124068E-08 ) :: heat equation
ComputeChange: SS (ITER=79) (NRM,RELC): (  294.97130     0.84124189E-09 ) :: heat equation
FlowSolve: 
FlowSolve: 
FlowSolve: -------------------------------------
FlowSolve:  NAVIER-STOKES ITERATION           1
FlowSolve: -------------------------------------
FlowSolve: 
FlowSolve: Starting Assembly...
FlowSolve: Assembly:
FlowSolve: Assembly done
FlowSolve: Dirichlet conditions done
      10 0.3265E-10 0.3265E-10
BiCGStabl:       10 0.3265E-10 0.3265E-10
ComputeChange: NS (ITER=1) (NRM,RELC): ( 0.27505751E-03 0.62215694E-04 ) :: navier-stokes
FlowSolve: iter:    1 Assembly: (s)    0.01    0.01
FlowSolve: iter:    1 Solve:    (s)    0.01    0.01
FlowSolve:  Result Norm     :    2.7505751175209284E-004
FlowSolve:  Relative Change :    6.2215693923797492E-005
ComputeChange: SS (ITER=79) (NRM,RELC): ( 0.27504211E-03 0.62212759E-05 ) :: navier-stokes
SolveEquations: -------------------------------------
SolveEquations:  Coupled system iteration:           80
SolveEquations: -------------------------------------
HeatSolver: ------------------------------------------------
HeatSolver: Solving energy equation for temperature
HeatSolver: Heat solver iteration: 1
IterSolver: "Linear System GCR Restart" not given, setting it to 200
ComputeChange: NS (ITER=1) (NRM,RELC): (  294.97130     0.82322677E-08 ) :: heat equation
ComputeChange: SS (ITER=80) (NRM,RELC): (  294.97130     0.82322849E-09 ) :: heat equation
FlowSolve: 
FlowSolve: 
FlowSolve: -------------------------------------
FlowSolve:  NAVIER-STOKES ITERATION           1
FlowSolve: -------------------------------------
FlowSolve: 
FlowSolve: Starting Assembly...
FlowSolve: Assembly:
FlowSolve: Assembly done
FlowSolve: Dirichlet conditions done
BiCGStabl:       10 0.8467E-10 0.8467E-10
ComputeChange: NS (ITER=1) (NRM,RELC): ( 0.27505792E-03 0.57476241E-04 ) :: navier-stokes
FlowSolve: iter:    1 Assembly: (s)    0.01    0.01
FlowSolve: iter:    1 Solve:    (s)    0.01    0.01
FlowSolve:  Result Norm     :    2.7505791933889840E-004
FlowSolve:  Relative Change :    5.7476240876367534E-005
ComputeChange: SS (ITER=80) (NRM,RELC): ( 0.27504369E-03 0.57473758E-05 ) :: navier-stokes
SolveEquations: -------------------------------------
SolveEquations:  Coupled system iteration:           81
SolveEquations: -------------------------------------
HeatSolver: ------------------------------------------------
HeatSolver: Solving energy equation for temperature
HeatSolver: Heat solver iteration: 1
IterSolver: "Linear System GCR Restart" not given, setting it to 200
ComputeChange: NS (ITER=1) (NRM,RELC): (  294.97130     0.80575634E-08 ) :: heat equation
ComputeChange: SS (ITER=81) (NRM,RELC): (  294.97130     0.80575755E-09 ) :: heat equation
FlowSolve: 
FlowSolve: 
FlowSolve: -------------------------------------
FlowSolve:  NAVIER-STOKES ITERATION           1
FlowSolve: -------------------------------------
FlowSolve: 
FlowSolve: Starting Assembly...
FlowSolve: Assembly:
FlowSolve: Assembly done
FlowSolve: Dirichlet conditions done
BiCGStabl:       10 0.9057E-10 0.9057E-10
ComputeChange: NS (ITER=1) (NRM,RELC): ( 0.27505816E-03 0.52586631E-04 ) :: navier-stokes
FlowSolve: iter:    1 Assembly: (s)    0.01    0.01
FlowSolve: iter:    1 Solve:    (s)    0.01    0.01
FlowSolve:  Result Norm     :    2.7505815527420328E-004
FlowSolve:  Relative Change :    5.2586630594297524E-005
ComputeChange: SS (ITER=81) (NRM,RELC): ( 0.27504514E-03 0.52584555E-05 ) :: navier-stokes
SolveEquations: -------------------------------------
SolveEquations:  Coupled system iteration:           82
SolveEquations: -------------------------------------
HeatSolver: ------------------------------------------------
HeatSolver: Solving energy equation for temperature
HeatSolver: Heat solver iteration: 1
IterSolver: "Linear System GCR Restart" not given, setting it to 200
ComputeChange: NS (ITER=1) (NRM,RELC): (  294.97130     0.59922081E-08 ) :: heat equation
ComputeChange: SS (ITER=82) (NRM,RELC): (  294.97130     0.59922223E-09 ) :: heat equation
FlowSolve: 
FlowSolve: 
FlowSolve: -------------------------------------
FlowSolve:  NAVIER-STOKES ITERATION           1
FlowSolve: -------------------------------------
FlowSolve: 
FlowSolve: Starting Assembly...
FlowSolve: Assembly:
FlowSolve: Assembly done
FlowSolve: Dirichlet conditions done
BiCGStabl:        9 0.8989E-10 0.8989E-10
ComputeChange: NS (ITER=1) (NRM,RELC): ( 0.27505785E-03 0.46232325E-04 ) :: navier-stokes
FlowSolve: iter:    1 Assembly: (s)    0.01    0.01
FlowSolve: iter:    1 Solve:    (s)    0.00    0.00
FlowSolve:  Result Norm     :    2.7505785385192210E-004
FlowSolve:  Relative Change :    4.6232325248257635E-005
ComputeChange: SS (ITER=82) (NRM,RELC): ( 0.27504641E-03 0.46230600E-05 ) :: navier-stokes
SolveEquations: -------------------------------------
SolveEquations:  Coupled system iteration:           83
SolveEquations: -------------------------------------
HeatSolver: ------------------------------------------------
HeatSolver: Solving energy equation for temperature
HeatSolver: Heat solver iteration: 1
IterSolver: "Linear System GCR Restart" not given, setting it to 200
ComputeChange: NS (ITER=1) (NRM,RELC): (  294.97130     0.60279245E-08 ) :: heat equation
ComputeChange: SS (ITER=83) (NRM,RELC): (  294.97130     0.60279293E-09 ) :: heat equation
FlowSolve: 
FlowSolve: 
FlowSolve: -------------------------------------
FlowSolve:  NAVIER-STOKES ITERATION           1
FlowSolve: -------------------------------------
FlowSolve: 
FlowSolve: Starting Assembly...
FlowSolve: Assembly:
FlowSolve: Assembly done
FlowSolve: Dirichlet conditions done
BiCGStabl:        9 0.7816E-10 0.7816E-10
ComputeChange: NS (ITER=1) (NRM,RELC): ( 0.27505745E-03 0.40155280E-04 ) :: navier-stokes
FlowSolve: iter:    1 Assembly: (s)    0.01    0.01
FlowSolve: iter:    1 Solve:    (s)    0.00    0.00
FlowSolve:  Result Norm     :    2.7505745392204648E-004
FlowSolve:  Relative Change :    4.0155279589257261E-005
ComputeChange: SS (ITER=83) (NRM,RELC): ( 0.27504751E-03 0.40153864E-05 ) :: navier-stokes
SolveEquations: -------------------------------------
SolveEquations:  Coupled system iteration:           84
SolveEquations: -------------------------------------
HeatSolver: ------------------------------------------------
HeatSolver: Solving energy equation for temperature
HeatSolver: Heat solver iteration: 1
IterSolver: "Linear System GCR Restart" not given, setting it to 200
ComputeChange: NS (ITER=1) (NRM,RELC): (  294.97130     0.60225733E-08 ) :: heat equation
ComputeChange: SS (ITER=84) (NRM,RELC): (  294.97130     0.60225893E-09 ) :: heat equation
FlowSolve: 
FlowSolve: 
FlowSolve: -------------------------------------
FlowSolve:  NAVIER-STOKES ITERATION           1
FlowSolve: -------------------------------------
FlowSolve: 
FlowSolve: Starting Assembly...
FlowSolve: Assembly:
FlowSolve: Assembly done
FlowSolve: Dirichlet conditions done
BiCGStabl:        9 0.6193E-10 0.6193E-10
ComputeChange: NS (ITER=1) (NRM,RELC): ( 0.27505697E-03 0.34383431E-04 ) :: navier-stokes
FlowSolve: iter:    1 Assembly: (s)    0.01    0.01
FlowSolve: iter:    1 Solve:    (s)    0.00    0.00
FlowSolve:  Result Norm     :    2.7505697079435883E-004
FlowSolve:  Relative Change :    3.4383430638423927E-005
ComputeChange: SS (ITER=84) (NRM,RELC): ( 0.27504846E-03 0.34382284E-05 ) :: navier-stokes
SolveEquations: -------------------------------------
SolveEquations:  Coupled system iteration:           85
SolveEquations: -------------------------------------
HeatSolver: ------------------------------------------------
HeatSolver: Solving energy equation for temperature
HeatSolver: Heat solver iteration: 1
IterSolver: "Linear System GCR Restart" not given, setting it to 200
ComputeChange: NS (ITER=1) (NRM,RELC): (  294.97130     0.59841712E-08 ) :: heat equation
ComputeChange: SS (ITER=85) (NRM,RELC): (  294.97130     0.59841787E-09 ) :: heat equation
FlowSolve: 
FlowSolve: 
FlowSolve: -------------------------------------
FlowSolve:  NAVIER-STOKES ITERATION           1
FlowSolve: -------------------------------------
FlowSolve: 
FlowSolve: Starting Assembly...
FlowSolve: Assembly:
FlowSolve: Assembly done
FlowSolve: Dirichlet conditions done
BiCGStabl:        9 0.7552E-10 0.7552E-10
ComputeChange: NS (ITER=1) (NRM,RELC): ( 0.27505642E-03 0.28937936E-04 ) :: navier-stokes
FlowSolve: iter:    1 Assembly: (s)    0.01    0.01
FlowSolve: iter:    1 Solve:    (s)    0.00    0.00
FlowSolve:  Result Norm     :    2.7505641868224944E-004
FlowSolve:  Relative Change :    2.8937935702949335E-005
ComputeChange: SS (ITER=85) (NRM,RELC): ( 0.27504926E-03 0.28937018E-05 ) :: navier-stokes
SolveEquations: -------------------------------------
SolveEquations:  Coupled system iteration:           86
SolveEquations: -------------------------------------
HeatSolver: ------------------------------------------------
HeatSolver: Solving energy equation for temperature
HeatSolver: Heat solver iteration: 1
IterSolver: "Linear System GCR Restart" not given, setting it to 200
ComputeChange: NS (ITER=1) (NRM,RELC): (  294.97130     0.59193463E-08 ) :: heat equation
ComputeChange: SS (ITER=86) (NRM,RELC): (  294.97130     0.59193516E-09 ) :: heat equation
FlowSolve: 
FlowSolve: 
FlowSolve: -------------------------------------
FlowSolve:  NAVIER-STOKES ITERATION           1
FlowSolve: -------------------------------------
FlowSolve: 
FlowSolve: Starting Assembly...
FlowSolve: Assembly:
FlowSolve: Assembly done
FlowSolve: Dirichlet conditions done
BiCGStabl:        9 0.5583E-10 0.5583E-10
ComputeChange: NS (ITER=1) (NRM,RELC): ( 0.27505581E-03 0.23835076E-04 ) :: navier-stokes
FlowSolve: iter:    1 Assembly: (s)    0.01    0.01
FlowSolve: iter:    1 Solve:    (s)    0.00    0.00
FlowSolve:  Result Norm     :    2.7505581103975881E-004
FlowSolve:  Relative Change :    2.3835075678615736E-005
ComputeChange: SS (ITER=86) (NRM,RELC): ( 0.27504991E-03 0.23834350E-05 ) :: navier-stokes
SolveEquations: -------------------------------------
SolveEquations:  Coupled system iteration:           87
SolveEquations: -------------------------------------
HeatSolver: ------------------------------------------------
HeatSolver: Solving energy equation for temperature
HeatSolver: Heat solver iteration: 1
IterSolver: "Linear System GCR Restart" not given, setting it to 200
ComputeChange: NS (ITER=1) (NRM,RELC): (  294.97130     0.58333714E-08 ) :: heat equation
ComputeChange: SS (ITER=87) (NRM,RELC): (  294.97130     0.58333845E-09 ) :: heat equation
FlowSolve: 
FlowSolve: 
FlowSolve: -------------------------------------
FlowSolve:  NAVIER-STOKES ITERATION           1
FlowSolve: -------------------------------------
FlowSolve: 
FlowSolve: Starting Assembly...
FlowSolve: Assembly:
FlowSolve: Assembly done
FlowSolve: Dirichlet conditions done
BiCGStabl:        9 0.1108E-10 0.1108E-10
ComputeChange: NS (ITER=1) (NRM,RELC): ( 0.27505516E-03 0.19087411E-04 ) :: navier-stokes
FlowSolve: iter:    1 Assembly: (s)    0.01    0.01
FlowSolve: iter:    1 Solve:    (s)    0.00    0.00
FlowSolve:  Result Norm     :    2.7505516074539043E-004
FlowSolve:  Relative Change :    1.9087410950355053E-005
ComputeChange: SS (ITER=87) (NRM,RELC): ( 0.27505044E-03 0.19086843E-05 ) :: navier-stokes
SolveEquations: -------------------------------------
SolveEquations:  Coupled system iteration:           88
SolveEquations: -------------------------------------
HeatSolver: ------------------------------------------------
HeatSolver: Solving energy equation for temperature
HeatSolver: Heat solver iteration: 1
IterSolver: "Linear System GCR Restart" not given, setting it to 200
ComputeChange: NS (ITER=1) (NRM,RELC): (  294.97130     0.57303877E-08 ) :: heat equation
ComputeChange: SS (ITER=88) (NRM,RELC): (  294.97130     0.57303954E-09 ) :: heat equation
FlowSolve: 
FlowSolve: 
FlowSolve: -------------------------------------
FlowSolve:  NAVIER-STOKES ITERATION           1
FlowSolve: -------------------------------------
FlowSolve: 
FlowSolve: Starting Assembly...
FlowSolve: Assembly:
FlowSolve: Assembly done
FlowSolve: Dirichlet conditions done
BiCGStabl:        9 0.1736E-10 0.1736E-10
ComputeChange: NS (ITER=1) (NRM,RELC): ( 0.27505448E-03 0.14703815E-04 ) :: navier-stokes
FlowSolve: iter:    1 Assembly: (s)    0.01    0.01
FlowSolve: iter:    1 Solve:    (s)    0.00    0.00
FlowSolve:  Result Norm     :    2.7505448000912538E-004
FlowSolve:  Relative Change :    1.4703815383978001E-005
ComputeChange: SS (ITER=88) (NRM,RELC): ( 0.27505084E-03 0.14703376E-05 ) :: navier-stokes
SolveEquations: -------------------------------------
SolveEquations:  Coupled system iteration:           89
SolveEquations: -------------------------------------
HeatSolver: ------------------------------------------------
HeatSolver: Solving energy equation for temperature
HeatSolver: Heat solver iteration: 1
IterSolver: "Linear System GCR Restart" not given, setting it to 200
ComputeChange: NS (ITER=1) (NRM,RELC): (  294.97130     0.47502809E-08 ) :: heat equation
ComputeChange: SS (ITER=89) (NRM,RELC): (  294.97130     0.47502867E-09 ) :: heat equation
FlowSolve: 
FlowSolve: 
FlowSolve: -------------------------------------
FlowSolve:  NAVIER-STOKES ITERATION           1
FlowSolve: -------------------------------------
FlowSolve: 
FlowSolve: Starting Assembly...
FlowSolve: Assembly:
FlowSolve: Assembly done
FlowSolve: Dirichlet conditions done
BiCGStabl:        9 0.2255E-10 0.2255E-10
ComputeChange: NS (ITER=1) (NRM,RELC): ( 0.27505338E-03 0.92228253E-05 ) :: navier-stokes
FlowSolve: iter:    1 Assembly: (s)    0.01    0.01
FlowSolve: iter:    1 Solve:    (s)    0.00    0.00
FlowSolve:  Result Norm     :    2.7505337686342082E-004
FlowSolve:  Relative Change :    9.2228253238963808E-006
ComputeChange: SS (ITER=89) (NRM,RELC): ( 0.27505109E-03 0.92224871E-06 ) :: navier-stokes
SolveEquations: -------------------------------------
SolveEquations:  Coupled system iteration:           90
SolveEquations: -------------------------------------
HeatSolver: ------------------------------------------------
HeatSolver: Solving energy equation for temperature
HeatSolver: Heat solver iteration: 1
IterSolver: "Linear System GCR Restart" not given, setting it to 200
ComputeChange: NS (ITER=1) (NRM,RELC): (  294.97130     0.47565889E-08 ) :: heat equation
ComputeChange: SS (ITER=90) (NRM,RELC): (  294.97130     0.47565941E-09 ) :: heat equation
FlowSolve: 
FlowSolve: 
FlowSolve: -------------------------------------
FlowSolve:  NAVIER-STOKES ITERATION           1
FlowSolve: -------------------------------------
FlowSolve: 
FlowSolve: Starting Assembly...
FlowSolve: Assembly:
FlowSolve: Assembly done
FlowSolve: Dirichlet conditions done
BiCGStabl:        9 0.6843E-10 0.6843E-10
ComputeChange: NS (ITER=1) (NRM,RELC): ( 0.27505231E-03 0.44229455E-05 ) :: navier-stokes
FlowSolve: iter:    1 Assembly: (s)    0.01    0.01
FlowSolve: iter:    1 Solve:    (s)    0.00    0.00
FlowSolve:  Result Norm     :    2.7505231030995457E-004
FlowSolve:  Relative Change :    4.4229454888135009E-006
ComputeChange: SS (ITER=90) (NRM,RELC): ( 0.27505122E-03 0.44226891E-06 ) :: navier-stokes
SolveEquations: -------------------------------------
SolveEquations:  Coupled system iteration:           91
SolveEquations: -------------------------------------
HeatSolver: ------------------------------------------------
HeatSolver: Solving energy equation for temperature
HeatSolver: Heat solver iteration: 1
IterSolver: "Linear System GCR Restart" not given, setting it to 200
ComputeChange: NS (ITER=1) (NRM,RELC): (  294.97130     0.47354561E-08 ) :: heat equation
ComputeChange: SS (ITER=91) (NRM,RELC): (  294.97130     0.47354636E-09 ) :: heat equation
FlowSolve: 
FlowSolve: 
FlowSolve: -------------------------------------
FlowSolve:  NAVIER-STOKES ITERATION           1
FlowSolve: -------------------------------------
FlowSolve: 
FlowSolve: Starting Assembly...
FlowSolve: Assembly:
FlowSolve: Assembly done
FlowSolve: Dirichlet conditions done
BiCGStabl:        9 0.3152E-10 0.3152E-10
ComputeChange: NS (ITER=1) (NRM,RELC): ( 0.27505130E-03 0.28949494E-06 ) :: navier-stokes
FlowSolve: iter:    1 Assembly: (s)    0.01    0.01
FlowSolve: iter:    1 Solve:    (s)    0.00    0.00
FlowSolve:  Result Norm     :    2.7505129504379214E-004
FlowSolve:  Relative Change :    2.8949494017542614E-007
ComputeChange: SS (ITER=91) (NRM,RELC): ( 0.27505122E-03 0.28930346E-07 ) :: navier-stokes
ResultOutputSolver: -------------------------------------
ResultOutputSolver: Saving with prefix: case
CreateListForSaving: Field Variables for Saving
ResultOutputSolver: Saving in unstructured VTK XML (.vtu) format
VtuOutputSolver: Saving results in VTK XML format with prefix: case
VtuOutputSolver: Saving number of partitions: 1
ResultOutputSolver: -------------------------------------
MAIN: *** Elmer Solver: ALL DONE ***
MAIN: The end
SOLVER TOTAL TIME(CPU,REAL):         8.27        9.27
ELMER SOLVER FINISHED AT: 2026/09/30 21:23:05
