ELMER SOLVER (v 26.2) STARTED AT: 2026/10/01 07:36:40
 Started inside library code
 Going parallel initialization
ParCommInit: Initialize #PEs: 1
 Back from parallel initialization
MAIN: 
MAIN: =============================================================
MAIN: ElmerSolver finite element software, Welcome!
MAIN: This program is free software licensed under (L)GPL
MAIN: Copyright April 1st 1995 -> , CSC - IT Center for Science Ltd.
MAIN: Repository https://www.github.org/elmerCSC/elmerfem
MAIN: Homepage https://www.elmerfem.org/,  Email elmeradm@csc.fi
MAIN: Version: 26.2-devel (Rev: 4b49ea6, Compiled: 2026-09-30)
MAIN:  Running one task without MPI parallelization.
MAIN:  Running with just one thread per task.
MAIN: =============================================================
MAIN: 
MAIN: 
MAIN: -------------------------------------
MAIN: Reading Model: case.sif
LoadInputFile: Scanning input file: case.sif
LoadInputFile: Scanning only size info
LoadInputFile: First time visiting
LoadInputFile: Reading base load of sif file
LoadInputFile: Loading input file: case.sif
LoadInputFile: Reading base load of sif file
LoadInputFile: Number of BCs: 4
LoadInputFile: Number of Body Forces: 1
LoadInputFile: Number of Initial Conditions: 1
LoadInputFile: Number of Materials: 1
LoadInputFile: Number of Equations: 1
LoadInputFile: Number of Solvers: 2
LoadInputFile: Number of Bodies: 1
ElmerMeshReader: Base mesh name: ./square
PrepareMesh: Preparing mesh for the future
LoadMesh: Elapsed REAL time:     0.0042 (s)
MAIN: -------------------------------------
AddVtuOutputSolverHack: Adding ResultOutputSolver to write VTU output in file: case
OptimizeBandwidth: Initial bandwidth for heat equation: 43
OptimizeBandwidth: Optimized bandwidth for heat equation: 82
OptimizeBandwidth: Bandwidth optimization rejected, using original ordering.
OptimizeBandwidth: Initial bandwidth for navier-stokes: 43
OptimizeBandwidth: Optimized bandwidth for navier-stokes: 82
OptimizeBandwidth: Bandwidth optimization rejected, using original ordering.
MAIN: Number of timesteps to be saved: 1000
MAIN: 
MAIN: -------------------------------------
MAIN:  Steady state iteration:            1
MAIN: -------------------------------------
MAIN: 
HeatSolver: ------------------------------------------------
HeatSolver: Solving energy equation for temperature
HeatSolver: Heat solver iteration: 1
IterSolver: "Linear System GCR Restart" not given, setting it to 200
   gcr:    10  0.1085E-06  0.1637E-06
   gcr:    20  0.1613E-08  0.1831E-08
   gcr:    30  0.1657E-10  0.2744E-10
ComputeChange: NS (ITER=1) (NRM,RELC): (  300.00008      2.0000000     ) :: heat equation
HeatSolver: Heat solver iteration: 2
IterSolver: "Linear System GCR Restart" not given, setting it to 200
   gcr:    10  0.3256E-07  0.4911E-07
   gcr:    20  0.4838E-09  0.5492E-09
ComputeChange: NS (ITER=2) (NRM,RELC): (  300.00012     0.14145770E-06 ) :: heat equation
HeatSolver: Heat solver iteration: 3
IterSolver: "Linear System GCR Restart" not given, setting it to 200
   gcr:    10  0.9767E-08  0.1473E-07
   gcr:    20  0.1452E-09  0.1648E-09
ComputeChange: NS (ITER=3) (NRM,RELC): (  300.00014     0.49640375E-07 ) :: heat equation
HeatSolver: Heat solver iteration: 4
IterSolver: "Linear System GCR Restart" not given, setting it to 200
   gcr:    10  0.2930E-08  0.4420E-08
   gcr:    20  0.4359E-10  0.4943E-10
ComputeChange: NS (ITER=4) (NRM,RELC): (  300.00014     0.15601340E-07 ) :: heat equation
HeatSolver: Heat solver iteration: 5
IterSolver: "Linear System GCR Restart" not given, setting it to 200
   gcr:    10  0.8790E-09  0.1326E-08
   gcr:    20  0.1325E-10  0.1485E-10
ComputeChange: NS (ITER=5) (NRM,RELC): (  300.00015     0.50375080E-08 ) :: heat equation
HeatSolver: Heat solver iteration: 6
IterSolver: "Linear System GCR Restart" not given, setting it to 200
   gcr:    10  0.2638E-09  0.3978E-09
ComputeChange: NS (ITER=6) (NRM,RELC): (  300.00015     0.13301670E-08 ) :: heat equation
HeatSolver: Heat solver iteration: 7
IterSolver: "Linear System GCR Restart" not given, setting it to 200
   gcr:    10  0.7927E-10  0.1193E-09
ComputeChange: NS (ITER=7) (NRM,RELC): (  300.00015     0.33726283E-09 ) :: heat equation
HeatSolver: Heat solver iteration: 8
IterSolver: "Linear System GCR Restart" not given, setting it to 200
   gcr:    10  0.2428E-10  0.3590E-10
ComputeChange: NS (ITER=8) (NRM,RELC): (  300.00015     0.81946570E-10 ) :: heat equation
ComputeChange: SS (ITER=1) (NRM,RELC): (  300.00004      2.0000000     ) :: heat equation
FlowSolve: 
FlowSolve: 
FlowSolve: -------------------------------------
FlowSolve:  NAVIER-STOKES ITERATION           1
FlowSolve: -------------------------------------
FlowSolve: 
FlowSolve: Starting Assembly...
FlowSolve: Assembly:
FlowSolve: Assembly done
FlowSolve: Dirichlet conditions done
      10 0.4323E-04 0.4323E-04
BiCGStabl:       18 0.5351E-11 0.5351E-11
ComputeChange: NS (ITER=1) (NRM,RELC): ( 0.44118458      2.0000000     ) :: navier-stokes
FlowSolve: iter:    1 Assembly: (s)    0.01    0.01
FlowSolve: iter:    1 Solve:    (s)    0.02    0.02
FlowSolve:  Result Norm     :   0.44118458256124260
FlowSolve:  Relative Change :    2.0000000000000000
FlowSolve: 
FlowSolve: 
FlowSolve: -------------------------------------
FlowSolve:  NAVIER-STOKES ITERATION           2
FlowSolve: -------------------------------------
FlowSolve: 
FlowSolve: Starting Assembly...
FlowSolve: Assembly:
FlowSolve: Assembly done
FlowSolve: Dirichlet conditions done
      10 0.1403E-04 0.1403E-04
BiCGStabl:       17 0.4489E-11 0.4489E-11
ComputeChange: NS (ITER=2) (NRM,RELC): ( 0.57353133     0.26085478     ) :: navier-stokes
FlowSolve: iter:    2 Assembly: (s)    0.01    0.03
FlowSolve: iter:    2 Solve:    (s)    0.02    0.03
FlowSolve:  Result Norm     :   0.57353133331818096
FlowSolve:  Relative Change :   0.26085478444917742
FlowSolve: 
FlowSolve: 
FlowSolve: -------------------------------------
FlowSolve:  NAVIER-STOKES ITERATION           3
FlowSolve: -------------------------------------
FlowSolve: 
FlowSolve: Starting Assembly...
FlowSolve: Assembly:
FlowSolve: Assembly done
FlowSolve: Dirichlet conditions done
      10 0.3718E-05 0.3718E-05
BiCGStabl:       17 0.9346E-11 0.9346E-11
ComputeChange: NS (ITER=3) (NRM,RELC): ( 0.61323183     0.66905510E-01 ) :: navier-stokes
FlowSolve: iter:    3 Assembly: (s)    0.01    0.04
FlowSolve: iter:    3 Solve:    (s)    0.02    0.05
FlowSolve:  Result Norm     :   0.61323183077276466
FlowSolve:  Relative Change :    6.6905510140254601E-002
FlowSolve: 
FlowSolve: 
FlowSolve: -------------------------------------
FlowSolve:  NAVIER-STOKES ITERATION           4
FlowSolve: -------------------------------------
FlowSolve: 
FlowSolve: Starting Assembly...
FlowSolve: Assembly:
FlowSolve: Assembly done
FlowSolve: Dirichlet conditions done
      10 0.8865E-06 0.8865E-06
BiCGStabl:       16 0.4095E-11 0.4095E-11
ComputeChange: NS (ITER=4) (NRM,RELC): ( 0.62514125     0.19233977E-01 ) :: navier-stokes
FlowSolve: iter:    4 Assembly: (s)    0.01    0.06
FlowSolve: iter:    4 Solve:    (s)    0.02    0.07
FlowSolve:  Result Norm     :   0.62514125038091251
FlowSolve:  Relative Change :    1.9233976883691530E-002
FlowSolve: 
FlowSolve: 
FlowSolve: -------------------------------------
FlowSolve:  NAVIER-STOKES ITERATION           5
FlowSolve: -------------------------------------
FlowSolve: 
FlowSolve: Starting Assembly...
FlowSolve: Assembly:
FlowSolve: Assembly done
FlowSolve: Dirichlet conditions done
      10 0.1554E-06 0.1554E-06
BiCGStabl:       17 0.5131E-12 0.5131E-12
ComputeChange: NS (ITER=5) (NRM,RELC): ( 0.62871408     0.56989424E-02 ) :: navier-stokes
FlowSolve: iter:    5 Assembly: (s)    0.02    0.07
FlowSolve: iter:    5 Solve:    (s)    0.02    0.09
FlowSolve:  Result Norm     :   0.62871407503627130
FlowSolve:  Relative Change :    5.6989424265037024E-003
FlowSolve: 
FlowSolve: 
FlowSolve: -------------------------------------
FlowSolve:  NAVIER-STOKES ITERATION           6
FlowSolve: -------------------------------------
FlowSolve: 
FlowSolve: Starting Assembly...
FlowSolve: Assembly:
FlowSolve: Assembly done
FlowSolve: Dirichlet conditions done
      10 0.4603E-07 0.4603E-07
BiCGStabl:       16 0.9328E-11 0.9328E-11
ComputeChange: NS (ITER=6) (NRM,RELC): ( 0.62978592     0.17033703E-02 ) :: navier-stokes
FlowSolve: iter:    6 Assembly: (s)    0.02    0.09
FlowSolve: iter:    6 Solve:    (s)    0.02    0.10
FlowSolve:  Result Norm     :   0.62978592078841389
FlowSolve:  Relative Change :    1.7033702911380846E-003
FlowSolve: 
FlowSolve: 
FlowSolve: -------------------------------------
FlowSolve:  NAVIER-STOKES ITERATION           7
FlowSolve: -------------------------------------
FlowSolve: 
FlowSolve: Starting Assembly...
FlowSolve: Assembly:
FlowSolve: Assembly done
FlowSolve: Dirichlet conditions done
      10 0.1373E-07 0.1373E-07
BiCGStabl:       16 0.3257E-11 0.3257E-11
ComputeChange: NS (ITER=7) (NRM,RELC): ( 0.63010748     0.51044713E-03 ) :: navier-stokes
FlowSolve: iter:    7 Assembly: (s)    0.02    0.10
FlowSolve: iter:    7 Solve:    (s)    0.02    0.12
FlowSolve:  Result Norm     :   0.63010747527511213
FlowSolve:  Relative Change :    5.1044713418281246E-004
FlowSolve: 
FlowSolve: 
FlowSolve: -------------------------------------
FlowSolve:  NAVIER-STOKES ITERATION           8
FlowSolve: -------------------------------------
FlowSolve: 
FlowSolve: Starting Assembly...
FlowSolve: Assembly:
FlowSolve: Assembly done
FlowSolve: Dirichlet conditions done
      10 0.4102E-08 0.4102E-08
BiCGStabl:       15 0.5257E-11 0.5257E-11
ComputeChange: NS (ITER=8) (NRM,RELC): ( 0.63020394     0.15308389E-03 ) :: navier-stokes
FlowSolve: iter:    8 Assembly: (s)    0.02    0.12
FlowSolve: iter:    8 Solve:    (s)    0.02    0.13
FlowSolve:  Result Norm     :   0.63020394196291007
FlowSolve:  Relative Change :    1.5308389097887272E-004
FlowSolve: 
FlowSolve: 
FlowSolve: -------------------------------------
FlowSolve:  NAVIER-STOKES ITERATION           9
FlowSolve: -------------------------------------
FlowSolve: 
FlowSolve: Starting Assembly...
FlowSolve: Assembly:
FlowSolve: Assembly done
FlowSolve: Dirichlet conditions done
      10 0.1226E-08 0.1226E-08
BiCGStabl:       15 0.3925E-11 0.3925E-11
ComputeChange: NS (ITER=9) (NRM,RELC): ( 0.63023288     0.45920778E-04 ) :: navier-stokes
FlowSolve: iter:    9 Assembly: (s)    0.02    0.14
FlowSolve: iter:    9 Solve:    (s)    0.02    0.15
FlowSolve:  Result Norm     :   0.63023288208275596
FlowSolve:  Relative Change :    4.5920778088660127E-005
FlowSolve: 
FlowSolve: 
FlowSolve: -------------------------------------
FlowSolve:  NAVIER-STOKES ITERATION          10
FlowSolve: -------------------------------------
FlowSolve: 
FlowSolve: Starting Assembly...
FlowSolve: Assembly:
FlowSolve: Assembly done
FlowSolve: Dirichlet conditions done
      10 0.3667E-09 0.3667E-09
BiCGStabl:       14 0.9228E-11 0.9228E-11
ComputeChange: NS (ITER=10) (NRM,RELC): ( 0.63024156     0.13775880E-04 ) :: navier-stokes
FlowSolve: iter:   10 Assembly: (s)    0.01    0.15
FlowSolve: iter:   10 Solve:    (s)    0.01    0.16
FlowSolve:  Result Norm     :   0.63024156415483434
FlowSolve:  Relative Change :    1.3775879557568422E-005
ComputeChange: SS (ITER=1) (NRM,RELC): ( 0.22058455      2.0000000     ) :: navier-stokes
ResultOutputSolver: -------------------------------------
ResultOutputSolver: Saving with prefix: case
CreateListForSaving: Field Variables for Saving
ResultOutputSolver: Saving in unstructured VTK XML (.vtu) format
VtuOutputSolver: Saving results in VTK XML format with prefix: case
VtuOutputSolver: Saving number of partitions: 1
ResultOutputSolver: -------------------------------------
MAIN: 
MAIN: -------------------------------------
MAIN:  Steady state iteration:            2
MAIN: -------------------------------------
MAIN: 
HeatSolver: ------------------------------------------------
HeatSolver: Solving energy equation for temperature
HeatSolver: Heat solver iteration: 1
IterSolver: "Linear System GCR Restart" not given, setting it to 200
   gcr:    10  0.3922E-06  0.2907E-06
   gcr:    20  0.9560E-09  0.1080E-08
   gcr:    30  0.1305E-10  0.2351E-10
ComputeChange: NS (ITER=1) (NRM,RELC): (  300.00010     0.21974256E-06 ) :: heat equation
HeatSolver: Heat solver iteration: 2
IterSolver: "Linear System GCR Restart" not given, setting it to 200
   gcr:    10  0.1177E-06  0.8721E-07
   gcr:    20  0.2868E-09  0.3240E-09
ComputeChange: NS (ITER=2) (NRM,RELC): (  300.00013     0.99750133E-07 ) :: heat equation
HeatSolver: Heat solver iteration: 3
IterSolver: "Linear System GCR Restart" not given, setting it to 200
   gcr:    10  0.3530E-07  0.2616E-07
   gcr:    20  0.8609E-10  0.9721E-10
ComputeChange: NS (ITER=3) (NRM,RELC): (  300.00014     0.32966179E-07 ) :: heat equation
HeatSolver: Heat solver iteration: 4
IterSolver: "Linear System GCR Restart" not given, setting it to 200
   gcr:    10  0.1059E-07  0.7849E-08
   gcr:    20  0.2586E-10  0.2916E-10
ComputeChange: NS (ITER=4) (NRM,RELC): (  300.00014     0.10353392E-07 ) :: heat equation
HeatSolver: Heat solver iteration: 5
IterSolver: "Linear System GCR Restart" not given, setting it to 200
   gcr:    10  0.3177E-08  0.2355E-08
   gcr:    20  0.8177E-11  0.8789E-11
ComputeChange: NS (ITER=5) (NRM,RELC): (  300.00015     0.31888135E-08 ) :: heat equation
HeatSolver: Heat solver iteration: 6
IterSolver: "Linear System GCR Restart" not given, setting it to 200
   gcr:    10  0.9531E-09  0.7064E-09
ComputeChange: NS (ITER=6) (NRM,RELC): (  300.00015     0.81695739E-09 ) :: heat equation
HeatSolver: Heat solver iteration: 7
IterSolver: "Linear System GCR Restart" not given, setting it to 200
   gcr:    10  0.2860E-09  0.2120E-09
ComputeChange: NS (ITER=7) (NRM,RELC): (  300.00015     0.18070457E-09 ) :: heat equation
HeatSolver: Heat solver iteration: 8
IterSolver: "Linear System GCR Restart" not given, setting it to 200
   gcr:    10  0.8583E-10  0.6368E-10
ComputeChange: NS (ITER=8) (NRM,RELC): (  300.00015     0.23441078E-10 ) :: heat equation
ComputeChange: SS (ITER=2) (NRM,RELC): (  300.00006     0.88209487E-07 ) :: heat equation
FlowSolve: 
FlowSolve: 
FlowSolve: -------------------------------------
FlowSolve:  NAVIER-STOKES ITERATION           1
FlowSolve: -------------------------------------
FlowSolve: 
FlowSolve: Starting Assembly...
FlowSolve: Assembly:
FlowSolve: Assembly done
FlowSolve: Dirichlet conditions done
      10 0.2824E-04 0.2824E-04
BiCGStabl:       18 0.9311E-11 0.9311E-11
ComputeChange: NS (ITER=1) (NRM,RELC): ( 0.78962659      1.1265804     ) :: navier-stokes
FlowSolve: iter:    1 Assembly: (s)    0.02    0.02
FlowSolve: iter:    1 Solve:    (s)    0.02    0.02
FlowSolve:  Result Norm     :   0.78962658717203282
FlowSolve:  Relative Change :    1.1265804151493235
FlowSolve: 
FlowSolve: 
FlowSolve: -------------------------------------
FlowSolve:  NAVIER-STOKES ITERATION           2
FlowSolve: -------------------------------------
FlowSolve: 
FlowSolve: Starting Assembly...
FlowSolve: Assembly:
FlowSolve: Assembly done
FlowSolve: Dirichlet conditions done
      10 0.1008E-04 0.1008E-04
BiCGStabl:       19 0.2147E-11 0.2147E-11
ComputeChange: NS (ITER=2) (NRM,RELC): ( 0.96030600     0.19506970     ) :: navier-stokes
FlowSolve: iter:    2 Assembly: (s)    0.02    0.03
FlowSolve: iter:    2 Solve:    (s)    0.02    0.04
FlowSolve:  Result Norm     :   0.96030600288221302
FlowSolve:  Relative Change :   0.19506970346199376
FlowSolve: 
FlowSolve: 
FlowSolve: -------------------------------------
FlowSolve:  NAVIER-STOKES ITERATION           3
FlowSolve: -------------------------------------
FlowSolve: 
FlowSolve: Starting Assembly...
FlowSolve: Assembly:
FlowSolve: Assembly done
FlowSolve: Dirichlet conditions done
      10 0.3066E-05 0.3066E-05
BiCGStabl:       18 0.4188E-11 0.4188E-11
ComputeChange: NS (ITER=3) (NRM,RELC): (  1.0114991     0.51925119E-01 ) :: navier-stokes
FlowSolve: iter:    3 Assembly: (s)    0.02    0.05
FlowSolve: iter:    3 Solve:    (s)    0.02    0.06
FlowSolve:  Result Norm     :    1.0114991108772464
FlowSolve:  Relative Change :    5.1925119412463853E-002
FlowSolve: 
FlowSolve: 
FlowSolve: -------------------------------------
FlowSolve:  NAVIER-STOKES ITERATION           4
FlowSolve: -------------------------------------
FlowSolve: 
FlowSolve: Starting Assembly...
FlowSolve: Assembly:
FlowSolve: Assembly done
FlowSolve: Dirichlet conditions done
      10 0.9134E-06 0.9134E-06
BiCGStabl:       17 0.6836E-11 0.6836E-11
ComputeChange: NS (ITER=4) (NRM,RELC): (  1.0268559     0.15067836E-01 ) :: navier-stokes
FlowSolve: iter:    4 Assembly: (s)    0.02    0.06
FlowSolve: iter:    4 Solve:    (s)    0.02    0.07
FlowSolve:  Result Norm     :    1.0268559103651433
FlowSolve:  Relative Change :    1.5067835904794307E-002
FlowSolve: 
FlowSolve: 
FlowSolve: -------------------------------------
FlowSolve:  NAVIER-STOKES ITERATION           5
FlowSolve: -------------------------------------
FlowSolve: 
FlowSolve: Starting Assembly...
FlowSolve: Assembly:
FlowSolve: Assembly done
FlowSolve: Dirichlet conditions done
      10 0.2731E-06 0.2731E-06
BiCGStabl:       16 0.5128E-11 0.5128E-11
ComputeChange: NS (ITER=5) (NRM,RELC): (  1.0314629     0.44764105E-02 ) :: navier-stokes
FlowSolve: iter:    5 Assembly: (s)    0.02    0.08
FlowSolve: iter:    5 Solve:    (s)    0.02    0.09
FlowSolve:  Result Norm     :    1.0314628501917029
FlowSolve:  Relative Change :    4.4764104713433586E-003
FlowSolve: 
FlowSolve: 
FlowSolve: -------------------------------------
FlowSolve:  NAVIER-STOKES ITERATION           6
FlowSolve: -------------------------------------
FlowSolve: 
FlowSolve: Starting Assembly...
FlowSolve: Assembly:
FlowSolve: Assembly done
FlowSolve: Dirichlet conditions done
      10 0.8181E-07 0.8181E-07
BiCGStabl:       16 0.4354E-11 0.4354E-11
ComputeChange: NS (ITER=6) (NRM,RELC): (  1.0328449     0.13390202E-02 ) :: navier-stokes
FlowSolve: iter:    6 Assembly: (s)    0.02    0.09
FlowSolve: iter:    6 Solve:    (s)    0.02    0.11
FlowSolve:  Result Norm     :    1.0328449251273792
FlowSolve:  Relative Change :    1.3390202296386705E-003
FlowSolve: 
FlowSolve: 
FlowSolve: -------------------------------------
FlowSolve:  NAVIER-STOKES ITERATION           7
FlowSolve: -------------------------------------
FlowSolve: 
FlowSolve: Starting Assembly...
FlowSolve: Assembly:
FlowSolve: Assembly done
FlowSolve: Dirichlet conditions done
      10 0.2453E-07 0.2453E-07
BiCGStabl:       15 0.4829E-11 0.4829E-11
ComputeChange: NS (ITER=7) (NRM,RELC): (  1.0332595     0.40135675E-03 ) :: navier-stokes
FlowSolve: iter:    7 Assembly: (s)    0.02    0.11
FlowSolve: iter:    7 Solve:    (s)    0.02    0.12
FlowSolve:  Result Norm     :    1.0332595476178779
FlowSolve:  Relative Change :    4.0135675225338779E-004
FlowSolve: 
FlowSolve: 
FlowSolve: -------------------------------------
FlowSolve:  NAVIER-STOKES ITERATION           8
FlowSolve: -------------------------------------
FlowSolve: 
FlowSolve: Starting Assembly...
FlowSolve: Assembly:
FlowSolve: Assembly done
FlowSolve: Dirichlet conditions done
      10 0.7355E-08 0.7355E-08
BiCGStabl:       14 0.7007E-11 0.7007E-11
ComputeChange: NS (ITER=8) (NRM,RELC): (  1.0333839     0.12037581E-03 ) :: navier-stokes
FlowSolve: iter:    8 Assembly: (s)    0.02    0.12
FlowSolve: iter:    8 Solve:    (s)    0.01    0.14
FlowSolve:  Result Norm     :    1.0333839345592095
FlowSolve:  Relative Change :    1.2037580976533145E-004
FlowSolve: 
FlowSolve: 
FlowSolve: -------------------------------------
FlowSolve:  NAVIER-STOKES ITERATION           9
FlowSolve: -------------------------------------
FlowSolve: 
FlowSolve: Starting Assembly...
FlowSolve: Assembly:
FlowSolve: Assembly done
FlowSolve: Dirichlet conditions done
      10 0.2206E-08 0.2206E-08
BiCGStabl:       13 0.5457E-11 0.5457E-11
ComputeChange: NS (ITER=9) (NRM,RELC): (  1.0334213     0.36109992E-04 ) :: navier-stokes
FlowSolve: iter:    9 Assembly: (s)    0.02    0.14
FlowSolve: iter:    9 Solve:    (s)    0.01    0.15
FlowSolve:  Result Norm     :    1.0334212507180647
FlowSolve:  Relative Change :    3.6109991518290611E-005
FlowSolve: 
FlowSolve: 
FlowSolve: -------------------------------------
FlowSolve:  NAVIER-STOKES ITERATION          10
FlowSolve: -------------------------------------
FlowSolve: 
FlowSolve: Starting Assembly...
FlowSolve: Assembly:
FlowSolve: Assembly done
FlowSolve: Dirichlet conditions done
      10 0.6614E-09 0.6614E-09
BiCGStabl:       13 0.1358E-11 0.1358E-11
ComputeChange: NS (ITER=10) (NRM,RELC): (  1.0334324     0.10832767E-04 ) :: navier-stokes
FlowSolve: iter:   10 Assembly: (s)    0.02    0.16
FlowSolve: iter:   10 Solve:    (s)    0.01    0.16
FlowSolve:  Result Norm     :    1.0334324455899073
FlowSolve:  Relative Change :    1.0832766598471115E-005
ComputeChange: SS (ITER=2) (NRM,RELC): ( 0.50507880     0.78409431     ) :: navier-stokes
ResultOutputSolver: -------------------------------------
ResultOutputSolver: Saving in unstructured VTK XML (.vtu) format
ResultOutputSolver: -------------------------------------
MAIN: 
MAIN: -------------------------------------
MAIN:  Steady state iteration:            3
MAIN: -------------------------------------
MAIN: 
HeatSolver: ------------------------------------------------
HeatSolver: Solving energy equation for temperature
HeatSolver: Heat solver iteration: 1
IterSolver: "Linear System GCR Restart" not given, setting it to 200
   gcr:    10  0.5690E-06  0.5401E-06
   gcr:    20  0.5201E-09  0.8303E-09
   gcr:    30  0.1101E-10  0.1641E-10
ComputeChange: NS (ITER=1) (NRM,RELC): (  300.00012     0.17909697E-06 ) :: heat equation
HeatSolver: Heat solver iteration: 2
IterSolver: "Linear System GCR Restart" not given, setting it to 200
   gcr:    10  0.1707E-06  0.1620E-06
   gcr:    20  0.1561E-09  0.2491E-09
ComputeChange: NS (ITER=2) (NRM,RELC): (  300.00014     0.68219915E-07 ) :: heat equation
HeatSolver: Heat solver iteration: 3
IterSolver: "Linear System GCR Restart" not given, setting it to 200
   gcr:    10  0.5121E-07  0.4861E-07
   gcr:    20  0.4693E-10  0.7473E-10
ComputeChange: NS (ITER=3) (NRM,RELC): (  300.00014     0.21837136E-07 ) :: heat equation
HeatSolver: Heat solver iteration: 4
IterSolver: "Linear System GCR Restart" not given, setting it to 200
   gcr:    10  0.1536E-07  0.1458E-07
   gcr:    20  0.1429E-10  0.2243E-10
ComputeChange: NS (ITER=4) (NRM,RELC): (  300.00014     0.68466719E-08 ) :: heat equation
HeatSolver: Heat solver iteration: 5
IterSolver: "Linear System GCR Restart" not given, setting it to 200
   gcr:    10  0.4609E-08  0.4375E-08
ComputeChange: NS (ITER=5) (NRM,RELC): (  300.00015     0.18988186E-08 ) :: heat equation
HeatSolver: Heat solver iteration: 6
IterSolver: "Linear System GCR Restart" not given, setting it to 200
   gcr:    10  0.1383E-08  0.1313E-08
ComputeChange: NS (ITER=6) (NRM,RELC): (  300.00015     0.49225524E-09 ) :: heat equation
HeatSolver: Heat solver iteration: 7
IterSolver: "Linear System GCR Restart" not given, setting it to 200
   gcr:    10  0.4148E-09  0.3938E-09
ComputeChange: NS (ITER=7) (NRM,RELC): (  300.00015     0.10791168E-09 ) :: heat equation
HeatSolver: Heat solver iteration: 8
IterSolver: "Linear System GCR Restart" not given, setting it to 200
   gcr:    10  0.1244E-09  0.1182E-09
ComputeChange: NS (ITER=8) (NRM,RELC): (  300.00015     0.15512372E-10 ) :: heat equation
ComputeChange: SS (ITER=3) (NRM,RELC): (  300.00009     0.80292597E-07 ) :: heat equation
FlowSolve: 
FlowSolve: 
FlowSolve: -------------------------------------
FlowSolve:  NAVIER-STOKES ITERATION           1
FlowSolve: -------------------------------------
FlowSolve: 
FlowSolve: Starting Assembly...
FlowSolve: Assembly:
FlowSolve: Assembly done
FlowSolve: Dirichlet conditions done
      10 0.2960E-04 0.2960E-04
BiCGStabl:       19 0.4727E-12 0.4727E-12
ComputeChange: NS (ITER=1) (NRM,RELC): (  1.0560256     0.70584234     ) :: navier-stokes
FlowSolve: iter:    1 Assembly: (s)    0.02    0.02
FlowSolve: iter:    1 Solve:    (s)    0.02    0.02
FlowSolve:  Result Norm     :    1.0560255838369987
FlowSolve:  Relative Change :   0.70584234085028541
FlowSolve: 
FlowSolve: 
FlowSolve: -------------------------------------
FlowSolve:  NAVIER-STOKES ITERATION           2
FlowSolve: -------------------------------------
FlowSolve: 
FlowSolve: Starting Assembly...
FlowSolve: Assembly:
FlowSolve: Assembly done
FlowSolve: Dirichlet conditions done
      10 0.6330E-05 0.6330E-05
BiCGStabl:       18 0.5082E-11 0.5082E-11
ComputeChange: NS (ITER=2) (NRM,RELC): (  1.2212607     0.14511583     ) :: navier-stokes
FlowSolve: iter:    2 Assembly: (s)    0.02    0.03
FlowSolve: iter:    2 Solve:    (s)    0.02    0.04
FlowSolve:  Result Norm     :    1.2212607269381157
FlowSolve:  Relative Change :   0.14511582695535222
FlowSolve: 
FlowSolve: 
FlowSolve: -------------------------------------
FlowSolve:  NAVIER-STOKES ITERATION           3
FlowSolve: -------------------------------------
FlowSolve: 
FlowSolve: Starting Assembly...
FlowSolve: Assembly:
FlowSolve: Assembly done
FlowSolve: Dirichlet conditions done
      10 0.1819E-05 0.1819E-05
BiCGStabl:       18 0.1729E-11 0.1729E-11
ComputeChange: NS (ITER=3) (NRM,RELC): (  1.2708197     0.39773137E-01 ) :: navier-stokes
FlowSolve: iter:    3 Assembly: (s)    0.01    0.05
FlowSolve: iter:    3 Solve:    (s)    0.02    0.06
FlowSolve:  Result Norm     :    1.2708196543330317
FlowSolve:  Relative Change :    3.9773137148679930E-002
FlowSolve: 
FlowSolve: 
FlowSolve: -------------------------------------
FlowSolve:  NAVIER-STOKES ITERATION           4
FlowSolve: -------------------------------------
FlowSolve: 
FlowSolve: Starting Assembly...
FlowSolve: Assembly:
FlowSolve: Assembly done
FlowSolve: Dirichlet conditions done
      10 0.5481E-06 0.5481E-06
BiCGStabl:       17 0.8564E-11 0.8564E-11
ComputeChange: NS (ITER=4) (NRM,RELC): (  1.2856861     0.11630314E-01 ) :: navier-stokes
FlowSolve: iter:    4 Assembly: (s)    0.01    0.06
FlowSolve: iter:    4 Solve:    (s)    0.02    0.07
FlowSolve:  Result Norm     :    1.2856861375204187
FlowSolve:  Relative Change :    1.1630314497827858E-002
FlowSolve: 
FlowSolve: 
FlowSolve: -------------------------------------
FlowSolve:  NAVIER-STOKES ITERATION           5
FlowSolve: -------------------------------------
FlowSolve: 
FlowSolve: Starting Assembly...
FlowSolve: Assembly:
FlowSolve: Assembly done
FlowSolve: Dirichlet conditions done
      10 0.1646E-06 0.1646E-06
BiCGStabl:       17 0.3147E-11 0.3147E-11
ComputeChange: NS (ITER=5) (NRM,RELC): (  1.2901460     0.34628345E-02 ) :: navier-stokes
FlowSolve: iter:    5 Assembly: (s)    0.02    0.08
FlowSolve: iter:    5 Solve:    (s)    0.02    0.09
FlowSolve:  Result Norm     :    1.2901459777200102
FlowSolve:  Relative Change :    3.4628345327351929E-003
FlowSolve: 
FlowSolve: 
FlowSolve: -------------------------------------
FlowSolve:  NAVIER-STOKES ITERATION           6
FlowSolve: -------------------------------------
FlowSolve: 
FlowSolve: Starting Assembly...
FlowSolve: Assembly:
FlowSolve: Assembly done
FlowSolve: Dirichlet conditions done
      10 0.4937E-07 0.4937E-07
BiCGStabl:       17 0.9276E-12 0.9276E-12
ComputeChange: NS (ITER=6) (NRM,RELC): (  1.2914839     0.10365117E-02 ) :: navier-stokes
FlowSolve: iter:    6 Assembly: (s)    0.02    0.09
FlowSolve: iter:    6 Solve:    (s)    0.02    0.11
FlowSolve:  Result Norm     :    1.2914839224720334
FlowSolve:  Relative Change :    1.0365116641418458E-003
FlowSolve: 
FlowSolve: 
FlowSolve: -------------------------------------
FlowSolve:  NAVIER-STOKES ITERATION           7
FlowSolve: -------------------------------------
FlowSolve: 
FlowSolve: Starting Assembly...
FlowSolve: Assembly:
FlowSolve: Assembly done
FlowSolve: Dirichlet conditions done
      10 0.1481E-07 0.1481E-07
BiCGStabl:       16 0.5858E-11 0.5858E-11
ComputeChange: NS (ITER=7) (NRM,RELC): (  1.2918853     0.31074416E-03 ) :: navier-stokes
FlowSolve: iter:    7 Assembly: (s)    0.02    0.11
FlowSolve: iter:    7 Solve:    (s)    0.02    0.12
FlowSolve:  Result Norm     :    1.2918853059169446
FlowSolve:  Relative Change :    3.1074415573306160E-004
FlowSolve: 
FlowSolve: 
FlowSolve: -------------------------------------
FlowSolve:  NAVIER-STOKES ITERATION           8
FlowSolve: -------------------------------------
FlowSolve: 
FlowSolve: Starting Assembly...
FlowSolve: Assembly:
FlowSolve: Assembly done
FlowSolve: Dirichlet conditions done
      10 0.4440E-08 0.4440E-08
BiCGStabl:       16 0.2891E-11 0.2891E-11
ComputeChange: NS (ITER=8) (NRM,RELC): (  1.2920057     0.93204582E-04 ) :: navier-stokes
FlowSolve: iter:    8 Assembly: (s)    0.02    0.12
FlowSolve: iter:    8 Solve:    (s)    0.02    0.14
FlowSolve:  Result Norm     :    1.2920057211587888
FlowSolve:  Relative Change :    9.3204582222972604E-005
FlowSolve: 
FlowSolve: 
FlowSolve: -------------------------------------
FlowSolve:  NAVIER-STOKES ITERATION           9
FlowSolve: -------------------------------------
FlowSolve: 
FlowSolve: Starting Assembly...
FlowSolve: Assembly:
FlowSolve: Assembly done
FlowSolve: Dirichlet conditions done
      10 0.1332E-08 0.1332E-08
BiCGStabl:       14 0.8727E-11 0.8727E-11
ComputeChange: NS (ITER=9) (NRM,RELC): (  1.2920418     0.27959746E-04 ) :: navier-stokes
FlowSolve: iter:    9 Assembly: (s)    0.02    0.14
FlowSolve: iter:    9 Solve:    (s)    0.02    0.15
FlowSolve:  Result Norm     :    1.2920418458151544
FlowSolve:  Relative Change :    2.7959745654297796E-005
FlowSolve: 
FlowSolve: 
FlowSolve: -------------------------------------
FlowSolve:  NAVIER-STOKES ITERATION          10
FlowSolve: -------------------------------------
FlowSolve: 
FlowSolve: Starting Assembly...
FlowSolve: Assembly:
FlowSolve: Assembly done
FlowSolve: Dirichlet conditions done
      10 0.3993E-09 0.3993E-09
BiCGStabl:       13 0.4607E-11 0.4607E-11
ComputeChange: NS (ITER=10) (NRM,RELC): (  1.2920527     0.83877885E-05 ) :: navier-stokes
FlowSolve: iter:   10 Assembly: (s)    0.02    0.15
FlowSolve: iter:   10 Solve:    (s)    0.01    0.17
FlowSolve:  Result Norm     :    1.2920526832343495
FlowSolve:  Relative Change :    8.3877885064449430E-006
ComputeChange: SS (ITER=3) (NRM,RELC): ( 0.78051481     0.42849624     ) :: navier-stokes
ResultOutputSolver: -------------------------------------
ResultOutputSolver: Saving in unstructured VTK XML (.vtu) format
ResultOutputSolver: -------------------------------------
MAIN: 
MAIN: -------------------------------------
MAIN:  Steady state iteration:            4
MAIN: -------------------------------------
MAIN: 
HeatSolver: ------------------------------------------------
HeatSolver: Solving energy equation for temperature
HeatSolver: Heat solver iteration: 1
IterSolver: "Linear System GCR Restart" not given, setting it to 200
   gcr:    10  0.5894E-06  0.6045E-06
   gcr:    20  0.2989E-09  0.4699E-09
   gcr:    30  0.9926E-11  0.1084E-10
ComputeChange: NS (ITER=1) (NRM,RELC): (  300.00013     0.13153572E-06 ) :: heat equation
HeatSolver: Heat solver iteration: 2
IterSolver: "Linear System GCR Restart" not given, setting it to 200
   gcr:    10  0.1768E-06  0.1813E-06
   gcr:    20  0.8974E-10  0.1410E-09
ComputeChange: NS (ITER=2) (NRM,RELC): (  300.00014     0.45988954E-07 ) :: heat equation
HeatSolver: Heat solver iteration: 3
IterSolver: "Linear System GCR Restart" not given, setting it to 200
   gcr:    10  0.5305E-07  0.5440E-07
   gcr:    20  0.2706E-10  0.4227E-10
ComputeChange: NS (ITER=3) (NRM,RELC): (  300.00014     0.14280718E-07 ) :: heat equation
HeatSolver: Heat solver iteration: 4
IterSolver: "Linear System GCR Restart" not given, setting it to 200
   gcr:    10  0.1591E-07  0.1632E-07
   gcr:    20  0.8259E-11  0.1269E-10
ComputeChange: NS (ITER=4) (NRM,RELC): (  300.00015     0.42147993E-08 ) :: heat equation
HeatSolver: Heat solver iteration: 5
IterSolver: "Linear System GCR Restart" not given, setting it to 200
   gcr:    10  0.4774E-08  0.4896E-08
ComputeChange: NS (ITER=5) (NRM,RELC): (  300.00015     0.12182846E-08 ) :: heat equation
HeatSolver: Heat solver iteration: 6
IterSolver: "Linear System GCR Restart" not given, setting it to 200
   gcr:    10  0.1432E-08  0.1469E-08
ComputeChange: NS (ITER=6) (NRM,RELC): (  300.00015     0.34075965E-09 ) :: heat equation
HeatSolver: Heat solver iteration: 7
IterSolver: "Linear System GCR Restart" not given, setting it to 200
   gcr:    10  0.4297E-09  0.4406E-09
ComputeChange: NS (ITER=7) (NRM,RELC): (  300.00015     0.90368108E-10 ) :: heat equation
ComputeChange: SS (ITER=4) (NRM,RELC): (  300.00010     0.61600598E-07 ) :: heat equation
FlowSolve: 
FlowSolve: 
FlowSolve: -------------------------------------
FlowSolve:  NAVIER-STOKES ITERATION           1
FlowSolve: -------------------------------------
FlowSolve: 
FlowSolve: Starting Assembly...
FlowSolve: Assembly:
FlowSolve: Assembly done
FlowSolve: Dirichlet conditions done
      10 0.2337E-04 0.2337E-04
BiCGStabl:       18 0.7594E-11 0.7594E-11
ComputeChange: NS (ITER=1) (NRM,RELC): (  1.2522736     0.46414943     ) :: navier-stokes
FlowSolve: iter:    1 Assembly: (s)    0.02    0.02
FlowSolve: iter:    1 Solve:    (s)    0.02    0.02
FlowSolve:  Result Norm     :    1.2522735995584862
FlowSolve:  Relative Change :   0.46414942629711248
FlowSolve: 
FlowSolve: 
FlowSolve: -------------------------------------
FlowSolve:  NAVIER-STOKES ITERATION           2
FlowSolve: -------------------------------------
FlowSolve: 
FlowSolve: Starting Assembly...
FlowSolve: Assembly:
FlowSolve: Assembly done
FlowSolve: Dirichlet conditions done
      10 0.6230E-05 0.6230E-05
BiCGStabl:       18 0.7104E-11 0.7104E-11
ComputeChange: NS (ITER=2) (NRM,RELC): (  1.3937577     0.10694057     ) :: navier-stokes
FlowSolve: iter:    2 Assembly: (s)    0.02    0.03
FlowSolve: iter:    2 Solve:    (s)    0.02    0.04
FlowSolve:  Result Norm     :    1.3937576509275758
FlowSolve:  Relative Change :   0.10694057475179079
FlowSolve: 
FlowSolve: 
FlowSolve: -------------------------------------
FlowSolve:  NAVIER-STOKES ITERATION           3
FlowSolve: -------------------------------------
FlowSolve: 
FlowSolve: Starting Assembly...
FlowSolve: Assembly:
FlowSolve: Assembly done
FlowSolve: Dirichlet conditions done
      10 0.1536E-05 0.1536E-05
BiCGStabl:       18 0.2520E-11 0.2520E-11
ComputeChange: NS (ITER=3) (NRM,RELC): (  1.4361942     0.29991030E-01 ) :: navier-stokes
FlowSolve: iter:    3 Assembly: (s)    0.02    0.05
FlowSolve: iter:    3 Solve:    (s)    0.02    0.06
FlowSolve:  Result Norm     :    1.4361942366624683
FlowSolve:  Relative Change :    2.9991029827034294E-002
FlowSolve: 
FlowSolve: 
FlowSolve: -------------------------------------
FlowSolve:  NAVIER-STOKES ITERATION           4
FlowSolve: -------------------------------------
FlowSolve: 
FlowSolve: Starting Assembly...
FlowSolve: Assembly:
FlowSolve: Assembly done
FlowSolve: Dirichlet conditions done
      10 0.4433E-06 0.4433E-06
BiCGStabl:       16 0.8204E-11 0.8204E-11
ComputeChange: NS (ITER=4) (NRM,RELC): (  1.4489243     0.88246659E-02 ) :: navier-stokes
FlowSolve: iter:    4 Assembly: (s)    0.02    0.06
FlowSolve: iter:    4 Solve:    (s)    0.02    0.07
FlowSolve:  Result Norm     :    1.4489243403932106
FlowSolve:  Relative Change :    8.8246658781932445E-003
FlowSolve: 
FlowSolve: 
FlowSolve: -------------------------------------
FlowSolve:  NAVIER-STOKES ITERATION           5
FlowSolve: -------------------------------------
FlowSolve: 
FlowSolve: Starting Assembly...
FlowSolve: Assembly:
FlowSolve: Assembly done
FlowSolve: Dirichlet conditions done
      10 0.1317E-06 0.1317E-06
BiCGStabl:       16 0.8348E-11 0.8348E-11
ComputeChange: NS (ITER=5) (NRM,RELC): (  1.4527433     0.26322485E-02 ) :: navier-stokes
FlowSolve: iter:    5 Assembly: (s)    0.01    0.08
FlowSolve: iter:    5 Solve:    (s)    0.02    0.09
FlowSolve:  Result Norm     :    1.4527432954665420
FlowSolve:  Relative Change :    2.6322484533621428E-003
FlowSolve: 
FlowSolve: 
FlowSolve: -------------------------------------
FlowSolve:  NAVIER-STOKES ITERATION           6
FlowSolve: -------------------------------------
FlowSolve: 
FlowSolve: Starting Assembly...
FlowSolve: Assembly:
FlowSolve: Assembly done
FlowSolve: Dirichlet conditions done
      10 0.3940E-07 0.3940E-07
BiCGStabl:       16 0.2722E-11 0.2722E-11
ComputeChange: NS (ITER=6) (NRM,RELC): (  1.4538890     0.78832212E-03 ) :: navier-stokes
FlowSolve: iter:    6 Assembly: (s)    0.01    0.09
FlowSolve: iter:    6 Solve:    (s)    0.02    0.10
FlowSolve:  Result Norm     :    1.4538889767211007
FlowSolve:  Relative Change :    7.8832211802040805E-004
FlowSolve: 
FlowSolve: 
FlowSolve: -------------------------------------
FlowSolve:  NAVIER-STOKES ITERATION           7
FlowSolve: -------------------------------------
FlowSolve: 
FlowSolve: Starting Assembly...
FlowSolve: Assembly:
FlowSolve: Assembly done
FlowSolve: Dirichlet conditions done
      10 0.1180E-07 0.1180E-07
BiCGStabl:       16 0.2597E-11 0.2597E-11
ComputeChange: NS (ITER=7) (NRM,RELC): (  1.4542327     0.23637553E-03 ) :: navier-stokes
FlowSolve: iter:    7 Assembly: (s)    0.01    0.11
FlowSolve: iter:    7 Solve:    (s)    0.02    0.12
FlowSolve:  Result Norm     :    1.4542326811258222
FlowSolve:  Relative Change :    2.3637553387356608E-004
FlowSolve: 
FlowSolve: 
FlowSolve: -------------------------------------
FlowSolve:  NAVIER-STOKES ITERATION           8
FlowSolve: -------------------------------------
FlowSolve: 
FlowSolve: Starting Assembly...
FlowSolve: Assembly:
FlowSolve: Assembly done
FlowSolve: Dirichlet conditions done
      10 0.3534E-08 0.3534E-08
BiCGStabl:       15 0.8114E-11 0.8114E-11
ComputeChange: NS (ITER=8) (NRM,RELC): (  1.4543358     0.70901872E-04 ) :: navier-stokes
FlowSolve: iter:    8 Assembly: (s)    0.02    0.12
FlowSolve: iter:    8 Solve:    (s)    0.02    0.14
FlowSolve:  Result Norm     :    1.4543357926003575
FlowSolve:  Relative Change :    7.0901871808606905E-005
FlowSolve: 
FlowSolve: 
FlowSolve: -------------------------------------
FlowSolve:  NAVIER-STOKES ITERATION           9
FlowSolve: -------------------------------------
FlowSolve: 
FlowSolve: Starting Assembly...
FlowSolve: Assembly:
FlowSolve: Assembly done
FlowSolve: Dirichlet conditions done
      10 0.1059E-08 0.1059E-08
BiCGStabl:       14 0.5691E-11 0.5691E-11
ComputeChange: NS (ITER=9) (NRM,RELC): (  1.4543667     0.21269627E-04 ) :: navier-stokes
FlowSolve: iter:    9 Assembly: (s)    0.01    0.14
FlowSolve: iter:    9 Solve:    (s)    0.02    0.15
FlowSolve:  Result Norm     :    1.4543667261090578
FlowSolve:  Relative Change :    2.1269626922205842E-005
FlowSolve: 
FlowSolve: 
FlowSolve: -------------------------------------
FlowSolve:  NAVIER-STOKES ITERATION          10
FlowSolve: -------------------------------------
FlowSolve: 
FlowSolve: Starting Assembly...
FlowSolve: Assembly:
FlowSolve: Assembly done
FlowSolve: Dirichlet conditions done
      10 0.3173E-09 0.3173E-09
BiCGStabl:       14 0.5233E-11 0.5233E-11
ComputeChange: NS (ITER=10) (NRM,RELC): (  1.4543760     0.63808134E-05 ) :: navier-stokes
FlowSolve: iter:   10 Assembly: (s)    0.02    0.15
FlowSolve: iter:   10 Solve:    (s)    0.02    0.17
FlowSolve:  Result Norm     :    1.4543760061813309
FlowSolve:  Relative Change :    6.3808133803360059E-006
ComputeChange: SS (ITER=4) (NRM,RELC): (  1.0163569     0.26250298     ) :: navier-stokes
ResultOutputSolver: -------------------------------------
ResultOutputSolver: Saving in unstructured VTK XML (.vtu) format
ResultOutputSolver: -------------------------------------
MAIN: 
MAIN: -------------------------------------
MAIN:  Steady state iteration:            5
MAIN: -------------------------------------
MAIN: 
HeatSolver: ------------------------------------------------
HeatSolver: Solving energy equation for temperature
HeatSolver: Heat solver iteration: 1
IterSolver: "Linear System GCR Restart" not given, setting it to 200
   gcr:    10  0.5131E-06  0.5775E-06
   gcr:    20  0.2486E-09  0.4934E-09
   gcr:    30  0.9221E-11  0.1775E-10
ComputeChange: NS (ITER=1) (NRM,RELC): (  300.00013     0.91432140E-07 ) :: heat equation
HeatSolver: Heat solver iteration: 2
IterSolver: "Linear System GCR Restart" not given, setting it to 200
   gcr:    10  0.1539E-06  0.1733E-06
   gcr:    20  0.7467E-10  0.1480E-09
ComputeChange: NS (ITER=2) (NRM,RELC): (  300.00014     0.30214623E-07 ) :: heat equation
HeatSolver: Heat solver iteration: 3
IterSolver: "Linear System GCR Restart" not given, setting it to 200
   gcr:    10  0.4618E-07  0.5198E-07
   gcr:    20  0.2271E-10  0.4443E-10
ComputeChange: NS (ITER=3) (NRM,RELC): (  300.00014     0.93850969E-08 ) :: heat equation
HeatSolver: Heat solver iteration: 4
IterSolver: "Linear System GCR Restart" not given, setting it to 200
   gcr:    10  0.1385E-07  0.1559E-07
   gcr:    20  0.7113E-11  0.1336E-10
ComputeChange: NS (ITER=4) (NRM,RELC): (  300.00014     0.29644420E-08 ) :: heat equation
HeatSolver: Heat solver iteration: 5
IterSolver: "Linear System GCR Restart" not given, setting it to 200
   gcr:    10  0.4156E-08  0.4678E-08
ComputeChange: NS (ITER=5) (NRM,RELC): (  300.00015     0.96301137E-09 ) :: heat equation
HeatSolver: Heat solver iteration: 6
IterSolver: "Linear System GCR Restart" not given, setting it to 200
   gcr:    10  0.1247E-08  0.1403E-08
ComputeChange: NS (ITER=6) (NRM,RELC): (  300.00015     0.31586925E-09 ) :: heat equation
HeatSolver: Heat solver iteration: 7
IterSolver: "Linear System GCR Restart" not given, setting it to 200
   gcr:    10  0.3741E-09  0.4210E-09
ComputeChange: NS (ITER=7) (NRM,RELC): (  300.00015     0.11039972E-09 ) :: heat equation
HeatSolver: Heat solver iteration: 8
IterSolver: "Linear System GCR Restart" not given, setting it to 200
   gcr:    10  0.1123E-09  0.1262E-09
ComputeChange: NS (ITER=8) (NRM,RELC): (  300.00015     0.40257627E-10 ) :: heat equation
ComputeChange: SS (ITER=5) (NRM,RELC): (  300.00012     0.43830114E-07 ) :: heat equation
FlowSolve: 
FlowSolve: 
FlowSolve: -------------------------------------
FlowSolve:  NAVIER-STOKES ITERATION           1
FlowSolve: -------------------------------------
FlowSolve: 
FlowSolve: Starting Assembly...
FlowSolve: Assembly:
FlowSolve: Assembly done
FlowSolve: Dirichlet conditions done
      10 0.1564E-04 0.1564E-04
BiCGStabl:       19 0.1762E-11 0.1762E-11
ComputeChange: NS (ITER=1) (NRM,RELC): (  1.3922179     0.31210243     ) :: navier-stokes
FlowSolve: iter:    1 Assembly: (s)    0.02    0.02
FlowSolve: iter:    1 Solve:    (s)    0.02    0.02
FlowSolve:  Result Norm     :    1.3922179366509271
FlowSolve:  Relative Change :   0.31210243488561018
FlowSolve: 
FlowSolve: 
FlowSolve: -------------------------------------
FlowSolve:  NAVIER-STOKES ITERATION           2
FlowSolve: -------------------------------------
FlowSolve: 
FlowSolve: Starting Assembly...
FlowSolve: Assembly:
FlowSolve: Assembly done
FlowSolve: Dirichlet conditions done
      10 0.4859E-05 0.4859E-05
BiCGStabl:       19 0.1052E-11 0.1052E-11
ComputeChange: NS (ITER=2) (NRM,RELC): (  1.5049506     0.77822660E-01 ) :: navier-stokes
FlowSolve: iter:    2 Assembly: (s)    0.02    0.03
FlowSolve: iter:    2 Solve:    (s)    0.02    0.04
FlowSolve:  Result Norm     :    1.5049506176548502
FlowSolve:  Relative Change :    7.7822659531755295E-002
FlowSolve: 
FlowSolve: 
FlowSolve: -------------------------------------
FlowSolve:  NAVIER-STOKES ITERATION           3
FlowSolve: -------------------------------------
FlowSolve: 
FlowSolve: Starting Assembly...
FlowSolve: Assembly:
FlowSolve: Assembly done
FlowSolve: Dirichlet conditions done
      10 0.1453E-05 0.1453E-05
BiCGStabl:       18 0.8792E-11 0.8792E-11
ComputeChange: NS (ITER=3) (NRM,RELC): (  1.5387655     0.22219496E-01 ) :: navier-stokes
FlowSolve: iter:    3 Assembly: (s)    0.02    0.05
FlowSolve: iter:    3 Solve:    (s)    0.02    0.05
FlowSolve:  Result Norm     :    1.5387655364081712
FlowSolve:  Relative Change :    2.2219495538821413E-002
FlowSolve: 
FlowSolve: 
FlowSolve: -------------------------------------
FlowSolve:  NAVIER-STOKES ITERATION           4
FlowSolve: -------------------------------------
FlowSolve: 
FlowSolve: Starting Assembly...
FlowSolve: Assembly:
FlowSolve: Assembly done
FlowSolve: Dirichlet conditions done
      10 0.4305E-06 0.4305E-06
BiCGStabl:       17 0.3195E-11 0.3195E-11
ComputeChange: NS (ITER=4) (NRM,RELC): (  1.5489095     0.65706294E-02 ) :: navier-stokes
FlowSolve: iter:    4 Assembly: (s)    0.02    0.06
FlowSolve: iter:    4 Solve:    (s)    0.02    0.07
FlowSolve:  Result Norm     :    1.5489095207050949
FlowSolve:  Relative Change :    6.5706294278307818E-003
FlowSolve: 
FlowSolve: 
FlowSolve: -------------------------------------
FlowSolve:  NAVIER-STOKES ITERATION           5
FlowSolve: -------------------------------------
FlowSolve: 
FlowSolve: Starting Assembly...
FlowSolve: Assembly:
FlowSolve: Assembly done
FlowSolve: Dirichlet conditions done
      10 0.1281E-06 0.1281E-06
BiCGStabl:       16 0.9622E-11 0.9622E-11
ComputeChange: NS (ITER=5) (NRM,RELC): (  1.5519527     0.19627785E-02 ) :: navier-stokes
FlowSolve: iter:    5 Assembly: (s)    0.02    0.08
FlowSolve: iter:    5 Solve:    (s)    0.02    0.09
FlowSolve:  Result Norm     :    1.5519526734876357
FlowSolve:  Relative Change :    1.9627784738321745E-003
FlowSolve: 
FlowSolve: 
FlowSolve: -------------------------------------
FlowSolve:  NAVIER-STOKES ITERATION           6
FlowSolve: -------------------------------------
FlowSolve: 
FlowSolve: Starting Assembly...
FlowSolve: Assembly:
FlowSolve: Assembly done
FlowSolve: Dirichlet conditions done
      10 0.3819E-07 0.3819E-07
BiCGStabl:       16 0.3952E-11 0.3952E-11
ComputeChange: NS (ITER=6) (NRM,RELC): (  1.5528656     0.58808143E-03 ) :: navier-stokes
FlowSolve: iter:    6 Assembly: (s)    0.02    0.09
FlowSolve: iter:    6 Solve:    (s)    0.02    0.10
FlowSolve:  Result Norm     :    1.5528656164804739
FlowSolve:  Relative Change :    5.8808143187513934E-004
FlowSolve: 
FlowSolve: 
FlowSolve: -------------------------------------
FlowSolve:  NAVIER-STOKES ITERATION           7
FlowSolve: -------------------------------------
FlowSolve: 
FlowSolve: Starting Assembly...
FlowSolve: Assembly:
FlowSolve: Assembly done
FlowSolve: Dirichlet conditions done
      10 0.1140E-07 0.1140E-07
BiCGStabl:       16 0.1466E-11 0.1466E-11
ComputeChange: NS (ITER=7) (NRM,RELC): (  1.5531395     0.17635706E-03 ) :: navier-stokes
FlowSolve: iter:    7 Assembly: (s)    0.02    0.11
FlowSolve: iter:    7 Solve:    (s)    0.02    0.12
FlowSolve:  Result Norm     :    1.5531394994407177
FlowSolve:  Relative Change :    1.7635705674782647E-004
FlowSolve: 
FlowSolve: 
FlowSolve: -------------------------------------
FlowSolve:  NAVIER-STOKES ITERATION           8
FlowSolve: -------------------------------------
FlowSolve: 
FlowSolve: Starting Assembly...
FlowSolve: Assembly:
FlowSolve: Assembly done
FlowSolve: Dirichlet conditions done
      10 0.3409E-08 0.3409E-08
BiCGStabl:       15 0.9412E-11 0.9412E-11
ComputeChange: NS (ITER=8) (NRM,RELC): (  1.5532217     0.52901115E-04 ) :: navier-stokes
FlowSolve: iter:    8 Assembly: (s)    0.02    0.12
FlowSolve: iter:    8 Solve:    (s)    0.02    0.14
FlowSolve:  Result Norm     :    1.5532216644248795
FlowSolve:  Relative Change :    5.2901114730365793E-005
FlowSolve: 
FlowSolve: 
FlowSolve: -------------------------------------
FlowSolve:  NAVIER-STOKES ITERATION           9
FlowSolve: -------------------------------------
FlowSolve: 
FlowSolve: Starting Assembly...
FlowSolve: Assembly:
FlowSolve: Assembly done
FlowSolve: Dirichlet conditions done
      10 0.1020E-08 0.1020E-08
BiCGStabl:       15 0.7011E-11 0.7011E-11
ComputeChange: NS (ITER=9) (NRM,RELC): (  1.5532463     0.15869821E-04 ) :: navier-stokes
FlowSolve: iter:    9 Assembly: (s)    0.02    0.14
FlowSolve: iter:    9 Solve:    (s)    0.02    0.15
FlowSolve:  Result Norm     :    1.5532463139700672
FlowSolve:  Relative Change :    1.5869820876374490E-005
FlowSolve: 
FlowSolve: 
FlowSolve: -------------------------------------
FlowSolve:  NAVIER-STOKES ITERATION          10
FlowSolve: -------------------------------------
FlowSolve: 
FlowSolve: Starting Assembly...
FlowSolve: Assembly:
FlowSolve: Assembly done
FlowSolve: Dirichlet conditions done
      10 0.3058E-09 0.3058E-09
BiCGStabl:       13 0.8873E-11 0.8873E-11
ComputeChange: NS (ITER=10) (NRM,RELC): (  1.5532537     0.47609000E-05 ) :: navier-stokes
FlowSolve: iter:   10 Assembly: (s)    0.02    0.15
FlowSolve: iter:   10 Solve:    (s)    0.01    0.16
FlowSolve:  Result Norm     :    1.5532537088380434
FlowSolve:  Relative Change :    4.7608999979985582E-006
ComputeChange: SS (ITER=5) (NRM,RELC): (  1.2042560     0.16923178     ) :: navier-stokes
ResultOutputSolver: -------------------------------------
ResultOutputSolver: Saving in unstructured VTK XML (.vtu) format
ResultOutputSolver: -------------------------------------
MAIN: 
MAIN: -------------------------------------
MAIN:  Steady state iteration:            6
MAIN: -------------------------------------
MAIN: 
HeatSolver: ------------------------------------------------
HeatSolver: Solving energy equation for temperature
HeatSolver: Heat solver iteration: 1
IterSolver: "Linear System GCR Restart" not given, setting it to 200
   gcr:    10  0.4041E-06  0.4951E-06
   gcr:    20  0.2465E-09  0.3974E-09
   gcr:    30  0.7818E-11  0.1571E-10
ComputeChange: NS (ITER=1) (NRM,RELC): (  300.00014     0.61968705E-07 ) :: heat equation
HeatSolver: Heat solver iteration: 2
IterSolver: "Linear System GCR Restart" not given, setting it to 200
   gcr:    10  0.1212E-06  0.1485E-06
   gcr:    20  0.7399E-10  0.1192E-09
ComputeChange: NS (ITER=2) (NRM,RELC): (  300.00014     0.20095322E-07 ) :: heat equation
HeatSolver: Heat solver iteration: 3
IterSolver: "Linear System GCR Restart" not given, setting it to 200
   gcr:    10  0.3637E-07  0.4456E-07
   gcr:    20  0.2228E-10  0.3577E-10
ComputeChange: NS (ITER=3) (NRM,RELC): (  300.00014     0.58685337E-08 ) :: heat equation
HeatSolver: Heat solver iteration: 4
IterSolver: "Linear System GCR Restart" not given, setting it to 200
   gcr:    10  0.1091E-07  0.1337E-07
   gcr:    20  0.7309E-11  0.1077E-10
ComputeChange: NS (ITER=4) (NRM,RELC): (  300.00014     0.19298295E-08 ) :: heat equation
HeatSolver: Heat solver iteration: 5
IterSolver: "Linear System GCR Restart" not given, setting it to 200
   gcr:    10  0.3273E-08  0.4010E-08
ComputeChange: NS (ITER=5) (NRM,RELC): (  300.00015     0.69020326E-09 ) :: heat equation
HeatSolver: Heat solver iteration: 6
IterSolver: "Linear System GCR Restart" not given, setting it to 200
   gcr:    10  0.9820E-09  0.1203E-08
ComputeChange: NS (ITER=6) (NRM,RELC): (  300.00015     0.24749328E-09 ) :: heat equation
HeatSolver: Heat solver iteration: 7
IterSolver: "Linear System GCR Restart" not given, setting it to 200
   gcr:    10  0.2946E-09  0.3609E-09
ComputeChange: NS (ITER=7) (NRM,RELC): (  300.00015     0.97728380E-10 ) :: heat equation
ComputeChange: SS (ITER=6) (NRM,RELC): (  300.00013     0.29993300E-07 ) :: heat equation
FlowSolve: 
FlowSolve: 
FlowSolve: -------------------------------------
FlowSolve:  NAVIER-STOKES ITERATION           1
FlowSolve: -------------------------------------
FlowSolve: 
FlowSolve: Starting Assembly...
FlowSolve: Assembly:
FlowSolve: Assembly done
FlowSolve: Dirichlet conditions done
      10 0.1107E-04 0.1107E-04
BiCGStabl:       18 0.6062E-11 0.6062E-11
ComputeChange: NS (ITER=1) (NRM,RELC): (  1.4891216     0.21153037     ) :: navier-stokes
FlowSolve: iter:    1 Assembly: (s)    0.02    0.02
FlowSolve: iter:    1 Solve:    (s)    0.02    0.02
FlowSolve:  Result Norm     :    1.4891216308415649
FlowSolve:  Relative Change :   0.21153037167746722
FlowSolve: 
FlowSolve: 
FlowSolve: -------------------------------------
FlowSolve:  NAVIER-STOKES ITERATION           2
FlowSolve: -------------------------------------
FlowSolve: 
FlowSolve: Starting Assembly...
FlowSolve: Assembly:
FlowSolve: Assembly done
FlowSolve: Dirichlet conditions done
      10 0.2871E-05 0.2871E-05
BiCGStabl:       19 0.1154E-11 0.1154E-11
ComputeChange: NS (ITER=2) (NRM,RELC): (  1.5745750     0.55784490E-01 ) :: navier-stokes
FlowSolve: iter:    2 Assembly: (s)    0.02    0.03
FlowSolve: iter:    2 Solve:    (s)    0.02    0.04
FlowSolve:  Result Norm     :    1.5745750077069398
FlowSolve:  Relative Change :    5.5784489750173416E-002
FlowSolve: 
FlowSolve: 
FlowSolve: -------------------------------------
FlowSolve:  NAVIER-STOKES ITERATION           3
FlowSolve: -------------------------------------
FlowSolve: 
FlowSolve: Starting Assembly...
FlowSolve: Assembly:
FlowSolve: Assembly done
FlowSolve: Dirichlet conditions done
      10 0.8999E-06 0.8999E-06
BiCGStabl:       18 0.3625E-11 0.3625E-11
ComputeChange: NS (ITER=3) (NRM,RELC): (  1.6002091     0.16148583E-01 ) :: navier-stokes
FlowSolve: iter:    3 Assembly: (s)    0.02    0.05
FlowSolve: iter:    3 Solve:    (s)    0.02    0.06
FlowSolve:  Result Norm     :    1.6002091408777117
FlowSolve:  Relative Change :    1.6148583318459517E-002
FlowSolve: 
FlowSolve: 
FlowSolve: -------------------------------------
FlowSolve:  NAVIER-STOKES ITERATION           4
FlowSolve: -------------------------------------
FlowSolve: 
FlowSolve: Starting Assembly...
FlowSolve: Assembly:
FlowSolve: Assembly done
FlowSolve: Dirichlet conditions done
      10 0.3051E-06 0.3051E-06
BiCGStabl:       17 0.5573E-11 0.5573E-11
ComputeChange: NS (ITER=4) (NRM,RELC): (  1.6078992     0.47941306E-02 ) :: navier-stokes
FlowSolve: iter:    4 Assembly: (s)    0.02    0.06
FlowSolve: iter:    4 Solve:    (s)    0.02    0.07
FlowSolve:  Result Norm     :    1.6078991859624747
FlowSolve:  Relative Change :    4.7941305600096669E-003
FlowSolve: 
FlowSolve: 
FlowSolve: -------------------------------------
FlowSolve:  NAVIER-STOKES ITERATION           5
FlowSolve: -------------------------------------
FlowSolve: 
FlowSolve: Starting Assembly...
FlowSolve: Assembly:
FlowSolve: Assembly done
FlowSolve: Dirichlet conditions done
      10 0.9492E-07 0.9492E-07
BiCGStabl:       17 0.4371E-11 0.4371E-11
ComputeChange: NS (ITER=5) (NRM,RELC): (  1.6102062     0.14337611E-02 ) :: navier-stokes
FlowSolve: iter:    5 Assembly: (s)    0.02    0.08
FlowSolve: iter:    5 Solve:    (s)    0.02    0.09
FlowSolve:  Result Norm     :    1.6102061831618730
FlowSolve:  Relative Change :    1.4337611325797245E-003
FlowSolve: 
FlowSolve: 
FlowSolve: -------------------------------------
FlowSolve:  NAVIER-STOKES ITERATION           6
FlowSolve: -------------------------------------
FlowSolve: 
FlowSolve: Starting Assembly...
FlowSolve: Assembly:
FlowSolve: Assembly done
FlowSolve: Dirichlet conditions done
      10 0.2891E-07 0.2891E-07
BiCGStabl:       16 0.6867E-11 0.6867E-11
ComputeChange: NS (ITER=6) (NRM,RELC): (  1.6108983     0.42972733E-03 ) :: navier-stokes
FlowSolve: iter:    6 Assembly: (s)    0.02    0.09
FlowSolve: iter:    6 Solve:    (s)    0.02    0.11
FlowSolve:  Result Norm     :    1.6108982814765502
FlowSolve:  Relative Change :    4.2972733251909155E-004
FlowSolve: 
FlowSolve: 
FlowSolve: -------------------------------------
FlowSolve:  NAVIER-STOKES ITERATION           7
FlowSolve: -------------------------------------
FlowSolve: 
FlowSolve: Starting Assembly...
FlowSolve: Assembly:
FlowSolve: Assembly done
FlowSolve: Dirichlet conditions done
      10 0.8751E-08 0.8751E-08
BiCGStabl:       16 0.4308E-11 0.4308E-11
ComputeChange: NS (ITER=7) (NRM,RELC): (  1.6111059     0.12888227E-03 ) :: navier-stokes
FlowSolve: iter:    7 Assembly: (s)    0.02    0.11
FlowSolve: iter:    7 Solve:    (s)    0.02    0.12
FlowSolve:  Result Norm     :    1.6111059110799506
FlowSolve:  Relative Change :    1.2888226767677070E-004
FlowSolve: 
FlowSolve: 
FlowSolve: -------------------------------------
FlowSolve:  NAVIER-STOKES ITERATION           8
FlowSolve: -------------------------------------
FlowSolve: 
FlowSolve: Starting Assembly...
FlowSolve: Assembly:
FlowSolve: Assembly done
FlowSolve: Dirichlet conditions done
      10 0.2644E-08 0.2644E-08
BiCGStabl:       14 0.5776E-11 0.5776E-11
ComputeChange: NS (ITER=8) (NRM,RELC): (  1.6111682     0.38661494E-04 ) :: navier-stokes
FlowSolve: iter:    8 Assembly: (s)    0.02    0.13
FlowSolve: iter:    8 Solve:    (s)    0.02    0.14
FlowSolve:  Result Norm     :    1.6111682000462719
FlowSolve:  Relative Change :    3.8661494443470218E-005
FlowSolve: 
FlowSolve: 
FlowSolve: -------------------------------------
FlowSolve:  NAVIER-STOKES ITERATION           9
FlowSolve: -------------------------------------
FlowSolve: 
FlowSolve: Starting Assembly...
FlowSolve: Assembly:
FlowSolve: Assembly done
FlowSolve: Dirichlet conditions done
      10 0.7986E-09 0.7986E-09
BiCGStabl:       14 0.5765E-11 0.5765E-11
ComputeChange: NS (ITER=9) (NRM,RELC): (  1.6111869     0.11598169E-04 ) :: navier-stokes
FlowSolve: iter:    9 Assembly: (s)    0.02    0.14
FlowSolve: iter:    9 Solve:    (s)    0.01    0.15
FlowSolve:  Result Norm     :    1.6111868867565133
FlowSolve:  Relative Change :    1.1598169499036891E-005
FlowSolve: 
FlowSolve: 
FlowSolve: -------------------------------------
FlowSolve:  NAVIER-STOKES ITERATION          10
FlowSolve: -------------------------------------
FlowSolve: 
FlowSolve: Starting Assembly...
FlowSolve: Assembly:
FlowSolve: Assembly done
FlowSolve: Dirichlet conditions done
      10 0.2411E-09 0.2411E-09
BiCGStabl:       12 0.5510E-11 0.5510E-11
ComputeChange: NS (ITER=10) (NRM,RELC): (  1.6111925     0.34794226E-05 ) :: navier-stokes
FlowSolve: iter:   10 Assembly: (s)    0.01    0.16
FlowSolve: iter:   10 Solve:    (s)    0.01    0.17
FlowSolve:  Result Norm     :    1.6111924927664050
FlowSolve:  Relative Change :    3.4794226448062645E-006
ComputeChange: SS (ITER=6) (NRM,RELC): (  1.3466646     0.11165265     ) :: navier-stokes
ResultOutputSolver: -------------------------------------
ResultOutputSolver: Saving in unstructured VTK XML (.vtu) format
ResultOutputSolver: -------------------------------------
MAIN: 
MAIN: -------------------------------------
MAIN:  Steady state iteration:            7
MAIN: -------------------------------------
MAIN: 
HeatSolver: ------------------------------------------------
HeatSolver: Solving energy equation for temperature
HeatSolver: Heat solver iteration: 1
IterSolver: "Linear System GCR Restart" not given, setting it to 200
   gcr:    10  0.3009E-06  0.3898E-06
   gcr:    20  0.2285E-09  0.3045E-09
   gcr:    30  0.6387E-11  0.1151E-10
ComputeChange: NS (ITER=1) (NRM,RELC): (  300.00014     0.41344232E-07 ) :: heat equation
HeatSolver: Heat solver iteration: 2
IterSolver: "Linear System GCR Restart" not given, setting it to 200
   gcr:    10  0.9027E-07  0.1169E-06
   gcr:    20  0.6855E-10  0.9135E-10
ComputeChange: NS (ITER=2) (NRM,RELC): (  300.00014     0.13102397E-07 ) :: heat equation
HeatSolver: Heat solver iteration: 3
IterSolver: "Linear System GCR Restart" not given, setting it to 200
   gcr:    10  0.2708E-07  0.3508E-07
   gcr:    20  0.2086E-10  0.2742E-10
ComputeChange: NS (ITER=3) (NRM,RELC): (  300.00014     0.37880021E-08 ) :: heat equation
HeatSolver: Heat solver iteration: 4
IterSolver: "Linear System GCR Restart" not given, setting it to 200
   gcr:    10  0.8124E-08  0.1052E-07
   gcr:    20  0.7026E-11  0.8286E-11
ComputeChange: NS (ITER=4) (NRM,RELC): (  300.00014     0.12962425E-08 ) :: heat equation
HeatSolver: Heat solver iteration: 5
IterSolver: "Linear System GCR Restart" not given, setting it to 200
   gcr:    10  0.2437E-08  0.3157E-08
ComputeChange: NS (ITER=5) (NRM,RELC): (  300.00014     0.50535973E-09 ) :: heat equation
HeatSolver: Heat solver iteration: 6
IterSolver: "Linear System GCR Restart" not given, setting it to 200
   gcr:    10  0.7311E-09  0.9472E-09
ComputeChange: NS (ITER=6) (NRM,RELC): (  300.00014     0.20214514E-09 ) :: heat equation
HeatSolver: Heat solver iteration: 7
IterSolver: "Linear System GCR Restart" not given, setting it to 200
   gcr:    10  0.2193E-09  0.2841E-09
ComputeChange: NS (ITER=7) (NRM,RELC): (  300.00014     0.86943862E-10 ) :: heat equation
ComputeChange: SS (ITER=7) (NRM,RELC): (  300.00013     0.20114886E-07 ) :: heat equation
FlowSolve: 
FlowSolve: 
FlowSolve: -------------------------------------
FlowSolve:  NAVIER-STOKES ITERATION           1
FlowSolve: -------------------------------------
FlowSolve: 
FlowSolve: Starting Assembly...
FlowSolve: Assembly:
FlowSolve: Assembly done
FlowSolve: Dirichlet conditions done
      10 0.7749E-05 0.7749E-05
BiCGStabl:       18 0.9431E-11 0.9431E-11
ComputeChange: NS (ITER=1) (NRM,RELC): (  1.5544715     0.14325900     ) :: navier-stokes
FlowSolve: iter:    1 Assembly: (s)    0.02    0.02
FlowSolve: iter:    1 Solve:    (s)    0.02    0.02
FlowSolve:  Result Norm     :    1.5544714933246699
FlowSolve:  Relative Change :   0.14325900442807790
FlowSolve: 
FlowSolve: 
FlowSolve: -------------------------------------
FlowSolve:  NAVIER-STOKES ITERATION           2
FlowSolve: -------------------------------------
FlowSolve: 
FlowSolve: Starting Assembly...
FlowSolve: Assembly:
FlowSolve: Assembly done
FlowSolve: Dirichlet conditions done
      10 0.4219E-05 0.4219E-05
BiCGStabl:       18 0.8340E-11 0.8340E-11
ComputeChange: NS (ITER=2) (NRM,RELC): (  1.6168215     0.39321477E-01 ) :: navier-stokes
FlowSolve: iter:    2 Assembly: (s)    0.02    0.03
FlowSolve: iter:    2 Solve:    (s)    0.02    0.04
FlowSolve:  Result Norm     :    1.6168214541763826
FlowSolve:  Relative Change :    3.9321476687193962E-002
FlowSolve: 
FlowSolve: 
FlowSolve: -------------------------------------
FlowSolve:  NAVIER-STOKES ITERATION           3
FlowSolve: -------------------------------------
FlowSolve: 
FlowSolve: Starting Assembly...
FlowSolve: Assembly:
FlowSolve: Assembly done
FlowSolve: Dirichlet conditions done
      10 0.1426E-05 0.1426E-05
BiCGStabl:       16 0.9583E-11 0.9583E-11
ComputeChange: NS (ITER=3) (NRM,RELC): (  1.6355265     0.11502483E-01 ) :: navier-stokes
FlowSolve: iter:    3 Assembly: (s)    0.02    0.05
FlowSolve: iter:    3 Solve:    (s)    0.02    0.05
FlowSolve:  Result Norm     :    1.6355264932110249
FlowSolve:  Relative Change :    1.1502483336488047E-002
FlowSolve: 
FlowSolve: 
FlowSolve: -------------------------------------
FlowSolve:  NAVIER-STOKES ITERATION           4
FlowSolve: -------------------------------------
FlowSolve: 
FlowSolve: Starting Assembly...
FlowSolve: Assembly:
FlowSolve: Assembly done
FlowSolve: Dirichlet conditions done
      10 0.4385E-06 0.4385E-06
BiCGStabl:       16 0.8238E-11 0.8238E-11
ComputeChange: NS (ITER=4) (NRM,RELC): (  1.6411380     0.34251322E-02 ) :: navier-stokes
FlowSolve: iter:    4 Assembly: (s)    0.02    0.06
FlowSolve: iter:    4 Solve:    (s)    0.02    0.07
FlowSolve:  Result Norm     :    1.6411379977608871
FlowSolve:  Relative Change :    3.4251322131535543E-003
FlowSolve: 
FlowSolve: 
FlowSolve: -------------------------------------
FlowSolve:  NAVIER-STOKES ITERATION           5
FlowSolve: -------------------------------------
FlowSolve: 
FlowSolve: Starting Assembly...
FlowSolve: Assembly:
FlowSolve: Assembly done
FlowSolve: Dirichlet conditions done
      10 0.1324E-06 0.1324E-06
BiCGStabl:       16 0.3316E-11 0.3316E-11
ComputeChange: NS (ITER=5) (NRM,RELC): (  1.6428214     0.10252574E-02 ) :: navier-stokes
FlowSolve: iter:    5 Assembly: (s)    0.02    0.08
FlowSolve: iter:    5 Solve:    (s)    0.02    0.09
FlowSolve:  Result Norm     :    1.6428214495729334
FlowSolve:  Relative Change :    1.0252573693704298E-003
FlowSolve: 
FlowSolve: 
FlowSolve: -------------------------------------
FlowSolve:  NAVIER-STOKES ITERATION           6
FlowSolve: -------------------------------------
FlowSolve: 
FlowSolve: Starting Assembly...
FlowSolve: Assembly:
FlowSolve: Assembly done
FlowSolve: Dirichlet conditions done
      10 0.3985E-07 0.3985E-07
BiCGStabl:       16 0.1887E-11 0.1887E-11
ComputeChange: NS (ITER=6) (NRM,RELC): (  1.6433265     0.30737268E-03 ) :: navier-stokes
FlowSolve: iter:    6 Assembly: (s)    0.02    0.09
FlowSolve: iter:    6 Solve:    (s)    0.02    0.10
FlowSolve:  Result Norm     :    1.6433264856164664
FlowSolve:  Relative Change :    3.0737267675925040E-004
FlowSolve: 
FlowSolve: 
FlowSolve: -------------------------------------
FlowSolve:  NAVIER-STOKES ITERATION           7
FlowSolve: -------------------------------------
FlowSolve: 
FlowSolve: Starting Assembly...
FlowSolve: Assembly:
FlowSolve: Assembly done
FlowSolve: Dirichlet conditions done
      10 0.1198E-07 0.1198E-07
BiCGStabl:       16 0.4629E-12 0.4629E-12
ComputeChange: NS (ITER=7) (NRM,RELC): (  1.6434780     0.92193499E-04 ) :: navier-stokes
FlowSolve: iter:    7 Assembly: (s)    0.02    0.11
FlowSolve: iter:    7 Solve:    (s)    0.02    0.12
FlowSolve:  Result Norm     :    1.6434779966198731
FlowSolve:  Relative Change :    9.2193499324684156E-005
FlowSolve: 
FlowSolve: 
FlowSolve: -------------------------------------
FlowSolve:  NAVIER-STOKES ITERATION           8
FlowSolve: -------------------------------------
FlowSolve: 
FlowSolve: Starting Assembly...
FlowSolve: Assembly:
FlowSolve: Assembly done
FlowSolve: Dirichlet conditions done
      10 0.3599E-08 0.3599E-08
BiCGStabl:       14 0.9962E-11 0.9962E-11
ComputeChange: NS (ITER=8) (NRM,RELC): (  1.6435234     0.27656425E-04 ) :: navier-stokes
FlowSolve: iter:    8 Assembly: (s)    0.02    0.12
FlowSolve: iter:    8 Solve:    (s)    0.01    0.13
FlowSolve:  Result Norm     :    1.6435234499742073
FlowSolve:  Relative Change :    2.7656424904372338E-005
FlowSolve: 
FlowSolve: 
FlowSolve: -------------------------------------
FlowSolve:  NAVIER-STOKES ITERATION           9
FlowSolve: -------------------------------------
FlowSolve: 
FlowSolve: Starting Assembly...
FlowSolve: Assembly:
FlowSolve: Assembly done
FlowSolve: Dirichlet conditions done
      10 0.1081E-08 0.1081E-08
BiCGStabl:       13 0.9065E-11 0.9065E-11
ComputeChange: NS (ITER=9) (NRM,RELC): (  1.6435371     0.82967888E-05 ) :: navier-stokes
FlowSolve: iter:    9 Assembly: (s)    0.02    0.14
FlowSolve: iter:    9 Solve:    (s)    0.01    0.15
FlowSolve:  Result Norm     :    1.6435370859977523
FlowSolve:  Relative Change :    8.2967888152694222E-006
FlowSolve: 
FlowSolve: 
FlowSolve: -------------------------------------
FlowSolve:  NAVIER-STOKES ITERATION          10
FlowSolve: -------------------------------------
FlowSolve: 
FlowSolve: Starting Assembly...
FlowSolve: Assembly:
FlowSolve: Assembly done
FlowSolve: Dirichlet conditions done
      10 0.3247E-09 0.3247E-09
BiCGStabl:       13 0.3089E-11 0.3089E-11
ComputeChange: NS (ITER=10) (NRM,RELC): (  1.6435412     0.24890351E-05 ) :: navier-stokes
FlowSolve: iter:   10 Assembly: (s)    0.02    0.15
FlowSolve: iter:   10 Solve:    (s)    0.01    0.16
FlowSolve:  Result Norm     :    1.6435411768243486
FlowSolve:  Relative Change :    2.4890351061169506E-006
ComputeChange: SS (ITER=7) (NRM,RELC): (  1.4505498     0.74277670E-01 ) :: navier-stokes
ResultOutputSolver: -------------------------------------
ResultOutputSolver: Saving in unstructured VTK XML (.vtu) format
ResultOutputSolver: -------------------------------------
MAIN: 
MAIN: -------------------------------------
MAIN:  Steady state iteration:            8
MAIN: -------------------------------------
MAIN: 
HeatSolver: ------------------------------------------------
HeatSolver: Solving energy equation for temperature
HeatSolver: Heat solver iteration: 1
IterSolver: "Linear System GCR Restart" not given, setting it to 200
   gcr:    10  0.2173E-06  0.2880E-06
   gcr:    20  0.1943E-09  0.2272E-09
ComputeChange: NS (ITER=1) (NRM,RELC): (  300.00014     0.27300696E-07 ) :: heat equation
HeatSolver: Heat solver iteration: 2
IterSolver: "Linear System GCR Restart" not given, setting it to 200
   gcr:    10  0.6520E-07  0.8639E-07
   gcr:    20  0.5838E-10  0.6817E-10
ComputeChange: NS (ITER=2) (NRM,RELC): (  300.00014     0.85345790E-08 ) :: heat equation
HeatSolver: Heat solver iteration: 3
IterSolver: "Linear System GCR Restart" not given, setting it to 200
   gcr:    10  0.1956E-07  0.2592E-07
   gcr:    20  0.1790E-10  0.2048E-10
ComputeChange: NS (ITER=3) (NRM,RELC): (  300.00014     0.24584962E-08 ) :: heat equation
HeatSolver: Heat solver iteration: 4
IterSolver: "Linear System GCR Restart" not given, setting it to 200
   gcr:    10  0.5868E-08  0.7775E-08
ComputeChange: NS (ITER=4) (NRM,RELC): (  300.00014     0.85329169E-09 ) :: heat equation
HeatSolver: Heat solver iteration: 5
IterSolver: "Linear System GCR Restart" not given, setting it to 200
   gcr:    10  0.1760E-08  0.2332E-08
ComputeChange: NS (ITER=5) (NRM,RELC): (  300.00014     0.37314617E-09 ) :: heat equation
HeatSolver: Heat solver iteration: 6
IterSolver: "Linear System GCR Restart" not given, setting it to 200
   gcr:    10  0.5281E-09  0.6998E-09
ComputeChange: NS (ITER=6) (NRM,RELC): (  300.00014     0.15956944E-09 ) :: heat equation
HeatSolver: Heat solver iteration: 7
IterSolver: "Linear System GCR Restart" not given, setting it to 200
   gcr:    10  0.1584E-09  0.2099E-09
ComputeChange: NS (ITER=7) (NRM,RELC): (  300.00014     0.71263044E-10 ) :: heat equation
ComputeChange: SS (ITER=8) (NRM,RELC): (  300.00014     0.13340789E-07 ) :: heat equation
FlowSolve: 
FlowSolve: 
FlowSolve: -------------------------------------
FlowSolve:  NAVIER-STOKES ITERATION           1
FlowSolve: -------------------------------------
FlowSolve: 
FlowSolve: Starting Assembly...
FlowSolve: Assembly:
FlowSolve: Assembly done
FlowSolve: Dirichlet conditions done
      10 0.2320E-05 0.2320E-05
BiCGStabl:       17 0.9847E-11 0.9847E-11
ComputeChange: NS (ITER=1) (NRM,RELC): (  1.5974676     0.96402182E-01 ) :: navier-stokes
FlowSolve: iter:    1 Assembly: (s)    0.01    0.01
FlowSolve: iter:    1 Solve:    (s)    0.02    0.02
FlowSolve:  Result Norm     :    1.5974676131637362
FlowSolve:  Relative Change :    9.6402182257091740E-002
FlowSolve: 
FlowSolve: 
FlowSolve: -------------------------------------
FlowSolve:  NAVIER-STOKES ITERATION           2
FlowSolve: -------------------------------------
FlowSolve: 
FlowSolve: Starting Assembly...
FlowSolve: Assembly:
FlowSolve: Assembly done
FlowSolve: Dirichlet conditions done
      10 0.6587E-06 0.6587E-06
BiCGStabl:       17 0.4304E-11 0.4304E-11
ComputeChange: NS (ITER=2) (NRM,RELC): (  1.6415583     0.27224644E-01 ) :: navier-stokes
FlowSolve: iter:    2 Assembly: (s)    0.02    0.03
FlowSolve: iter:    2 Solve:    (s)    0.02    0.03
FlowSolve:  Result Norm     :    1.6415582763640180
FlowSolve:  Relative Change :    2.7224643892371066E-002
FlowSolve: 
FlowSolve: 
FlowSolve: -------------------------------------
FlowSolve:  NAVIER-STOKES ITERATION           3
FlowSolve: -------------------------------------
FlowSolve: 
FlowSolve: Starting Assembly...
FlowSolve: Assembly:
FlowSolve: Assembly done
FlowSolve: Dirichlet conditions done
      10 0.6602E-06 0.6602E-06
BiCGStabl:       16 0.4298E-11 0.4298E-11
ComputeChange: NS (ITER=3) (NRM,RELC): (  1.6547865     0.80260106E-02 ) :: navier-stokes
FlowSolve: iter:    3 Assembly: (s)    0.01    0.05
FlowSolve: iter:    3 Solve:    (s)    0.02    0.05
FlowSolve:  Result Norm     :    1.6547865254577578
FlowSolve:  Relative Change :    8.0260105595925998E-003
FlowSolve: 
FlowSolve: 
FlowSolve: -------------------------------------
FlowSolve:  NAVIER-STOKES ITERATION           4
FlowSolve: -------------------------------------
FlowSolve: 
FlowSolve: Starting Assembly...
FlowSolve: Assembly:
FlowSolve: Assembly done
FlowSolve: Dirichlet conditions done
      10 0.1006E-05 0.1006E-05
BiCGStabl:       16 0.5779E-11 0.5779E-11
ComputeChange: NS (ITER=4) (NRM,RELC): (  1.6587551     0.23953616E-02 ) :: navier-stokes
FlowSolve: iter:    4 Assembly: (s)    0.01    0.06
FlowSolve: iter:    4 Solve:    (s)    0.02    0.07
FlowSolve:  Result Norm     :    1.6587550905532105
FlowSolve:  Relative Change :    2.3953615528934939E-003
FlowSolve: 
FlowSolve: 
FlowSolve: -------------------------------------
FlowSolve:  NAVIER-STOKES ITERATION           5
FlowSolve: -------------------------------------
FlowSolve: 
FlowSolve: Starting Assembly...
FlowSolve: Assembly:
FlowSolve: Assembly done
FlowSolve: Dirichlet conditions done
      10 0.8255E-07 0.8255E-07
BiCGStabl:       16 0.1751E-11 0.1751E-11
ComputeChange: NS (ITER=5) (NRM,RELC): (  1.6599457     0.71749694E-03 ) :: navier-stokes
FlowSolve: iter:    5 Assembly: (s)    0.02    0.08
FlowSolve: iter:    5 Solve:    (s)    0.02    0.08
FlowSolve:  Result Norm     :    1.6599456693743042
FlowSolve:  Relative Change :    7.1749694065201004E-004
FlowSolve: 
FlowSolve: 
FlowSolve: -------------------------------------
FlowSolve:  NAVIER-STOKES ITERATION           6
FlowSolve: -------------------------------------
FlowSolve: 
FlowSolve: Starting Assembly...
FlowSolve: Assembly:
FlowSolve: Assembly done
FlowSolve: Dirichlet conditions done
      10 0.1583E-07 0.1583E-07
BiCGStabl:       14 0.9680E-11 0.9680E-11
ComputeChange: NS (ITER=6) (NRM,RELC): (  1.6603028     0.21514949E-03 ) :: navier-stokes
FlowSolve: iter:    6 Assembly: (s)    0.01    0.09
FlowSolve: iter:    6 Solve:    (s)    0.01    0.10
FlowSolve:  Result Norm     :    1.6603028442687278
FlowSolve:  Relative Change :    2.1514949435616349E-004
FlowSolve: 
FlowSolve: 
FlowSolve: -------------------------------------
FlowSolve:  NAVIER-STOKES ITERATION           7
FlowSolve: -------------------------------------
FlowSolve: 
FlowSolve: Starting Assembly...
FlowSolve: Assembly:
FlowSolve: Assembly done
FlowSolve: Dirichlet conditions done
      10 0.2795E-08 0.2795E-08
BiCGStabl:       14 0.4153E-11 0.4153E-11
ComputeChange: NS (ITER=7) (NRM,RELC): (  1.6604100     0.64535973E-04 ) :: navier-stokes
FlowSolve: iter:    7 Assembly: (s)    0.01    0.11
FlowSolve: iter:    7 Solve:    (s)    0.01    0.11
FlowSolve:  Result Norm     :    1.6604099969858104
FlowSolve:  Relative Change :    6.4535972970269435E-005
FlowSolve: 
FlowSolve: 
FlowSolve: -------------------------------------
FlowSolve:  NAVIER-STOKES ITERATION           8
FlowSolve: -------------------------------------
FlowSolve: 
FlowSolve: Starting Assembly...
FlowSolve: Assembly:
FlowSolve: Assembly done
FlowSolve: Dirichlet conditions done
      10 0.2861E-09 0.2861E-09
BiCGStabl:       13 0.5321E-11 0.5321E-11
ComputeChange: NS (ITER=8) (NRM,RELC): (  1.6604421     0.19360018E-04 ) :: navier-stokes
FlowSolve: iter:    8 Assembly: (s)    0.02    0.12
FlowSolve: iter:    8 Solve:    (s)    0.01    0.13
FlowSolve:  Result Norm     :    1.6604421428647491
FlowSolve:  Relative Change :    1.9360018203150190E-005
FlowSolve: 
FlowSolve: 
FlowSolve: -------------------------------------
FlowSolve:  NAVIER-STOKES ITERATION           9
FlowSolve: -------------------------------------
FlowSolve: 
FlowSolve: Starting Assembly...
FlowSolve: Assembly:
FlowSolve: Assembly done
FlowSolve: Dirichlet conditions done
      10 0.1998E-09 0.1998E-09
BiCGStabl:       13 0.9829E-11 0.9829E-11
ComputeChange: NS (ITER=9) (NRM,RELC): (  1.6604518     0.58079509E-05 ) :: navier-stokes
FlowSolve: iter:    9 Assembly: (s)    0.02    0.14
FlowSolve: iter:    9 Solve:    (s)    0.01    0.14
FlowSolve:  Result Norm     :    1.6604517866592094
FlowSolve:  Relative Change :    5.8079509102038005E-006
FlowSolve: 
FlowSolve: 
FlowSolve: -------------------------------------
FlowSolve:  NAVIER-STOKES ITERATION          10
FlowSolve: -------------------------------------
FlowSolve: 
FlowSolve: Starting Assembly...
FlowSolve: Assembly:
FlowSolve: Assembly done
FlowSolve: Dirichlet conditions done
      10 0.7211E-10 0.7211E-10
BiCGStabl:       12 0.8897E-11 0.8897E-11
ComputeChange: NS (ITER=10) (NRM,RELC): (  1.6604547     0.17423736E-05 ) :: navier-stokes
FlowSolve: iter:   10 Assembly: (s)    0.02    0.15
FlowSolve: iter:   10 Solve:    (s)    0.01    0.15
FlowSolve:  Result Norm     :    1.6604546797890858
FlowSolve:  Relative Change :    1.7423735992359454E-006
ComputeChange: SS (ITER=8) (NRM,RELC): (  1.5239952     0.49382598E-01 ) :: navier-stokes
ResultOutputSolver: -------------------------------------
ResultOutputSolver: Saving in unstructured VTK XML (.vtu) format
ResultOutputSolver: -------------------------------------
MAIN: 
MAIN: -------------------------------------
MAIN:  Steady state iteration:            9
MAIN: -------------------------------------
MAIN: 
HeatSolver: ------------------------------------------------
HeatSolver: Solving energy equation for temperature
HeatSolver: Heat solver iteration: 1
IterSolver: "Linear System GCR Restart" not given, setting it to 200
   gcr:    10  0.1543E-06  0.2035E-06
   gcr:    20  0.1560E-09  0.1651E-09
ComputeChange: NS (ITER=1) (NRM,RELC): (  300.00014     0.17962065E-07 ) :: heat equation
HeatSolver: Heat solver iteration: 2
IterSolver: "Linear System GCR Restart" not given, setting it to 200
   gcr:    10  0.4628E-07  0.6105E-07
   gcr:    20  0.4683E-10  0.4953E-10
ComputeChange: NS (ITER=2) (NRM,RELC): (  300.00014     0.55681801E-08 ) :: heat equation
HeatSolver: Heat solver iteration: 3
IterSolver: "Linear System GCR Restart" not given, setting it to 200
   gcr:    10  0.1389E-07  0.1831E-07
   gcr:    20  0.1433E-10  0.1488E-10
ComputeChange: NS (ITER=3) (NRM,RELC): (  300.00014     0.14740329E-08 ) :: heat equation
HeatSolver: Heat solver iteration: 4
IterSolver: "Linear System GCR Restart" not given, setting it to 200
   gcr:    10  0.4166E-08  0.5494E-08
ComputeChange: NS (ITER=4) (NRM,RELC): (  300.00014     0.59680995E-09 ) :: heat equation
HeatSolver: Heat solver iteration: 5
IterSolver: "Linear System GCR Restart" not given, setting it to 200
   gcr:    10  0.1250E-08  0.1648E-08
ComputeChange: NS (ITER=5) (NRM,RELC): (  300.00014     0.27847975E-09 ) :: heat equation
HeatSolver: Heat solver iteration: 6
IterSolver: "Linear System GCR Restart" not given, setting it to 200
   gcr:    10  0.3748E-09  0.4945E-09
ComputeChange: NS (ITER=6) (NRM,RELC): (  300.00014     0.13090427E-09 ) :: heat equation
HeatSolver: Heat solver iteration: 7
IterSolver: "Linear System GCR Restart" not given, setting it to 200
   gcr:    10  0.1124E-09  0.1483E-09
ComputeChange: NS (ITER=7) (NRM,RELC): (  300.00014     0.60398946E-10 ) :: heat equation
ComputeChange: SS (ITER=9) (NRM,RELC): (  300.00014     0.87930169E-08 ) :: heat equation
FlowSolve: 
FlowSolve: 
FlowSolve: -------------------------------------
FlowSolve:  NAVIER-STOKES ITERATION           1
FlowSolve: -------------------------------------
FlowSolve: 
FlowSolve: Starting Assembly...
FlowSolve: Assembly:
FlowSolve: Assembly done
FlowSolve: Dirichlet conditions done
      10 0.1904E-05 0.1904E-05
BiCGStabl:       17 0.7132E-11 0.7132E-11
ComputeChange: NS (ITER=1) (NRM,RELC): (  1.6250942     0.64208393E-01 ) :: navier-stokes
FlowSolve: iter:    1 Assembly: (s)    0.02    0.02
FlowSolve: iter:    1 Solve:    (s)    0.02    0.02
FlowSolve:  Result Norm     :    1.6250942141960674
FlowSolve:  Relative Change :    6.4208393227993071E-002
FlowSolve: 
FlowSolve: 
FlowSolve: -------------------------------------
FlowSolve:  NAVIER-STOKES ITERATION           2
FlowSolve: -------------------------------------
FlowSolve: 
FlowSolve: Starting Assembly...
FlowSolve: Assembly:
FlowSolve: Assembly done
FlowSolve: Dirichlet conditions done
      10 0.5677E-06 0.5677E-06
BiCGStabl:       17 0.1434E-11 0.1434E-11
ComputeChange: NS (ITER=2) (NRM,RELC): (  1.6554412     0.18501225E-01 ) :: navier-stokes
FlowSolve: iter:    2 Assembly: (s)    0.02    0.03
FlowSolve: iter:    2 Solve:    (s)    0.02    0.04
FlowSolve:  Result Norm     :    1.6554411760036323
FlowSolve:  Relative Change :    1.8501225073336316E-002
FlowSolve: 
FlowSolve: 
FlowSolve: -------------------------------------
FlowSolve:  NAVIER-STOKES ITERATION           3
FlowSolve: -------------------------------------
FlowSolve: 
FlowSolve: Starting Assembly...
FlowSolve: Assembly:
FlowSolve: Assembly done
FlowSolve: Dirichlet conditions done
      10 0.1696E-06 0.1696E-06
BiCGStabl:       17 0.7698E-11 0.7698E-11
ComputeChange: NS (ITER=3) (NRM,RELC): (  1.6645467     0.54852502E-02 ) :: navier-stokes
FlowSolve: iter:    3 Assembly: (s)    0.02    0.05
FlowSolve: iter:    3 Solve:    (s)    0.02    0.05
FlowSolve:  Result Norm     :    1.6645466579064412
FlowSolve:  Relative Change :    5.4852501625495681E-003
FlowSolve: 
FlowSolve: 
FlowSolve: -------------------------------------
FlowSolve:  NAVIER-STOKES ITERATION           4
FlowSolve: -------------------------------------
FlowSolve: 
FlowSolve: Starting Assembly...
FlowSolve: Assembly:
FlowSolve: Assembly done
FlowSolve: Dirichlet conditions done
      10 0.5072E-07 0.5072E-07
BiCGStabl:       16 0.9910E-11 0.9910E-11
ComputeChange: NS (ITER=4) (NRM,RELC): (  1.6672784     0.16398040E-02 ) :: navier-stokes
FlowSolve: iter:    4 Assembly: (s)    0.02    0.06
FlowSolve: iter:    4 Solve:    (s)    0.02    0.07
FlowSolve:  Result Norm     :    1.6672784279874264
FlowSolve:  Relative Change :    1.6398040176544004E-003
FlowSolve: 
FlowSolve: 
FlowSolve: -------------------------------------
FlowSolve:  NAVIER-STOKES ITERATION           5
FlowSolve: -------------------------------------
FlowSolve: 
FlowSolve: Starting Assembly...
FlowSolve: Assembly:
FlowSolve: Assembly done
FlowSolve: Dirichlet conditions done
      10 0.1516E-07 0.1516E-07
BiCGStabl:       16 0.2751E-11 0.2751E-11
ComputeChange: NS (ITER=5) (NRM,RELC): (  1.6680980     0.49142496E-03 ) :: navier-stokes
FlowSolve: iter:    5 Assembly: (s)    0.02    0.08
FlowSolve: iter:    5 Solve:    (s)    0.02    0.09
FlowSolve:  Result Norm     :    1.6680979715902411
FlowSolve:  Relative Change :    4.9142495756607110E-004
FlowSolve: 
FlowSolve: 
FlowSolve: -------------------------------------
FlowSolve:  NAVIER-STOKES ITERATION           6
FlowSolve: -------------------------------------
FlowSolve: 
FlowSolve: Starting Assembly...
FlowSolve: Assembly:
FlowSolve: Assembly done
FlowSolve: Dirichlet conditions done
      10 0.4532E-08 0.4532E-08
BiCGStabl:       14 0.5762E-11 0.5762E-11
ComputeChange: NS (ITER=6) (NRM,RELC): (  1.6683438     0.14738134E-03 ) :: navier-stokes
FlowSolve: iter:    6 Assembly: (s)    0.02    0.10
FlowSolve: iter:    6 Solve:    (s)    0.01    0.10
FlowSolve:  Result Norm     :    1.6683438362231855
FlowSolve:  Relative Change :    1.4738134042597536E-004
FlowSolve: 
FlowSolve: 
FlowSolve: -------------------------------------
FlowSolve:  NAVIER-STOKES ITERATION           7
FlowSolve: -------------------------------------
FlowSolve: 
FlowSolve: Starting Assembly...
FlowSolve: Assembly:
FlowSolve: Assembly done
FlowSolve: Dirichlet conditions done
      10 0.1355E-08 0.1355E-08
BiCGStabl:       14 0.3569E-11 0.3569E-11
ComputeChange: NS (ITER=7) (NRM,RELC): (  1.6684176     0.44210332E-04 ) :: navier-stokes
FlowSolve: iter:    7 Assembly: (s)    0.02    0.11
FlowSolve: iter:    7 Solve:    (s)    0.01    0.12
FlowSolve:  Result Norm     :    1.6684175958886633
FlowSolve:  Relative Change :    4.4210332071096436E-005
FlowSolve: 
FlowSolve: 
FlowSolve: -------------------------------------
FlowSolve:  NAVIER-STOKES ITERATION           8
FlowSolve: -------------------------------------
FlowSolve: 
FlowSolve: Starting Assembly...
FlowSolve: Assembly:
FlowSolve: Assembly done
FlowSolve: Dirichlet conditions done
      10 0.4052E-09 0.4052E-09
BiCGStabl:       13 0.4549E-11 0.4549E-11
ComputeChange: NS (ITER=8) (NRM,RELC): (  1.6684397     0.13262757E-04 ) :: navier-stokes
FlowSolve: iter:    8 Assembly: (s)    0.02    0.13
FlowSolve: iter:    8 Solve:    (s)    0.01    0.13
FlowSolve:  Result Norm     :    1.6684397238526030
FlowSolve:  Relative Change :    1.3262757031127116E-005
FlowSolve: 
FlowSolve: 
FlowSolve: -------------------------------------
FlowSolve:  NAVIER-STOKES ITERATION           9
FlowSolve: -------------------------------------
FlowSolve: 
FlowSolve: Starting Assembly...
FlowSolve: Assembly:
FlowSolve: Assembly done
FlowSolve: Dirichlet conditions done
      10 0.1212E-09 0.1212E-09
BiCGStabl:       13 0.4929E-11 0.4929E-11
ComputeChange: NS (ITER=9) (NRM,RELC): (  1.6684464     0.39788051E-05 ) :: navier-stokes
FlowSolve: iter:    9 Assembly: (s)    0.02    0.15
FlowSolve: iter:    9 Solve:    (s)    0.01    0.14
FlowSolve:  Result Norm     :    1.6684463622623242
FlowSolve:  Relative Change :    3.9788051194694201E-006
FlowSolve: 
FlowSolve: 
FlowSolve: -------------------------------------
FlowSolve:  NAVIER-STOKES ITERATION          10
FlowSolve: -------------------------------------
FlowSolve: 
FlowSolve: Starting Assembly...
FlowSolve: Assembly:
FlowSolve: Assembly done
FlowSolve: Dirichlet conditions done
      10 0.3624E-10 0.3624E-10
BiCGStabl:       11 0.9678E-11 0.9678E-11
ComputeChange: NS (ITER=10) (NRM,RELC): (  1.6684484     0.11936425E-05 ) :: navier-stokes
FlowSolve: iter:   10 Assembly: (s)    0.02    0.16
FlowSolve: iter:   10 Solve:    (s)    0.01    0.16
FlowSolve:  Result Norm     :    1.6684483537919845
FlowSolve:  Relative Change :    1.1936424908541682E-006
ComputeChange: SS (ITER=9) (NRM,RELC): (  1.5745348     0.32621617E-01 ) :: navier-stokes
ResultOutputSolver: -------------------------------------
ResultOutputSolver: Saving in unstructured VTK XML (.vtu) format
ResultOutputSolver: -------------------------------------
MAIN: 
MAIN: -------------------------------------
MAIN:  Steady state iteration:           10
MAIN: -------------------------------------
MAIN: 
HeatSolver: ------------------------------------------------
HeatSolver: Solving energy equation for temperature
HeatSolver: Heat solver iteration: 1
IterSolver: "Linear System GCR Restart" not given, setting it to 200
   gcr:    10  0.1082E-06  0.1396E-06
   gcr:    20  0.1208E-09  0.1174E-09
ComputeChange: NS (ITER=1) (NRM,RELC): (  300.00014     0.11777628E-07 ) :: heat equation
HeatSolver: Heat solver iteration: 2
IterSolver: "Linear System GCR Restart" not given, setting it to 200
   gcr:    10  0.3246E-07  0.4188E-07
   gcr:    20  0.3626E-10  0.3522E-10
ComputeChange: NS (ITER=2) (NRM,RELC): (  300.00014     0.35569860E-08 ) :: heat equation
HeatSolver: Heat solver iteration: 3
IterSolver: "Linear System GCR Restart" not given, setting it to 200
   gcr:    10  0.9739E-08  0.1256E-07
   gcr:    20  0.1124E-10  0.1060E-10
ComputeChange: NS (ITER=3) (NRM,RELC): (  300.00014     0.86227029E-09 ) :: heat equation
HeatSolver: Heat solver iteration: 4
IterSolver: "Linear System GCR Restart" not given, setting it to 200
   gcr:    10  0.2922E-08  0.3769E-08
ComputeChange: NS (ITER=4) (NRM,RELC): (  300.00014     0.45858425E-09 ) :: heat equation
HeatSolver: Heat solver iteration: 5
IterSolver: "Linear System GCR Restart" not given, setting it to 200
   gcr:    10  0.8765E-09  0.1131E-08
ComputeChange: NS (ITER=5) (NRM,RELC): (  300.00014     0.22588105E-09 ) :: heat equation
HeatSolver: Heat solver iteration: 6
IterSolver: "Linear System GCR Restart" not given, setting it to 200
   gcr:    10  0.2629E-09  0.3393E-09
ComputeChange: NS (ITER=6) (NRM,RELC): (  300.00014     0.10725382E-09 ) :: heat equation
HeatSolver: Heat solver iteration: 7
IterSolver: "Linear System GCR Restart" not given, setting it to 200
   gcr:    10  0.7882E-10  0.1017E-09
ComputeChange: NS (ITER=7) (NRM,RELC): (  300.00014     0.51786414E-10 ) :: heat equation
ComputeChange: SS (ITER=10) (NRM,RELC): (  300.00014     0.57733230E-08 ) :: heat equation
FlowSolve: 
FlowSolve: 
FlowSolve: -------------------------------------
FlowSolve:  NAVIER-STOKES ITERATION           1
FlowSolve: -------------------------------------
FlowSolve: 
FlowSolve: Starting Assembly...
FlowSolve: Assembly:
FlowSolve: Assembly done
FlowSolve: Dirichlet conditions done
      10 0.1602E-05 0.1602E-05
BiCGStabl:       17 0.9202E-11 0.9202E-11
ComputeChange: NS (ITER=1) (NRM,RELC): (  1.6424327     0.42212397E-01 ) :: navier-stokes
FlowSolve: iter:    1 Assembly: (s)    0.02    0.02
FlowSolve: iter:    1 Solve:    (s)    0.02    0.02
FlowSolve:  Result Norm     :    1.6424327105709984
FlowSolve:  Relative Change :    4.2212396861693341E-002
FlowSolve: 
FlowSolve: 
FlowSolve: -------------------------------------
FlowSolve:  NAVIER-STOKES ITERATION           2
FlowSolve: -------------------------------------
FlowSolve: 
FlowSolve: Starting Assembly...
FlowSolve: Assembly:
FlowSolve: Assembly done
FlowSolve: Dirichlet conditions done
      10 0.4836E-06 0.4836E-06
BiCGStabl:       17 0.2960E-11 0.2960E-11
ComputeChange: NS (ITER=2) (NRM,RELC): (  1.6628179     0.12335012E-01 ) :: navier-stokes
FlowSolve: iter:    2 Assembly: (s)    0.02    0.03
FlowSolve: iter:    2 Solve:    (s)    0.02    0.04
FlowSolve:  Result Norm     :    1.6628178637116420
FlowSolve:  Relative Change :    1.2335012237350821E-002
FlowSolve: 
FlowSolve: 
FlowSolve: -------------------------------------
FlowSolve:  NAVIER-STOKES ITERATION           3
FlowSolve: -------------------------------------
FlowSolve: 
FlowSolve: Starting Assembly...
FlowSolve: Assembly:
FlowSolve: Assembly done
FlowSolve: Dirichlet conditions done
      10 0.1451E-06 0.1451E-06
BiCGStabl:       17 0.9191E-11 0.9191E-11
ComputeChange: NS (ITER=3) (NRM,RELC): (  1.6689348     0.36718771E-02 ) :: navier-stokes
FlowSolve: iter:    3 Assembly: (s)    0.02    0.05
FlowSolve: iter:    3 Solve:    (s)    0.02    0.05
FlowSolve:  Result Norm     :    1.6689347568624298
FlowSolve:  Relative Change :    3.6718771453889171E-003
FlowSolve: 
FlowSolve: 
FlowSolve: -------------------------------------
FlowSolve:  NAVIER-STOKES ITERATION           4
FlowSolve: -------------------------------------
FlowSolve: 
FlowSolve: Starting Assembly...
FlowSolve: Assembly:
FlowSolve: Assembly done
FlowSolve: Dirichlet conditions done
      10 0.4347E-07 0.4347E-07
BiCGStabl:       16 0.5836E-11 0.5836E-11
ComputeChange: NS (ITER=4) (NRM,RELC): (  1.6707699     0.10990143E-02 ) :: navier-stokes
FlowSolve: iter:    4 Assembly: (s)    0.02    0.06
FlowSolve: iter:    4 Solve:    (s)    0.02    0.07
FlowSolve:  Result Norm     :    1.6707699484500089
FlowSolve:  Relative Change :    1.0990142839035694E-003
FlowSolve: 
FlowSolve: 
FlowSolve: -------------------------------------
FlowSolve:  NAVIER-STOKES ITERATION           5
FlowSolve: -------------------------------------
FlowSolve: 
FlowSolve: Starting Assembly...
FlowSolve: Assembly:
FlowSolve: Assembly done
FlowSolve: Dirichlet conditions done
      10 0.1302E-07 0.1302E-07
BiCGStabl:       16 0.3656E-11 0.3656E-11
ComputeChange: NS (ITER=5) (NRM,RELC): (  1.6713205     0.32947640E-03 ) :: navier-stokes
FlowSolve: iter:    5 Assembly: (s)    0.02    0.08
FlowSolve: iter:    5 Solve:    (s)    0.02    0.09
FlowSolve:  Result Norm     :    1.6713205184100035
FlowSolve:  Relative Change :    3.2947639536033295E-004
FlowSolve: 
FlowSolve: 
FlowSolve: -------------------------------------
FlowSolve:  NAVIER-STOKES ITERATION           6
FlowSolve: -------------------------------------
FlowSolve: 
FlowSolve: Starting Assembly...
FlowSolve: Assembly:
FlowSolve: Assembly done
FlowSolve: Dirichlet conditions done
      10 0.3899E-08 0.3899E-08
BiCGStabl:       16 0.1023E-11 0.1023E-11
ComputeChange: NS (ITER=6) (NRM,RELC): (  1.6714857     0.98822683E-04 ) :: navier-stokes
FlowSolve: iter:    6 Assembly: (s)    0.02    0.09
FlowSolve: iter:    6 Solve:    (s)    0.02    0.10
FlowSolve:  Result Norm     :    1.6714856909484093
FlowSolve:  Relative Change :    9.8822682537410579E-005
FlowSolve: 
FlowSolve: 
FlowSolve: -------------------------------------
FlowSolve:  NAVIER-STOKES ITERATION           7
FlowSolve: -------------------------------------
FlowSolve: 
FlowSolve: Starting Assembly...
FlowSolve: Assembly:
FlowSolve: Assembly done
FlowSolve: Dirichlet conditions done
      10 0.1168E-08 0.1168E-08
BiCGStabl:       14 0.9520E-11 0.9520E-11
ComputeChange: NS (ITER=7) (NRM,RELC): (  1.6715352     0.29645059E-04 ) :: navier-stokes
FlowSolve: iter:    7 Assembly: (s)    0.02    0.11
FlowSolve: iter:    7 Solve:    (s)    0.01    0.12
FlowSolve:  Result Norm     :    1.6715352429754409
FlowSolve:  Relative Change :    2.9645059370565201E-005
FlowSolve: 
FlowSolve: 
FlowSolve: -------------------------------------
FlowSolve:  NAVIER-STOKES ITERATION           8
FlowSolve: -------------------------------------
FlowSolve: 
FlowSolve: Starting Assembly...
FlowSolve: Assembly:
FlowSolve: Assembly done
FlowSolve: Dirichlet conditions done
      10 0.3497E-09 0.3497E-09
BiCGStabl:       13 0.5738E-11 0.5738E-11
ComputeChange: NS (ITER=8) (NRM,RELC): (  1.6715501     0.88933851E-05 ) :: navier-stokes
FlowSolve: iter:    8 Assembly: (s)    0.02    0.13
FlowSolve: iter:    8 Solve:    (s)    0.01    0.13
FlowSolve:  Result Norm     :    1.6715501086481719
FlowSolve:  Relative Change :    8.8933851023533531E-006
FlowSolve: 
FlowSolve: 
FlowSolve: -------------------------------------
FlowSolve:  NAVIER-STOKES ITERATION           9
FlowSolve: -------------------------------------
FlowSolve: 
FlowSolve: Starting Assembly...
FlowSolve: Assembly:
FlowSolve: Assembly done
FlowSolve: Dirichlet conditions done
      10 0.1047E-09 0.1047E-09
BiCGStabl:       13 0.6146E-11 0.6146E-11
ComputeChange: NS (ITER=9) (NRM,RELC): (  1.6715546     0.26680138E-05 ) :: navier-stokes
FlowSolve: iter:    9 Assembly: (s)    0.02    0.14
FlowSolve: iter:    9 Solve:    (s)    0.01    0.15
FlowSolve:  Result Norm     :    1.6715545683729516
FlowSolve:  Relative Change :    2.6680138437464432E-006
FlowSolve: 
FlowSolve: 
FlowSolve: -------------------------------------
FlowSolve:  NAVIER-STOKES ITERATION          10
FlowSolve: -------------------------------------
FlowSolve: 
FlowSolve: Starting Assembly...
FlowSolve: Assembly:
FlowSolve: Assembly done
FlowSolve: Dirichlet conditions done
      10 0.3137E-10 0.3137E-10
BiCGStabl:       12 0.5377E-11 0.5377E-11
ComputeChange: NS (ITER=10) (NRM,RELC): (  1.6715559     0.80040303E-06 ) :: navier-stokes
FlowSolve: iter:   10 Assembly: (s)    0.02    0.16
FlowSolve: iter:   10 Solve:    (s)    0.01    0.16
FlowSolve:  Result Norm     :    1.6715559062908241
FlowSolve:  Relative Change :    8.0040302743805502E-007
ComputeChange: SS (ITER=10) (NRM,RELC): (  1.6084765     0.21326808E-01 ) :: navier-stokes
ResultOutputSolver: -------------------------------------
ResultOutputSolver: Saving in unstructured VTK XML (.vtu) format
ResultOutputSolver: -------------------------------------
MAIN: 
MAIN: -------------------------------------
MAIN:  Steady state iteration:           11
MAIN: -------------------------------------
MAIN: 
HeatSolver: ------------------------------------------------
HeatSolver: Solving energy equation for temperature
HeatSolver: Heat solver iteration: 1
IterSolver: "Linear System GCR Restart" not given, setting it to 200
   gcr:    10  0.7511E-07  0.9398E-07
   gcr:    20  0.9148E-10  0.8228E-10
ComputeChange: NS (ITER=1) (NRM,RELC): (  300.00014     0.76490236E-08 ) :: heat equation
HeatSolver: Heat solver iteration: 2
IterSolver: "Linear System GCR Restart" not given, setting it to 200
   gcr:    10  0.2253E-07  0.2819E-07
   gcr:    20  0.2759E-10  0.2470E-10
ComputeChange: NS (ITER=2) (NRM,RELC): (  300.00014     0.23487381E-08 ) :: heat equation
HeatSolver: Heat solver iteration: 3
IterSolver: "Linear System GCR Restart" not given, setting it to 200
   gcr:    10  0.6760E-08  0.8458E-08
   gcr:    20  0.8526E-11  0.7436E-11
ComputeChange: NS (ITER=3) (NRM,RELC): (  300.00014     0.50321124E-09 ) :: heat equation
HeatSolver: Heat solver iteration: 4
IterSolver: "Linear System GCR Restart" not given, setting it to 200
   gcr:    10  0.2028E-08  0.2538E-08
ComputeChange: NS (ITER=4) (NRM,RELC): (  300.00014     0.31770094E-09 ) :: heat equation
HeatSolver: Heat solver iteration: 5
IterSolver: "Linear System GCR Restart" not given, setting it to 200
   gcr:    10  0.6083E-09  0.7613E-09
ComputeChange: NS (ITER=5) (NRM,RELC): (  300.00014     0.17223586E-09 ) :: heat equation
HeatSolver: Heat solver iteration: 6
IterSolver: "Linear System GCR Restart" not given, setting it to 200
   gcr:    10  0.1825E-09  0.2284E-09
ComputeChange: NS (ITER=6) (NRM,RELC): (  300.00014     0.83723115E-10 ) :: heat equation
ComputeChange: SS (ITER=11) (NRM,RELC): (  300.00014     0.37686714E-08 ) :: heat equation
FlowSolve: 
FlowSolve: 
FlowSolve: -------------------------------------
FlowSolve:  NAVIER-STOKES ITERATION           1
FlowSolve: -------------------------------------
FlowSolve: 
FlowSolve: Starting Assembly...
FlowSolve: Assembly:
FlowSolve: Assembly done
FlowSolve: Dirichlet conditions done
      10 0.7258E-06 0.7258E-06
BiCGStabl:       17 0.8081E-11 0.8081E-11
ComputeChange: NS (ITER=1) (NRM,RELC): (  1.6530537     0.27335141E-01 ) :: navier-stokes
FlowSolve: iter:    1 Assembly: (s)    0.02    0.02
FlowSolve: iter:    1 Solve:    (s)    0.02    0.02
FlowSolve:  Result Norm     :    1.6530536859641993
FlowSolve:  Relative Change :    2.7335141292571374E-002
FlowSolve: 
FlowSolve: 
FlowSolve: -------------------------------------
FlowSolve:  NAVIER-STOKES ITERATION           2
FlowSolve: -------------------------------------
FlowSolve: 
FlowSolve: Starting Assembly...
FlowSolve: Assembly:
FlowSolve: Assembly done
FlowSolve: Dirichlet conditions done
      10 0.2177E-06 0.2177E-06
BiCGStabl:       17 0.2944E-11 0.2944E-11
ComputeChange: NS (ITER=2) (NRM,RELC): (  1.6664396     0.80650096E-02 ) :: navier-stokes
FlowSolve: iter:    2 Assembly: (s)    0.02    0.03
FlowSolve: iter:    2 Solve:    (s)    0.02    0.04
FlowSolve:  Result Norm     :    1.6664395584785063
FlowSolve:  Relative Change :    8.0650096436959608E-003
FlowSolve: 
FlowSolve: 
FlowSolve: -------------------------------------
FlowSolve:  NAVIER-STOKES ITERATION           3
FlowSolve: -------------------------------------
FlowSolve: 
FlowSolve: Starting Assembly...
FlowSolve: Assembly:
FlowSolve: Assembly done
FlowSolve: Dirichlet conditions done
      10 0.6531E-07 0.6531E-07
BiCGStabl:       16 0.3716E-11 0.3716E-11
ComputeChange: NS (ITER=3) (NRM,RELC): (  1.6704564     0.24075546E-02 ) :: navier-stokes
FlowSolve: iter:    3 Assembly: (s)    0.02    0.05
FlowSolve: iter:    3 Solve:    (s)    0.02    0.05
FlowSolve:  Result Norm     :    1.6704564381291438
FlowSolve:  Relative Change :    2.4075545984778043E-003
FlowSolve: 
FlowSolve: 
FlowSolve: -------------------------------------
FlowSolve:  NAVIER-STOKES ITERATION           4
FlowSolve: -------------------------------------
FlowSolve: 
FlowSolve: Starting Assembly...
FlowSolve: Assembly:
FlowSolve: Assembly done
FlowSolve: Dirichlet conditions done
      10 0.1960E-07 0.1960E-07
BiCGStabl:       16 0.6543E-11 0.6543E-11
ComputeChange: NS (ITER=4) (NRM,RELC): (  1.6716616     0.72120010E-03 ) :: navier-stokes
FlowSolve: iter:    4 Assembly: (s)    0.02    0.07
FlowSolve: iter:    4 Solve:    (s)    0.02    0.07
FlowSolve:  Result Norm     :    1.6716616060588514
FlowSolve:  Relative Change :    7.2120009752701876E-004
FlowSolve: 
FlowSolve: 
FlowSolve: -------------------------------------
FlowSolve:  NAVIER-STOKES ITERATION           5
FlowSolve: -------------------------------------
FlowSolve: 
FlowSolve: Starting Assembly...
FlowSolve: Assembly:
FlowSolve: Assembly done
FlowSolve: Dirichlet conditions done
      10 0.5882E-08 0.5882E-08
BiCGStabl:       15 0.8688E-11 0.8688E-11
ComputeChange: NS (ITER=5) (NRM,RELC): (  1.6720232     0.21626505E-03 ) :: navier-stokes
FlowSolve: iter:    5 Assembly: (s)    0.02    0.08
FlowSolve: iter:    5 Solve:    (s)    0.02    0.09
FlowSolve:  Result Norm     :    1.6720231671381964
FlowSolve:  Relative Change :    2.1626505120537180E-004
FlowSolve: 
FlowSolve: 
FlowSolve: -------------------------------------
FlowSolve:  NAVIER-STOKES ITERATION           6
FlowSolve: -------------------------------------
FlowSolve: 
FlowSolve: Starting Assembly...
FlowSolve: Assembly:
FlowSolve: Assembly done
FlowSolve: Dirichlet conditions done
      10 0.1765E-08 0.1765E-08
BiCGStabl:       15 0.4328E-11 0.4328E-11
ComputeChange: NS (ITER=6) (NRM,RELC): (  1.6721316     0.64871217E-04 ) :: navier-stokes
FlowSolve: iter:    6 Assembly: (s)    0.02    0.10
FlowSolve: iter:    6 Solve:    (s)    0.02    0.10
FlowSolve:  Result Norm     :    1.6721316368338648
FlowSolve:  Relative Change :    6.4871216810609338E-005
FlowSolve: 
FlowSolve: 
FlowSolve: -------------------------------------
FlowSolve:  NAVIER-STOKES ITERATION           7
FlowSolve: -------------------------------------
FlowSolve: 
FlowSolve: Starting Assembly...
FlowSolve: Assembly:
FlowSolve: Assembly done
FlowSolve: Dirichlet conditions done
      10 0.5297E-09 0.5297E-09
BiCGStabl:       15 0.2643E-11 0.2643E-11
ComputeChange: NS (ITER=7) (NRM,RELC): (  1.6721642     0.19460692E-04 ) :: navier-stokes
FlowSolve: iter:    7 Assembly: (s)    0.02    0.11
FlowSolve: iter:    7 Solve:    (s)    0.02    0.12
FlowSolve:  Result Norm     :    1.6721641779893510
FlowSolve:  Relative Change :    1.9460692048829548E-005
FlowSolve: 
FlowSolve: 
FlowSolve: -------------------------------------
FlowSolve:  NAVIER-STOKES ITERATION           8
FlowSolve: -------------------------------------
FlowSolve: 
FlowSolve: Starting Assembly...
FlowSolve: Assembly:
FlowSolve: Assembly done
FlowSolve: Dirichlet conditions done
      10 0.1590E-09 0.1590E-09
BiCGStabl:       14 0.5195E-11 0.5195E-11
ComputeChange: NS (ITER=8) (NRM,RELC): (  1.6721739     0.58381709E-05 ) :: navier-stokes
FlowSolve: iter:    8 Assembly: (s)    0.02    0.13
FlowSolve: iter:    8 Solve:    (s)    0.01    0.13
FlowSolve:  Result Norm     :    1.6721739403981741
FlowSolve:  Relative Change :    5.8381709489456161E-006
FlowSolve: 
FlowSolve: 
FlowSolve: -------------------------------------
FlowSolve:  NAVIER-STOKES ITERATION           9
FlowSolve: -------------------------------------
FlowSolve: 
FlowSolve: Starting Assembly...
FlowSolve: Assembly:
FlowSolve: Assembly done
FlowSolve: Dirichlet conditions done
      10 0.4771E-10 0.4771E-10
BiCGStabl:       12 0.8024E-11 0.8024E-11
ComputeChange: NS (ITER=9) (NRM,RELC): (  1.6721769     0.17514549E-05 ) :: navier-stokes
FlowSolve: iter:    9 Assembly: (s)    0.02    0.14
FlowSolve: iter:    9 Solve:    (s)    0.01    0.15
FlowSolve:  Result Norm     :    1.6721768691379615
FlowSolve:  Relative Change :    1.7514548886465997E-006
FlowSolve: 
FlowSolve: 
FlowSolve: -------------------------------------
FlowSolve:  NAVIER-STOKES ITERATION          10
FlowSolve: -------------------------------------
FlowSolve: 
FlowSolve: Starting Assembly...
FlowSolve: Assembly:
FlowSolve: Assembly done
FlowSolve: Dirichlet conditions done
      10 0.1431E-10 0.1431E-10
BiCGStabl:       11 0.5424E-11 0.5424E-11
ComputeChange: NS (ITER=10) (NRM,RELC): (  1.6721777     0.52543823E-06 ) :: navier-stokes
FlowSolve: iter:   10 Assembly: (s)    0.02    0.16
FlowSolve: iter:   10 Solve:    (s)    0.01    0.16
FlowSolve:  Result Norm     :    1.6721777477638491
FlowSolve:  Relative Change :    5.2543823143695938E-007
ComputeChange: SS (ITER=11) (NRM,RELC): (  1.6307600     0.13758471E-01 ) :: navier-stokes
ResultOutputSolver: -------------------------------------
ResultOutputSolver: Saving in unstructured VTK XML (.vtu) format
ResultOutputSolver: -------------------------------------
MAIN: 
MAIN: -------------------------------------
MAIN:  Steady state iteration:           12
MAIN: -------------------------------------
MAIN: 
HeatSolver: ------------------------------------------------
HeatSolver: Solving energy equation for temperature
HeatSolver: Heat solver iteration: 1
IterSolver: "Linear System GCR Restart" not given, setting it to 200
   gcr:    10  0.5165E-07  0.6255E-07
   gcr:    20  0.6812E-10  0.5718E-10
ComputeChange: NS (ITER=1) (NRM,RELC): (  300.00014     0.50106470E-08 ) :: heat equation
HeatSolver: Heat solver iteration: 2
IterSolver: "Linear System GCR Restart" not given, setting it to 200
   gcr:    10  0.1549E-07  0.1876E-07
   gcr:    20  0.2052E-10  0.1716E-10
ComputeChange: NS (ITER=2) (NRM,RELC): (  300.00014     0.12986439E-08 ) :: heat equation
HeatSolver: Heat solver iteration: 3
IterSolver: "Linear System GCR Restart" not given, setting it to 200
   gcr:    10  0.4648E-08  0.5629E-08
ComputeChange: NS (ITER=3) (NRM,RELC): (  300.00014     0.41071586E-09 ) :: heat equation
HeatSolver: Heat solver iteration: 4
IterSolver: "Linear System GCR Restart" not given, setting it to 200
   gcr:    10  0.1394E-08  0.1689E-08
ComputeChange: NS (ITER=4) (NRM,RELC): (  300.00014     0.27490961E-09 ) :: heat equation
HeatSolver: Heat solver iteration: 5
IterSolver: "Linear System GCR Restart" not given, setting it to 200
   gcr:    10  0.4183E-09  0.5067E-09
ComputeChange: NS (ITER=5) (NRM,RELC): (  300.00014     0.14409193E-09 ) :: heat equation
HeatSolver: Heat solver iteration: 6
IterSolver: "Linear System GCR Restart" not given, setting it to 200
   gcr:    10  0.1254E-09  0.1520E-09
ComputeChange: NS (ITER=6) (NRM,RELC): (  300.00014     0.72713498E-10 ) :: heat equation
ComputeChange: SS (ITER=12) (NRM,RELC): (  300.00014     0.24650179E-08 ) :: heat equation
FlowSolve: 
FlowSolve: 
FlowSolve: -------------------------------------
FlowSolve:  NAVIER-STOKES ITERATION           1
FlowSolve: -------------------------------------
FlowSolve: 
FlowSolve: Starting Assembly...
FlowSolve: Assembly:
FlowSolve: Assembly done
FlowSolve: Dirichlet conditions done
      10 0.3242E-06 0.3242E-06
BiCGStabl:       16 0.6222E-11 0.6222E-11
ComputeChange: NS (ITER=1) (NRM,RELC): (  1.6593936     0.17405641E-01 ) :: navier-stokes
FlowSolve: iter:    1 Assembly: (s)    0.01    0.01
FlowSolve: iter:    1 Solve:    (s)    0.02    0.02
FlowSolve:  Result Norm     :    1.6593935776165412
FlowSolve:  Relative Change :    1.7405640700707742E-002
FlowSolve: 
FlowSolve: 
FlowSolve: -------------------------------------
FlowSolve:  NAVIER-STOKES ITERATION           2
FlowSolve: -------------------------------------
FlowSolve: 
FlowSolve: Starting Assembly...
FlowSolve: Assembly:
FlowSolve: Assembly done
FlowSolve: Dirichlet conditions done
      10 0.9812E-07 0.9812E-07
BiCGStabl:       16 0.8504E-11 0.8504E-11
ComputeChange: NS (ITER=2) (NRM,RELC): (  1.6679931     0.51689099E-02 ) :: navier-stokes
FlowSolve: iter:    2 Assembly: (s)    0.02    0.03
FlowSolve: iter:    2 Solve:    (s)    0.02    0.03
FlowSolve:  Result Norm     :    1.6679930584338802
FlowSolve:  Relative Change :    5.1689098730928282E-003
FlowSolve: 
FlowSolve: 
FlowSolve: -------------------------------------
FlowSolve:  NAVIER-STOKES ITERATION           3
FlowSolve: -------------------------------------
FlowSolve: 
FlowSolve: Starting Assembly...
FlowSolve: Assembly:
FlowSolve: Assembly done
FlowSolve: Dirichlet conditions done
      10 0.2945E-07 0.2945E-07
BiCGStabl:       15 0.7825E-11 0.7825E-11
ComputeChange: NS (ITER=3) (NRM,RELC): (  1.6705737     0.15459838E-02 ) :: navier-stokes
FlowSolve: iter:    3 Assembly: (s)    0.02    0.05
FlowSolve: iter:    3 Solve:    (s)    0.02    0.05
FlowSolve:  Result Norm     :    1.6705737436087476
FlowSolve:  Relative Change :    1.5459838474931095E-003
FlowSolve: 
FlowSolve: 
FlowSolve: -------------------------------------
FlowSolve:  NAVIER-STOKES ITERATION           4
FlowSolve: -------------------------------------
FlowSolve: 
FlowSolve: Starting Assembly...
FlowSolve: Assembly:
FlowSolve: Assembly done
FlowSolve: Dirichlet conditions done
      10 0.8815E-08 0.8815E-08
BiCGStabl:       15 0.8197E-11 0.8197E-11
ComputeChange: NS (ITER=4) (NRM,RELC): (  1.6713480     0.46337703E-03 ) :: navier-stokes
FlowSolve: iter:    4 Assembly: (s)    0.02    0.07
FlowSolve: iter:    4 Solve:    (s)    0.02    0.06
FlowSolve:  Result Norm     :    1.6713480284986646
FlowSolve:  Relative Change :    4.6337702837896157E-004
FlowSolve: 
FlowSolve: 
FlowSolve: -------------------------------------
FlowSolve:  NAVIER-STOKES ITERATION           5
FlowSolve: -------------------------------------
FlowSolve: 
FlowSolve: Starting Assembly...
FlowSolve: Assembly:
FlowSolve: Assembly done
FlowSolve: Dirichlet conditions done
      10 0.2636E-08 0.2636E-08
BiCGStabl:       14 0.7712E-11 0.7712E-11
ComputeChange: NS (ITER=5) (NRM,RELC): (  1.6715803     0.13897626E-03 ) :: navier-stokes
FlowSolve: iter:    5 Assembly: (s)    0.01    0.08
FlowSolve: iter:    5 Solve:    (s)    0.01    0.08
FlowSolve:  Result Norm     :    1.6715803223448131
FlowSolve:  Relative Change :    1.3897626378377089E-004
FlowSolve: 
FlowSolve: 
FlowSolve: -------------------------------------
FlowSolve:  NAVIER-STOKES ITERATION           6
FlowSolve: -------------------------------------
FlowSolve: 
FlowSolve: Starting Assembly...
FlowSolve: Assembly:
FlowSolve: Assembly done
FlowSolve: Dirichlet conditions done
      10 0.7881E-09 0.7881E-09
BiCGStabl:       13 0.6110E-11 0.6110E-11
ComputeChange: NS (ITER=6) (NRM,RELC): (  1.6716500     0.41689789E-04 ) :: navier-stokes
FlowSolve: iter:    6 Assembly: (s)    0.01    0.10
FlowSolve: iter:    6 Solve:    (s)    0.01    0.09
FlowSolve:  Result Norm     :    1.6716500116276314
FlowSolve:  Relative Change :    4.1689788531828449E-005
FlowSolve: 
FlowSolve: 
FlowSolve: -------------------------------------
FlowSolve:  NAVIER-STOKES ITERATION           7
FlowSolve: -------------------------------------
FlowSolve: 
FlowSolve: Starting Assembly...
FlowSolve: Assembly:
FlowSolve: Assembly done
FlowSolve: Dirichlet conditions done
      10 0.2356E-09 0.2356E-09
BiCGStabl:       13 0.6531E-11 0.6531E-11
ComputeChange: NS (ITER=7) (NRM,RELC): (  1.6716709     0.12506729E-04 ) :: navier-stokes
FlowSolve: iter:    7 Assembly: (s)    0.02    0.11
FlowSolve: iter:    7 Solve:    (s)    0.01    0.11
FlowSolve:  Result Norm     :    1.6716709186323191
FlowSolve:  Relative Change :    1.2506729161704230E-005
FlowSolve: 
FlowSolve: 
FlowSolve: -------------------------------------
FlowSolve:  NAVIER-STOKES ITERATION           8
FlowSolve: -------------------------------------
FlowSolve: 
FlowSolve: Starting Assembly...
FlowSolve: Assembly:
FlowSolve: Assembly done
FlowSolve: Dirichlet conditions done
      10 0.7044E-10 0.7044E-10
BiCGStabl:       11 0.9453E-11 0.9453E-11
ComputeChange: NS (ITER=8) (NRM,RELC): (  1.6716772     0.37520220E-05 ) :: navier-stokes
FlowSolve: iter:    8 Assembly: (s)    0.02    0.13
FlowSolve: iter:    8 Solve:    (s)    0.01    0.12
FlowSolve:  Result Norm     :    1.6716771907902106
FlowSolve:  Relative Change :    3.7520220367303458E-006
FlowSolve: 
FlowSolve: 
FlowSolve: -------------------------------------
FlowSolve:  NAVIER-STOKES ITERATION           9
FlowSolve: -------------------------------------
FlowSolve: 
FlowSolve: Starting Assembly...
FlowSolve: Assembly:
FlowSolve: Assembly done
FlowSolve: Dirichlet conditions done
      10 0.2106E-10 0.2106E-10
BiCGStabl:       11 0.2840E-11 0.2840E-11
ComputeChange: NS (ITER=9) (NRM,RELC): (  1.6716791     0.11256105E-05 ) :: navier-stokes
FlowSolve: iter:    9 Assembly: (s)    0.01    0.14
FlowSolve: iter:    9 Solve:    (s)    0.01    0.13
FlowSolve:  Result Norm     :    1.6716790724487200
FlowSolve:  Relative Change :    1.1256105310342598E-006
FlowSolve: 
FlowSolve: 
FlowSolve: -------------------------------------
FlowSolve:  NAVIER-STOKES ITERATION          10
FlowSolve: -------------------------------------
FlowSolve: 
FlowSolve: Starting Assembly...
FlowSolve: Assembly:
FlowSolve: Assembly done
FlowSolve: Dirichlet conditions done
      10 0.6298E-11 0.6298E-11
BiCGStabl:       10 0.6298E-11 0.6298E-11
ComputeChange: NS (ITER=10) (NRM,RELC): (  1.6716796     0.33768715E-06 ) :: navier-stokes
FlowSolve: iter:   10 Assembly: (s)    0.02    0.16
FlowSolve: iter:   10 Solve:    (s)    0.01    0.14
FlowSolve:  Result Norm     :    1.6716796369533580
FlowSolve:  Relative Change :    3.3768715055058559E-007
ComputeChange: SS (ITER=12) (NRM,RELC): (  1.6450733     0.87387228E-02 ) :: navier-stokes
ResultOutputSolver: -------------------------------------
ResultOutputSolver: Saving in unstructured VTK XML (.vtu) format
ResultOutputSolver: -------------------------------------
MAIN: 
MAIN: -------------------------------------
MAIN:  Steady state iteration:           13
MAIN: -------------------------------------
MAIN: 
HeatSolver: ------------------------------------------------
HeatSolver: Solving energy equation for temperature
HeatSolver: Heat solver iteration: 1
IterSolver: "Linear System GCR Restart" not given, setting it to 200
   gcr:    10  0.3523E-07  0.4134E-07
   gcr:    20  0.4997E-10  0.3950E-10
ComputeChange: NS (ITER=1) (NRM,RELC): (  300.00014     0.32324840E-08 ) :: heat equation
HeatSolver: Heat solver iteration: 2
IterSolver: "Linear System GCR Restart" not given, setting it to 200
   gcr:    10  0.1057E-07  0.1240E-07
   gcr:    20  0.1517E-10  0.1187E-10
ComputeChange: NS (ITER=2) (NRM,RELC): (  300.00014     0.75708065E-09 ) :: heat equation
HeatSolver: Heat solver iteration: 3
IterSolver: "Linear System GCR Restart" not given, setting it to 200
   gcr:    10  0.3170E-08  0.3721E-08
ComputeChange: NS (ITER=3) (NRM,RELC): (  300.00014     0.32185183E-09 ) :: heat equation
HeatSolver: Heat solver iteration: 4
IterSolver: "Linear System GCR Restart" not given, setting it to 200
   gcr:    10  0.9511E-09  0.1116E-08
ComputeChange: NS (ITER=4) (NRM,RELC): (  300.00014     0.21140228E-09 ) :: heat equation
HeatSolver: Heat solver iteration: 5
IterSolver: "Linear System GCR Restart" not given, setting it to 200
   gcr:    10  0.2853E-09  0.3349E-09
ComputeChange: NS (ITER=5) (NRM,RELC): (  300.00014     0.11435166E-09 ) :: heat equation
HeatSolver: Heat solver iteration: 6
IterSolver: "Linear System GCR Restart" not given, setting it to 200
   gcr:    10  0.8552E-10  0.1004E-09
ComputeChange: NS (ITER=6) (NRM,RELC): (  300.00014     0.59610907E-10 ) :: heat equation
ComputeChange: SS (ITER=13) (NRM,RELC): (  300.00014     0.16122463E-08 ) :: heat equation
FlowSolve: 
FlowSolve: 
FlowSolve: -------------------------------------
FlowSolve:  NAVIER-STOKES ITERATION           1
FlowSolve: -------------------------------------
FlowSolve: 
FlowSolve: Starting Assembly...
FlowSolve: Assembly:
FlowSolve: Assembly done
FlowSolve: Dirichlet conditions done
      10 0.2320E-06 0.2320E-06
BiCGStabl:       17 0.7969E-11 0.7969E-11
ComputeChange: NS (ITER=1) (NRM,RELC): (  1.6630698     0.10880165E-01 ) :: navier-stokes
FlowSolve: iter:    1 Assembly: (s)    0.02    0.02
FlowSolve: iter:    1 Solve:    (s)    0.02    0.02
FlowSolve:  Result Norm     :    1.6630698338041952
FlowSolve:  Relative Change :    1.0880165435716732E-002
FlowSolve: 
FlowSolve: 
FlowSolve: -------------------------------------
FlowSolve:  NAVIER-STOKES ITERATION           2
FlowSolve: -------------------------------------
FlowSolve: 
FlowSolve: Starting Assembly...
FlowSolve: Assembly:
FlowSolve: Assembly done
FlowSolve: Dirichlet conditions done
      10 0.6990E-07 0.6990E-07
BiCGStabl:       16 0.8353E-11 0.8353E-11
ComputeChange: NS (ITER=2) (NRM,RELC): (  1.6684753     0.32450191E-02 ) :: navier-stokes
FlowSolve: iter:    2 Assembly: (s)    0.02    0.03
FlowSolve: iter:    2 Solve:    (s)    0.02    0.03
FlowSolve:  Result Norm     :    1.6684752976557697
FlowSolve:  Relative Change :    3.2450191357340434E-003
FlowSolve: 
FlowSolve: 
FlowSolve: -------------------------------------
FlowSolve:  NAVIER-STOKES ITERATION           3
FlowSolve: -------------------------------------
FlowSolve: 
FlowSolve: Starting Assembly...
FlowSolve: Assembly:
FlowSolve: Assembly done
FlowSolve: Dirichlet conditions done
      10 0.2098E-07 0.2098E-07
BiCGStabl:       16 0.6728E-11 0.6728E-11
ComputeChange: NS (ITER=3) (NRM,RELC): (  1.6700975     0.97180913E-03 ) :: navier-stokes
FlowSolve: iter:    3 Assembly: (s)    0.02    0.05
FlowSolve: iter:    3 Solve:    (s)    0.02    0.05
FlowSolve:  Result Norm     :    1.6700975254316488
FlowSolve:  Relative Change :    9.7180913033304364E-004
FlowSolve: 
FlowSolve: 
FlowSolve: -------------------------------------
FlowSolve:  NAVIER-STOKES ITERATION           4
FlowSolve: -------------------------------------
FlowSolve: 
FlowSolve: Starting Assembly...
FlowSolve: Assembly:
FlowSolve: Assembly done
FlowSolve: Dirichlet conditions done
      10 0.6291E-08 0.6291E-08
BiCGStabl:       16 0.3018E-11 0.3018E-11
ComputeChange: NS (ITER=4) (NRM,RELC): (  1.6705843     0.29139246E-03 ) :: navier-stokes
FlowSolve: iter:    4 Assembly: (s)    0.02    0.07
FlowSolve: iter:    4 Solve:    (s)    0.02    0.07
FlowSolve:  Result Norm     :    1.6705842501759136
FlowSolve:  Relative Change :    2.9139246235226391E-004
FlowSolve: 
FlowSolve: 
FlowSolve: -------------------------------------
FlowSolve:  NAVIER-STOKES ITERATION           5
FlowSolve: -------------------------------------
FlowSolve: 
FlowSolve: Starting Assembly...
FlowSolve: Assembly:
FlowSolve: Assembly done
FlowSolve: Dirichlet conditions done
      10 0.1886E-08 0.1886E-08
BiCGStabl:       14 0.8070E-11 0.8070E-11
ComputeChange: NS (ITER=5) (NRM,RELC): (  1.6707303     0.87404875E-04 ) :: navier-stokes
FlowSolve: iter:    5 Assembly: (s)    0.02    0.08
FlowSolve: iter:    5 Solve:    (s)    0.01    0.08
FlowSolve:  Result Norm     :    1.6707302737646941
FlowSolve:  Relative Change :    8.7404874778594497E-005
FlowSolve: 
FlowSolve: 
FlowSolve: -------------------------------------
FlowSolve:  NAVIER-STOKES ITERATION           6
FlowSolve: -------------------------------------
FlowSolve: 
FlowSolve: Starting Assembly...
FlowSolve: Assembly:
FlowSolve: Assembly done
FlowSolve: Dirichlet conditions done
      10 0.5651E-09 0.5651E-09
BiCGStabl:       14 0.4081E-11 0.4081E-11
ComputeChange: NS (ITER=6) (NRM,RELC): (  1.6707741     0.26220504E-04 ) :: navier-stokes
FlowSolve: iter:    6 Assembly: (s)    0.02    0.10
FlowSolve: iter:    6 Solve:    (s)    0.02    0.10
FlowSolve:  Result Norm     :    1.6707740817288859
FlowSolve:  Relative Change :    2.6220504019255019E-005
FlowSolve: 
FlowSolve: 
FlowSolve: -------------------------------------
FlowSolve:  NAVIER-STOKES ITERATION           7
FlowSolve: -------------------------------------
FlowSolve: 
FlowSolve: Starting Assembly...
FlowSolve: Assembly:
FlowSolve: Assembly done
FlowSolve: Dirichlet conditions done
      10 0.1693E-09 0.1693E-09
BiCGStabl:       13 0.4609E-11 0.4609E-11
ComputeChange: NS (ITER=7) (NRM,RELC): (  1.6707872     0.78661262E-05 ) :: navier-stokes
FlowSolve: iter:    7 Assembly: (s)    0.02    0.11
FlowSolve: iter:    7 Solve:    (s)    0.01    0.11
FlowSolve:  Result Norm     :    1.6707872243002881
FlowSolve:  Relative Change :    7.8661261599882931E-006
FlowSolve: 
FlowSolve: 
FlowSolve: -------------------------------------
FlowSolve:  NAVIER-STOKES ITERATION           8
FlowSolve: -------------------------------------
FlowSolve: 
FlowSolve: Starting Assembly...
FlowSolve: Assembly:
FlowSolve: Assembly done
FlowSolve: Dirichlet conditions done
      10 0.5075E-10 0.5075E-10
BiCGStabl:       12 0.7398E-11 0.7398E-11
ComputeChange: NS (ITER=8) (NRM,RELC): (  1.6707912     0.23598546E-05 ) :: navier-stokes
FlowSolve: iter:    8 Assembly: (s)    0.02    0.13
FlowSolve: iter:    8 Solve:    (s)    0.01    0.12
FlowSolve:  Result Norm     :    1.6707911671198528
FlowSolve:  Relative Change :    2.3598545973010868E-006
FlowSolve: 
FlowSolve: 
FlowSolve: -------------------------------------
FlowSolve:  NAVIER-STOKES ITERATION           9
FlowSolve: -------------------------------------
FlowSolve: 
FlowSolve: Starting Assembly...
FlowSolve: Assembly:
FlowSolve: Assembly done
FlowSolve: Dirichlet conditions done
      10 0.1520E-10 0.1520E-10
BiCGStabl:       11 0.3473E-11 0.3473E-11
ComputeChange: NS (ITER=9) (NRM,RELC): (  1.6707923     0.70796138E-06 ) :: navier-stokes
FlowSolve: iter:    9 Assembly: (s)    0.02    0.14
FlowSolve: iter:    9 Solve:    (s)    0.01    0.14
FlowSolve:  Result Norm     :    1.6707923499758912
FlowSolve:  Relative Change :    7.0796137962690128E-007
FlowSolve: 
FlowSolve: 
FlowSolve: -------------------------------------
FlowSolve:  NAVIER-STOKES ITERATION          10
FlowSolve: -------------------------------------
FlowSolve: 
FlowSolve: Starting Assembly...
FlowSolve: Assembly:
FlowSolve: Assembly done
FlowSolve: Dirichlet conditions done
BiCGStabl:       10 0.7510E-11 0.7510E-11
ComputeChange: NS (ITER=10) (NRM,RELC): (  1.6707927     0.21239139E-06 ) :: navier-stokes
FlowSolve: iter:   10 Assembly: (s)    0.01    0.16
FlowSolve: iter:   10 Solve:    (s)    0.01    0.15
FlowSolve:  Result Norm     :    1.6707927048378326
FlowSolve:  Relative Change :    2.1239138646262757E-007
ComputeChange: SS (ITER=13) (NRM,RELC): (  1.6540692     0.54535230E-02 ) :: navier-stokes
ResultOutputSolver: -------------------------------------
ResultOutputSolver: Saving in unstructured VTK XML (.vtu) format
ResultOutputSolver: -------------------------------------
MAIN: 
MAIN: -------------------------------------
MAIN:  Steady state iteration:           14
MAIN: -------------------------------------
MAIN: 
HeatSolver: ------------------------------------------------
HeatSolver: Solving energy equation for temperature
HeatSolver: Heat solver iteration: 1
IterSolver: "Linear System GCR Restart" not given, setting it to 200
   gcr:    10  0.2388E-07  0.2723E-07
   gcr:    20  0.3613E-10  0.2715E-10
ComputeChange: NS (ITER=1) (NRM,RELC): (  300.00014     0.20709069E-08 ) :: heat equation
HeatSolver: Heat solver iteration: 2
IterSolver: "Linear System GCR Restart" not given, setting it to 200
   gcr:    10  0.7164E-08  0.8169E-08
   gcr:    20  0.1108E-10  0.8178E-11
ComputeChange: NS (ITER=2) (NRM,RELC): (  300.00014     0.40602363E-09 ) :: heat equation
HeatSolver: Heat solver iteration: 3
IterSolver: "Linear System GCR Restart" not given, setting it to 200
   gcr:    10  0.2149E-08  0.2451E-08
ComputeChange: NS (ITER=3) (NRM,RELC): (  300.00014     0.26370957E-09 ) :: heat equation
HeatSolver: Heat solver iteration: 4
IterSolver: "Linear System GCR Restart" not given, setting it to 200
   gcr:    10  0.6447E-09  0.7352E-09
ComputeChange: NS (ITER=4) (NRM,RELC): (  300.00014     0.17779135E-09 ) :: heat equation
HeatSolver: Heat solver iteration: 5
IterSolver: "Linear System GCR Restart" not given, setting it to 200
   gcr:    10  0.1934E-09  0.2206E-09
ComputeChange: NS (ITER=5) (NRM,RELC): (  300.00014     0.94435821E-10 ) :: heat equation
ComputeChange: SS (ITER=14) (NRM,RELC): (  300.00014     0.10380750E-08 ) :: heat equation
FlowSolve: 
FlowSolve: 
FlowSolve: -------------------------------------
FlowSolve:  NAVIER-STOKES ITERATION           1
FlowSolve: -------------------------------------
FlowSolve: 
FlowSolve: Starting Assembly...
FlowSolve: Assembly:
FlowSolve: Assembly done
FlowSolve: Dirichlet conditions done
      10 0.7636E-07 0.7636E-07
BiCGStabl:       16 0.7002E-11 0.7002E-11
ComputeChange: NS (ITER=1) (NRM,RELC): (  1.6651314     0.66655453E-02 ) :: navier-stokes
FlowSolve: iter:    1 Assembly: (s)    0.01    0.01
FlowSolve: iter:    1 Solve:    (s)    0.02    0.02
FlowSolve:  Result Norm     :    1.6651313774655132
FlowSolve:  Relative Change :    6.6655453014447920E-003
FlowSolve: 
FlowSolve: 
FlowSolve: -------------------------------------
FlowSolve:  NAVIER-STOKES ITERATION           2
FlowSolve: -------------------------------------
FlowSolve: 
FlowSolve: Starting Assembly...
FlowSolve: Assembly:
FlowSolve: Assembly done
FlowSolve: Dirichlet conditions done
      10 0.2292E-07 0.2292E-07
BiCGStabl:       16 0.3188E-11 0.3188E-11
ComputeChange: NS (ITER=2) (NRM,RELC): (  1.6684543     0.19935812E-02 ) :: navier-stokes
FlowSolve: iter:    2 Assembly: (s)    0.01    0.03
FlowSolve: iter:    2 Solve:    (s)    0.02    0.03
FlowSolve:  Result Norm     :    1.6684542642466202
FlowSolve:  Relative Change :    1.9935811694943577E-003
FlowSolve: 
FlowSolve: 
FlowSolve: -------------------------------------
FlowSolve:  NAVIER-STOKES ITERATION           3
FlowSolve: -------------------------------------
FlowSolve: 
FlowSolve: Starting Assembly...
FlowSolve: Assembly:
FlowSolve: Assembly done
FlowSolve: Dirichlet conditions done
      10 0.6876E-08 0.6876E-08
BiCGStabl:       15 0.9472E-11 0.9472E-11
ComputeChange: NS (ITER=3) (NRM,RELC): (  1.6694515     0.59753347E-03 ) :: navier-stokes
FlowSolve: iter:    3 Assembly: (s)    0.02    0.04
FlowSolve: iter:    3 Solve:    (s)    0.02    0.05
FlowSolve:  Result Norm     :    1.6694515194563249
FlowSolve:  Relative Change :    5.9753346818453359E-004
FlowSolve: 
FlowSolve: 
FlowSolve: -------------------------------------
FlowSolve:  NAVIER-STOKES ITERATION           4
FlowSolve: -------------------------------------
FlowSolve: 
FlowSolve: Starting Assembly...
FlowSolve: Assembly:
FlowSolve: Assembly done
FlowSolve: Dirichlet conditions done
      10 0.2063E-08 0.2063E-08
BiCGStabl:       14 0.7364E-11 0.7364E-11
ComputeChange: NS (ITER=4) (NRM,RELC): (  1.6697507     0.17921322E-03 ) :: navier-stokes
FlowSolve: iter:    4 Assembly: (s)    0.01    0.06
FlowSolve: iter:    4 Solve:    (s)    0.01    0.06
FlowSolve:  Result Norm     :    1.6697507340468807
FlowSolve:  Relative Change :    1.7921321791269649E-004
FlowSolve: 
FlowSolve: 
FlowSolve: -------------------------------------
FlowSolve:  NAVIER-STOKES ITERATION           5
FlowSolve: -------------------------------------
FlowSolve: 
FlowSolve: Starting Assembly...
FlowSolve: Assembly:
FlowSolve: Assembly done
FlowSolve: Dirichlet conditions done
      10 0.6189E-09 0.6189E-09
BiCGStabl:       14 0.2290E-11 0.2290E-11
ComputeChange: NS (ITER=5) (NRM,RELC): (  1.6698405     0.53760306E-04 ) :: navier-stokes
FlowSolve: iter:    5 Assembly: (s)    0.02    0.07
FlowSolve: iter:    5 Solve:    (s)    0.01    0.08
FlowSolve:  Result Norm     :    1.6698405027708978
FlowSolve:  Relative Change :    5.3760306367705477E-005
FlowSolve: 
FlowSolve: 
FlowSolve: -------------------------------------
FlowSolve:  NAVIER-STOKES ITERATION           6
FlowSolve: -------------------------------------
FlowSolve: 
FlowSolve: Starting Assembly...
FlowSolve: Assembly:
FlowSolve: Assembly done
FlowSolve: Dirichlet conditions done
      10 0.1857E-09 0.1857E-09
BiCGStabl:       13 0.7440E-11 0.7440E-11
ComputeChange: NS (ITER=6) (NRM,RELC): (  1.6698674     0.16127931E-04 ) :: navier-stokes
FlowSolve: iter:    6 Assembly: (s)    0.02    0.09
FlowSolve: iter:    6 Solve:    (s)    0.01    0.09
FlowSolve:  Result Norm     :    1.6698674340597826
FlowSolve:  Relative Change :    1.6127930582046375E-005
FlowSolve: 
FlowSolve: 
FlowSolve: -------------------------------------
FlowSolve:  NAVIER-STOKES ITERATION           7
FlowSolve: -------------------------------------
FlowSolve: 
FlowSolve: Starting Assembly...
FlowSolve: Assembly:
FlowSolve: Assembly done
FlowSolve: Dirichlet conditions done
      10 0.5569E-10 0.5569E-10
BiCGStabl:       12 0.8242E-11 0.8242E-11
ComputeChange: NS (ITER=7) (NRM,RELC): (  1.6698755     0.48384145E-05 ) :: navier-stokes
FlowSolve: iter:    7 Assembly: (s)    0.02    0.11
FlowSolve: iter:    7 Solve:    (s)    0.01    0.10
FlowSolve:  Result Norm     :    1.6698755135900538
FlowSolve:  Relative Change :    4.8384144515978665E-006
FlowSolve: 
FlowSolve: 
FlowSolve: -------------------------------------
FlowSolve:  NAVIER-STOKES ITERATION           8
FlowSolve: -------------------------------------
FlowSolve: 
FlowSolve: Starting Assembly...
FlowSolve: Assembly:
FlowSolve: Assembly done
FlowSolve: Dirichlet conditions done
      10 0.1670E-10 0.1670E-10
BiCGStabl:       11 0.9012E-11 0.9012E-11
ComputeChange: NS (ITER=8) (NRM,RELC): (  1.6698779     0.14515419E-05 ) :: navier-stokes
FlowSolve: iter:    8 Assembly: (s)    0.02    0.12
FlowSolve: iter:    8 Solve:    (s)    0.01    0.12
FlowSolve:  Result Norm     :    1.6698779374860804
FlowSolve:  Relative Change :    1.4515418949736395E-006
FlowSolve: 
FlowSolve: 
FlowSolve: -------------------------------------
FlowSolve:  NAVIER-STOKES ITERATION           9
FlowSolve: -------------------------------------
FlowSolve: 
FlowSolve: Starting Assembly...
FlowSolve: Assembly:
FlowSolve: Assembly done
FlowSolve: Dirichlet conditions done
      10 0.5007E-11 0.5007E-11
BiCGStabl:       10 0.5007E-11 0.5007E-11
ComputeChange: NS (ITER=9) (NRM,RELC): (  1.6698787     0.43546964E-06 ) :: navier-stokes
FlowSolve: iter:    9 Assembly: (s)    0.02    0.14
FlowSolve: iter:    9 Solve:    (s)    0.01    0.13
FlowSolve:  Result Norm     :    1.6698786646673895
FlowSolve:  Relative Change :    4.3546964392504553E-007
FlowSolve: 
FlowSolve: 
FlowSolve: -------------------------------------
FlowSolve:  NAVIER-STOKES ITERATION          10
FlowSolve: -------------------------------------
FlowSolve: 
FlowSolve: Starting Assembly...
FlowSolve: Assembly:
FlowSolve: Assembly done
FlowSolve: Dirichlet conditions done
BiCGStabl:       10 0.3207E-11 0.3207E-11
ComputeChange: NS (ITER=10) (NRM,RELC): (  1.6698789     0.13064222E-06 ) :: navier-stokes
FlowSolve: iter:   10 Assembly: (s)    0.02    0.15
FlowSolve: iter:   10 Solve:    (s)    0.01    0.14
FlowSolve:  Result Norm     :    1.6698788828240556
FlowSolve:  Relative Change :    1.3064221756405341E-007
ComputeChange: SS (ITER=14) (NRM,RELC): (  1.6595988     0.33374541E-02 ) :: navier-stokes
ResultOutputSolver: -------------------------------------
ResultOutputSolver: Saving in unstructured VTK XML (.vtu) format
ResultOutputSolver: -------------------------------------
MAIN: 
MAIN: -------------------------------------
MAIN:  Steady state iteration:           15
MAIN: -------------------------------------
MAIN: 
HeatSolver: ------------------------------------------------
HeatSolver: Solving energy equation for temperature
HeatSolver: Heat solver iteration: 1
IterSolver: "Linear System GCR Restart" not given, setting it to 200
   gcr:    10  0.1613E-07  0.1792E-07
   gcr:    20  0.2584E-10  0.1860E-10
ComputeChange: NS (ITER=1) (NRM,RELC): (  300.00014     0.12562223E-08 ) :: heat equation
HeatSolver: Heat solver iteration: 2
IterSolver: "Linear System GCR Restart" not given, setting it to 200
   gcr:    10  0.4840E-08  0.5377E-08
ComputeChange: NS (ITER=2) (NRM,RELC): (  300.00014     0.22704179E-09 ) :: heat equation
HeatSolver: Heat solver iteration: 3
IterSolver: "Linear System GCR Restart" not given, setting it to 200
   gcr:    10  0.1452E-08  0.1613E-08
ComputeChange: NS (ITER=3) (NRM,RELC): (  300.00014     0.25296029E-09 ) :: heat equation
HeatSolver: Heat solver iteration: 4
IterSolver: "Linear System GCR Restart" not given, setting it to 200
   gcr:    10  0.4356E-09  0.4839E-09
ComputeChange: NS (ITER=4) (NRM,RELC): (  300.00014     0.15106264E-09 ) :: heat equation
HeatSolver: Heat solver iteration: 5
IterSolver: "Linear System GCR Restart" not given, setting it to 200
   gcr:    10  0.1306E-09  0.1451E-09
ComputeChange: NS (ITER=5) (NRM,RELC): (  300.00014     0.81503571E-10 ) :: heat equation
ComputeChange: SS (ITER=15) (NRM,RELC): (  300.00014     0.68071288E-09 ) :: heat equation
FlowSolve: 
FlowSolve: 
FlowSolve: -------------------------------------
FlowSolve:  NAVIER-STOKES ITERATION           1
FlowSolve: -------------------------------------
FlowSolve: 
FlowSolve: Starting Assembly...
FlowSolve: Assembly:
FlowSolve: Assembly done
FlowSolve: Dirichlet conditions done
      10 0.7069E-07 0.7069E-07
BiCGStabl:       16 0.3455E-11 0.3455E-11
ComputeChange: NS (ITER=1) (NRM,RELC): (  1.6662392     0.39931820E-02 ) :: navier-stokes
FlowSolve: iter:    1 Assembly: (s)    0.02    0.02
FlowSolve: iter:    1 Solve:    (s)    0.02    0.02
FlowSolve:  Result Norm     :    1.6662391823075118
FlowSolve:  Relative Change :    3.9931820472959749E-003
FlowSolve: 
FlowSolve: 
FlowSolve: -------------------------------------
FlowSolve:  NAVIER-STOKES ITERATION           2
FlowSolve: -------------------------------------
FlowSolve: 
FlowSolve: Starting Assembly...
FlowSolve: Assembly:
FlowSolve: Assembly done
FlowSolve: Dirichlet conditions done
      10 0.2115E-07 0.2115E-07
BiCGStabl:       16 0.1436E-11 0.1436E-11
ComputeChange: NS (ITER=2) (NRM,RELC): (  1.6682339     0.11964432E-02 ) :: navier-stokes
FlowSolve: iter:    2 Assembly: (s)    0.02    0.03
FlowSolve: iter:    2 Solve:    (s)    0.02    0.03
FlowSolve:  Result Norm     :    1.6682339362170531
FlowSolve:  Relative Change :    1.1964432392389047E-003
FlowSolve: 
FlowSolve: 
FlowSolve: -------------------------------------
FlowSolve:  NAVIER-STOKES ITERATION           3
FlowSolve: -------------------------------------
FlowSolve: 
FlowSolve: Starting Assembly...
FlowSolve: Assembly:
FlowSolve: Assembly done
FlowSolve: Dirichlet conditions done
      10 0.6345E-08 0.6345E-08
BiCGStabl:       15 0.5212E-11 0.5212E-11
ComputeChange: NS (ITER=3) (NRM,RELC): (  1.6688326     0.35880145E-03 ) :: navier-stokes
FlowSolve: iter:    3 Assembly: (s)    0.02    0.05
FlowSolve: iter:    3 Solve:    (s)    0.02    0.05
FlowSolve:  Result Norm     :    1.6688326083783447
FlowSolve:  Relative Change :    3.5880145228820988E-004
FlowSolve: 
FlowSolve: 
FlowSolve: -------------------------------------
FlowSolve:  NAVIER-STOKES ITERATION           4
FlowSolve: -------------------------------------
FlowSolve: 
FlowSolve: Starting Assembly...
FlowSolve: Assembly:
FlowSolve: Assembly done
FlowSolve: Dirichlet conditions done
      10 0.1905E-08 0.1905E-08
BiCGStabl:       16 0.1154E-11 0.1154E-11
ComputeChange: NS (ITER=4) (NRM,RELC): (  1.6690122     0.10763010E-03 ) :: navier-stokes
FlowSolve: iter:    4 Assembly: (s)    0.02    0.06
FlowSolve: iter:    4 Solve:    (s)    0.02    0.07
FlowSolve:  Result Norm     :    1.6690122346659597
FlowSolve:  Relative Change :    1.0763010029621498E-004
FlowSolve: 
FlowSolve: 
FlowSolve: -------------------------------------
FlowSolve:  NAVIER-STOKES ITERATION           5
FlowSolve: -------------------------------------
FlowSolve: 
FlowSolve: Starting Assembly...
FlowSolve: Assembly:
FlowSolve: Assembly done
FlowSolve: Dirichlet conditions done
      10 0.5720E-09 0.5720E-09
BiCGStabl:       14 0.8640E-11 0.8640E-11
ComputeChange: NS (ITER=5) (NRM,RELC): (  1.6690661     0.32288554E-04 ) :: navier-stokes
FlowSolve: iter:    5 Assembly: (s)    0.02    0.08
FlowSolve: iter:    5 Solve:    (s)    0.01    0.08
FlowSolve:  Result Norm     :    1.6690661255277408
FlowSolve:  Relative Change :    3.2288554051777656E-005
FlowSolve: 
FlowSolve: 
FlowSolve: -------------------------------------
FlowSolve:  NAVIER-STOKES ITERATION           6
FlowSolve: -------------------------------------
FlowSolve: 
FlowSolve: Starting Assembly...
FlowSolve: Assembly:
FlowSolve: Assembly done
FlowSolve: Dirichlet conditions done
      10 0.1718E-09 0.1718E-09
BiCGStabl:       13 0.8443E-11 0.8443E-11
ComputeChange: NS (ITER=6) (NRM,RELC): (  1.6690823     0.96866616E-05 ) :: navier-stokes
FlowSolve: iter:    6 Assembly: (s)    0.02    0.09
FlowSolve: iter:    6 Solve:    (s)    0.01    0.10
FlowSolve:  Result Norm     :    1.6690822932848415
FlowSolve:  Relative Change :    9.6866616292767278E-006
FlowSolve: 
FlowSolve: 
FlowSolve: -------------------------------------
FlowSolve:  NAVIER-STOKES ITERATION           7
FlowSolve: -------------------------------------
FlowSolve: 
FlowSolve: Starting Assembly...
FlowSolve: Assembly:
FlowSolve: Assembly done
FlowSolve: Dirichlet conditions done
      10 0.5159E-10 0.5159E-10
BiCGStabl:       12 0.3829E-11 0.3829E-11
ComputeChange: NS (ITER=7) (NRM,RELC): (  1.6690871     0.29060478E-05 ) :: navier-stokes
FlowSolve: iter:    7 Assembly: (s)    0.02    0.11
FlowSolve: iter:    7 Solve:    (s)    0.01    0.11
FlowSolve:  Result Norm     :    1.6690871437248087
FlowSolve:  Relative Change :    2.9060477958093413E-006
FlowSolve: 
FlowSolve: 
FlowSolve: -------------------------------------
FlowSolve:  NAVIER-STOKES ITERATION           8
FlowSolve: -------------------------------------
FlowSolve: 
FlowSolve: Starting Assembly...
FlowSolve: Assembly:
FlowSolve: Assembly done
FlowSolve: Dirichlet conditions done
      10 0.1549E-10 0.1549E-10
BiCGStabl:       11 0.3944E-11 0.3944E-11
ComputeChange: NS (ITER=8) (NRM,RELC): (  1.6690886     0.87183137E-06 ) :: navier-stokes
FlowSolve: iter:    8 Assembly: (s)    0.02    0.12
FlowSolve: iter:    8 Solve:    (s)    0.01    0.12
FlowSolve:  Result Norm     :    1.6690885988879773
FlowSolve:  Relative Change :    8.7183137187969638E-007
FlowSolve: 
FlowSolve: 
FlowSolve: -------------------------------------
FlowSolve:  NAVIER-STOKES ITERATION           9
FlowSolve: -------------------------------------
FlowSolve: 
FlowSolve: Starting Assembly...
FlowSolve: Assembly:
FlowSolve: Assembly done
FlowSolve: Dirichlet conditions done
BiCGStabl:       10 0.8320E-11 0.8320E-11
ComputeChange: NS (ITER=9) (NRM,RELC): (  1.6690890     0.26155502E-06 ) :: navier-stokes
FlowSolve: iter:    9 Assembly: (s)    0.02    0.14
FlowSolve: iter:    9 Solve:    (s)    0.01    0.13
FlowSolve:  Result Norm     :    1.6690890354465382
FlowSolve:  Relative Change :    2.6155502113883861E-007
FlowSolve: 
FlowSolve: 
FlowSolve: -------------------------------------
FlowSolve:  NAVIER-STOKES ITERATION          10
FlowSolve: -------------------------------------
FlowSolve: 
FlowSolve: Starting Assembly...
FlowSolve: Assembly:
FlowSolve: Assembly done
FlowSolve: Dirichlet conditions done
BiCGStabl:       10 0.8331E-11 0.8331E-11
ComputeChange: NS (ITER=10) (NRM,RELC): (  1.6690892     0.78466828E-07 ) :: navier-stokes
FlowSolve: iter:   10 Assembly: (s)    0.02    0.15
FlowSolve: iter:   10 Solve:    (s)    0.01    0.14
FlowSolve:  Result Norm     :    1.6690891664146648
FlowSolve:  Relative Change :    7.8466827500681445E-008
ComputeChange: SS (ITER=15) (NRM,RELC): (  1.6629181     0.19980505E-02 ) :: navier-stokes
ResultOutputSolver: -------------------------------------
ResultOutputSolver: Saving in unstructured VTK XML (.vtu) format
ResultOutputSolver: -------------------------------------
MAIN: 
MAIN: -------------------------------------
MAIN:  Steady state iteration:           16
MAIN: -------------------------------------
MAIN: 
HeatSolver: ------------------------------------------------
HeatSolver: Solving energy equation for temperature
HeatSolver: Heat solver iteration: 1
IterSolver: "Linear System GCR Restart" not given, setting it to 200
   gcr:    10  0.1087E-07  0.1180E-07
   gcr:    20  0.1826E-10  0.1269E-10
ComputeChange: NS (ITER=1) (NRM,RELC): (  300.00014     0.75336252E-09 ) :: heat equation
HeatSolver: Heat solver iteration: 2
IterSolver: "Linear System GCR Restart" not given, setting it to 200
   gcr:    10  0.3262E-08  0.3539E-08
ComputeChange: NS (ITER=2) (NRM,RELC): (  300.00014     0.18363731E-09 ) :: heat equation
HeatSolver: Heat solver iteration: 3
IterSolver: "Linear System GCR Restart" not given, setting it to 200
   gcr:    10  0.9785E-09  0.1062E-08
ComputeChange: NS (ITER=3) (NRM,RELC): (  300.00014     0.18447841E-09 ) :: heat equation
HeatSolver: Heat solver iteration: 4
IterSolver: "Linear System GCR Restart" not given, setting it to 200
   gcr:    10  0.2935E-09  0.3186E-09
ComputeChange: NS (ITER=4) (NRM,RELC): (  300.00014     0.11349181E-09 ) :: heat equation
HeatSolver: Heat solver iteration: 5
IterSolver: "Linear System GCR Restart" not given, setting it to 200
   gcr:    10  0.8800E-10  0.9549E-10
ComputeChange: NS (ITER=5) (NRM,RELC): (  300.00014     0.62916350E-10 ) :: heat equation
ComputeChange: SS (ITER=16) (NRM,RELC): (  300.00014     0.45010473E-09 ) :: heat equation
FlowSolve: 
FlowSolve: 
FlowSolve: -------------------------------------
FlowSolve:  NAVIER-STOKES ITERATION           1
FlowSolve: -------------------------------------
FlowSolve: 
FlowSolve: Starting Assembly...
FlowSolve: Assembly:
FlowSolve: Assembly done
FlowSolve: Dirichlet conditions done
      10 0.7342E-07 0.7342E-07
BiCGStabl:       16 0.5107E-11 0.5107E-11
ComputeChange: NS (ITER=1) (NRM,RELC): (  1.6668017     0.23326847E-02 ) :: navier-stokes
FlowSolve: iter:    1 Assembly: (s)    0.02    0.02
FlowSolve: iter:    1 Solve:    (s)    0.02    0.02
FlowSolve:  Result Norm     :    1.6668017154869397
FlowSolve:  Relative Change :    2.3326847041707549E-003
FlowSolve: 
FlowSolve: 
FlowSolve: -------------------------------------
FlowSolve:  NAVIER-STOKES ITERATION           2
FlowSolve: -------------------------------------
FlowSolve: 
FlowSolve: Starting Assembly...
FlowSolve: Assembly:
FlowSolve: Assembly done
FlowSolve: Dirichlet conditions done
      10 0.2212E-07 0.2212E-07
BiCGStabl:       16 0.8935E-11 0.8935E-11
ComputeChange: NS (ITER=2) (NRM,RELC): (  1.6679684     0.69970216E-03 ) :: navier-stokes
FlowSolve: iter:    2 Assembly: (s)    0.02    0.03
FlowSolve: iter:    2 Solve:    (s)    0.02    0.03
FlowSolve:  Result Norm     :    1.6679683884132386
FlowSolve:  Relative Change :    6.9970216233762247E-004
FlowSolve: 
FlowSolve: 
FlowSolve: -------------------------------------
FlowSolve:  NAVIER-STOKES ITERATION           3
FlowSolve: -------------------------------------
FlowSolve: 
FlowSolve: Starting Assembly...
FlowSolve: Assembly:
FlowSolve: Assembly done
FlowSolve: Dirichlet conditions done
      10 0.6652E-08 0.6652E-08
BiCGStabl:       15 0.4856E-11 0.4856E-11
ComputeChange: NS (ITER=3) (NRM,RELC): (  1.6683185     0.20990507E-03 ) :: navier-stokes
FlowSolve: iter:    3 Assembly: (s)    0.02    0.05
FlowSolve: iter:    3 Solve:    (s)    0.02    0.05
FlowSolve:  Result Norm     :    1.6683185401769240
FlowSolve:  Relative Change :    2.0990506582923608E-004
FlowSolve: 
FlowSolve: 
FlowSolve: -------------------------------------
FlowSolve:  NAVIER-STOKES ITERATION           4
FlowSolve: -------------------------------------
FlowSolve: 
FlowSolve: Starting Assembly...
FlowSolve: Assembly:
FlowSolve: Assembly done
FlowSolve: Dirichlet conditions done
      10 0.2000E-08 0.2000E-08
BiCGStabl:       14 0.7163E-11 0.7163E-11
ComputeChange: NS (ITER=4) (NRM,RELC): (  1.6684236     0.62972224E-04 ) :: navier-stokes
FlowSolve: iter:    4 Assembly: (s)    0.02    0.06
FlowSolve: iter:    4 Solve:    (s)    0.01    0.06
FlowSolve:  Result Norm     :    1.6684236012132785
FlowSolve:  Relative Change :    6.2972223745563262E-005
FlowSolve: 
FlowSolve: 
FlowSolve: -------------------------------------
FlowSolve:  NAVIER-STOKES ITERATION           5
FlowSolve: -------------------------------------
FlowSolve: 
FlowSolve: Starting Assembly...
FlowSolve: Assembly:
FlowSolve: Assembly done
FlowSolve: Dirichlet conditions done
      10 0.6011E-09 0.6011E-09
BiCGStabl:       14 0.9142E-11 0.9142E-11
ComputeChange: NS (ITER=5) (NRM,RELC): (  1.6684551     0.18892095E-04 ) :: navier-stokes
FlowSolve: iter:    5 Assembly: (s)    0.02    0.08
FlowSolve: iter:    5 Solve:    (s)    0.02    0.08
FlowSolve:  Result Norm     :    1.6684551215278574
FlowSolve:  Relative Change :    1.8892094797486170E-005
FlowSolve: 
FlowSolve: 
FlowSolve: -------------------------------------
FlowSolve:  NAVIER-STOKES ITERATION           6
FlowSolve: -------------------------------------
FlowSolve: 
FlowSolve: Starting Assembly...
FlowSolve: Assembly:
FlowSolve: Assembly done
FlowSolve: Dirichlet conditions done
      10 0.1807E-09 0.1807E-09
BiCGStabl:       13 0.9010E-11 0.9010E-11
ComputeChange: NS (ITER=6) (NRM,RELC): (  1.6684646     0.56677755E-05 ) :: navier-stokes
FlowSolve: iter:    6 Assembly: (s)    0.02    0.09
FlowSolve: iter:    6 Solve:    (s)    0.01    0.09
FlowSolve:  Result Norm     :    1.6684645779837335
FlowSolve:  Relative Change :    5.6677755101613713E-006
FlowSolve: 
FlowSolve: 
FlowSolve: -------------------------------------
FlowSolve:  NAVIER-STOKES ITERATION           7
FlowSolve: -------------------------------------
FlowSolve: 
FlowSolve: Starting Assembly...
FlowSolve: Assembly:
FlowSolve: Assembly done
FlowSolve: Dirichlet conditions done
      10 0.5431E-10 0.5431E-10
BiCGStabl:       12 0.6323E-11 0.6323E-11
ComputeChange: NS (ITER=7) (NRM,RELC): (  1.6684674     0.17003790E-05 ) :: navier-stokes
FlowSolve: iter:    7 Assembly: (s)    0.02    0.11
FlowSolve: iter:    7 Solve:    (s)    0.01    0.11
FlowSolve:  Result Norm     :    1.6684674150082452
FlowSolve:  Relative Change :    1.7003789814820400E-006
FlowSolve: 
FlowSolve: 
FlowSolve: -------------------------------------
FlowSolve:  NAVIER-STOKES ITERATION           8
FlowSolve: -------------------------------------
FlowSolve: 
FlowSolve: Starting Assembly...
FlowSolve: Assembly:
FlowSolve: Assembly done
FlowSolve: Dirichlet conditions done
      10 0.1632E-10 0.1632E-10
BiCGStabl:       11 0.7518E-11 0.7518E-11
ComputeChange: NS (ITER=8) (NRM,RELC): (  1.6684683     0.51012770E-06 ) :: navier-stokes
FlowSolve: iter:    8 Assembly: (s)    0.01    0.12
FlowSolve: iter:    8 Solve:    (s)    0.01    0.12
FlowSolve:  Result Norm     :    1.6684682661399013
FlowSolve:  Relative Change :    5.1012769640827188E-007
FlowSolve: 
FlowSolve: 
FlowSolve: -------------------------------------
FlowSolve:  NAVIER-STOKES ITERATION           9
FlowSolve: -------------------------------------
FlowSolve: 
FlowSolve: Starting Assembly...
FlowSolve: Assembly:
FlowSolve: Assembly done
FlowSolve: Dirichlet conditions done
BiCGStabl:       10 0.8711E-11 0.8711E-11
ComputeChange: NS (ITER=9) (NRM,RELC): (  1.6684685     0.15304288E-06 ) :: navier-stokes
FlowSolve: iter:    9 Assembly: (s)    0.02    0.14
FlowSolve: iter:    9 Solve:    (s)    0.01    0.13
FlowSolve:  Result Norm     :    1.6684685214871164
FlowSolve:  Relative Change :    1.5304288417861540E-007
FlowSolve: 
FlowSolve: 
FlowSolve: -------------------------------------
FlowSolve:  NAVIER-STOKES ITERATION          10
FlowSolve: -------------------------------------
FlowSolve: 
FlowSolve: Starting Assembly...
FlowSolve: Assembly:
FlowSolve: Assembly done
FlowSolve: Dirichlet conditions done
BiCGStabl:       10 0.4020E-11 0.4020E-11
ComputeChange: NS (ITER=10) (NRM,RELC): (  1.6684686     0.45913777E-07 ) :: navier-stokes
FlowSolve: iter:   10 Assembly: (s)    0.02    0.15
FlowSolve: iter:   10 Solve:    (s)    0.01    0.14
FlowSolve:  Result Norm     :    1.6684685980928096
FlowSolve:  Relative Change :    4.5913776842119665E-008
ComputeChange: SS (ITER=16) (NRM,RELC): (  1.6648594     0.11667092E-02 ) :: navier-stokes
ResultOutputSolver: -------------------------------------
ResultOutputSolver: Saving in unstructured VTK XML (.vtu) format
ResultOutputSolver: -------------------------------------
MAIN: 
MAIN: -------------------------------------
MAIN:  Steady state iteration:           17
MAIN: -------------------------------------
MAIN: 
HeatSolver: ------------------------------------------------
HeatSolver: Solving energy equation for temperature
HeatSolver: Heat solver iteration: 1
IterSolver: "Linear System GCR Restart" not given, setting it to 200
   gcr:    10  0.7318E-08  0.7778E-08
   gcr:    20  0.1275E-10  0.8630E-11
ComputeChange: NS (ITER=1) (NRM,RELC): (  300.00014     0.28552360E-09 ) :: heat equation
HeatSolver: Heat solver iteration: 2
IterSolver: "Linear System GCR Restart" not given, setting it to 200
   gcr:    10  0.2195E-08  0.2334E-08
ComputeChange: NS (ITER=2) (NRM,RELC): (  300.00014     0.23022237E-09 ) :: heat equation
HeatSolver: Heat solver iteration: 3
IterSolver: "Linear System GCR Restart" not given, setting it to 200
   gcr:    10  0.6586E-09  0.7001E-09
ComputeChange: NS (ITER=3) (NRM,RELC): (  300.00014     0.17535561E-09 ) :: heat equation
HeatSolver: Heat solver iteration: 4
IterSolver: "Linear System GCR Restart" not given, setting it to 200
   gcr:    10  0.1975E-09  0.2100E-09
ComputeChange: NS (ITER=4) (NRM,RELC): (  300.00014     0.10413823E-09 ) :: heat equation
HeatSolver: Heat solver iteration: 5
IterSolver: "Linear System GCR Restart" not given, setting it to 200
   gcr:    10  0.5917E-10  0.6286E-10
ComputeChange: NS (ITER=5) (NRM,RELC): (  300.00014     0.57851035E-10 ) :: heat equation
ComputeChange: SS (ITER=17) (NRM,RELC): (  300.00014     0.29656107E-09 ) :: heat equation
FlowSolve: 
FlowSolve: 
FlowSolve: -------------------------------------
FlowSolve:  NAVIER-STOKES ITERATION           1
FlowSolve: -------------------------------------
FlowSolve: 
FlowSolve: Starting Assembly...
FlowSolve: Assembly:
FlowSolve: Assembly done
FlowSolve: Dirichlet conditions done
      10 0.5765E-07 0.5765E-07
BiCGStabl:       16 0.3492E-11 0.3492E-11
ComputeChange: NS (ITER=1) (NRM,RELC): (  1.6670643     0.13234989E-02 ) :: navier-stokes
FlowSolve: iter:    1 Assembly: (s)    0.01    0.01
FlowSolve: iter:    1 Solve:    (s)    0.02    0.02
FlowSolve:  Result Norm     :    1.6670642952037820
FlowSolve:  Relative Change :    1.3234989108001644E-003
FlowSolve: 
FlowSolve: 
FlowSolve: -------------------------------------
FlowSolve:  NAVIER-STOKES ITERATION           2
FlowSolve: -------------------------------------
FlowSolve: 
FlowSolve: Starting Assembly...
FlowSolve: Assembly:
FlowSolve: Assembly done
FlowSolve: Dirichlet conditions done
      10 0.1735E-07 0.1735E-07
BiCGStabl:       16 0.2463E-11 0.2463E-11
ComputeChange: NS (ITER=2) (NRM,RELC): (  1.6677267     0.39726484E-03 ) :: navier-stokes
FlowSolve: iter:    2 Assembly: (s)    0.02    0.03
FlowSolve: iter:    2 Solve:    (s)    0.02    0.03
FlowSolve:  Result Norm     :    1.6677266928120480
FlowSolve:  Relative Change :    3.9726484247227162E-004
FlowSolve: 
FlowSolve: 
FlowSolve: -------------------------------------
FlowSolve:  NAVIER-STOKES ITERATION           3
FlowSolve: -------------------------------------
FlowSolve: 
FlowSolve: Starting Assembly...
FlowSolve: Assembly:
FlowSolve: Assembly done
FlowSolve: Dirichlet conditions done
      10 0.5222E-08 0.5222E-08
BiCGStabl:       14 0.4827E-11 0.4827E-11
ComputeChange: NS (ITER=3) (NRM,RELC): (  1.6679255     0.11920185E-03 ) :: navier-stokes
FlowSolve: iter:    3 Assembly: (s)    0.01    0.05
FlowSolve: iter:    3 Solve:    (s)    0.01    0.05
FlowSolve:  Result Norm     :    1.6679255007685205
FlowSolve:  Relative Change :    1.1920185015400550E-004
FlowSolve: 
FlowSolve: 
FlowSolve: -------------------------------------
FlowSolve:  NAVIER-STOKES ITERATION           4
FlowSolve: -------------------------------------
FlowSolve: 
FlowSolve: Starting Assembly...
FlowSolve: Assembly:
FlowSolve: Assembly done
FlowSolve: Dirichlet conditions done
      10 0.1572E-08 0.1572E-08
BiCGStabl:       14 0.5215E-11 0.5215E-11
ComputeChange: NS (ITER=4) (NRM,RELC): (  1.6679852     0.35763521E-04 ) :: navier-stokes
FlowSolve: iter:    4 Assembly: (s)    0.01    0.06
FlowSolve: iter:    4 Solve:    (s)    0.02    0.06
FlowSolve:  Result Norm     :    1.6679851527233109
FlowSolve:  Relative Change :    3.5763520661422515E-005
FlowSolve: 
FlowSolve: 
FlowSolve: -------------------------------------
FlowSolve:  NAVIER-STOKES ITERATION           5
FlowSolve: -------------------------------------
FlowSolve: 
FlowSolve: Starting Assembly...
FlowSolve: Assembly:
FlowSolve: Assembly done
FlowSolve: Dirichlet conditions done
      10 0.4729E-09 0.4729E-09
BiCGStabl:       13 0.5013E-11 0.5013E-11
ComputeChange: NS (ITER=5) (NRM,RELC): (  1.6680030     0.10729608E-04 ) :: navier-stokes
FlowSolve: iter:    5 Assembly: (s)    0.02    0.08
FlowSolve: iter:    5 Solve:    (s)    0.01    0.08
FlowSolve:  Result Norm     :    1.6680030496469878
FlowSolve:  Relative Change :    1.0729608494480140E-005
FlowSolve: 
FlowSolve: 
FlowSolve: -------------------------------------
FlowSolve:  NAVIER-STOKES ITERATION           6
FlowSolve: -------------------------------------
FlowSolve: 
FlowSolve: Starting Assembly...
FlowSolve: Assembly:
FlowSolve: Assembly done
FlowSolve: Dirichlet conditions done
      10 0.1423E-09 0.1423E-09
BiCGStabl:       13 0.5225E-11 0.5225E-11
ComputeChange: NS (ITER=6) (NRM,RELC): (  1.6680084     0.32190182E-05 ) :: navier-stokes
FlowSolve: iter:    6 Assembly: (s)    0.02    0.09
FlowSolve: iter:    6 Solve:    (s)    0.01    0.09
FlowSolve:  Result Norm     :    1.6680084189878166
FlowSolve:  Relative Change :    3.2190182074162558E-006
FlowSolve: 
FlowSolve: 
FlowSolve: -------------------------------------
FlowSolve:  NAVIER-STOKES ITERATION           7
FlowSolve: -------------------------------------
FlowSolve: 
FlowSolve: Starting Assembly...
FlowSolve: Assembly:
FlowSolve: Assembly done
FlowSolve: Dirichlet conditions done
      10 0.4284E-10 0.4284E-10
BiCGStabl:       12 0.3805E-11 0.3805E-11
ComputeChange: NS (ITER=7) (NRM,RELC): (  1.6680100     0.96574360E-06 ) :: navier-stokes
FlowSolve: iter:    7 Assembly: (s)    0.02    0.11
FlowSolve: iter:    7 Solve:    (s)    0.01    0.10
FlowSolve:  Result Norm     :    1.6680100298570575
FlowSolve:  Relative Change :    9.6574360459216996E-007
FlowSolve: 
FlowSolve: 
FlowSolve: -------------------------------------
FlowSolve:  NAVIER-STOKES ITERATION           8
FlowSolve: -------------------------------------
FlowSolve: 
FlowSolve: Starting Assembly...
FlowSolve: Assembly:
FlowSolve: Assembly done
FlowSolve: Dirichlet conditions done
      10 0.1289E-10 0.1289E-10
BiCGStabl:       11 0.6055E-11 0.6055E-11
ComputeChange: NS (ITER=8) (NRM,RELC): (  1.6680105     0.28973401E-06 ) :: navier-stokes
FlowSolve: iter:    8 Assembly: (s)    0.02    0.12
FlowSolve: iter:    8 Solve:    (s)    0.01    0.12
FlowSolve:  Result Norm     :    1.6680105131363598
FlowSolve:  Relative Change :    2.8973400860472014E-007
FlowSolve: 
FlowSolve: 
FlowSolve: -------------------------------------
FlowSolve:  NAVIER-STOKES ITERATION           9
FlowSolve: -------------------------------------
FlowSolve: 
FlowSolve: Starting Assembly...
FlowSolve: Assembly:
FlowSolve: Assembly done
FlowSolve: Dirichlet conditions done
      10 0.3879E-11 0.3879E-11
BiCGStabl:       10 0.3879E-11 0.3879E-11
ComputeChange: NS (ITER=9) (NRM,RELC): (  1.6680107     0.86924373E-07 ) :: navier-stokes
FlowSolve: iter:    9 Assembly: (s)    0.02    0.14
FlowSolve: iter:    9 Solve:    (s)    0.01    0.13
FlowSolve:  Result Norm     :    1.6680106581271337
FlowSolve:  Relative Change :    8.6924372711131015E-008
FlowSolve: 
FlowSolve: 
FlowSolve: -------------------------------------
FlowSolve:  NAVIER-STOKES ITERATION          10
FlowSolve: -------------------------------------
FlowSolve: 
FlowSolve: Starting Assembly...
FlowSolve: Assembly:
FlowSolve: Assembly done
FlowSolve: Dirichlet conditions done
BiCGStabl:        9 0.8241E-11 0.8241E-11
ComputeChange: NS (ITER=10) (NRM,RELC): (  1.6680107     0.26081518E-07 ) :: navier-stokes
FlowSolve: iter:   10 Assembly: (s)    0.02    0.16
FlowSolve: iter:   10 Solve:    (s)    0.01    0.14
FlowSolve:  Result Norm     :    1.6680107016313848
FlowSolve:  Relative Change :    2.6081518311143458E-008
ComputeChange: SS (ITER=17) (NRM,RELC): (  1.6659616     0.66179140E-03 ) :: navier-stokes
ResultOutputSolver: -------------------------------------
ResultOutputSolver: Saving in unstructured VTK XML (.vtu) format
ResultOutputSolver: -------------------------------------
MAIN: 
MAIN: -------------------------------------
MAIN:  Steady state iteration:           18
MAIN: -------------------------------------
MAIN: 
HeatSolver: ------------------------------------------------
HeatSolver: Solving energy equation for temperature
HeatSolver: Heat solver iteration: 1
IterSolver: "Linear System GCR Restart" not given, setting it to 200
   gcr:    10  0.4924E-08  0.5142E-08
   gcr:    20  0.8824E-11  0.5851E-11
ComputeChange: NS (ITER=1) (NRM,RELC): (  300.00014     0.90799170E-10 ) :: heat equation
ComputeChange: SS (ITER=18) (NRM,RELC): (  300.00014     0.31305550E-10 ) :: heat equation
FlowSolve: 
FlowSolve: 
FlowSolve: -------------------------------------
FlowSolve:  NAVIER-STOKES ITERATION           1
FlowSolve: -------------------------------------
FlowSolve: 
FlowSolve: Starting Assembly...
FlowSolve: Assembly:
FlowSolve: Assembly done
FlowSolve: Dirichlet conditions done
      10 0.5098E-07 0.5098E-07
BiCGStabl:       16 0.6283E-11 0.6283E-11
ComputeChange: NS (ITER=1) (NRM,RELC): (  1.6672372     0.76542908E-03 ) :: navier-stokes
FlowSolve: iter:    1 Assembly: (s)    0.02    0.02
FlowSolve: iter:    1 Solve:    (s)    0.02    0.02
FlowSolve:  Result Norm     :    1.6672372144815699
FlowSolve:  Relative Change :    7.6542908319427534E-004
FlowSolve: 
FlowSolve: 
FlowSolve: -------------------------------------
FlowSolve:  NAVIER-STOKES ITERATION           2
FlowSolve: -------------------------------------
FlowSolve: 
FlowSolve: Starting Assembly...
FlowSolve: Assembly:
FlowSolve: Assembly done
FlowSolve: Dirichlet conditions done
      10 0.1532E-07 0.1532E-07
BiCGStabl:       14 0.8891E-11 0.8891E-11
ComputeChange: NS (ITER=2) (NRM,RELC): (  1.6676204     0.22980546E-03 ) :: navier-stokes
FlowSolve: iter:    2 Assembly: (s)    0.02    0.03
FlowSolve: iter:    2 Solve:    (s)    0.01    0.03
FlowSolve:  Result Norm     :    1.6676203987242120
FlowSolve:  Relative Change :    2.2980545923440547E-004
FlowSolve: 
FlowSolve: 
FlowSolve: -------------------------------------
FlowSolve:  NAVIER-STOKES ITERATION           3
FlowSolve: -------------------------------------
FlowSolve: 
FlowSolve: Starting Assembly...
FlowSolve: Assembly:
FlowSolve: Assembly done
FlowSolve: Dirichlet conditions done
      10 0.4606E-08 0.4606E-08
BiCGStabl:       14 0.2703E-11 0.2703E-11
ComputeChange: NS (ITER=3) (NRM,RELC): (  1.6677354     0.68959827E-04 ) :: navier-stokes
FlowSolve: iter:    3 Assembly: (s)    0.02    0.05
FlowSolve: iter:    3 Solve:    (s)    0.01    0.05
FlowSolve:  Result Norm     :    1.6677354015034902
FlowSolve:  Relative Change :    6.8959826876866973E-005
FlowSolve: 
FlowSolve: 
FlowSolve: -------------------------------------
FlowSolve:  NAVIER-STOKES ITERATION           4
FlowSolve: -------------------------------------
FlowSolve: 
FlowSolve: Starting Assembly...
FlowSolve: Assembly:
FlowSolve: Assembly done
FlowSolve: Dirichlet conditions done
      10 0.1385E-08 0.1385E-08
BiCGStabl:       13 0.6861E-11 0.6861E-11
ComputeChange: NS (ITER=4) (NRM,RELC): (  1.6677699     0.20690282E-04 ) :: navier-stokes
FlowSolve: iter:    4 Assembly: (s)    0.02    0.06
FlowSolve: iter:    4 Solve:    (s)    0.01    0.06
FlowSolve:  Result Norm     :    1.6677699077755226
FlowSolve:  Relative Change :    2.0690281581260645E-005
FlowSolve: 
FlowSolve: 
FlowSolve: -------------------------------------
FlowSolve:  NAVIER-STOKES ITERATION           5
FlowSolve: -------------------------------------
FlowSolve: 
FlowSolve: Starting Assembly...
FlowSolve: Assembly:
FlowSolve: Assembly done
FlowSolve: Dirichlet conditions done
      10 0.4162E-09 0.4162E-09
BiCGStabl:       13 0.5945E-11 0.5945E-11
ComputeChange: NS (ITER=5) (NRM,RELC): (  1.6677803     0.62075059E-05 ) :: navier-stokes
FlowSolve: iter:    5 Assembly: (s)    0.02    0.08
FlowSolve: iter:    5 Solve:    (s)    0.01    0.07
FlowSolve:  Result Norm     :    1.6677802604992429
FlowSolve:  Relative Change :    6.2075059273666182E-006
FlowSolve: 
FlowSolve: 
FlowSolve: -------------------------------------
FlowSolve:  NAVIER-STOKES ITERATION           6
FlowSolve: -------------------------------------
FlowSolve: 
FlowSolve: Starting Assembly...
FlowSolve: Assembly:
FlowSolve: Assembly done
FlowSolve: Dirichlet conditions done
      10 0.1251E-09 0.1251E-09
BiCGStabl:       13 0.3066E-11 0.3066E-11
ComputeChange: NS (ITER=6) (NRM,RELC): (  1.6677834     0.18623530E-05 ) :: navier-stokes
FlowSolve: iter:    6 Assembly: (s)    0.02    0.09
FlowSolve: iter:    6 Solve:    (s)    0.01    0.09
FlowSolve:  Result Norm     :    1.6677833664976918
FlowSolve:  Relative Change :    1.8623529911067882E-006
FlowSolve: 
FlowSolve: 
FlowSolve: -------------------------------------
FlowSolve:  NAVIER-STOKES ITERATION           7
FlowSolve: -------------------------------------
FlowSolve: 
FlowSolve: Starting Assembly...
FlowSolve: Assembly:
FlowSolve: Assembly done
FlowSolve: Dirichlet conditions done
      10 0.3760E-10 0.3760E-10
BiCGStabl:       12 0.9067E-11 0.9067E-11
ComputeChange: NS (ITER=7) (NRM,RELC): (  1.6677843     0.55873366E-06 ) :: navier-stokes
FlowSolve: iter:    7 Assembly: (s)    0.01    0.11
FlowSolve: iter:    7 Solve:    (s)    0.01    0.10
FlowSolve:  Result Norm     :    1.6677842983446487
FlowSolve:  Relative Change :    5.5873365529514519E-007
FlowSolve: 
FlowSolve: 
FlowSolve: -------------------------------------
FlowSolve:  NAVIER-STOKES ITERATION           8
FlowSolve: -------------------------------------
FlowSolve: 
FlowSolve: Starting Assembly...
FlowSolve: Assembly:
FlowSolve: Assembly done
FlowSolve: Dirichlet conditions done
      10 0.1130E-10 0.1130E-10
BiCGStabl:       11 0.5164E-11 0.5164E-11
ComputeChange: NS (ITER=8) (NRM,RELC): (  1.6677846     0.16762816E-06 ) :: navier-stokes
FlowSolve: iter:    8 Assembly: (s)    0.02    0.12
FlowSolve: iter:    8 Solve:    (s)    0.01    0.11
FlowSolve:  Result Norm     :    1.6677845779122855
FlowSolve:  Relative Change :    1.6762816010687689E-007
FlowSolve: 
FlowSolve: 
FlowSolve: -------------------------------------
FlowSolve:  NAVIER-STOKES ITERATION           9
FlowSolve: -------------------------------------
FlowSolve: 
FlowSolve: Starting Assembly...
FlowSolve: Assembly:
FlowSolve: Assembly done
FlowSolve: Dirichlet conditions done
BiCGStabl:       10 0.9232E-11 0.9232E-11
ComputeChange: NS (ITER=9) (NRM,RELC): (  1.6677847     0.50290786E-07 ) :: navier-stokes
FlowSolve: iter:    9 Assembly: (s)    0.02    0.14
FlowSolve: iter:    9 Solve:    (s)    0.01    0.12
FlowSolve:  Result Norm     :    1.6677846617864849
FlowSolve:  Relative Change :    5.0290785971629261E-008
FlowSolve: 
FlowSolve: 
FlowSolve: -------------------------------------
FlowSolve:  NAVIER-STOKES ITERATION          10
FlowSolve: -------------------------------------
FlowSolve: 
FlowSolve: Starting Assembly...
FlowSolve: Assembly:
FlowSolve: Assembly done
FlowSolve: Dirichlet conditions done
BiCGStabl:        9 0.4887E-11 0.4887E-11
ComputeChange: NS (ITER=10) (NRM,RELC): (  1.6677847     0.15090351E-07 ) :: navier-stokes
FlowSolve: iter:   10 Assembly: (s)    0.02    0.15
FlowSolve: iter:   10 Solve:    (s)    0.01    0.13
FlowSolve:  Result Norm     :    1.6677846869539408
FlowSolve:  Relative Change :    1.5090350861147091E-008
ComputeChange: SS (ITER=18) (NRM,RELC): (  1.6665992     0.38269879E-03 ) :: navier-stokes
ResultOutputSolver: -------------------------------------
ResultOutputSolver: Saving in unstructured VTK XML (.vtu) format
ResultOutputSolver: -------------------------------------
MAIN: 
MAIN: -------------------------------------
MAIN:  Steady state iteration:           19
MAIN: -------------------------------------
MAIN: 
HeatSolver: ------------------------------------------------
HeatSolver: Solving energy equation for temperature
HeatSolver: Heat solver iteration: 1
IterSolver: "Linear System GCR Restart" not given, setting it to 200
   gcr:    10  0.3822E-08  0.3945E-08
ComputeChange: NS (ITER=1) (NRM,RELC): (  300.00014     0.11391094E-09 ) :: heat equation
HeatSolver: Heat solver iteration: 2
IterSolver: "Linear System GCR Restart" not given, setting it to 200
   gcr:    10  0.1147E-08  0.1183E-08
ComputeChange: NS (ITER=2) (NRM,RELC): (  300.00014     0.18995394E-09 ) :: heat equation
HeatSolver: Heat solver iteration: 3
IterSolver: "Linear System GCR Restart" not given, setting it to 200
   gcr:    10  0.3440E-09  0.3550E-09
ComputeChange: NS (ITER=3) (NRM,RELC): (  300.00014     0.12793458E-09 ) :: heat equation
HeatSolver: Heat solver iteration: 4
IterSolver: "Linear System GCR Restart" not given, setting it to 200
   gcr:    10  0.1031E-09  0.1064E-09
ComputeChange: NS (ITER=4) (NRM,RELC): (  300.00014     0.74974160E-10 ) :: heat equation
ComputeChange: SS (ITER=19) (NRM,RELC): (  300.00014     0.17677916E-09 ) :: heat equation
FlowSolve: 
FlowSolve: 
FlowSolve: -------------------------------------
FlowSolve:  NAVIER-STOKES ITERATION           1
FlowSolve: -------------------------------------
FlowSolve: 
FlowSolve: Starting Assembly...
FlowSolve: Assembly:
FlowSolve: Assembly done
FlowSolve: Dirichlet conditions done
      10 0.4622E-07 0.4622E-07
BiCGStabl:       16 0.8782E-11 0.8782E-11
ComputeChange: NS (ITER=1) (NRM,RELC): (  1.6672524     0.39182805E-03 ) :: navier-stokes
FlowSolve: iter:    1 Assembly: (s)    0.02    0.02
FlowSolve: iter:    1 Solve:    (s)    0.02    0.02
FlowSolve:  Result Norm     :    1.6672523826228269
FlowSolve:  Relative Change :    3.9182805191821332E-004
FlowSolve: 
FlowSolve: 
FlowSolve: -------------------------------------
FlowSolve:  NAVIER-STOKES ITERATION           2
FlowSolve: -------------------------------------
FlowSolve: 
FlowSolve: Starting Assembly...
FlowSolve: Assembly:
FlowSolve: Assembly done
FlowSolve: Dirichlet conditions done
      10 0.1384E-07 0.1384E-07
BiCGStabl:       15 0.4383E-11 0.4383E-11
ComputeChange: NS (ITER=2) (NRM,RELC): (  1.6674486     0.11768695E-03 ) :: navier-stokes
FlowSolve: iter:    2 Assembly: (s)    0.02    0.03
FlowSolve: iter:    2 Solve:    (s)    0.02    0.03
FlowSolve:  Result Norm     :    1.6674486080143835
FlowSolve:  Relative Change :    1.1768694830964087E-004
FlowSolve: 
FlowSolve: 
FlowSolve: -------------------------------------
FlowSolve:  NAVIER-STOKES ITERATION           3
FlowSolve: -------------------------------------
FlowSolve: 
FlowSolve: Starting Assembly...
FlowSolve: Assembly:
FlowSolve: Assembly done
FlowSolve: Dirichlet conditions done
      10 0.4142E-08 0.4142E-08
BiCGStabl:       15 0.4274E-11 0.4274E-11
ComputeChange: NS (ITER=3) (NRM,RELC): (  1.6675075     0.35320359E-04 ) :: navier-stokes
FlowSolve: iter:    3 Assembly: (s)    0.02    0.05
FlowSolve: iter:    3 Solve:    (s)    0.02    0.05
FlowSolve:  Result Norm     :    1.6675075039372718
FlowSolve:  Relative Change :    3.5320358596111763E-005
FlowSolve: 
FlowSolve: 
FlowSolve: -------------------------------------
FlowSolve:  NAVIER-STOKES ITERATION           4
FlowSolve: -------------------------------------
FlowSolve: 
FlowSolve: Starting Assembly...
FlowSolve: Assembly:
FlowSolve: Assembly done
FlowSolve: Dirichlet conditions done
      10 0.1240E-08 0.1240E-08
BiCGStabl:       15 0.5565E-11 0.5565E-11
ComputeChange: NS (ITER=4) (NRM,RELC): (  1.6675252     0.10597939E-04 ) :: navier-stokes
FlowSolve: iter:    4 Assembly: (s)    0.02    0.06
FlowSolve: iter:    4 Solve:    (s)    0.02    0.06
FlowSolve:  Result Norm     :    1.6675251761738683
FlowSolve:  Relative Change :    1.0597939085835489E-005
FlowSolve: 
FlowSolve: 
FlowSolve: -------------------------------------
FlowSolve:  NAVIER-STOKES ITERATION           5
FlowSolve: -------------------------------------
FlowSolve: 
FlowSolve: Starting Assembly...
FlowSolve: Assembly:
FlowSolve: Assembly done
FlowSolve: Dirichlet conditions done
      10 0.3712E-09 0.3712E-09
BiCGStabl:       14 0.7471E-11 0.7471E-11
ComputeChange: NS (ITER=5) (NRM,RELC): (  1.6675305     0.31797080E-05 ) :: navier-stokes
FlowSolve: iter:    5 Assembly: (s)    0.02    0.08
FlowSolve: iter:    5 Solve:    (s)    0.01    0.08
FlowSolve:  Result Norm     :    1.6675304784253975
FlowSolve:  Relative Change :    3.1797079739038390E-006
FlowSolve: 
FlowSolve: 
FlowSolve: -------------------------------------
FlowSolve:  NAVIER-STOKES ITERATION           6
FlowSolve: -------------------------------------
FlowSolve: 
FlowSolve: Starting Assembly...
FlowSolve: Assembly:
FlowSolve: Assembly done
FlowSolve: Dirichlet conditions done
      10 0.1111E-09 0.1111E-09
BiCGStabl:       14 0.5118E-11 0.5118E-11
ComputeChange: NS (ITER=6) (NRM,RELC): (  1.6675321     0.95399229E-06 ) :: navier-stokes
FlowSolve: iter:    6 Assembly: (s)    0.02    0.09
FlowSolve: iter:    6 Solve:    (s)    0.01    0.09
FlowSolve:  Result Norm     :    1.6675320692373761
FlowSolve:  Relative Change :    9.5399229001332010E-007
FlowSolve: 
FlowSolve: 
FlowSolve: -------------------------------------
FlowSolve:  NAVIER-STOKES ITERATION           7
FlowSolve: -------------------------------------
FlowSolve: 
FlowSolve: Starting Assembly...
FlowSolve: Assembly:
FlowSolve: Assembly done
FlowSolve: Dirichlet conditions done
      10 0.3327E-10 0.3327E-10
BiCGStabl:       11 0.6210E-11 0.6210E-11
ComputeChange: NS (ITER=7) (NRM,RELC): (  1.6675325     0.28621938E-06 ) :: navier-stokes
FlowSolve: iter:    7 Assembly: (s)    0.02    0.11
FlowSolve: iter:    7 Solve:    (s)    0.01    0.10
FlowSolve:  Result Norm     :    1.6675325465174344
FlowSolve:  Relative Change :    2.8621937704561981E-007
FlowSolve: 
FlowSolve: 
FlowSolve: -------------------------------------
FlowSolve:  NAVIER-STOKES ITERATION           8
FlowSolve: -------------------------------------
FlowSolve: 
FlowSolve: Starting Assembly...
FlowSolve: Assembly:
FlowSolve: Assembly done
FlowSolve: Dirichlet conditions done
      10 0.9965E-11 0.9965E-11
BiCGStabl:       10 0.9965E-11 0.9965E-11
ComputeChange: NS (ITER=8) (NRM,RELC): (  1.6675327     0.85872398E-07 ) :: navier-stokes
FlowSolve: iter:    8 Assembly: (s)    0.01    0.12
FlowSolve: iter:    8 Solve:    (s)    0.01    0.12
FlowSolve:  Result Norm     :    1.6675326897124589
FlowSolve:  Relative Change :    8.5872397906329383E-008
FlowSolve: 
FlowSolve: 
FlowSolve: -------------------------------------
FlowSolve:  NAVIER-STOKES ITERATION           9
FlowSolve: -------------------------------------
FlowSolve: 
FlowSolve: Starting Assembly...
FlowSolve: Assembly:
FlowSolve: Assembly done
FlowSolve: Dirichlet conditions done
BiCGStabl:       10 0.9718E-11 0.9718E-11
ComputeChange: NS (ITER=9) (NRM,RELC): (  1.6675327     0.25762960E-07 ) :: navier-stokes
FlowSolve: iter:    9 Assembly: (s)    0.01    0.14
FlowSolve: iter:    9 Solve:    (s)    0.01    0.13
FlowSolve:  Result Norm     :    1.6675327326730369
FlowSolve:  Relative Change :    2.5762959668233772E-008
FlowSolve: 
FlowSolve: 
FlowSolve: -------------------------------------
FlowSolve:  NAVIER-STOKES ITERATION          10
FlowSolve: -------------------------------------
FlowSolve: 
FlowSolve: Starting Assembly...
FlowSolve: Assembly:
FlowSolve: Assembly done
FlowSolve: Dirichlet conditions done
BiCGStabl:        8 0.8913E-11 0.8913E-11
ComputeChange: NS (ITER=10) (NRM,RELC): (  1.6675327     0.77278717E-08 ) :: navier-stokes
FlowSolve: iter:   10 Assembly: (s)    0.02    0.15
FlowSolve: iter:   10 Solve:    (s)    0.01    0.14
FlowSolve:  Result Norm     :    1.6675327455595159
FlowSolve:  Relative Change :    7.7278716589572702E-009
ComputeChange: SS (ITER=19) (NRM,RELC): (  1.6669257     0.19588451E-03 ) :: navier-stokes
ResultOutputSolver: -------------------------------------
ResultOutputSolver: Saving in unstructured VTK XML (.vtu) format
ResultOutputSolver: -------------------------------------
MAIN: 
MAIN: -------------------------------------
MAIN:  Steady state iteration:           20
MAIN: -------------------------------------
MAIN: 
HeatSolver: ------------------------------------------------
HeatSolver: Solving energy equation for temperature
HeatSolver: Heat solver iteration: 1
IterSolver: "Linear System GCR Restart" not given, setting it to 200
   gcr:    10  0.2570E-08  0.2628E-08
ComputeChange: NS (ITER=1) (NRM,RELC): (  300.00014     0.74257743E-10 ) :: heat equation
ComputeChange: SS (ITER=20) (NRM,RELC): (  300.00014     0.25854838E-10 ) :: heat equation
FlowSolve: 
FlowSolve: 
FlowSolve: -------------------------------------
FlowSolve:  NAVIER-STOKES ITERATION           1
FlowSolve: -------------------------------------
FlowSolve: 
FlowSolve: Starting Assembly...
FlowSolve: Assembly:
FlowSolve: Assembly done
FlowSolve: Dirichlet conditions done
      10 0.2947E-07 0.2947E-07
BiCGStabl:       16 0.3570E-11 0.3570E-11
ComputeChange: NS (ITER=1) (NRM,RELC): (  1.6672689     0.20585706E-03 ) :: navier-stokes
FlowSolve: iter:    1 Assembly: (s)    0.02    0.02
FlowSolve: iter:    1 Solve:    (s)    0.02    0.02
FlowSolve:  Result Norm     :    1.6672689110352701
FlowSolve:  Relative Change :    2.0585706098192396E-004
FlowSolve: 
FlowSolve: 
FlowSolve: -------------------------------------
FlowSolve:  NAVIER-STOKES ITERATION           2
FlowSolve: -------------------------------------
FlowSolve: 
FlowSolve: Starting Assembly...
FlowSolve: Assembly:
FlowSolve: Assembly done
FlowSolve: Dirichlet conditions done
      10 0.9062E-08 0.9062E-08
BiCGStabl:       15 0.9340E-11 0.9340E-11
ComputeChange: NS (ITER=2) (NRM,RELC): (  1.6673720     0.61836979E-04 ) :: navier-stokes
FlowSolve: iter:    2 Assembly: (s)    0.02    0.03
FlowSolve: iter:    2 Solve:    (s)    0.02    0.03
FlowSolve:  Result Norm     :    1.6673720130952114
FlowSolve:  Relative Change :    6.1836978725519258E-005
FlowSolve: 
FlowSolve: 
FlowSolve: -------------------------------------
FlowSolve:  NAVIER-STOKES ITERATION           3
FlowSolve: -------------------------------------
FlowSolve: 
FlowSolve: Starting Assembly...
FlowSolve: Assembly:
FlowSolve: Assembly done
FlowSolve: Dirichlet conditions done
      10 0.2747E-08 0.2747E-08
BiCGStabl:       15 0.1871E-11 0.1871E-11
ComputeChange: NS (ITER=3) (NRM,RELC): (  1.6674030     0.18559610E-04 ) :: navier-stokes
FlowSolve: iter:    3 Assembly: (s)    0.02    0.05
FlowSolve: iter:    3 Solve:    (s)    0.02    0.05
FlowSolve:  Result Norm     :    1.6674029591567117
FlowSolve:  Relative Change :    1.8559610023298270E-005
FlowSolve: 
FlowSolve: 
FlowSolve: -------------------------------------
FlowSolve:  NAVIER-STOKES ITERATION           4
FlowSolve: -------------------------------------
FlowSolve: 
FlowSolve: Starting Assembly...
FlowSolve: Assembly:
FlowSolve: Assembly done
FlowSolve: Dirichlet conditions done
      10 0.8297E-09 0.8297E-09
BiCGStabl:       14 0.7891E-11 0.7891E-11
ComputeChange: NS (ITER=4) (NRM,RELC): (  1.6674122     0.55690464E-05 ) :: navier-stokes
FlowSolve: iter:    4 Assembly: (s)    0.02    0.06
FlowSolve: iter:    4 Solve:    (s)    0.01    0.06
FlowSolve:  Result Norm     :    1.6674122450270576
FlowSolve:  Relative Change :    5.5690464253237704E-006
FlowSolve: 
FlowSolve: 
FlowSolve: -------------------------------------
FlowSolve:  NAVIER-STOKES ITERATION           5
FlowSolve: -------------------------------------
FlowSolve: 
FlowSolve: Starting Assembly...
FlowSolve: Assembly:
FlowSolve: Assembly done
FlowSolve: Dirichlet conditions done
      10 0.2503E-09 0.2503E-09
BiCGStabl:       14 0.2335E-11 0.2335E-11
ComputeChange: NS (ITER=5) (NRM,RELC): (  1.6674150     0.16709408E-05 ) :: navier-stokes
FlowSolve: iter:    5 Assembly: (s)    0.02    0.08
FlowSolve: iter:    5 Solve:    (s)    0.01    0.08
FlowSolve:  Result Norm     :    1.6674150311765252
FlowSolve:  Relative Change :    1.6709407935235653E-006
FlowSolve: 
FlowSolve: 
FlowSolve: -------------------------------------
FlowSolve:  NAVIER-STOKES ITERATION           6
FlowSolve: -------------------------------------
FlowSolve: 
FlowSolve: Starting Assembly...
FlowSolve: Assembly:
FlowSolve: Assembly done
FlowSolve: Dirichlet conditions done
      10 0.7551E-10 0.7551E-10
BiCGStabl:       12 0.5757E-11 0.5757E-11
ComputeChange: NS (ITER=6) (NRM,RELC): (  1.6674159     0.50133738E-06 ) :: navier-stokes
FlowSolve: iter:    6 Assembly: (s)    0.02    0.09
FlowSolve: iter:    6 Solve:    (s)    0.01    0.09
FlowSolve:  Result Norm     :    1.6674158671142121
FlowSolve:  Relative Change :    5.0133737652357618E-007
FlowSolve: 
FlowSolve: 
FlowSolve: -------------------------------------
FlowSolve:  NAVIER-STOKES ITERATION           7
FlowSolve: -------------------------------------
FlowSolve: 
FlowSolve: Starting Assembly...
FlowSolve: Assembly:
FlowSolve: Assembly done
FlowSolve: Dirichlet conditions done
      10 0.2278E-10 0.2278E-10
BiCGStabl:       11 0.6137E-11 0.6137E-11
ComputeChange: NS (ITER=7) (NRM,RELC): (  1.6674161     0.15041791E-06 ) :: navier-stokes
FlowSolve: iter:    7 Assembly: (s)    0.02    0.11
FlowSolve: iter:    7 Solve:    (s)    0.01    0.10
FlowSolve:  Result Norm     :    1.6674161179234366
FlowSolve:  Relative Change :    1.5041790748407234E-007
FlowSolve: 
FlowSolve: 
FlowSolve: -------------------------------------
FlowSolve:  NAVIER-STOKES ITERATION           8
FlowSolve: -------------------------------------
FlowSolve: 
FlowSolve: Starting Assembly...
FlowSolve: Assembly:
FlowSolve: Assembly done
FlowSolve: Dirichlet conditions done
      10 0.6874E-11 0.6874E-11
BiCGStabl:       10 0.6874E-11 0.6874E-11
ComputeChange: NS (ITER=8) (NRM,RELC): (  1.6674162     0.45130898E-07 ) :: navier-stokes
FlowSolve: iter:    8 Assembly: (s)    0.02    0.13
FlowSolve: iter:    8 Solve:    (s)    0.01    0.11
FlowSolve:  Result Norm     :    1.6674161931754248
FlowSolve:  Relative Change :    4.5130897854087407E-008
FlowSolve: 
FlowSolve: 
FlowSolve: -------------------------------------
FlowSolve:  NAVIER-STOKES ITERATION           9
FlowSolve: -------------------------------------
FlowSolve: 
FlowSolve: Starting Assembly...
FlowSolve: Assembly:
FlowSolve: Assembly done
FlowSolve: Dirichlet conditions done
BiCGStabl:        9 0.5210E-11 0.5210E-11
ComputeChange: NS (ITER=9) (NRM,RELC): (  1.6674162     0.13542013E-07 ) :: navier-stokes
FlowSolve: iter:    9 Assembly: (s)    0.02    0.14
FlowSolve: iter:    9 Solve:    (s)    0.01    0.12
FlowSolve:  Result Norm     :    1.6674162157555974
FlowSolve:  Relative Change :    1.3542013421788006E-008
FlowSolve: 
FlowSolve: 
FlowSolve: -------------------------------------
FlowSolve:  NAVIER-STOKES ITERATION          10
FlowSolve: -------------------------------------
FlowSolve: 
FlowSolve: Starting Assembly...
FlowSolve: Assembly:
FlowSolve: Assembly done
FlowSolve: Dirichlet conditions done
BiCGStabl:        9 0.8956E-11 0.8956E-11
ComputeChange: NS (ITER=10) (NRM,RELC): (  1.6674162     0.40622972E-08 ) :: navier-stokes
FlowSolve: iter:   10 Assembly: (s)    0.02    0.16
FlowSolve: iter:   10 Solve:    (s)    0.01    0.14
FlowSolve:  Result Norm     :    1.6674162225291376
FlowSolve:  Relative Change :    4.0622971609832246E-009
ComputeChange: SS (ITER=20) (NRM,RELC): (  1.6670973     0.10291037E-03 ) :: navier-stokes
ResultOutputSolver: -------------------------------------
ResultOutputSolver: Saving in unstructured VTK XML (.vtu) format
ResultOutputSolver: -------------------------------------
MAIN: 
MAIN: -------------------------------------
MAIN:  Steady state iteration:           21
MAIN: -------------------------------------
MAIN: 
HeatSolver: ------------------------------------------------
HeatSolver: Solving energy equation for temperature
HeatSolver: Heat solver iteration: 1
IterSolver: "Linear System GCR Restart" not given, setting it to 200
   gcr:    10  0.1992E-08  0.2026E-08
ComputeChange: NS (ITER=1) (NRM,RELC): (  300.00014     0.97267948E-10 ) :: heat equation
ComputeChange: SS (ITER=21) (NRM,RELC): (  300.00014     0.33961463E-10 ) :: heat equation
FlowSolve: 
FlowSolve: 
FlowSolve: -------------------------------------
FlowSolve:  NAVIER-STOKES ITERATION           1
FlowSolve: -------------------------------------
FlowSolve: 
FlowSolve: Starting Assembly...
FlowSolve: Assembly:
FlowSolve: Assembly done
FlowSolve: Dirichlet conditions done
      10 0.6624E-07 0.6624E-07
BiCGStabl:       15 0.5318E-11 0.5318E-11
ComputeChange: NS (ITER=1) (NRM,RELC): (  1.6672600     0.97623725E-04 ) :: navier-stokes
FlowSolve: iter:    1 Assembly: (s)    0.02    0.02
FlowSolve: iter:    1 Solve:    (s)    0.02    0.02
FlowSolve:  Result Norm     :    1.6672600362339072
FlowSolve:  Relative Change :    9.7623724868644977E-005
FlowSolve: 
FlowSolve: 
FlowSolve: -------------------------------------
FlowSolve:  NAVIER-STOKES ITERATION           2
FlowSolve: -------------------------------------
FlowSolve: 
FlowSolve: Starting Assembly...
FlowSolve: Assembly:
FlowSolve: Assembly done
FlowSolve: Dirichlet conditions done
      10 0.1980E-07 0.1980E-07
BiCGStabl:       15 0.2559E-11 0.2559E-11
ComputeChange: NS (ITER=2) (NRM,RELC): (  1.6673089     0.29332267E-04 ) :: navier-stokes
FlowSolve: iter:    2 Assembly: (s)    0.02    0.03
FlowSolve: iter:    2 Solve:    (s)    0.02    0.03
FlowSolve:  Result Norm     :    1.6673089414671911
FlowSolve:  Relative Change :    2.9332266695320663E-005
FlowSolve: 
FlowSolve: 
FlowSolve: -------------------------------------
FlowSolve:  NAVIER-STOKES ITERATION           3
FlowSolve: -------------------------------------
FlowSolve: 
FlowSolve: Starting Assembly...
FlowSolve: Assembly:
FlowSolve: Assembly done
FlowSolve: Dirichlet conditions done
      10 0.5916E-08 0.5916E-08
BiCGStabl:       15 0.2906E-11 0.2906E-11
ComputeChange: NS (ITER=3) (NRM,RELC): (  1.6673236     0.88047264E-05 ) :: navier-stokes
FlowSolve: iter:    3 Assembly: (s)    0.02    0.05
FlowSolve: iter:    3 Solve:    (s)    0.02    0.05
FlowSolve:  Result Norm     :    1.6673236217308465
FlowSolve:  Relative Change :    8.8047263841780122E-006
FlowSolve: 
FlowSolve: 
FlowSolve: -------------------------------------
FlowSolve:  NAVIER-STOKES ITERATION           4
FlowSolve: -------------------------------------
FlowSolve: 
FlowSolve: Starting Assembly...
FlowSolve: Assembly:
FlowSolve: Assembly done
FlowSolve: Dirichlet conditions done
      10 0.1767E-08 0.1767E-08
BiCGStabl:       15 0.1607E-11 0.1607E-11
ComputeChange: NS (ITER=4) (NRM,RELC): (  1.6673280     0.26421670E-05 ) :: navier-stokes
FlowSolve: iter:    4 Assembly: (s)    0.02    0.07
FlowSolve: iter:    4 Solve:    (s)    0.02    0.06
FlowSolve:  Result Norm     :    1.6673280270841395
FlowSolve:  Relative Change :    2.6421670129244777E-006
FlowSolve: 
FlowSolve: 
FlowSolve: -------------------------------------
FlowSolve:  NAVIER-STOKES ITERATION           5
FlowSolve: -------------------------------------
FlowSolve: 
FlowSolve: Starting Assembly...
FlowSolve: Assembly:
FlowSolve: Assembly done
FlowSolve: Dirichlet conditions done
      10 0.5280E-09 0.5280E-09
BiCGStabl:       14 0.4301E-11 0.4301E-11
ComputeChange: NS (ITER=5) (NRM,RELC): (  1.6673293     0.79280567E-06 ) :: navier-stokes
FlowSolve: iter:    5 Assembly: (s)    0.02    0.08
FlowSolve: iter:    5 Solve:    (s)    0.01    0.08
FlowSolve:  Result Norm     :    1.6673293489517853
FlowSolve:  Relative Change :    7.9280567490174545E-007
FlowSolve: 
FlowSolve: 
FlowSolve: -------------------------------------
FlowSolve:  NAVIER-STOKES ITERATION           6
FlowSolve: -------------------------------------
FlowSolve: 
FlowSolve: Starting Assembly...
FlowSolve: Assembly:
FlowSolve: Assembly done
FlowSolve: Dirichlet conditions done
      10 0.1577E-09 0.1577E-09
BiCGStabl:       14 0.3745E-11 0.3745E-11
ComputeChange: NS (ITER=6) (NRM,RELC): (  1.6673297     0.23788234E-06 ) :: navier-stokes
FlowSolve: iter:    6 Assembly: (s)    0.01    0.10
FlowSolve: iter:    6 Solve:    (s)    0.01    0.09
FlowSolve:  Result Norm     :    1.6673297455800413
FlowSolve:  Relative Change :    2.3788234105655698E-007
FlowSolve: 
FlowSolve: 
FlowSolve: -------------------------------------
FlowSolve:  NAVIER-STOKES ITERATION           7
FlowSolve: -------------------------------------
FlowSolve: 
FlowSolve: Starting Assembly...
FlowSolve: Assembly:
FlowSolve: Assembly done
FlowSolve: Dirichlet conditions done
      10 0.4709E-10 0.4709E-10
BiCGStabl:       12 0.8188E-11 0.8188E-11
ComputeChange: NS (ITER=7) (NRM,RELC): (  1.6673299     0.71375893E-07 ) :: navier-stokes
FlowSolve: iter:    7 Assembly: (s)    0.01    0.11
FlowSolve: iter:    7 Solve:    (s)    0.01    0.11
FlowSolve:  Result Norm     :    1.6673298645871959
FlowSolve:  Relative Change :    7.1375893487004795E-008
FlowSolve: 
FlowSolve: 
FlowSolve: -------------------------------------
FlowSolve:  NAVIER-STOKES ITERATION           8
FlowSolve: -------------------------------------
FlowSolve: 
FlowSolve: Starting Assembly...
FlowSolve: Assembly:
FlowSolve: Assembly done
FlowSolve: Dirichlet conditions done
      10 0.1405E-10 0.1405E-10
BiCGStabl:       11 0.4857E-11 0.4857E-11
ComputeChange: NS (ITER=8) (NRM,RELC): (  1.6673299     0.21416681E-07 ) :: navier-stokes
FlowSolve: iter:    8 Assembly: (s)    0.02    0.13
FlowSolve: iter:    8 Solve:    (s)    0.01    0.12
FlowSolve:  Result Norm     :    1.6673299002958681
FlowSolve:  Relative Change :    2.1416681016387606E-008
FlowSolve: 
FlowSolve: 
FlowSolve: -------------------------------------
FlowSolve:  NAVIER-STOKES ITERATION           9
FlowSolve: -------------------------------------
FlowSolve: 
FlowSolve: Starting Assembly...
FlowSolve: Assembly:
FlowSolve: Assembly done
FlowSolve: Dirichlet conditions done
BiCGStabl:        9 0.7166E-11 0.7166E-11
ComputeChange: NS (ITER=9) (NRM,RELC): (  1.6673299     0.64267710E-08 ) :: navier-stokes
FlowSolve: iter:    9 Assembly: (s)    0.02    0.14
FlowSolve: iter:    9 Solve:    (s)    0.01    0.13
FlowSolve:  Result Norm     :    1.6673299110114157
FlowSolve:  Relative Change :    6.4267710451577327E-009
FlowSolve: 
FlowSolve: 
FlowSolve: -------------------------------------
FlowSolve:  NAVIER-STOKES ITERATION          10
FlowSolve: -------------------------------------
FlowSolve: 
FlowSolve: Starting Assembly...
FlowSolve: Assembly:
FlowSolve: Assembly done
FlowSolve: Dirichlet conditions done
BiCGStabl:        8 0.6231E-11 0.6231E-11
ComputeChange: NS (ITER=10) (NRM,RELC): (  1.6673299     0.19275407E-08 ) :: navier-stokes
FlowSolve: iter:   10 Assembly: (s)    0.02    0.16
FlowSolve: iter:   10 Solve:    (s)    0.01    0.14
FlowSolve:  Result Norm     :    1.6673299142252620
FlowSolve:  Relative Change :    1.9275407199715761E-009
ComputeChange: SS (ITER=21) (NRM,RELC): (  1.6671786     0.48802009E-04 ) :: navier-stokes
ResultOutputSolver: -------------------------------------
ResultOutputSolver: Saving in unstructured VTK XML (.vtu) format
ResultOutputSolver: -------------------------------------
MAIN: 
MAIN: -------------------------------------
MAIN:  Steady state iteration:           22
MAIN: -------------------------------------
MAIN: 
HeatSolver: ------------------------------------------------
HeatSolver: Solving energy equation for temperature
HeatSolver: Heat solver iteration: 1
IterSolver: "Linear System GCR Restart" not given, setting it to 200
   gcr:    10  0.1539E-08  0.1562E-08
ComputeChange: NS (ITER=1) (NRM,RELC): (  300.00014     0.10820045E-09 ) :: heat equation
HeatSolver: Heat solver iteration: 2
IterSolver: "Linear System GCR Restart" not given, setting it to 200
   gcr:    10  0.4618E-09  0.4687E-09
ComputeChange: NS (ITER=2) (NRM,RELC): (  300.00014     0.10449975E-09 ) :: heat equation
HeatSolver: Heat solver iteration: 3
IterSolver: "Linear System GCR Restart" not given, setting it to 200
   gcr:    10  0.1385E-09  0.1405E-09
ComputeChange: NS (ITER=3) (NRM,RELC): (  300.00014     0.65648812E-10 ) :: heat equation
ComputeChange: SS (ITER=22) (NRM,RELC): (  300.00014     0.97330287E-10 ) :: heat equation
FlowSolve: 
FlowSolve: 
FlowSolve: -------------------------------------
FlowSolve:  NAVIER-STOKES ITERATION           1
FlowSolve: -------------------------------------
FlowSolve: 
FlowSolve: Starting Assembly...
FlowSolve: Assembly:
FlowSolve: Assembly done
FlowSolve: Dirichlet conditions done
      10 0.8257E-07 0.8257E-07
BiCGStabl:       15 0.9257E-11 0.9257E-11
ComputeChange: NS (ITER=1) (NRM,RELC): (  1.6672236     0.26948154E-04 ) :: navier-stokes
FlowSolve: iter:    1 Assembly: (s)    0.02    0.02
FlowSolve: iter:    1 Solve:    (s)    0.02    0.02
FlowSolve:  Result Norm     :    1.6672235677168030
FlowSolve:  Relative Change :    2.6948153537285435E-005
FlowSolve: 
FlowSolve: 
FlowSolve: -------------------------------------
FlowSolve:  NAVIER-STOKES ITERATION           2
FlowSolve: -------------------------------------
FlowSolve: 
FlowSolve: Starting Assembly...
FlowSolve: Assembly:
FlowSolve: Assembly done
FlowSolve: Dirichlet conditions done
      10 0.2482E-07 0.2482E-07
BiCGStabl:       15 0.2910E-11 0.2910E-11
ComputeChange: NS (ITER=2) (NRM,RELC): (  1.6672371     0.81118292E-05 ) :: navier-stokes
FlowSolve: iter:    2 Assembly: (s)    0.02    0.03
FlowSolve: iter:    2 Solve:    (s)    0.02    0.03
FlowSolve:  Result Norm     :    1.6672370920045285
FlowSolve:  Relative Change :    8.1118292315539441E-006
FlowSolve: 
FlowSolve: 
FlowSolve: -------------------------------------
FlowSolve:  NAVIER-STOKES ITERATION           3
FlowSolve: -------------------------------------
FlowSolve: 
FlowSolve: Starting Assembly...
FlowSolve: Assembly:
FlowSolve: Assembly done
FlowSolve: Dirichlet conditions done
      10 0.7456E-08 0.7456E-08
BiCGStabl:       14 0.7294E-11 0.7294E-11
ComputeChange: NS (ITER=3) (NRM,RELC): (  1.6672412     0.24367769E-05 ) :: navier-stokes
FlowSolve: iter:    3 Assembly: (s)    0.02    0.05
FlowSolve: iter:    3 Solve:    (s)    0.01    0.05
FlowSolve:  Result Norm     :    1.6672411546942882
FlowSolve:  Relative Change :    2.4367768863046607E-006
FlowSolve: 
FlowSolve: 
FlowSolve: -------------------------------------
FlowSolve:  NAVIER-STOKES ITERATION           4
FlowSolve: -------------------------------------
FlowSolve: 
FlowSolve: Starting Assembly...
FlowSolve: Assembly:
FlowSolve: Assembly done
FlowSolve: Dirichlet conditions done
      10 0.2239E-08 0.2239E-08
BiCGStabl:       14 0.3955E-11 0.3955E-11
ComputeChange: NS (ITER=4) (NRM,RELC): (  1.6672424     0.73155623E-06 ) :: navier-stokes
FlowSolve: iter:    4 Assembly: (s)    0.02    0.06
FlowSolve: iter:    4 Solve:    (s)    0.01    0.06
FlowSolve:  Result Norm     :    1.6672423743753917
FlowSolve:  Relative Change :    7.3155623221114399E-007
FlowSolve: 
FlowSolve: 
FlowSolve: -------------------------------------
FlowSolve:  NAVIER-STOKES ITERATION           5
FlowSolve: -------------------------------------
FlowSolve: 
FlowSolve: Starting Assembly...
FlowSolve: Assembly:
FlowSolve: Assembly done
FlowSolve: Dirichlet conditions done
      10 0.6721E-09 0.6721E-09
BiCGStabl:       12 0.6319E-11 0.6319E-11
ComputeChange: NS (ITER=5) (NRM,RELC): (  1.6672427     0.21958195E-06 ) :: navier-stokes
FlowSolve: iter:    5 Assembly: (s)    0.02    0.08
FlowSolve: iter:    5 Solve:    (s)    0.01    0.07
FlowSolve:  Result Norm     :    1.6672427404717696
FlowSolve:  Relative Change :    2.1958195359724899E-007
FlowSolve: 
FlowSolve: 
FlowSolve: -------------------------------------
FlowSolve:  NAVIER-STOKES ITERATION           6
FlowSolve: -------------------------------------
FlowSolve: 
FlowSolve: Starting Assembly...
FlowSolve: Assembly:
FlowSolve: Assembly done
FlowSolve: Dirichlet conditions done
      10 0.2018E-09 0.2018E-09
BiCGStabl:       11 0.5819E-11 0.5819E-11
ComputeChange: NS (ITER=6) (NRM,RELC): (  1.6672429     0.65906833E-07 ) :: navier-stokes
FlowSolve: iter:    6 Assembly: (s)    0.01    0.09
FlowSolve: iter:    6 Solve:    (s)    0.01    0.08
FlowSolve:  Result Norm     :    1.6672428503544621
FlowSolve:  Relative Change :    6.5906833007687604E-008
FlowSolve: 
FlowSolve: 
FlowSolve: -------------------------------------
FlowSolve:  NAVIER-STOKES ITERATION           7
FlowSolve: -------------------------------------
FlowSolve: 
FlowSolve: Starting Assembly...
FlowSolve: Assembly:
FlowSolve: Assembly done
FlowSolve: Dirichlet conditions done
      10 0.6059E-10 0.6059E-10
BiCGStabl:       11 0.7931E-11 0.7931E-11
ComputeChange: NS (ITER=7) (NRM,RELC): (  1.6672429     0.19780940E-07 ) :: navier-stokes
FlowSolve: iter:    7 Assembly: (s)    0.01    0.11
FlowSolve: iter:    7 Solve:    (s)    0.01    0.10
FlowSolve:  Result Norm     :    1.6672428833340940
FlowSolve:  Relative Change :    1.9780940479721687E-008
FlowSolve: 
FlowSolve: 
FlowSolve: -------------------------------------
FlowSolve:  NAVIER-STOKES ITERATION           8
FlowSolve: -------------------------------------
FlowSolve: 
FlowSolve: Starting Assembly...
FlowSolve: Assembly:
FlowSolve: Assembly done
FlowSolve: Dirichlet conditions done
      10 0.1819E-10 0.1819E-10
BiCGStabl:       11 0.2367E-11 0.2367E-11
ComputeChange: NS (ITER=8) (NRM,RELC): (  1.6672429     0.59375802E-08 ) :: navier-stokes
FlowSolve: iter:    8 Assembly: (s)    0.02    0.12
FlowSolve: iter:    8 Solve:    (s)    0.01    0.11
FlowSolve:  Result Norm     :    1.6672428932334824
FlowSolve:  Relative Change :    5.9375802348147574E-009
FlowSolve: 
FlowSolve: 
FlowSolve: -------------------------------------
FlowSolve:  NAVIER-STOKES ITERATION           9
FlowSolve: -------------------------------------
FlowSolve: 
FlowSolve: Starting Assembly...
FlowSolve: Assembly:
FlowSolve: Assembly done
FlowSolve: Dirichlet conditions done
BiCGStabl:        9 0.6297E-11 0.6297E-11
ComputeChange: NS (ITER=9) (NRM,RELC): (  1.6672429     0.17831279E-08 ) :: navier-stokes
FlowSolve: iter:    9 Assembly: (s)    0.02    0.14
FlowSolve: iter:    9 Solve:    (s)    0.01    0.12
FlowSolve:  Result Norm     :    1.6672428962063897
FlowSolve:  Relative Change :    1.7831278592469098E-009
FlowSolve: 
FlowSolve: 
FlowSolve: -------------------------------------
FlowSolve:  NAVIER-STOKES ITERATION          10
FlowSolve: -------------------------------------
FlowSolve: 
FlowSolve: Starting Assembly...
FlowSolve: Assembly:
FlowSolve: Assembly done
FlowSolve: Dirichlet conditions done
BiCGStabl:        8 0.3830E-11 0.3830E-11
ComputeChange: NS (ITER=10) (NRM,RELC): (  1.6672429     0.53464360E-09 ) :: navier-stokes
FlowSolve: iter:   10 Assembly: (s)    0.01    0.15
FlowSolve: iter:   10 Solve:    (s)    0.01    0.13
FlowSolve:  Result Norm     :    1.6672428970977704
FlowSolve:  Relative Change :    5.3464360159056485E-010
ComputeChange: SS (ITER=22) (NRM,RELC): (  1.6672011     0.13468805E-04 ) :: navier-stokes
ResultOutputSolver: -------------------------------------
ResultOutputSolver: Saving in unstructured VTK XML (.vtu) format
ResultOutputSolver: -------------------------------------
MAIN: 
MAIN: -------------------------------------
MAIN:  Steady state iteration:           23
MAIN: -------------------------------------
MAIN: 
HeatSolver: ------------------------------------------------
HeatSolver: Solving energy equation for temperature
HeatSolver: Heat solver iteration: 1
IterSolver: "Linear System GCR Restart" not given, setting it to 200
   gcr:    10  0.1042E-08  0.1057E-08
ComputeChange: NS (ITER=1) (NRM,RELC): (  300.00014     0.79824606E-10 ) :: heat equation
ComputeChange: SS (ITER=23) (NRM,RELC): (  300.00014     0.27916737E-10 ) :: heat equation
FlowSolve: 
FlowSolve: 
FlowSolve: -------------------------------------
FlowSolve:  NAVIER-STOKES ITERATION           1
FlowSolve: -------------------------------------
FlowSolve: 
FlowSolve: Starting Assembly...
FlowSolve: Assembly:
FlowSolve: Assembly done
FlowSolve: Dirichlet conditions done
      10 0.2283E-06 0.2283E-06
BiCGStabl:       15 0.4928E-11 0.4928E-11
ComputeChange: NS (ITER=1) (NRM,RELC): (  1.6672036     0.15217058E-05 ) :: navier-stokes
FlowSolve: iter:    1 Assembly: (s)    0.01    0.01
FlowSolve: iter:    1 Solve:    (s)    0.02    0.02
FlowSolve:  Result Norm     :    1.6672036317727201
FlowSolve:  Relative Change :    1.5217058463561998E-006
FlowSolve: 
FlowSolve: 
FlowSolve: -------------------------------------
FlowSolve:  NAVIER-STOKES ITERATION           2
FlowSolve: -------------------------------------
FlowSolve: 
FlowSolve: Starting Assembly...
FlowSolve: Assembly:
FlowSolve: Assembly done
FlowSolve: Dirichlet conditions done
      10 0.7023E-07 0.7023E-07
BiCGStabl:       15 0.1499E-11 0.1499E-11
ComputeChange: NS (ITER=2) (NRM,RELC): (  1.6672044     0.47132031E-06 ) :: navier-stokes
FlowSolve: iter:    2 Assembly: (s)    0.02    0.03
FlowSolve: iter:    2 Solve:    (s)    0.02    0.03
FlowSolve:  Result Norm     :    1.6672044175598459
FlowSolve:  Relative Change :    4.7132031484233508E-007
FlowSolve: 
FlowSolve: 
FlowSolve: -------------------------------------
FlowSolve:  NAVIER-STOKES ITERATION           3
FlowSolve: -------------------------------------
FlowSolve: 
FlowSolve: Starting Assembly...
FlowSolve: Assembly:
FlowSolve: Assembly done
FlowSolve: Dirichlet conditions done
      10 0.2154E-07 0.2154E-07
BiCGStabl:       14 0.9449E-11 0.9449E-11
ComputeChange: NS (ITER=3) (NRM,RELC): (  1.6672047     0.14328765E-06 ) :: navier-stokes
FlowSolve: iter:    3 Assembly: (s)    0.02    0.05
FlowSolve: iter:    3 Solve:    (s)    0.01    0.05
FlowSolve:  Result Norm     :    1.6672046564496692
FlowSolve:  Relative Change :    1.4328765184717716E-007
FlowSolve: 
FlowSolve: 
FlowSolve: -------------------------------------
FlowSolve:  NAVIER-STOKES ITERATION           4
FlowSolve: -------------------------------------
FlowSolve: 
FlowSolve: Starting Assembly...
FlowSolve: Assembly:
FlowSolve: Assembly done
FlowSolve: Dirichlet conditions done
      10 0.6606E-08 0.6606E-08
BiCGStabl:       13 0.8532E-11 0.8532E-11
ComputeChange: NS (ITER=4) (NRM,RELC): (  1.6672047     0.43323670E-07 ) :: navier-stokes
FlowSolve: iter:    4 Assembly: (s)    0.01    0.06
FlowSolve: iter:    4 Solve:    (s)    0.01    0.06
FlowSolve:  Result Norm     :    1.6672047286790950
FlowSolve:  Relative Change :    4.3323669910433061E-008
FlowSolve: 
FlowSolve: 
FlowSolve: -------------------------------------
FlowSolve:  NAVIER-STOKES ITERATION           5
FlowSolve: -------------------------------------
FlowSolve: 
FlowSolve: Starting Assembly...
FlowSolve: Assembly:
FlowSolve: Assembly done
FlowSolve: Dirichlet conditions done
      10 0.2026E-08 0.2026E-08
BiCGStabl:       12 0.3354E-11 0.3354E-11
ComputeChange: NS (ITER=5) (NRM,RELC): (  1.6672048     0.13080755E-07 ) :: navier-stokes
FlowSolve: iter:    5 Assembly: (s)    0.01    0.08
FlowSolve: iter:    5 Solve:    (s)    0.01    0.07
FlowSolve:  Result Norm     :    1.6672047504873921
FlowSolve:  Relative Change :    1.3080755260800766E-008
FlowSolve: 
FlowSolve: 
FlowSolve: -------------------------------------
FlowSolve:  NAVIER-STOKES ITERATION           6
FlowSolve: -------------------------------------
FlowSolve: 
FlowSolve: Starting Assembly...
FlowSolve: Assembly:
FlowSolve: Assembly done
FlowSolve: Dirichlet conditions done
      10 0.6214E-09 0.6214E-09
BiCGStabl:       11 0.4029E-11 0.4029E-11
ComputeChange: NS (ITER=6) (NRM,RELC): (  1.6672048     0.39474616E-08 ) :: navier-stokes
FlowSolve: iter:    6 Assembly: (s)    0.01    0.09
FlowSolve: iter:    6 Solve:    (s)    0.01    0.08
FlowSolve:  Result Norm     :    1.6672047570686188
FlowSolve:  Relative Change :    3.9474615579319255E-009
FlowSolve: 
FlowSolve: 
FlowSolve: -------------------------------------
FlowSolve:  NAVIER-STOKES ITERATION           7
FlowSolve: -------------------------------------
FlowSolve: 
FlowSolve: Starting Assembly...
FlowSolve: Assembly:
FlowSolve: Assembly done
FlowSolve: Dirichlet conditions done
      10 0.1907E-09 0.1907E-09
BiCGStabl:       11 0.9197E-11 0.9197E-11
ComputeChange: NS (ITER=7) (NRM,RELC): (  1.6672048     0.11904684E-08 ) :: navier-stokes
FlowSolve: iter:    7 Assembly: (s)    0.01    0.10
FlowSolve: iter:    7 Solve:    (s)    0.01    0.10
FlowSolve:  Result Norm     :    1.6672047590533734
FlowSolve:  Relative Change :    1.1904684012627893E-009
FlowSolve: 
FlowSolve: 
FlowSolve: -------------------------------------
FlowSolve:  NAVIER-STOKES ITERATION           8
FlowSolve: -------------------------------------
FlowSolve: 
FlowSolve: Starting Assembly...
FlowSolve: Assembly:
FlowSolve: Assembly done
FlowSolve: Dirichlet conditions done
      10 0.5854E-10 0.5854E-10
BiCGStabl:       11 0.2760E-11 0.2760E-11
ComputeChange: NS (ITER=8) (NRM,RELC): (  1.6672048     0.35974666E-09 ) :: navier-stokes
FlowSolve: iter:    8 Assembly: (s)    0.01    0.12
FlowSolve: iter:    8 Solve:    (s)    0.01    0.11
FlowSolve:  Result Norm     :    1.6672047596531447
FlowSolve:  Relative Change :    3.5974665999262903E-010
FlowSolve: 
FlowSolve: 
FlowSolve: -------------------------------------
FlowSolve:  NAVIER-STOKES ITERATION           9
FlowSolve: -------------------------------------
FlowSolve: 
FlowSolve: Starting Assembly...
FlowSolve: Assembly:
FlowSolve: Assembly done
FlowSolve: Dirichlet conditions done
      10 0.1798E-10 0.1798E-10
BiCGStabl:       11 0.5799E-11 0.5799E-11
ComputeChange: NS (ITER=9) (NRM,RELC): (  1.6672048     0.10980042E-09 ) :: navier-stokes
FlowSolve: iter:    9 Assembly: (s)    0.01    0.13
FlowSolve: iter:    9 Solve:    (s)    0.01    0.12
FlowSolve:  Result Norm     :    1.6672047598362045
FlowSolve:  Relative Change :    1.0980042402060353E-010
FlowSolve: 
FlowSolve: 
FlowSolve: -------------------------------------
FlowSolve:  NAVIER-STOKES ITERATION          10
FlowSolve: -------------------------------------
FlowSolve: 
FlowSolve: Starting Assembly...
FlowSolve: Assembly:
FlowSolve: Assembly done
FlowSolve: Dirichlet conditions done
BiCGStabl:        8 0.3346E-11 0.3346E-11
ComputeChange: NS (ITER=10) (NRM,RELC): (  1.6672048     0.32596327E-10 ) :: navier-stokes
FlowSolve: iter:   10 Assembly: (s)    0.02    0.15
FlowSolve: iter:   10 Solve:    (s)    0.01    0.13
FlowSolve:  Result Norm     :    1.6672047598905493
FlowSolve:  Relative Change :    3.2596326635991638E-011
ComputeChange: SS (ITER=23) (NRM,RELC): (  1.6672024     0.75876980E-06 ) :: navier-stokes
ResultOutputSolver: -------------------------------------
ResultOutputSolver: Saving in unstructured VTK XML (.vtu) format
ResultOutputSolver: -------------------------------------
MAIN: 
MAIN: -------------------------------------
MAIN:  Steady state iteration:           24
MAIN: -------------------------------------
MAIN: 
HeatSolver: ------------------------------------------------
HeatSolver: Solving energy equation for temperature
HeatSolver: Heat solver iteration: 1
IterSolver: "Linear System GCR Restart" not given, setting it to 200
   gcr:    10  0.8052E-09  0.8188E-09
ComputeChange: NS (ITER=1) (NRM,RELC): (  300.00014     0.81278281E-10 ) :: heat equation
ComputeChange: SS (ITER=24) (NRM,RELC): (  300.00014     0.28435338E-10 ) :: heat equation
FlowSolve: 
FlowSolve: 
FlowSolve: -------------------------------------
FlowSolve:  NAVIER-STOKES ITERATION           1
FlowSolve: -------------------------------------
FlowSolve: 
FlowSolve: Starting Assembly...
FlowSolve: Assembly:
FlowSolve: Assembly done
FlowSolve: Dirichlet conditions done
      10 0.3234E-06 0.3234E-06
BiCGStabl:       15 0.3713E-11 0.3713E-11
ComputeChange: NS (ITER=1) (NRM,RELC): (  1.6671858     0.99508499E-05 ) :: navier-stokes
FlowSolve: iter:    1 Assembly: (s)    0.01    0.01
FlowSolve: iter:    1 Solve:    (s)    0.02    0.02
FlowSolve:  Result Norm     :    1.6671857698055550
FlowSolve:  Relative Change :    9.9508499053041354E-006
FlowSolve: 
FlowSolve: 
FlowSolve: -------------------------------------
FlowSolve:  NAVIER-STOKES ITERATION           2
FlowSolve: -------------------------------------
FlowSolve: 
FlowSolve: Starting Assembly...
FlowSolve: Assembly:
FlowSolve: Assembly done
FlowSolve: Dirichlet conditions done
      10 0.9151E-07 0.9151E-07
BiCGStabl:       15 0.1118E-11 0.1118E-11
ComputeChange: NS (ITER=2) (NRM,RELC): (  1.6671808     0.29770918E-05 ) :: navier-stokes
FlowSolve: iter:    2 Assembly: (s)    0.02    0.03
FlowSolve: iter:    2 Solve:    (s)    0.02    0.03
FlowSolve:  Result Norm     :    1.6671808064479336
FlowSolve:  Relative Change :    2.9770917551139650E-006
FlowSolve: 
FlowSolve: 
FlowSolve: -------------------------------------
FlowSolve:  NAVIER-STOKES ITERATION           3
FlowSolve: -------------------------------------
FlowSolve: 
FlowSolve: Starting Assembly...
FlowSolve: Assembly:
FlowSolve: Assembly done
FlowSolve: Dirichlet conditions done
      10 0.2606E-07 0.2606E-07
BiCGStabl:       14 0.7195E-11 0.7195E-11
ComputeChange: NS (ITER=3) (NRM,RELC): (  1.6671793     0.89198137E-06 ) :: navier-stokes
FlowSolve: iter:    3 Assembly: (s)    0.02    0.05
FlowSolve: iter:    3 Solve:    (s)    0.01    0.05
FlowSolve:  Result Norm     :    1.6671793193543711
FlowSolve:  Relative Change :    8.9198137358092842E-007
FlowSolve: 
FlowSolve: 
FlowSolve: -------------------------------------
FlowSolve:  NAVIER-STOKES ITERATION           4
FlowSolve: -------------------------------------
FlowSolve: 
FlowSolve: Starting Assembly...
FlowSolve: Assembly:
FlowSolve: Assembly done
FlowSolve: Dirichlet conditions done
      10 0.7449E-08 0.7449E-08
BiCGStabl:       12 0.8599E-11 0.8599E-11
ComputeChange: NS (ITER=4) (NRM,RELC): (  1.6671789     0.26736867E-06 ) :: navier-stokes
FlowSolve: iter:    4 Assembly: (s)    0.02    0.06
FlowSolve: iter:    4 Solve:    (s)    0.01    0.06
FlowSolve:  Result Norm     :    1.6671788736029096
FlowSolve:  Relative Change :    2.6736867230473730E-007
FlowSolve: 
FlowSolve: 
FlowSolve: -------------------------------------
FlowSolve:  NAVIER-STOKES ITERATION           5
FlowSolve: -------------------------------------
FlowSolve: 
FlowSolve: Starting Assembly...
FlowSolve: Assembly:
FlowSolve: Assembly done
FlowSolve: Dirichlet conditions done
      10 0.2134E-08 0.2134E-08
BiCGStabl:       12 0.2579E-11 0.2579E-11
ComputeChange: NS (ITER=5) (NRM,RELC): (  1.6671787     0.80150416E-07 ) :: navier-stokes
FlowSolve: iter:    5 Assembly: (s)    0.02    0.08
FlowSolve: iter:    5 Solve:    (s)    0.01    0.07
FlowSolve:  Result Norm     :    1.6671787399778353
FlowSolve:  Relative Change :    8.0150415657062869E-008
FlowSolve: 
FlowSolve: 
FlowSolve: -------------------------------------
FlowSolve:  NAVIER-STOKES ITERATION           6
FlowSolve: -------------------------------------
FlowSolve: 
FlowSolve: Starting Assembly...
FlowSolve: Assembly:
FlowSolve: Assembly done
FlowSolve: Dirichlet conditions done
      10 0.6128E-09 0.6128E-09
BiCGStabl:       11 0.3594E-11 0.3594E-11
ComputeChange: NS (ITER=6) (NRM,RELC): (  1.6671787     0.24028169E-07 ) :: navier-stokes
FlowSolve: iter:    6 Assembly: (s)    0.01    0.09
FlowSolve: iter:    6 Solve:    (s)    0.01    0.08
FlowSolve:  Result Norm     :    1.6671786999185834
FlowSolve:  Relative Change :    2.4028168927732373E-008
FlowSolve: 
FlowSolve: 
FlowSolve: -------------------------------------
FlowSolve:  NAVIER-STOKES ITERATION           7
FlowSolve: -------------------------------------
FlowSolve: 
FlowSolve: Starting Assembly...
FlowSolve: Assembly:
FlowSolve: Assembly done
FlowSolve: Dirichlet conditions done
      10 0.1764E-09 0.1764E-09
BiCGStabl:       11 0.7435E-11 0.7435E-11
ComputeChange: NS (ITER=7) (NRM,RELC): (  1.6671787     0.72039003E-08 ) :: navier-stokes
FlowSolve: iter:    7 Assembly: (s)    0.01    0.11
FlowSolve: iter:    7 Solve:    (s)    0.01    0.09
FlowSolve:  Result Norm     :    1.6671786879083943
FlowSolve:  Relative Change :    7.2039002833582552E-009
FlowSolve: 
FlowSolve: 
FlowSolve: -------------------------------------
FlowSolve:  NAVIER-STOKES ITERATION           8
FlowSolve: -------------------------------------
FlowSolve: 
FlowSolve: Starting Assembly...
FlowSolve: Assembly:
FlowSolve: Assembly done
FlowSolve: Dirichlet conditions done
      10 0.5078E-10 0.5078E-10
BiCGStabl:       11 0.2228E-11 0.2228E-11
ComputeChange: NS (ITER=8) (NRM,RELC): (  1.6671787     0.21592112E-08 ) :: navier-stokes
FlowSolve: iter:    8 Assembly: (s)    0.01    0.12
FlowSolve: iter:    8 Solve:    (s)    0.01    0.11
FlowSolve:  Result Norm     :    1.6671786843086034
FlowSolve:  Relative Change :    2.1592112110102992E-009
FlowSolve: 
FlowSolve: 
FlowSolve: -------------------------------------
FlowSolve:  NAVIER-STOKES ITERATION           9
FlowSolve: -------------------------------------
FlowSolve: 
FlowSolve: Starting Assembly...
FlowSolve: Assembly:
FlowSolve: Assembly done
FlowSolve: Dirichlet conditions done
BiCGStabl:        8 0.9804E-11 0.9804E-11
ComputeChange: NS (ITER=9) (NRM,RELC): (  1.6671787     0.64514771E-09 ) :: navier-stokes
FlowSolve: iter:    9 Assembly: (s)    0.02    0.14
FlowSolve: iter:    9 Solve:    (s)    0.01    0.12
FlowSolve:  Result Norm     :    1.6671786832330269
FlowSolve:  Relative Change :    6.4514771404559430E-010
FlowSolve: 
FlowSolve: 
FlowSolve: -------------------------------------
FlowSolve:  NAVIER-STOKES ITERATION          10
FlowSolve: -------------------------------------
FlowSolve: 
FlowSolve: Starting Assembly...
FlowSolve: Assembly:
FlowSolve: Assembly done
FlowSolve: Dirichlet conditions done
BiCGStabl:        8 0.8619E-11 0.8619E-11
ComputeChange: NS (ITER=10) (NRM,RELC): (  1.6671787     0.19426501E-09 ) :: navier-stokes
FlowSolve: iter:   10 Assembly: (s)    0.01    0.15
FlowSolve: iter:   10 Solve:    (s)    0.01    0.13
FlowSolve:  Result Norm     :    1.6671786829091524
FlowSolve:  Relative Change :    1.9426500954993637E-010
ComputeChange: SS (ITER=24) (NRM,RELC): (  1.6671941     0.49760041E-05 ) :: navier-stokes
ResultOutputSolver: -------------------------------------
ResultOutputSolver: Saving in unstructured VTK XML (.vtu) format
ResultOutputSolver: -------------------------------------
MAIN: 
MAIN: -------------------------------------
MAIN:  Steady state iteration:           25
MAIN: -------------------------------------
MAIN: 
HeatSolver: ------------------------------------------------
HeatSolver: Solving energy equation for temperature
HeatSolver: Heat solver iteration: 1
IterSolver: "Linear System GCR Restart" not given, setting it to 200
   gcr:    10  0.6212E-09  0.6339E-09
ComputeChange: NS (ITER=1) (NRM,RELC): (  300.00014     0.78272403E-10 ) :: heat equation
ComputeChange: SS (ITER=25) (NRM,RELC): (  300.00014     0.27388093E-10 ) :: heat equation
FlowSolve: 
FlowSolve: 
FlowSolve: -------------------------------------
FlowSolve:  NAVIER-STOKES ITERATION           1
FlowSolve: -------------------------------------
FlowSolve: 
FlowSolve: Starting Assembly...
FlowSolve: Assembly:
FlowSolve: Assembly done
FlowSolve: Dirichlet conditions done
      10 0.1109E-06 0.1109E-06
BiCGStabl:       15 0.1877E-11 0.1877E-11
ComputeChange: NS (ITER=1) (NRM,RELC): (  1.6671711     0.13790283E-04 ) :: navier-stokes
FlowSolve: iter:    1 Assembly: (s)    0.01    0.01
FlowSolve: iter:    1 Solve:    (s)    0.01    0.01
FlowSolve:  Result Norm     :    1.6671710728993367
FlowSolve:  Relative Change :    1.3790282683236889E-005
FlowSolve: 
FlowSolve: 
FlowSolve: -------------------------------------
FlowSolve:  NAVIER-STOKES ITERATION           2
FlowSolve: -------------------------------------
FlowSolve: 
FlowSolve: Starting Assembly...
FlowSolve: Assembly:
FlowSolve: Assembly done
FlowSolve: Dirichlet conditions done
      10 0.3210E-07 0.3210E-07
BiCGStabl:       14 0.9033E-11 0.9033E-11
ComputeChange: NS (ITER=2) (NRM,RELC): (  1.6671642     0.41324671E-05 ) :: navier-stokes
FlowSolve: iter:    2 Assembly: (s)    0.01    0.03
FlowSolve: iter:    2 Solve:    (s)    0.01    0.03
FlowSolve:  Result Norm     :    1.6671641833839279
FlowSolve:  Relative Change :    4.1324671212074141E-006
FlowSolve: 
FlowSolve: 
FlowSolve: -------------------------------------
FlowSolve:  NAVIER-STOKES ITERATION           3
FlowSolve: -------------------------------------
FlowSolve: 
FlowSolve: Starting Assembly...
FlowSolve: Assembly:
FlowSolve: Assembly done
FlowSolve: Dirichlet conditions done
      10 0.9312E-08 0.9312E-08
BiCGStabl:       14 0.4430E-11 0.4430E-11
ComputeChange: NS (ITER=3) (NRM,RELC): (  1.6671621     0.12390151E-05 ) :: navier-stokes
FlowSolve: iter:    3 Assembly: (s)    0.02    0.04
FlowSolve: iter:    3 Solve:    (s)    0.01    0.04
FlowSolve:  Result Norm     :    1.6671621177435449
FlowSolve:  Relative Change :    1.2390151391397654E-006
FlowSolve: 
FlowSolve: 
FlowSolve: -------------------------------------
FlowSolve:  NAVIER-STOKES ITERATION           4
FlowSolve: -------------------------------------
FlowSolve: 
FlowSolve: Starting Assembly...
FlowSolve: Assembly:
FlowSolve: Assembly done
FlowSolve: Dirichlet conditions done
      10 0.2705E-08 0.2705E-08
BiCGStabl:       12 0.6008E-11 0.6008E-11
ComputeChange: NS (ITER=4) (NRM,RELC): (  1.6671615     0.37154879E-06 ) :: navier-stokes
FlowSolve: iter:    4 Assembly: (s)    0.01    0.06
FlowSolve: iter:    4 Solve:    (s)    0.01    0.06
FlowSolve:  Result Norm     :    1.6671614983115997
FlowSolve:  Relative Change :    3.7154878567258037E-007
FlowSolve: 
FlowSolve: 
FlowSolve: -------------------------------------
FlowSolve:  NAVIER-STOKES ITERATION           5
FlowSolve: -------------------------------------
FlowSolve: 
FlowSolve: Starting Assembly...
FlowSolve: Assembly:
FlowSolve: Assembly done
FlowSolve: Dirichlet conditions done
      10 0.7867E-09 0.7867E-09
BiCGStabl:       11 0.7077E-11 0.7077E-11
ComputeChange: NS (ITER=5) (NRM,RELC): (  1.6671613     0.11142159E-06 ) :: navier-stokes
FlowSolve: iter:    5 Assembly: (s)    0.01    0.07
FlowSolve: iter:    5 Solve:    (s)    0.01    0.07
FlowSolve:  Result Norm     :    1.6671613125538205
FlowSolve:  Relative Change :    1.1142159274639750E-007
FlowSolve: 
FlowSolve: 
FlowSolve: -------------------------------------
FlowSolve:  NAVIER-STOKES ITERATION           6
FlowSolve: -------------------------------------
FlowSolve: 
FlowSolve: Starting Assembly...
FlowSolve: Assembly:
FlowSolve: Assembly done
FlowSolve: Dirichlet conditions done
      10 0.2291E-09 0.2291E-09
BiCGStabl:       11 0.2108E-11 0.2108E-11
ComputeChange: NS (ITER=6) (NRM,RELC): (  1.6671613     0.33413674E-07 ) :: navier-stokes
FlowSolve: iter:    6 Assembly: (s)    0.01    0.09
FlowSolve: iter:    6 Solve:    (s)    0.01    0.08
FlowSolve:  Result Norm     :    1.6671612568478364
FlowSolve:  Relative Change :    3.3413674225167191E-008
FlowSolve: 
FlowSolve: 
FlowSolve: -------------------------------------
FlowSolve:  NAVIER-STOKES ITERATION           7
FlowSolve: -------------------------------------
FlowSolve: 
FlowSolve: Starting Assembly...
FlowSolve: Assembly:
FlowSolve: Assembly done
FlowSolve: Dirichlet conditions done
      10 0.6676E-10 0.6676E-10
BiCGStabl:       11 0.4992E-11 0.4992E-11
ComputeChange: NS (ITER=7) (NRM,RELC): (  1.6671612     0.10020723E-07 ) :: navier-stokes
FlowSolve: iter:    7 Assembly: (s)    0.01    0.10
FlowSolve: iter:    7 Solve:    (s)    0.01    0.09
FlowSolve:  Result Norm     :    1.6671612401416747
FlowSolve:  Relative Change :    1.0020723431741754E-008
FlowSolve: 
FlowSolve: 
FlowSolve: -------------------------------------
FlowSolve:  NAVIER-STOKES ITERATION           8
FlowSolve: -------------------------------------
FlowSolve: 
FlowSolve: Starting Assembly...
FlowSolve: Assembly:
FlowSolve: Assembly done
FlowSolve: Dirichlet conditions done
      10 0.1946E-10 0.1946E-10
BiCGStabl:       11 0.1498E-11 0.1498E-11
ComputeChange: NS (ITER=8) (NRM,RELC): (  1.6671612     0.30047905E-08 ) :: navier-stokes
FlowSolve: iter:    8 Assembly: (s)    0.02    0.12
FlowSolve: iter:    8 Solve:    (s)    0.01    0.10
FlowSolve:  Result Norm     :    1.6671612351322045
FlowSolve:  Relative Change :    3.0047904539294587E-009
FlowSolve: 
FlowSolve: 
FlowSolve: -------------------------------------
FlowSolve:  NAVIER-STOKES ITERATION           9
FlowSolve: -------------------------------------
FlowSolve: 
FlowSolve: Starting Assembly...
FlowSolve: Assembly:
FlowSolve: Assembly done
FlowSolve: Dirichlet conditions done
BiCGStabl:        8 0.8268E-11 0.8268E-11
ComputeChange: NS (ITER=9) (NRM,RELC): (  1.6671612     0.89899390E-09 ) :: navier-stokes
FlowSolve: iter:    9 Assembly: (s)    0.02    0.14
FlowSolve: iter:    9 Solve:    (s)    0.01    0.11
FlowSolve:  Result Norm     :    1.6671612336334367
FlowSolve:  Relative Change :    8.9899389791657618E-010
FlowSolve: 
FlowSolve: 
FlowSolve: -------------------------------------
FlowSolve:  NAVIER-STOKES ITERATION          10
FlowSolve: -------------------------------------
FlowSolve: 
FlowSolve: Starting Assembly...
FlowSolve: Assembly:
FlowSolve: Assembly done
FlowSolve: Dirichlet conditions done
BiCGStabl:        8 0.9246E-11 0.9246E-11
ComputeChange: NS (ITER=10) (NRM,RELC): (  1.6671612     0.26997107E-09 ) :: navier-stokes
FlowSolve: iter:   10 Assembly: (s)    0.02    0.15
FlowSolve: iter:   10 Solve:    (s)    0.01    0.12
FlowSolve:  Result Norm     :    1.6671612331833514
FlowSolve:  Relative Change :    2.6997107018934837E-010
ComputeChange: SS (ITER=25) (NRM,RELC): (  1.6671826     0.68950707E-05 ) :: navier-stokes
ResultOutputSolver: -------------------------------------
ResultOutputSolver: Saving in unstructured VTK XML (.vtu) format
ResultOutputSolver: -------------------------------------
MAIN: 
MAIN: -------------------------------------
MAIN:  Steady state iteration:           26
MAIN: -------------------------------------
MAIN: 
HeatSolver: ------------------------------------------------
HeatSolver: Solving energy equation for temperature
HeatSolver: Heat solver iteration: 1
IterSolver: "Linear System GCR Restart" not given, setting it to 200
   gcr:    10  0.4784E-09  0.4904E-09
ComputeChange: NS (ITER=1) (NRM,RELC): (  300.00014     0.69230514E-10 ) :: heat equation
ComputeChange: SS (ITER=26) (NRM,RELC): (  300.00014     0.24225896E-10 ) :: heat equation
FlowSolve: 
FlowSolve: 
FlowSolve: -------------------------------------
FlowSolve:  NAVIER-STOKES ITERATION           1
FlowSolve: -------------------------------------
FlowSolve: 
FlowSolve: Starting Assembly...
FlowSolve: Assembly:
FlowSolve: Assembly done
FlowSolve: Dirichlet conditions done
      10 0.1277E-06 0.1277E-06
BiCGStabl:       15 0.1954E-11 0.1954E-11
ComputeChange: NS (ITER=1) (NRM,RELC): (  1.6671597     0.13739590E-04 ) :: navier-stokes
FlowSolve: iter:    1 Assembly: (s)    0.02    0.02
FlowSolve: iter:    1 Solve:    (s)    0.01    0.01
FlowSolve:  Result Norm     :    1.6671596621887157
FlowSolve:  Relative Change :    1.3739590390390224E-005
FlowSolve: 
FlowSolve: 
FlowSolve: -------------------------------------
FlowSolve:  NAVIER-STOKES ITERATION           2
FlowSolve: -------------------------------------
FlowSolve: 
FlowSolve: Starting Assembly...
FlowSolve: Assembly:
FlowSolve: Assembly done
FlowSolve: Dirichlet conditions done
      10 0.3610E-07 0.3610E-07
BiCGStabl:       14 0.8634E-11 0.8634E-11
ComputeChange: NS (ITER=2) (NRM,RELC): (  1.6671528     0.41191749E-05 ) :: navier-stokes
FlowSolve: iter:    2 Assembly: (s)    0.02    0.03
FlowSolve: iter:    2 Solve:    (s)    0.01    0.03
FlowSolve:  Result Norm     :    1.6671527948806975
FlowSolve:  Relative Change :    4.1191748563836362E-006
FlowSolve: 
FlowSolve: 
FlowSolve: -------------------------------------
FlowSolve:  NAVIER-STOKES ITERATION           3
FlowSolve: -------------------------------------
FlowSolve: 
FlowSolve: Starting Assembly...
FlowSolve: Assembly:
FlowSolve: Assembly done
FlowSolve: Dirichlet conditions done
      10 0.1025E-07 0.1025E-07
BiCGStabl:       14 0.4371E-11 0.4371E-11
ComputeChange: NS (ITER=3) (NRM,RELC): (  1.6671507     0.12352791E-05 ) :: navier-stokes
FlowSolve: iter:    3 Assembly: (s)    0.02    0.05
FlowSolve: iter:    3 Solve:    (s)    0.01    0.04
FlowSolve:  Result Norm     :    1.6671507354829476
FlowSolve:  Relative Change :    1.2352791106949284E-006
FlowSolve: 
FlowSolve: 
FlowSolve: -------------------------------------
FlowSolve:  NAVIER-STOKES ITERATION           4
FlowSolve: -------------------------------------
FlowSolve: 
FlowSolve: Starting Assembly...
FlowSolve: Assembly:
FlowSolve: Assembly done
FlowSolve: Dirichlet conditions done
      10 0.2917E-08 0.2917E-08
BiCGStabl:       12 0.6153E-11 0.6153E-11
ComputeChange: NS (ITER=4) (NRM,RELC): (  1.6671501     0.37047380E-06 ) :: navier-stokes
FlowSolve: iter:    4 Assembly: (s)    0.02    0.06
FlowSolve: iter:    4 Solve:    (s)    0.01    0.06
FlowSolve:  Result Norm     :    1.6671501178473873
FlowSolve:  Relative Change :    3.7047380390688333E-007
FlowSolve: 
FlowSolve: 
FlowSolve: -------------------------------------
FlowSolve:  NAVIER-STOKES ITERATION           5
FlowSolve: -------------------------------------
FlowSolve: 
FlowSolve: Starting Assembly...
FlowSolve: Assembly:
FlowSolve: Assembly done
FlowSolve: Dirichlet conditions done
      10 0.8328E-09 0.8328E-09
BiCGStabl:       11 0.7756E-11 0.7756E-11
ComputeChange: NS (ITER=5) (NRM,RELC): (  1.6671499     0.11111062E-06 ) :: navier-stokes
FlowSolve: iter:    5 Assembly: (s)    0.02    0.08
FlowSolve: iter:    5 Solve:    (s)    0.01    0.07
FlowSolve:  Result Norm     :    1.6671499326093118
FlowSolve:  Relative Change :    1.1111062156495823E-007
FlowSolve: 
FlowSolve: 
FlowSolve: -------------------------------------
FlowSolve:  NAVIER-STOKES ITERATION           6
FlowSolve: -------------------------------------
FlowSolve: 
FlowSolve: Starting Assembly...
FlowSolve: Assembly:
FlowSolve: Assembly done
FlowSolve: Dirichlet conditions done
      10 0.2385E-09 0.2385E-09
BiCGStabl:       11 0.2306E-11 0.2306E-11
ComputeChange: NS (ITER=6) (NRM,RELC): (  1.6671499     0.33323639E-07 ) :: navier-stokes
FlowSolve: iter:    6 Assembly: (s)    0.02    0.09
FlowSolve: iter:    6 Solve:    (s)    0.01    0.08
FlowSolve:  Result Norm     :    1.6671498770538098
FlowSolve:  Relative Change :    3.3323639233371370E-008
FlowSolve: 
FlowSolve: 
FlowSolve: -------------------------------------
FlowSolve:  NAVIER-STOKES ITERATION           7
FlowSolve: -------------------------------------
FlowSolve: 
FlowSolve: Starting Assembly...
FlowSolve: Assembly:
FlowSolve: Assembly done
FlowSolve: Dirichlet conditions done
      10 0.6846E-10 0.6846E-10
BiCGStabl:       11 0.3441E-11 0.3441E-11
ComputeChange: NS (ITER=7) (NRM,RELC): (  1.6671499     0.99945299E-08 ) :: navier-stokes
FlowSolve: iter:    7 Assembly: (s)    0.02    0.11
FlowSolve: iter:    7 Solve:    (s)    0.01    0.09
FlowSolve:  Result Norm     :    1.6671498603914305
FlowSolve:  Relative Change :    9.9945299260321053E-009
FlowSolve: 
FlowSolve: 
FlowSolve: -------------------------------------
FlowSolve:  NAVIER-STOKES ITERATION           8
FlowSolve: -------------------------------------
FlowSolve: 
FlowSolve: Starting Assembly...
FlowSolve: Assembly:
FlowSolve: Assembly done
FlowSolve: Dirichlet conditions done
      10 0.1965E-10 0.1965E-10
BiCGStabl:       11 0.1032E-11 0.1032E-11
ComputeChange: NS (ITER=8) (NRM,RELC): (  1.6671499     0.29973142E-08 ) :: navier-stokes
FlowSolve: iter:    8 Assembly: (s)    0.02    0.12
FlowSolve: iter:    8 Solve:    (s)    0.01    0.11
FlowSolve:  Result Norm     :    1.6671498553944586
FlowSolve:  Relative Change :    2.9973142028460418E-009
FlowSolve: 
FlowSolve: 
FlowSolve: -------------------------------------
FlowSolve:  NAVIER-STOKES ITERATION           9
FlowSolve: -------------------------------------
FlowSolve: 
FlowSolve: Starting Assembly...
FlowSolve: Assembly:
FlowSolve: Assembly done
FlowSolve: Dirichlet conditions done
BiCGStabl:        8 0.7123E-11 0.7123E-11
ComputeChange: NS (ITER=9) (NRM,RELC): (  1.6671499     0.89699023E-09 ) :: navier-stokes
FlowSolve: iter:    9 Assembly: (s)    0.02    0.14
FlowSolve: iter:    9 Solve:    (s)    0.01    0.12
FlowSolve:  Result Norm     :    1.6671498538990415
FlowSolve:  Relative Change :    8.9699022514191782E-010
FlowSolve: 
FlowSolve: 
FlowSolve: -------------------------------------
FlowSolve:  NAVIER-STOKES ITERATION          10
FlowSolve: -------------------------------------
FlowSolve: 
FlowSolve: Starting Assembly...
FlowSolve: Assembly:
FlowSolve: Assembly done
FlowSolve: Dirichlet conditions done
BiCGStabl:        7 0.9020E-11 0.9020E-11
ComputeChange: NS (ITER=10) (NRM,RELC): (  1.6671499     0.27064631E-09 ) :: navier-stokes
FlowSolve: iter:   10 Assembly: (s)    0.02    0.16
FlowSolve: iter:   10 Solve:    (s)    0.01    0.12
FlowSolve:  Result Norm     :    1.6671498534478335
FlowSolve:  Relative Change :    2.7064631226146634E-010
ComputeChange: SS (ITER=26) (NRM,RELC): (  1.6671711     0.68694875E-05 ) :: navier-stokes
ResultOutputSolver: -------------------------------------
ResultOutputSolver: Saving in unstructured VTK XML (.vtu) format
ResultOutputSolver: -------------------------------------
MAIN: 
MAIN: -------------------------------------
MAIN:  Steady state iteration:           27
MAIN: -------------------------------------
MAIN: 
HeatSolver: ------------------------------------------------
HeatSolver: Solving energy equation for temperature
HeatSolver: Heat solver iteration: 1
IterSolver: "Linear System GCR Restart" not given, setting it to 200
   gcr:    10  0.3679E-09  0.3790E-09
ComputeChange: NS (ITER=1) (NRM,RELC): (  300.00014     0.63600365E-10 ) :: heat equation
ComputeChange: SS (ITER=27) (NRM,RELC): (  300.00014     0.22258356E-10 ) :: heat equation
FlowSolve: 
FlowSolve: 
FlowSolve: -------------------------------------
FlowSolve:  NAVIER-STOKES ITERATION           1
FlowSolve: -------------------------------------
FlowSolve: 
FlowSolve: Starting Assembly...
FlowSolve: Assembly:
FlowSolve: Assembly done
FlowSolve: Dirichlet conditions done
      10 0.1899E-06 0.1899E-06
BiCGStabl:       15 0.1129E-11 0.1129E-11
ComputeChange: NS (ITER=1) (NRM,RELC): (  1.6671512     0.11956788E-04 ) :: navier-stokes
FlowSolve: iter:    1 Assembly: (s)    0.02    0.02
FlowSolve: iter:    1 Solve:    (s)    0.02    0.02
FlowSolve:  Result Norm     :    1.6671511818941018
FlowSolve:  Relative Change :    1.1956788007180025E-005
FlowSolve: 
FlowSolve: 
FlowSolve: -------------------------------------
FlowSolve:  NAVIER-STOKES ITERATION           2
FlowSolve: -------------------------------------
FlowSolve: 
FlowSolve: Starting Assembly...
FlowSolve: Assembly:
FlowSolve: Assembly done
FlowSolve: Dirichlet conditions done
      10 0.6468E-07 0.6468E-07
BiCGStabl:       14 0.7095E-11 0.7095E-11
ComputeChange: NS (ITER=2) (NRM,RELC): (  1.6671452     0.35853948E-05 ) :: navier-stokes
FlowSolve: iter:    2 Assembly: (s)    0.02    0.03
FlowSolve: iter:    2 Solve:    (s)    0.02    0.03
FlowSolve:  Result Norm     :    1.6671452045097224
FlowSolve:  Relative Change :    3.5853947500509404E-006
FlowSolve: 
FlowSolve: 
FlowSolve: -------------------------------------
FlowSolve:  NAVIER-STOKES ITERATION           3
FlowSolve: -------------------------------------
FlowSolve: 
FlowSolve: Starting Assembly...
FlowSolve: Assembly:
FlowSolve: Assembly done
FlowSolve: Dirichlet conditions done
      10 0.2241E-07 0.2241E-07
BiCGStabl:       13 0.6415E-11 0.6415E-11
ComputeChange: NS (ITER=3) (NRM,RELC): (  1.6671434     0.10752954E-05 ) :: navier-stokes
FlowSolve: iter:    3 Assembly: (s)    0.02    0.05
FlowSolve: iter:    3 Solve:    (s)    0.01    0.04
FlowSolve:  Result Norm     :    1.6671434118370407
FlowSolve:  Relative Change :    1.0752954455377850E-006
FlowSolve: 
FlowSolve: 
FlowSolve: -------------------------------------
FlowSolve:  NAVIER-STOKES ITERATION           4
FlowSolve: -------------------------------------
FlowSolve: 
FlowSolve: Starting Assembly...
FlowSolve: Assembly:
FlowSolve: Assembly done
FlowSolve: Dirichlet conditions done
      10 0.7959E-08 0.7959E-08
BiCGStabl:       12 0.5062E-11 0.5062E-11
ComputeChange: NS (ITER=4) (NRM,RELC): (  1.6671429     0.32251255E-06 ) :: navier-stokes
FlowSolve: iter:    4 Assembly: (s)    0.02    0.06
FlowSolve: iter:    4 Solve:    (s)    0.01    0.06
FlowSolve:  Result Norm     :    1.6671428741624510
FlowSolve:  Relative Change :    3.2251255208513315E-007
FlowSolve: 
FlowSolve: 
FlowSolve: -------------------------------------
FlowSolve:  NAVIER-STOKES ITERATION           5
FlowSolve: -------------------------------------
FlowSolve: 
FlowSolve: Starting Assembly...
FlowSolve: Assembly:
FlowSolve: Assembly done
FlowSolve: Dirichlet conditions done
      10 0.2925E-08 0.2925E-08
BiCGStabl:       11 0.6531E-11 0.6531E-11
ComputeChange: NS (ITER=5) (NRM,RELC): (  1.6671427     0.96730496E-07 ) :: navier-stokes
FlowSolve: iter:    5 Assembly: (s)    0.02    0.08
FlowSolve: iter:    5 Solve:    (s)    0.01    0.07
FlowSolve:  Result Norm     :    1.6671427128989011
FlowSolve:  Relative Change :    9.6730496315562051E-008
FlowSolve: 
FlowSolve: 
FlowSolve: -------------------------------------
FlowSolve:  NAVIER-STOKES ITERATION           6
FlowSolve: -------------------------------------
FlowSolve: 
FlowSolve: Starting Assembly...
FlowSolve: Assembly:
FlowSolve: Assembly done
FlowSolve: Dirichlet conditions done
      10 0.1124E-08 0.1124E-08
BiCGStabl:       11 0.8518E-11 0.8518E-11
ComputeChange: NS (ITER=6) (NRM,RELC): (  1.6671427     0.29012694E-07 ) :: navier-stokes
FlowSolve: iter:    6 Assembly: (s)    0.01    0.09
FlowSolve: iter:    6 Solve:    (s)    0.01    0.08
FlowSolve:  Result Norm     :    1.6671426645305998
FlowSolve:  Relative Change :    2.9012694409144867E-008
FlowSolve: 
FlowSolve: 
FlowSolve: -------------------------------------
FlowSolve:  NAVIER-STOKES ITERATION           7
FlowSolve: -------------------------------------
FlowSolve: 
FlowSolve: Starting Assembly...
FlowSolve: Assembly:
FlowSolve: Assembly done
FlowSolve: Dirichlet conditions done
      10 0.4767E-09 0.4767E-09
BiCGStabl:       11 0.2550E-11 0.2550E-11
ComputeChange: NS (ITER=7) (NRM,RELC): (  1.6671427     0.87012001E-08 ) :: navier-stokes
FlowSolve: iter:    7 Assembly: (s)    0.02    0.11
FlowSolve: iter:    7 Solve:    (s)    0.01    0.09
FlowSolve:  Result Norm     :    1.6671426500244579
FlowSolve:  Relative Change :    8.7012000922424642E-009
FlowSolve: 
FlowSolve: 
FlowSolve: -------------------------------------
FlowSolve:  NAVIER-STOKES ITERATION           8
FlowSolve: -------------------------------------
FlowSolve: 
FlowSolve: Starting Assembly...
FlowSolve: Assembly:
FlowSolve: Assembly done
FlowSolve: Dirichlet conditions done
BiCGStabl:        9 0.8103E-11 0.8103E-11
ComputeChange: NS (ITER=8) (NRM,RELC): (  1.6671426     0.26128771E-08 ) :: navier-stokes
FlowSolve: iter:    8 Assembly: (s)    0.01    0.12
FlowSolve: iter:    8 Solve:    (s)    0.01    0.10
FlowSolve:  Result Norm     :    1.6671426456684191
FlowSolve:  Relative Change :    2.6128771095734022E-009
FlowSolve: 
FlowSolve: 
FlowSolve: -------------------------------------
FlowSolve:  NAVIER-STOKES ITERATION           9
FlowSolve: -------------------------------------
FlowSolve: 
FlowSolve: Starting Assembly...
FlowSolve: Assembly:
FlowSolve: Assembly done
FlowSolve: Dirichlet conditions done
BiCGStabl:        8 0.5887E-11 0.5887E-11
ComputeChange: NS (ITER=9) (NRM,RELC): (  1.6671426     0.77864673E-09 ) :: navier-stokes
FlowSolve: iter:    9 Assembly: (s)    0.01    0.14
FlowSolve: iter:    9 Solve:    (s)    0.01    0.11
FlowSolve:  Result Norm     :    1.6671426443703039
FlowSolve:  Relative Change :    7.7864673115370872E-010
FlowSolve: 
FlowSolve: 
FlowSolve: -------------------------------------
FlowSolve:  NAVIER-STOKES ITERATION          10
FlowSolve: -------------------------------------
FlowSolve: 
FlowSolve: Starting Assembly...
FlowSolve: Assembly:
FlowSolve: Assembly done
FlowSolve: Dirichlet conditions done
BiCGStabl:        7 0.8589E-11 0.8589E-11
ComputeChange: NS (ITER=10) (NRM,RELC): (  1.6671426     0.23172081E-09 ) :: navier-stokes
FlowSolve: iter:   10 Assembly: (s)    0.01    0.15
FlowSolve: iter:   10 Solve:    (s)    0.01    0.12
FlowSolve:  Result Norm     :    1.6671426439839923
FlowSolve:  Relative Change :    2.3172081326430641E-010
ComputeChange: SS (ITER=27) (NRM,RELC): (  1.6671611     0.59780346E-05 ) :: navier-stokes
ResultOutputSolver: -------------------------------------
ResultOutputSolver: Saving in unstructured VTK XML (.vtu) format
ResultOutputSolver: -------------------------------------
MAIN: 
MAIN: -------------------------------------
MAIN:  Steady state iteration:           28
MAIN: -------------------------------------
MAIN: 
HeatSolver: ------------------------------------------------
HeatSolver: Solving energy equation for temperature
HeatSolver: Heat solver iteration: 1
IterSolver: "Linear System GCR Restart" not given, setting it to 200
   gcr:    10  0.2825E-09  0.2926E-09
ComputeChange: NS (ITER=1) (NRM,RELC): (  300.00014     0.56989290E-10 ) :: heat equation
ComputeChange: SS (ITER=28) (NRM,RELC): (  300.00014     0.19945399E-10 ) :: heat equation
FlowSolve: 
FlowSolve: 
FlowSolve: -------------------------------------
FlowSolve:  NAVIER-STOKES ITERATION           1
FlowSolve: -------------------------------------
FlowSolve: 
FlowSolve: Starting Assembly...
FlowSolve: Assembly:
FlowSolve: Assembly done
FlowSolve: Dirichlet conditions done
      10 0.2935E-07 0.2935E-07
BiCGStabl:       15 0.9673E-12 0.9673E-12
ComputeChange: NS (ITER=1) (NRM,RELC): (  1.6671451     0.96156271E-05 ) :: navier-stokes
FlowSolve: iter:    1 Assembly: (s)    0.02    0.02
FlowSolve: iter:    1 Solve:    (s)    0.01    0.01
FlowSolve:  Result Norm     :    1.6671451186868151
FlowSolve:  Relative Change :    9.6156271470179150E-006
FlowSolve: 
FlowSolve: 
FlowSolve: -------------------------------------
FlowSolve:  NAVIER-STOKES ITERATION           2
FlowSolve: -------------------------------------
FlowSolve: 
FlowSolve: Starting Assembly...
FlowSolve: Assembly:
FlowSolve: Assembly done
FlowSolve: Dirichlet conditions done
      10 0.8996E-08 0.8996E-08
BiCGStabl:       14 0.6266E-11 0.6266E-11
ComputeChange: NS (ITER=2) (NRM,RELC): (  1.6671403     0.28836509E-05 ) :: navier-stokes
FlowSolve: iter:    2 Assembly: (s)    0.02    0.03
FlowSolve: iter:    2 Solve:    (s)    0.01    0.03
FlowSolve:  Result Norm     :    1.6671403112291598
FlowSolve:  Relative Change :    2.8836509389175223E-006
FlowSolve: 
FlowSolve: 
FlowSolve: -------------------------------------
FlowSolve:  NAVIER-STOKES ITERATION           3
FlowSolve: -------------------------------------
FlowSolve: 
FlowSolve: Starting Assembly...
FlowSolve: Assembly:
FlowSolve: Assembly done
FlowSolve: Dirichlet conditions done
      10 0.2759E-08 0.2759E-08
BiCGStabl:       12 0.8553E-11 0.8553E-11
ComputeChange: NS (ITER=3) (NRM,RELC): (  1.6671389     0.86487571E-06 ) :: navier-stokes
FlowSolve: iter:    3 Assembly: (s)    0.01    0.05
FlowSolve: iter:    3 Solve:    (s)    0.01    0.04
FlowSolve:  Result Norm     :    1.6671388693606237
FlowSolve:  Relative Change :    8.6487570957857279E-007
FlowSolve: 
FlowSolve: 
FlowSolve: -------------------------------------
FlowSolve:  NAVIER-STOKES ITERATION           4
FlowSolve: -------------------------------------
FlowSolve: 
FlowSolve: Starting Assembly...
FlowSolve: Assembly:
FlowSolve: Assembly done
FlowSolve: Dirichlet conditions done
      10 0.8465E-09 0.8465E-09
BiCGStabl:       12 0.2581E-11 0.2581E-11
ComputeChange: NS (ITER=4) (NRM,RELC): (  1.6671384     0.25940220E-06 ) :: navier-stokes
FlowSolve: iter:    4 Assembly: (s)    0.02    0.06
FlowSolve: iter:    4 Solve:    (s)    0.01    0.06
FlowSolve:  Result Norm     :    1.6671384369011923
FlowSolve:  Relative Change :    2.5940219823007632E-007
FlowSolve: 
FlowSolve: 
FlowSolve: -------------------------------------
FlowSolve:  NAVIER-STOKES ITERATION           5
FlowSolve: -------------------------------------
FlowSolve: 
FlowSolve: Starting Assembly...
FlowSolve: Assembly:
FlowSolve: Assembly done
FlowSolve: Dirichlet conditions done
      10 0.2599E-09 0.2599E-09
BiCGStabl:       11 0.3472E-11 0.3472E-11
ComputeChange: NS (ITER=5) (NRM,RELC): (  1.6671383     0.77803453E-07 ) :: navier-stokes
FlowSolve: iter:    5 Assembly: (s)    0.02    0.08
FlowSolve: iter:    5 Solve:    (s)    0.01    0.07
FlowSolve:  Result Norm     :    1.6671383071920700
FlowSolve:  Relative Change :    7.7803453214596843E-008
FlowSolve: 
FlowSolve: 
FlowSolve: -------------------------------------
FlowSolve:  NAVIER-STOKES ITERATION           6
FlowSolve: -------------------------------------
FlowSolve: 
FlowSolve: Starting Assembly...
FlowSolve: Assembly:
FlowSolve: Assembly done
FlowSolve: Dirichlet conditions done
      10 0.7981E-10 0.7981E-10
BiCGStabl:       11 0.6250E-11 0.6250E-11
ComputeChange: NS (ITER=6) (NRM,RELC): (  1.6671383     0.23336248E-07 ) :: navier-stokes
FlowSolve: iter:    6 Assembly: (s)    0.02    0.09
FlowSolve: iter:    6 Solve:    (s)    0.01    0.08
FlowSolve:  Result Norm     :    1.6671382682873179
FlowSolve:  Relative Change :    2.3336247732222039E-008
FlowSolve: 
FlowSolve: 
FlowSolve: -------------------------------------
FlowSolve:  NAVIER-STOKES ITERATION           7
FlowSolve: -------------------------------------
FlowSolve: 
FlowSolve: Starting Assembly...
FlowSolve: Assembly:
FlowSolve: Assembly done
FlowSolve: Dirichlet conditions done
      10 0.2454E-10 0.2454E-10
BiCGStabl:       11 0.8548E-11 0.8548E-11
ComputeChange: NS (ITER=7) (NRM,RELC): (  1.6671383     0.69967976E-08 ) :: navier-stokes
FlowSolve: iter:    7 Assembly: (s)    0.02    0.11
FlowSolve: iter:    7 Solve:    (s)    0.01    0.09
FlowSolve:  Result Norm     :    1.6671382566226889
FlowSolve:  Relative Change :    6.9967976280959535E-009
FlowSolve: 
FlowSolve: 
FlowSolve: -------------------------------------
FlowSolve:  NAVIER-STOKES ITERATION           8
FlowSolve: -------------------------------------
FlowSolve: 
FlowSolve: Starting Assembly...
FlowSolve: Assembly:
FlowSolve: Assembly done
FlowSolve: Dirichlet conditions done
BiCGStabl:        9 0.9918E-11 0.9918E-11
ComputeChange: NS (ITER=8) (NRM,RELC): (  1.6671383     0.20991499E-08 ) :: navier-stokes
FlowSolve: iter:    8 Assembly: (s)    0.02    0.12
FlowSolve: iter:    8 Solve:    (s)    0.01    0.10
FlowSolve:  Result Norm     :    1.6671382531231158
FlowSolve:  Relative Change :    2.0991498848655595E-009
FlowSolve: 
FlowSolve: 
FlowSolve: -------------------------------------
FlowSolve:  NAVIER-STOKES ITERATION           9
FlowSolve: -------------------------------------
FlowSolve: 
FlowSolve: Starting Assembly...
FlowSolve: Assembly:
FlowSolve: Assembly done
FlowSolve: Dirichlet conditions done
BiCGStabl:        8 0.4655E-11 0.4655E-11
ComputeChange: NS (ITER=9) (NRM,RELC): (  1.6671383     0.62958317E-09 ) :: navier-stokes
FlowSolve: iter:    9 Assembly: (s)    0.02    0.14
FlowSolve: iter:    9 Solve:    (s)    0.01    0.11
FlowSolve:  Result Norm     :    1.6671382520735136
FlowSolve:  Relative Change :    6.2958316822825499E-010
FlowSolve: 
FlowSolve: 
FlowSolve: -------------------------------------
FlowSolve:  NAVIER-STOKES ITERATION          10
FlowSolve: -------------------------------------
FlowSolve: 
FlowSolve: Starting Assembly...
FlowSolve: Assembly:
FlowSolve: Assembly done
FlowSolve: Dirichlet conditions done
BiCGStabl:        7 0.6466E-11 0.6466E-11
ComputeChange: NS (ITER=10) (NRM,RELC): (  1.6671383     0.18769138E-09 ) :: navier-stokes
FlowSolve: iter:   10 Assembly: (s)    0.02    0.15
FlowSolve: iter:   10 Solve:    (s)    0.01    0.12
FlowSolve:  Result Norm     :    1.6671382517606061
FlowSolve:  Relative Change :    1.8769137913222720E-010
ComputeChange: SS (ITER=28) (NRM,RELC): (  1.6671531     0.48074804E-05 ) :: navier-stokes
ResultOutputSolver: -------------------------------------
ResultOutputSolver: Saving in unstructured VTK XML (.vtu) format
ResultOutputSolver: -------------------------------------
MAIN: 
MAIN: -------------------------------------
MAIN:  Steady state iteration:           29
MAIN: -------------------------------------
MAIN: 
HeatSolver: ------------------------------------------------
HeatSolver: Solving energy equation for temperature
HeatSolver: Heat solver iteration: 1
IterSolver: "Linear System GCR Restart" not given, setting it to 200
   gcr:    10  0.2166E-09  0.2256E-09
ComputeChange: NS (ITER=1) (NRM,RELC): (  300.00014     0.48099552E-10 ) :: heat equation
ComputeChange: SS (ITER=29) (NRM,RELC): (  300.00014     0.16833602E-10 ) :: heat equation
FlowSolve: 
FlowSolve: 
FlowSolve: -------------------------------------
FlowSolve:  NAVIER-STOKES ITERATION           1
FlowSolve: -------------------------------------
FlowSolve: 
FlowSolve: Starting Assembly...
FlowSolve: Assembly:
FlowSolve: Assembly done
FlowSolve: Dirichlet conditions done
      10 0.1198E-07 0.1198E-07
BiCGStabl:       15 0.4117E-12 0.4117E-12
ComputeChange: NS (ITER=1) (NRM,RELC): (  1.6671410     0.73076154E-05 ) :: navier-stokes
FlowSolve: iter:    1 Assembly: (s)    0.02    0.02
FlowSolve: iter:    1 Solve:    (s)    0.02    0.02
FlowSolve:  Result Norm     :    1.6671409517149831
FlowSolve:  Relative Change :    7.3076154470419450E-006
FlowSolve: 
FlowSolve: 
FlowSolve: -------------------------------------
FlowSolve:  NAVIER-STOKES ITERATION           2
FlowSolve: -------------------------------------
FlowSolve: 
FlowSolve: Starting Assembly...
FlowSolve: Assembly:
FlowSolve: Assembly done
FlowSolve: Dirichlet conditions done
      10 0.3628E-08 0.3628E-08
BiCGStabl:       13 0.7141E-11 0.7141E-11
ComputeChange: NS (ITER=2) (NRM,RELC): (  1.6671373     0.21916023E-05 ) :: navier-stokes
FlowSolve: iter:    2 Assembly: (s)    0.02    0.03
FlowSolve: iter:    2 Solve:    (s)    0.01    0.03
FlowSolve:  Result Norm     :    1.6671372980090780
FlowSolve:  Relative Change :    2.1916022788214410E-006
FlowSolve: 
FlowSolve: 
FlowSolve: -------------------------------------
FlowSolve:  NAVIER-STOKES ITERATION           3
FlowSolve: -------------------------------------
FlowSolve: 
FlowSolve: Starting Assembly...
FlowSolve: Assembly:
FlowSolve: Assembly done
FlowSolve: Dirichlet conditions done
      10 0.1099E-08 0.1099E-08
BiCGStabl:       12 0.4840E-11 0.4840E-11
ComputeChange: NS (ITER=3) (NRM,RELC): (  1.6671362     0.65732687E-06 ) :: navier-stokes
FlowSolve: iter:    3 Assembly: (s)    0.02    0.05
FlowSolve: iter:    3 Solve:    (s)    0.01    0.04
FlowSolve:  Result Norm     :    1.6671362021553036
FlowSolve:  Relative Change :    6.5732686555977187E-007
FlowSolve: 
FlowSolve: 
FlowSolve: -------------------------------------
FlowSolve:  NAVIER-STOKES ITERATION           4
FlowSolve: -------------------------------------
FlowSolve: 
FlowSolve: Starting Assembly...
FlowSolve: Assembly:
FlowSolve: Assembly done
FlowSolve: Dirichlet conditions done
      10 0.3332E-09 0.3332E-09
BiCGStabl:       11 0.6427E-11 0.6427E-11
ComputeChange: NS (ITER=4) (NRM,RELC): (  1.6671359     0.19715407E-06 ) :: navier-stokes
FlowSolve: iter:    4 Assembly: (s)    0.02    0.06
FlowSolve: iter:    4 Solve:    (s)    0.01    0.05
FlowSolve:  Result Norm     :    1.6671358734726462
FlowSolve:  Relative Change :    1.9715407132847674E-007
FlowSolve: 
FlowSolve: 
FlowSolve: -------------------------------------
FlowSolve:  NAVIER-STOKES ITERATION           5
FlowSolve: -------------------------------------
FlowSolve: 
FlowSolve: Starting Assembly...
FlowSolve: Assembly:
FlowSolve: Assembly done
FlowSolve: Dirichlet conditions done
      10 0.1010E-09 0.1010E-09
BiCGStabl:       11 0.1930E-11 0.1930E-11
ComputeChange: NS (ITER=5) (NRM,RELC): (  1.6671358     0.59132837E-07 ) :: navier-stokes
FlowSolve: iter:    5 Assembly: (s)    0.02    0.08
FlowSolve: iter:    5 Solve:    (s)    0.01    0.07
FlowSolve:  Result Norm     :    1.6671357748901756
FlowSolve:  Relative Change :    5.9132836809874133E-008
FlowSolve: 
FlowSolve: 
FlowSolve: -------------------------------------
FlowSolve:  NAVIER-STOKES ITERATION           6
FlowSolve: -------------------------------------
FlowSolve: 
FlowSolve: Starting Assembly...
FlowSolve: Assembly:
FlowSolve: Assembly done
FlowSolve: Dirichlet conditions done
      10 0.3062E-10 0.3062E-10
BiCGStabl:       11 0.4594E-11 0.4594E-11
ComputeChange: NS (ITER=6) (NRM,RELC): (  1.6671357     0.17736259E-07 ) :: navier-stokes
FlowSolve: iter:    6 Assembly: (s)    0.01    0.09
FlowSolve: iter:    6 Solve:    (s)    0.01    0.08
FlowSolve:  Result Norm     :    1.6671357453214237
FlowSolve:  Relative Change :    1.7736259157167467E-008
FlowSolve: 
FlowSolve: 
FlowSolve: -------------------------------------
FlowSolve:  NAVIER-STOKES ITERATION           7
FlowSolve: -------------------------------------
FlowSolve: 
FlowSolve: Starting Assembly...
FlowSolve: Assembly:
FlowSolve: Assembly done
FlowSolve: Dirichlet conditions done
      10 0.9283E-11 0.9283E-11
BiCGStabl:       10 0.9283E-11 0.9283E-11
ComputeChange: NS (ITER=7) (NRM,RELC): (  1.6671357     0.53155514E-08 ) :: navier-stokes
FlowSolve: iter:    7 Assembly: (s)    0.02    0.11
FlowSolve: iter:    7 Solve:    (s)    0.01    0.09
FlowSolve:  Result Norm     :    1.6671357364596779
FlowSolve:  Relative Change :    5.3155514360792389E-009
FlowSolve: 
FlowSolve: 
FlowSolve: -------------------------------------
FlowSolve:  NAVIER-STOKES ITERATION           8
FlowSolve: -------------------------------------
FlowSolve: 
FlowSolve: Starting Assembly...
FlowSolve: Assembly:
FlowSolve: Assembly done
FlowSolve: Dirichlet conditions done
BiCGStabl:        9 0.6724E-11 0.6724E-11
ComputeChange: NS (ITER=8) (NRM,RELC): (  1.6671357     0.15970853E-08 ) :: navier-stokes
FlowSolve: iter:    8 Assembly: (s)    0.02    0.12
FlowSolve: iter:    8 Solve:    (s)    0.01    0.10
FlowSolve:  Result Norm     :    1.6671357337971200
FlowSolve:  Relative Change :    1.5970852857331704E-009
FlowSolve: 
FlowSolve: 
FlowSolve: -------------------------------------
FlowSolve:  NAVIER-STOKES ITERATION           9
FlowSolve: -------------------------------------
FlowSolve: 
FlowSolve: Starting Assembly...
FlowSolve: Assembly:
FlowSolve: Assembly done
FlowSolve: Dirichlet conditions done
BiCGStabl:        8 0.9637E-11 0.9637E-11
ComputeChange: NS (ITER=9) (NRM,RELC): (  1.6671357     0.47776832E-09 ) :: navier-stokes
FlowSolve: iter:    9 Assembly: (s)    0.02    0.14
FlowSolve: iter:    9 Solve:    (s)    0.01    0.11
FlowSolve:  Result Norm     :    1.6671357330006153
FlowSolve:  Relative Change :    4.7776832087792613E-010
FlowSolve: 
FlowSolve: 
FlowSolve: -------------------------------------
FlowSolve:  NAVIER-STOKES ITERATION          10
FlowSolve: -------------------------------------
FlowSolve: 
FlowSolve: Starting Assembly...
FlowSolve: Assembly:
FlowSolve: Assembly done
FlowSolve: Dirichlet conditions done
BiCGStabl:        7 0.4627E-11 0.4627E-11
ComputeChange: NS (ITER=10) (NRM,RELC): (  1.6671357     0.14367753E-09 ) :: navier-stokes
FlowSolve: iter:   10 Assembly: (s)    0.02    0.15
FlowSolve: iter:   10 Solve:    (s)    0.01    0.12
FlowSolve:  Result Norm     :    1.6671357327610854
FlowSolve:  Relative Change :    1.4367753429119374E-010
ComputeChange: SS (ITER=29) (NRM,RELC): (  1.6671470     0.36535262E-05 ) :: navier-stokes
ResultOutputSolver: -------------------------------------
ResultOutputSolver: Saving in unstructured VTK XML (.vtu) format
ResultOutputSolver: -------------------------------------
MAIN: 
MAIN: -------------------------------------
MAIN:  Steady state iteration:           30
MAIN: -------------------------------------
MAIN: 
HeatSolver: ------------------------------------------------
HeatSolver: Solving energy equation for temperature
HeatSolver: Heat solver iteration: 1
IterSolver: "Linear System GCR Restart" not given, setting it to 200
   gcr:    10  0.1659E-09  0.1737E-09
ComputeChange: NS (ITER=1) (NRM,RELC): (  300.00014     0.42230850E-10 ) :: heat equation
ComputeChange: SS (ITER=30) (NRM,RELC): (  300.00014     0.14780608E-10 ) :: heat equation
FlowSolve: 
FlowSolve: 
FlowSolve: -------------------------------------
FlowSolve:  NAVIER-STOKES ITERATION           1
FlowSolve: -------------------------------------
FlowSolve: 
FlowSolve: Starting Assembly...
FlowSolve: Assembly:
FlowSolve: Assembly done
FlowSolve: Dirichlet conditions done
      10 0.6424E-08 0.6424E-08
BiCGStabl:       14 0.7633E-11 0.7633E-11
ComputeChange: NS (ITER=1) (NRM,RELC): (  1.6671382     0.53072698E-05 ) :: navier-stokes
FlowSolve: iter:    1 Assembly: (s)    0.02    0.02
FlowSolve: iter:    1 Solve:    (s)    0.01    0.01
FlowSolve:  Result Norm     :    1.6671381956324096
FlowSolve:  Relative Change :    5.3072697542181874E-006
FlowSolve: 
FlowSolve: 
FlowSolve: -------------------------------------
FlowSolve:  NAVIER-STOKES ITERATION           2
FlowSolve: -------------------------------------
FlowSolve: 
FlowSolve: Starting Assembly...
FlowSolve: Assembly:
FlowSolve: Assembly done
FlowSolve: Dirichlet conditions done
      10 0.1938E-08 0.1938E-08
BiCGStabl:       13 0.4082E-11 0.4082E-11
ComputeChange: NS (ITER=2) (NRM,RELC): (  1.6671355     0.15917160E-05 ) :: navier-stokes
FlowSolve: iter:    2 Assembly: (s)    0.01    0.03
FlowSolve: iter:    2 Solve:    (s)    0.01    0.03
FlowSolve:  Result Norm     :    1.6671355420240557
FlowSolve:  Relative Change :    1.5917159553954476E-006
FlowSolve: 
FlowSolve: 
FlowSolve: -------------------------------------
FlowSolve:  NAVIER-STOKES ITERATION           3
FlowSolve: -------------------------------------
FlowSolve: 
FlowSolve: Starting Assembly...
FlowSolve: Assembly:
FlowSolve: Assembly done
FlowSolve: Dirichlet conditions done
      10 0.5848E-09 0.5848E-09
BiCGStabl:       12 0.3291E-11 0.3291E-11
ComputeChange: NS (ITER=3) (NRM,RELC): (  1.6671347     0.47740281E-06 ) :: navier-stokes
FlowSolve: iter:    3 Assembly: (s)    0.02    0.05
FlowSolve: iter:    3 Solve:    (s)    0.01    0.04
FlowSolve:  Result Norm     :    1.6671347461290471
FlowSolve:  Relative Change :    4.7740281367890931E-007
FlowSolve: 
FlowSolve: 
FlowSolve: -------------------------------------
FlowSolve:  NAVIER-STOKES ITERATION           4
FlowSolve: -------------------------------------
FlowSolve: 
FlowSolve: Starting Assembly...
FlowSolve: Assembly:
FlowSolve: Assembly done
FlowSolve: Dirichlet conditions done
      10 0.1764E-09 0.1764E-09
BiCGStabl:       11 0.4322E-11 0.4322E-11
ComputeChange: NS (ITER=4) (NRM,RELC): (  1.6671345     0.14318823E-06 ) :: navier-stokes
FlowSolve: iter:    4 Assembly: (s)    0.02    0.06
FlowSolve: iter:    4 Solve:    (s)    0.01    0.05
FlowSolve:  Result Norm     :    1.6671345074149972
FlowSolve:  Relative Change :    1.4318822608990000E-007
FlowSolve: 
FlowSolve: 
FlowSolve: -------------------------------------
FlowSolve:  NAVIER-STOKES ITERATION           5
FlowSolve: -------------------------------------
FlowSolve: 
FlowSolve: Starting Assembly...
FlowSolve: Assembly:
FlowSolve: Assembly done
FlowSolve: Dirichlet conditions done
      10 0.5326E-10 0.5326E-10
BiCGStabl:       11 0.1300E-11 0.1300E-11
ComputeChange: NS (ITER=5) (NRM,RELC): (  1.6671344     0.42946427E-07 ) :: navier-stokes
FlowSolve: iter:    5 Assembly: (s)    0.02    0.08
FlowSolve: iter:    5 Solve:    (s)    0.01    0.06
FlowSolve:  Result Norm     :    1.6671344358175284
FlowSolve:  Relative Change :    4.2946426974869029E-008
FlowSolve: 
FlowSolve: 
FlowSolve: -------------------------------------
FlowSolve:  NAVIER-STOKES ITERATION           6
FlowSolve: -------------------------------------
FlowSolve: 
FlowSolve: Starting Assembly...
FlowSolve: Assembly:
FlowSolve: Assembly done
FlowSolve: Dirichlet conditions done
      10 0.1608E-10 0.1608E-10
BiCGStabl:       11 0.6299E-11 0.6299E-11
ComputeChange: NS (ITER=6) (NRM,RELC): (  1.6671344     0.12879380E-07 ) :: navier-stokes
FlowSolve: iter:    6 Assembly: (s)    0.01    0.09
FlowSolve: iter:    6 Solve:    (s)    0.01    0.08
FlowSolve:  Result Norm     :    1.6671344143458713
FlowSolve:  Relative Change :    1.2879379608463928E-008
FlowSolve: 
FlowSolve: 
FlowSolve: -------------------------------------
FlowSolve:  NAVIER-STOKES ITERATION           7
FlowSolve: -------------------------------------
FlowSolve: 
FlowSolve: Starting Assembly...
FlowSolve: Assembly:
FlowSolve: Assembly done
FlowSolve: Dirichlet conditions done
BiCGStabl:       10 0.7291E-11 0.7291E-11
ComputeChange: NS (ITER=7) (NRM,RELC): (  1.6671344     0.38652769E-08 ) :: navier-stokes
FlowSolve: iter:    7 Assembly: (s)    0.02    0.11
FlowSolve: iter:    7 Solve:    (s)    0.01    0.09
FlowSolve:  Result Norm     :    1.6671344079019352
FlowSolve:  Relative Change :    3.8652768537609892E-009
FlowSolve: 
FlowSolve: 
FlowSolve: -------------------------------------
FlowSolve:  NAVIER-STOKES ITERATION           8
FlowSolve: -------------------------------------
FlowSolve: 
FlowSolve: Starting Assembly...
FlowSolve: Assembly:
FlowSolve: Assembly done
FlowSolve: Dirichlet conditions done
BiCGStabl:        8 0.8212E-11 0.8212E-11
ComputeChange: NS (ITER=8) (NRM,RELC): (  1.6671344     0.11554512E-08 ) :: navier-stokes
FlowSolve: iter:    8 Assembly: (s)    0.02    0.13
FlowSolve: iter:    8 Solve:    (s)    0.01    0.10
FlowSolve:  Result Norm     :    1.6671344059756428
FlowSolve:  Relative Change :    1.1554512046889835E-009
FlowSolve: 
FlowSolve: 
FlowSolve: -------------------------------------
FlowSolve:  NAVIER-STOKES ITERATION           9
FlowSolve: -------------------------------------
FlowSolve: 
FlowSolve: Starting Assembly...
FlowSolve: Assembly:
FlowSolve: Assembly done
FlowSolve: Dirichlet conditions done
BiCGStabl:        8 0.7525E-11 0.7525E-11
ComputeChange: NS (ITER=9) (NRM,RELC): (  1.6671344     0.34785897E-09 ) :: navier-stokes
FlowSolve: iter:    9 Assembly: (s)    0.02    0.14
FlowSolve: iter:    9 Solve:    (s)    0.01    0.11
FlowSolve:  Result Norm     :    1.6671344053957151
FlowSolve:  Relative Change :    3.4785897254018345E-010
FlowSolve: 
FlowSolve: 
FlowSolve: -------------------------------------
FlowSolve:  NAVIER-STOKES ITERATION          10
FlowSolve: -------------------------------------
FlowSolve: 
FlowSolve: Starting Assembly...
FlowSolve: Assembly:
FlowSolve: Assembly done
FlowSolve: Dirichlet conditions done
BiCGStabl:        7 0.3465E-11 0.3465E-11
ComputeChange: NS (ITER=10) (NRM,RELC): (  1.6671344     0.10475239E-09 ) :: navier-stokes
FlowSolve: iter:   10 Assembly: (s)    0.02    0.16
FlowSolve: iter:   10 Solve:    (s)    0.01    0.12
FlowSolve:  Result Norm     :    1.6671344052210788
FlowSolve:  Relative Change :    1.0475238520699379E-010
ComputeChange: SS (ITER=30) (NRM,RELC): (  1.6671426     0.26534063E-05 ) :: navier-stokes
ResultOutputSolver: -------------------------------------
ResultOutputSolver: Saving in unstructured VTK XML (.vtu) format
ResultOutputSolver: -------------------------------------
MAIN: 
MAIN: -------------------------------------
MAIN:  Steady state iteration:           31
MAIN: -------------------------------------
MAIN: 
HeatSolver: ------------------------------------------------
HeatSolver: Solving energy equation for temperature
HeatSolver: Heat solver iteration: 1
IterSolver: "Linear System GCR Restart" not given, setting it to 200
   gcr:    10  0.1269E-09  0.1336E-09
ComputeChange: NS (ITER=1) (NRM,RELC): (  300.00014     0.35130732E-10 ) :: heat equation
ComputeChange: SS (ITER=31) (NRM,RELC): (  300.00014     0.12295605E-10 ) :: heat equation
FlowSolve: 
FlowSolve: 
FlowSolve: -------------------------------------
FlowSolve:  NAVIER-STOKES ITERATION           1
FlowSolve: -------------------------------------
FlowSolve: 
FlowSolve: Starting Assembly...
FlowSolve: Assembly:
FlowSolve: Assembly done
FlowSolve: Dirichlet conditions done
      10 0.3847E-08 0.3847E-08
BiCGStabl:       13 0.9904E-11 0.9904E-11
ComputeChange: NS (ITER=1) (NRM,RELC): (  1.6671365     0.36888524E-05 ) :: navier-stokes
FlowSolve: iter:    1 Assembly: (s)    0.01    0.01
FlowSolve: iter:    1 Solve:    (s)    0.01    0.01
FlowSolve:  Result Norm     :    1.6671364701637033
FlowSolve:  Relative Change :    3.6888523906019573E-006
FlowSolve: 
FlowSolve: 
FlowSolve: -------------------------------------
FlowSolve:  NAVIER-STOKES ITERATION           2
FlowSolve: -------------------------------------
FlowSolve: 
FlowSolve: Starting Assembly...
FlowSolve: Assembly:
FlowSolve: Assembly done
FlowSolve: Dirichlet conditions done
      10 0.1159E-08 0.1159E-08
BiCGStabl:       12 0.9122E-11 0.9122E-11
ComputeChange: NS (ITER=2) (NRM,RELC): (  1.6671346     0.11063370E-05 ) :: navier-stokes
FlowSolve: iter:    2 Assembly: (s)    0.01    0.03
FlowSolve: iter:    2 Solve:    (s)    0.01    0.03
FlowSolve:  Result Norm     :    1.6671346257499611
FlowSolve:  Relative Change :    1.1063370008759535E-006
FlowSolve: 
FlowSolve: 
FlowSolve: -------------------------------------
FlowSolve:  NAVIER-STOKES ITERATION           3
FlowSolve: -------------------------------------
FlowSolve: 
FlowSolve: Starting Assembly...
FlowSolve: Assembly:
FlowSolve: Assembly done
FlowSolve: Dirichlet conditions done
      10 0.3493E-09 0.3493E-09
BiCGStabl:       12 0.5765E-11 0.5765E-11
ComputeChange: NS (ITER=3) (NRM,RELC): (  1.6671341     0.33181493E-06 ) :: navier-stokes
FlowSolve: iter:    3 Assembly: (s)    0.01    0.04
FlowSolve: iter:    3 Solve:    (s)    0.01    0.04
FlowSolve:  Result Norm     :    1.6671340725699011
FlowSolve:  Relative Change :    3.3181492556968824E-007
FlowSolve: 
FlowSolve: 
FlowSolve: -------------------------------------
FlowSolve:  NAVIER-STOKES ITERATION           4
FlowSolve: -------------------------------------
FlowSolve: 
FlowSolve: Starting Assembly...
FlowSolve: Assembly:
FlowSolve: Assembly done
FlowSolve: Dirichlet conditions done
      10 0.1053E-09 0.1053E-09
BiCGStabl:       11 0.3339E-11 0.3339E-11
ComputeChange: NS (ITER=4) (NRM,RELC): (  1.6671339     0.99519980E-07 ) :: navier-stokes
FlowSolve: iter:    4 Assembly: (s)    0.01    0.06
FlowSolve: iter:    4 Solve:    (s)    0.01    0.05
FlowSolve:  Result Norm     :    1.6671339066567599
FlowSolve:  Relative Change :    9.9519979953258976E-008
FlowSolve: 
FlowSolve: 
FlowSolve: -------------------------------------
FlowSolve:  NAVIER-STOKES ITERATION           5
FlowSolve: -------------------------------------
FlowSolve: 
FlowSolve: Starting Assembly...
FlowSolve: Assembly:
FlowSolve: Assembly done
FlowSolve: Dirichlet conditions done
      10 0.3173E-10 0.3173E-10
BiCGStabl:       11 0.7152E-11 0.7152E-11
ComputeChange: NS (ITER=5) (NRM,RELC): (  1.6671339     0.29849056E-07 ) :: navier-stokes
FlowSolve: iter:    5 Assembly: (s)    0.02    0.07
FlowSolve: iter:    5 Solve:    (s)    0.01    0.06
FlowSolve:  Result Norm     :    1.6671338568943876
FlowSolve:  Relative Change :    2.9849055775816388E-008
FlowSolve: 
FlowSolve: 
FlowSolve: -------------------------------------
FlowSolve:  NAVIER-STOKES ITERATION           6
FlowSolve: -------------------------------------
FlowSolve: 
FlowSolve: Starting Assembly...
FlowSolve: Assembly:
FlowSolve: Assembly done
FlowSolve: Dirichlet conditions done
      10 0.9556E-11 0.9556E-11
BiCGStabl:       10 0.9556E-11 0.9556E-11
ComputeChange: NS (ITER=6) (NRM,RELC): (  1.6671338     0.89479727E-08 ) :: navier-stokes
FlowSolve: iter:    6 Assembly: (s)    0.01    0.09
FlowSolve: iter:    6 Solve:    (s)    0.01    0.07
FlowSolve:  Result Norm     :    1.6671338419769195
FlowSolve:  Relative Change :    8.9479726865860865E-009
FlowSolve: 
FlowSolve: 
FlowSolve: -------------------------------------
FlowSolve:  NAVIER-STOKES ITERATION           7
FlowSolve: -------------------------------------
FlowSolve: 
FlowSolve: Starting Assembly...
FlowSolve: Assembly:
FlowSolve: Assembly done
FlowSolve: Dirichlet conditions done
BiCGStabl:        9 0.8912E-11 0.8912E-11
ComputeChange: NS (ITER=7) (NRM,RELC): (  1.6671338     0.26860162E-08 ) :: navier-stokes
FlowSolve: iter:    7 Assembly: (s)    0.02    0.10
FlowSolve: iter:    7 Solve:    (s)    0.01    0.08
FlowSolve:  Result Norm     :    1.6671338374989710
FlowSolve:  Relative Change :    2.6860161732345577E-009
FlowSolve: 
FlowSolve: 
FlowSolve: -------------------------------------
FlowSolve:  NAVIER-STOKES ITERATION           8
FlowSolve: -------------------------------------
FlowSolve: 
FlowSolve: Starting Assembly...
FlowSolve: Assembly:
FlowSolve: Assembly done
FlowSolve: Dirichlet conditions done
BiCGStabl:        8 0.5887E-11 0.5887E-11
ComputeChange: NS (ITER=8) (NRM,RELC): (  1.6671338     0.80475731E-09 ) :: navier-stokes
FlowSolve: iter:    8 Assembly: (s)    0.02    0.12
FlowSolve: iter:    8 Solve:    (s)    0.01    0.09
FlowSolve:  Result Norm     :    1.6671338361573329
FlowSolve:  Relative Change :    8.0475730519344333E-010
FlowSolve: 
FlowSolve: 
FlowSolve: -------------------------------------
FlowSolve:  NAVIER-STOKES ITERATION           9
FlowSolve: -------------------------------------
FlowSolve: 
FlowSolve: Starting Assembly...
FlowSolve: Assembly:
FlowSolve: Assembly done
FlowSolve: Dirichlet conditions done
BiCGStabl:        7 0.9022E-11 0.9022E-11
ComputeChange: NS (ITER=9) (NRM,RELC): (  1.6671338     0.24047165E-09 ) :: navier-stokes
FlowSolve: iter:    9 Assembly: (s)    0.02    0.14
FlowSolve: iter:    9 Solve:    (s)    0.01    0.10
FlowSolve:  Result Norm     :    1.6671338357564345
FlowSolve:  Relative Change :    2.4047165075836379E-010
FlowSolve: 
FlowSolve: 
FlowSolve: -------------------------------------
FlowSolve:  NAVIER-STOKES ITERATION          10
FlowSolve: -------------------------------------
FlowSolve: 
FlowSolve: Starting Assembly...
FlowSolve: Assembly:
FlowSolve: Assembly done
FlowSolve: Dirichlet conditions done
BiCGStabl:        6 0.9482E-11 0.9482E-11
ComputeChange: NS (ITER=10) (NRM,RELC): (  1.6671338     0.76482432E-10 ) :: navier-stokes
FlowSolve: iter:   10 Assembly: (s)    0.01    0.15
FlowSolve: iter:   10 Solve:    (s)    0.01    0.11
FlowSolve:  Result Norm     :    1.6671338356289280
FlowSolve:  Relative Change :    7.6482431771869221E-011
ComputeChange: SS (ITER=31) (NRM,RELC): (  1.6671395     0.18442479E-05 ) :: navier-stokes
ResultOutputSolver: -------------------------------------
ResultOutputSolver: Saving in unstructured VTK XML (.vtu) format
ResultOutputSolver: -------------------------------------
MAIN: 
MAIN: -------------------------------------
MAIN:  Steady state iteration:           32
MAIN: -------------------------------------
MAIN: 
HeatSolver: ------------------------------------------------
HeatSolver: Solving energy equation for temperature
HeatSolver: Heat solver iteration: 1
IterSolver: "Linear System GCR Restart" not given, setting it to 200
   gcr:    10  0.9693E-10  0.1025E-09
ComputeChange: NS (ITER=1) (NRM,RELC): (  300.00014     0.30436415E-10 ) :: heat equation
ComputeChange: SS (ITER=32) (NRM,RELC): (  300.00014     0.10652262E-10 ) :: heat equation
FlowSolve: 
FlowSolve: 
FlowSolve: -------------------------------------
FlowSolve:  NAVIER-STOKES ITERATION           1
FlowSolve: -------------------------------------
FlowSolve: 
FlowSolve: Starting Assembly...
FlowSolve: Assembly:
FlowSolve: Assembly done
FlowSolve: Dirichlet conditions done
      10 0.2347E-08 0.2347E-08
BiCGStabl:       13 0.7493E-11 0.7493E-11
ComputeChange: NS (ITER=1) (NRM,RELC): (  1.6671355     0.24549785E-05 ) :: navier-stokes
FlowSolve: iter:    1 Assembly: (s)    0.01    0.01
FlowSolve: iter:    1 Solve:    (s)    0.01    0.01
FlowSolve:  Result Norm     :    1.6671354525873290
FlowSolve:  Relative Change :    2.4549784854127998E-006
FlowSolve: 
FlowSolve: 
FlowSolve: -------------------------------------
FlowSolve:  NAVIER-STOKES ITERATION           2
FlowSolve: -------------------------------------
FlowSolve: 
FlowSolve: Starting Assembly...
FlowSolve: Assembly:
FlowSolve: Assembly done
FlowSolve: Dirichlet conditions done
      10 0.7066E-09 0.7066E-09
BiCGStabl:       12 0.7937E-11 0.7937E-11
ComputeChange: NS (ITER=2) (NRM,RELC): (  1.6671342     0.73626611E-06 ) :: navier-stokes
FlowSolve: iter:    2 Assembly: (s)    0.02    0.03
FlowSolve: iter:    2 Solve:    (s)    0.01    0.03
FlowSolve:  Result Norm     :    1.6671342251324539
FlowSolve:  Relative Change :    7.3626610545431842E-007
FlowSolve: 
FlowSolve: 
FlowSolve: -------------------------------------
FlowSolve:  NAVIER-STOKES ITERATION           3
FlowSolve: -------------------------------------
FlowSolve: 
FlowSolve: Starting Assembly...
FlowSolve: Assembly:
FlowSolve: Assembly done
FlowSolve: Dirichlet conditions done
      10 0.2127E-09 0.2127E-09
BiCGStabl:       11 0.8814E-11 0.8814E-11
ComputeChange: NS (ITER=3) (NRM,RELC): (  1.6671339     0.22081679E-06 ) :: navier-stokes
FlowSolve: iter:    3 Assembly: (s)    0.02    0.05
FlowSolve: iter:    3 Solve:    (s)    0.01    0.04
FlowSolve:  Result Norm     :    1.6671338570012724
FlowSolve:  Relative Change :    2.2081678645519315E-007
FlowSolve: 
FlowSolve: 
FlowSolve: -------------------------------------
FlowSolve:  NAVIER-STOKES ITERATION           4
FlowSolve: -------------------------------------
FlowSolve: 
FlowSolve: Starting Assembly...
FlowSolve: Assembly:
FlowSolve: Assembly done
FlowSolve: Dirichlet conditions done
      10 0.6404E-10 0.6404E-10
BiCGStabl:       11 0.2644E-11 0.2644E-11
ComputeChange: NS (ITER=4) (NRM,RELC): (  1.6671337     0.66225896E-07 ) :: navier-stokes
FlowSolve: iter:    4 Assembly: (s)    0.02    0.06
FlowSolve: iter:    4 Solve:    (s)    0.01    0.05
FlowSolve:  Result Norm     :    1.6671337465938434
FlowSolve:  Relative Change :    6.6225895520809580E-008
FlowSolve: 
FlowSolve: 
FlowSolve: -------------------------------------
FlowSolve:  NAVIER-STOKES ITERATION           5
FlowSolve: -------------------------------------
FlowSolve: 
FlowSolve: Starting Assembly...
FlowSolve: Assembly:
FlowSolve: Assembly done
FlowSolve: Dirichlet conditions done
      10 0.1928E-10 0.1928E-10
BiCGStabl:       11 0.7350E-11 0.7350E-11
ComputeChange: NS (ITER=5) (NRM,RELC): (  1.6671337     0.19860560E-07 ) :: navier-stokes
FlowSolve: iter:    5 Assembly: (s)    0.01    0.08
FlowSolve: iter:    5 Solve:    (s)    0.01    0.06
FlowSolve:  Result Norm     :    1.6671337134836333
FlowSolve:  Relative Change :    1.9860560393331684E-008
FlowSolve: 
FlowSolve: 
FlowSolve: -------------------------------------
FlowSolve:  NAVIER-STOKES ITERATION           6
FlowSolve: -------------------------------------
FlowSolve: 
FlowSolve: Starting Assembly...
FlowSolve: Assembly:
FlowSolve: Assembly done
FlowSolve: Dirichlet conditions done
BiCGStabl:       10 0.8466E-11 0.8466E-11
ComputeChange: NS (ITER=6) (NRM,RELC): (  1.6671337     0.59602550E-08 ) :: navier-stokes
FlowSolve: iter:    6 Assembly: (s)    0.01    0.09
FlowSolve: iter:    6 Solve:    (s)    0.01    0.07
FlowSolve:  Result Norm     :    1.6671337035470912
FlowSolve:  Relative Change :    5.9602550070667044E-009
FlowSolve: 
FlowSolve: 
FlowSolve: -------------------------------------
FlowSolve:  NAVIER-STOKES ITERATION           7
FlowSolve: -------------------------------------
FlowSolve: 
FlowSolve: Starting Assembly...
FlowSolve: Assembly:
FlowSolve: Assembly done
FlowSolve: Dirichlet conditions done
BiCGStabl:        9 0.5920E-11 0.5920E-11
ComputeChange: NS (ITER=7) (NRM,RELC): (  1.6671337     0.17842195E-08 ) :: navier-stokes
FlowSolve: iter:    7 Assembly: (s)    0.01    0.11
FlowSolve: iter:    7 Solve:    (s)    0.01    0.08
FlowSolve:  Result Norm     :    1.6671337005725588
FlowSolve:  Relative Change :    1.7842194627190648E-009
FlowSolve: 
FlowSolve: 
FlowSolve: -------------------------------------
FlowSolve:  NAVIER-STOKES ITERATION           8
FlowSolve: -------------------------------------
FlowSolve: 
FlowSolve: Starting Assembly...
FlowSolve: Assembly:
FlowSolve: Assembly done
FlowSolve: Dirichlet conditions done
BiCGStabl:        8 0.4261E-11 0.4261E-11
ComputeChange: NS (ITER=8) (NRM,RELC): (  1.6671337     0.53430902E-09 ) :: navier-stokes
FlowSolve: iter:    8 Assembly: (s)    0.01    0.12
FlowSolve: iter:    8 Solve:    (s)    0.01    0.09
FlowSolve:  Result Norm     :    1.6671336996817943
FlowSolve:  Relative Change :    5.3430901981390904E-010
FlowSolve: 
FlowSolve: 
FlowSolve: -------------------------------------
FlowSolve:  NAVIER-STOKES ITERATION           9
FlowSolve: -------------------------------------
FlowSolve: 
FlowSolve: Starting Assembly...
FlowSolve: Assembly:
FlowSolve: Assembly done
FlowSolve: Dirichlet conditions done
BiCGStabl:        7 0.6740E-11 0.6740E-11
ComputeChange: NS (ITER=9) (NRM,RELC): (  1.6671337     0.15972251E-09 ) :: navier-stokes
FlowSolve: iter:    9 Assembly: (s)    0.01    0.13
FlowSolve: iter:    9 Solve:    (s)    0.01    0.10
FlowSolve:  Result Norm     :    1.6671336994155155
FlowSolve:  Relative Change :    1.5972250868544711E-010
FlowSolve: 
FlowSolve: 
FlowSolve: -------------------------------------
FlowSolve:  NAVIER-STOKES ITERATION          10
FlowSolve: -------------------------------------
FlowSolve: 
FlowSolve: Starting Assembly...
FlowSolve: Assembly:
FlowSolve: Assembly done
FlowSolve: Dirichlet conditions done
BiCGStabl:        6 0.7003E-11 0.7003E-11
ComputeChange: NS (ITER=10) (NRM,RELC): (  1.6671337     0.51094000E-10 ) :: navier-stokes
FlowSolve: iter:   10 Assembly: (s)    0.02    0.15
FlowSolve: iter:   10 Solve:    (s)    0.01    0.10
FlowSolve:  Result Norm     :    1.6671336993303350
FlowSolve:  Relative Change :    5.1094000036574964E-011
ComputeChange: SS (ITER=32) (NRM,RELC): (  1.6671375     0.12273512E-05 ) :: navier-stokes
ResultOutputSolver: -------------------------------------
ResultOutputSolver: Saving in unstructured VTK XML (.vtu) format
ResultOutputSolver: -------------------------------------
MAIN: 
MAIN: -------------------------------------
MAIN:  Steady state iteration:           33
MAIN: -------------------------------------
MAIN: 
HeatSolver: ------------------------------------------------
HeatSolver: Solving energy equation for temperature
HeatSolver: Heat solver iteration: 1
IterSolver: "Linear System GCR Restart" not given, setting it to 200
   gcr:    10  0.7396E-10  0.7857E-10
ComputeChange: NS (ITER=1) (NRM,RELC): (  300.00014     0.26095854E-10 ) :: heat equation
ComputeChange: SS (ITER=33) (NRM,RELC): (  300.00014     0.91330277E-11 ) :: heat equation
FlowSolve: 
FlowSolve: 
FlowSolve: -------------------------------------
FlowSolve:  NAVIER-STOKES ITERATION           1
FlowSolve: -------------------------------------
FlowSolve: 
FlowSolve: Starting Assembly...
FlowSolve: Assembly:
FlowSolve: Assembly done
FlowSolve: Dirichlet conditions done
      10 0.1479E-08 0.1479E-08
BiCGStabl:       13 0.5489E-11 0.5489E-11
ComputeChange: NS (ITER=1) (NRM,RELC): (  1.6671349     0.15521143E-05 ) :: navier-stokes
FlowSolve: iter:    1 Assembly: (s)    0.02    0.02
FlowSolve: iter:    1 Solve:    (s)    0.02    0.02
FlowSolve:  Result Norm     :    1.6671349116235976
FlowSolve:  Relative Change :    1.5521143372495625E-006
FlowSolve: 
FlowSolve: 
FlowSolve: -------------------------------------
FlowSolve:  NAVIER-STOKES ITERATION           2
FlowSolve: -------------------------------------
FlowSolve: 
FlowSolve: Starting Assembly...
FlowSolve: Assembly:
FlowSolve: Assembly done
FlowSolve: Dirichlet conditions done
      10 0.4448E-09 0.4448E-09
BiCGStabl:       12 0.6087E-11 0.6087E-11
ComputeChange: NS (ITER=2) (NRM,RELC): (  1.6671341     0.46546936E-06 ) :: navier-stokes
FlowSolve: iter:    2 Assembly: (s)    0.02    0.03
FlowSolve: iter:    2 Solve:    (s)    0.01    0.03
FlowSolve:  Result Norm     :    1.6671341356235643
FlowSolve:  Relative Change :    4.6546935615949095E-007
FlowSolve: 
FlowSolve: 
FlowSolve: -------------------------------------
FlowSolve:  NAVIER-STOKES ITERATION           3
FlowSolve: -------------------------------------
FlowSolve: 
FlowSolve: Starting Assembly...
FlowSolve: Assembly:
FlowSolve: Assembly done
FlowSolve: Dirichlet conditions done
      10 0.1338E-09 0.1338E-09
BiCGStabl:       11 0.6708E-11 0.6708E-11
ComputeChange: NS (ITER=3) (NRM,RELC): (  1.6671339     0.13959379E-06 ) :: navier-stokes
FlowSolve: iter:    3 Assembly: (s)    0.02    0.05
FlowSolve: iter:    3 Solve:    (s)    0.01    0.04
FlowSolve:  Result Norm     :    1.6671339029020102
FlowSolve:  Relative Change :    1.3959378870485690E-007
FlowSolve: 
FlowSolve: 
FlowSolve: -------------------------------------
FlowSolve:  NAVIER-STOKES ITERATION           4
FlowSolve: -------------------------------------
FlowSolve: 
FlowSolve: Starting Assembly...
FlowSolve: Assembly:
FlowSolve: Assembly done
FlowSolve: Dirichlet conditions done
      10 0.4024E-10 0.4024E-10
BiCGStabl:       11 0.2012E-11 0.2012E-11
ComputeChange: NS (ITER=4) (NRM,RELC): (  1.6671338     0.41863708E-07 ) :: navier-stokes
FlowSolve: iter:    4 Assembly: (s)    0.01    0.06
FlowSolve: iter:    4 Solve:    (s)    0.01    0.05
FlowSolve:  Result Norm     :    1.6671338331096046
FlowSolve:  Relative Change :    4.1863708111229736E-008
FlowSolve: 
FlowSolve: 
FlowSolve: -------------------------------------
FlowSolve:  NAVIER-STOKES ITERATION           5
FlowSolve: -------------------------------------
FlowSolve: 
FlowSolve: Starting Assembly...
FlowSolve: Assembly:
FlowSolve: Assembly done
FlowSolve: Dirichlet conditions done
      10 0.1210E-10 0.1210E-10
BiCGStabl:       11 0.4919E-11 0.4919E-11
ComputeChange: NS (ITER=5) (NRM,RELC): (  1.6671338     0.12553928E-07 ) :: navier-stokes
FlowSolve: iter:    5 Assembly: (s)    0.01    0.08
FlowSolve: iter:    5 Solve:    (s)    0.01    0.06
FlowSolve:  Result Norm     :    1.6671338121805273
FlowSolve:  Relative Change :    1.2553927630632372E-008
FlowSolve: 
FlowSolve: 
FlowSolve: -------------------------------------
FlowSolve:  NAVIER-STOKES ITERATION           6
FlowSolve: -------------------------------------
FlowSolve: 
FlowSolve: Starting Assembly...
FlowSolve: Assembly:
FlowSolve: Assembly done
FlowSolve: Dirichlet conditions done
BiCGStabl:       10 0.7339E-11 0.7339E-11
ComputeChange: NS (ITER=6) (NRM,RELC): (  1.6671338     0.37677751E-08 ) :: navier-stokes
FlowSolve: iter:    6 Assembly: (s)    0.01    0.09
FlowSolve: iter:    6 Solve:    (s)    0.01    0.07
FlowSolve:  Result Norm     :    1.6671338058991421
FlowSolve:  Relative Change :    3.7677750614292501E-009
FlowSolve: 
FlowSolve: 
FlowSolve: -------------------------------------
FlowSolve:  NAVIER-STOKES ITERATION           7
FlowSolve: -------------------------------------
FlowSolve: 
FlowSolve: Starting Assembly...
FlowSolve: Assembly:
FlowSolve: Assembly done
FlowSolve: Dirichlet conditions done
BiCGStabl:        9 0.4547E-11 0.4547E-11
ComputeChange: NS (ITER=7) (NRM,RELC): (  1.6671338     0.11272497E-08 ) :: navier-stokes
FlowSolve: iter:    7 Assembly: (s)    0.01    0.11
FlowSolve: iter:    7 Solve:    (s)    0.01    0.08
FlowSolve:  Result Norm     :    1.6671338040198660
FlowSolve:  Relative Change :    1.1272496919591201E-009
FlowSolve: 
FlowSolve: 
FlowSolve: -------------------------------------
FlowSolve:  NAVIER-STOKES ITERATION           8
FlowSolve: -------------------------------------
FlowSolve: 
FlowSolve: Starting Assembly...
FlowSolve: Assembly:
FlowSolve: Assembly done
FlowSolve: Dirichlet conditions done
BiCGStabl:        8 0.3181E-11 0.3181E-11
ComputeChange: NS (ITER=8) (NRM,RELC): (  1.6671338     0.33729971E-09 ) :: navier-stokes
FlowSolve: iter:    8 Assembly: (s)    0.01    0.12
FlowSolve: iter:    8 Solve:    (s)    0.01    0.09
FlowSolve:  Result Norm     :    1.6671338034575423
FlowSolve:  Relative Change :    3.3729970675664086E-010
FlowSolve: 
FlowSolve: 
FlowSolve: -------------------------------------
FlowSolve:  NAVIER-STOKES ITERATION           9
FlowSolve: -------------------------------------
FlowSolve: 
FlowSolve: Starting Assembly...
FlowSolve: Assembly:
FlowSolve: Assembly done
FlowSolve: Dirichlet conditions done
BiCGStabl:        7 0.5061E-11 0.5061E-11
ComputeChange: NS (ITER=9) (NRM,RELC): (  1.6671338     0.10086489E-09 ) :: navier-stokes
FlowSolve: iter:    9 Assembly: (s)    0.02    0.14
FlowSolve: iter:    9 Solve:    (s)    0.01    0.10
FlowSolve:  Result Norm     :    1.6671338032893870
FlowSolve:  Relative Change :    1.0086488987739422E-010
FlowSolve: 
FlowSolve: 
FlowSolve: -------------------------------------
FlowSolve:  NAVIER-STOKES ITERATION          10
FlowSolve: -------------------------------------
FlowSolve: 
FlowSolve: Starting Assembly...
FlowSolve: Assembly:
FlowSolve: Assembly done
FlowSolve: Dirichlet conditions done
BiCGStabl:        6 0.7829E-11 0.7829E-11
ComputeChange: NS (ITER=10) (NRM,RELC): (  1.6671338     0.32713056E-10 ) :: navier-stokes
FlowSolve: iter:   10 Assembly: (s)    0.02    0.15
FlowSolve: iter:   10 Solve:    (s)    0.01    0.11
FlowSolve:  Result Norm     :    1.6671338032348499
FlowSolve:  Relative Change :    3.2713056050292939E-011
ComputeChange: SS (ITER=33) (NRM,RELC): (  1.6671362     0.77595141E-06 ) :: navier-stokes
ResultOutputSolver: -------------------------------------
ResultOutputSolver: Saving in unstructured VTK XML (.vtu) format
ResultOutputSolver: -------------------------------------
MAIN: 
MAIN: -------------------------------------
MAIN:  Steady state iteration:           34
MAIN: -------------------------------------
MAIN: 
HeatSolver: ------------------------------------------------
HeatSolver: Solving energy equation for temperature
HeatSolver: Heat solver iteration: 1
IterSolver: "Linear System GCR Restart" not given, setting it to 200
   gcr:    10  0.5637E-10  0.6013E-10
ComputeChange: NS (ITER=1) (NRM,RELC): (  300.00014     0.21454022E-10 ) :: heat equation
ComputeChange: SS (ITER=34) (NRM,RELC): (  300.00014     0.75093910E-11 ) :: heat equation
FlowSolve: 
FlowSolve: 
FlowSolve: -------------------------------------
FlowSolve:  NAVIER-STOKES ITERATION           1
FlowSolve: -------------------------------------
FlowSolve: 
FlowSolve: Starting Assembly...
FlowSolve: Assembly:
FlowSolve: Assembly done
FlowSolve: Dirichlet conditions done
      10 0.9639E-09 0.9639E-09
BiCGStabl:       13 0.3906E-11 0.3906E-11
ComputeChange: NS (ITER=1) (NRM,RELC): (  1.6671347     0.90886180E-06 ) :: navier-stokes
FlowSolve: iter:    1 Assembly: (s)    0.02    0.02
FlowSolve: iter:    1 Solve:    (s)    0.01    0.01
FlowSolve:  Result Norm     :    1.6671346903967001
FlowSolve:  Relative Change :    9.0886179527353902E-007
FlowSolve: 
FlowSolve: 
FlowSolve: -------------------------------------
FlowSolve:  NAVIER-STOKES ITERATION           2
FlowSolve: -------------------------------------
FlowSolve: 
FlowSolve: Starting Assembly...
FlowSolve: Assembly:
FlowSolve: Assembly done
FlowSolve: Dirichlet conditions done
      10 0.2897E-09 0.2897E-09
BiCGStabl:       12 0.4198E-11 0.4198E-11
ComputeChange: NS (ITER=2) (NRM,RELC): (  1.6671342     0.27253744E-06 ) :: navier-stokes
FlowSolve: iter:    2 Assembly: (s)    0.02    0.03
FlowSolve: iter:    2 Solve:    (s)    0.01    0.03
FlowSolve:  Result Norm     :    1.6671342360401467
FlowSolve:  Relative Change :    2.7253743685130125E-007
FlowSolve: 
FlowSolve: 
FlowSolve: -------------------------------------
FlowSolve:  NAVIER-STOKES ITERATION           3
FlowSolve: -------------------------------------
FlowSolve: 
FlowSolve: Starting Assembly...
FlowSolve: Assembly:
FlowSolve: Assembly done
FlowSolve: Dirichlet conditions done
      10 0.8709E-10 0.8709E-10
BiCGStabl:       11 0.5015E-11 0.5015E-11
ComputeChange: NS (ITER=3) (NRM,RELC): (  1.6671341     0.81726027E-07 ) :: navier-stokes
FlowSolve: iter:    3 Assembly: (s)    0.02    0.05
FlowSolve: iter:    3 Solve:    (s)    0.01    0.04
FlowSolve:  Result Norm     :    1.6671340997918951
FlowSolve:  Relative Change :    8.1726026730168237E-008
FlowSolve: 
FlowSolve: 
FlowSolve: -------------------------------------
FlowSolve:  NAVIER-STOKES ITERATION           4
FlowSolve: -------------------------------------
FlowSolve: 
FlowSolve: Starting Assembly...
FlowSolve: Assembly:
FlowSolve: Assembly done
FlowSolve: Dirichlet conditions done
      10 0.2618E-10 0.2618E-10
BiCGStabl:       11 0.8345E-11 0.8345E-11
ComputeChange: NS (ITER=4) (NRM,RELC): (  1.6671341     0.24507644E-07 ) :: navier-stokes
FlowSolve: iter:    4 Assembly: (s)    0.02    0.06
FlowSolve: iter:    4 Solve:    (s)    0.01    0.05
FlowSolve:  Result Norm     :    1.6671340589343659
FlowSolve:  Relative Change :    2.4507644372159346E-008
FlowSolve: 
FlowSolve: 
FlowSolve: -------------------------------------
FlowSolve:  NAVIER-STOKES ITERATION           5
FlowSolve: -------------------------------------
FlowSolve: 
FlowSolve: Starting Assembly...
FlowSolve: Assembly:
FlowSolve: Assembly done
FlowSolve: Dirichlet conditions done
      10 0.7866E-11 0.7866E-11
BiCGStabl:       10 0.7866E-11 0.7866E-11
ComputeChange: NS (ITER=5) (NRM,RELC): (  1.6671340     0.73447095E-08 ) :: navier-stokes
FlowSolve: iter:    5 Assembly: (s)    0.02    0.08
FlowSolve: iter:    5 Solve:    (s)    0.01    0.06
FlowSolve:  Result Norm     :    1.6671340466897506
FlowSolve:  Relative Change :    7.3447095037278720E-009
FlowSolve: 
FlowSolve: 
FlowSolve: -------------------------------------
FlowSolve:  NAVIER-STOKES ITERATION           6
FlowSolve: -------------------------------------
FlowSolve: 
FlowSolve: Starting Assembly...
FlowSolve: Assembly:
FlowSolve: Assembly done
FlowSolve: Dirichlet conditions done
BiCGStabl:       10 0.6859E-11 0.6859E-11
ComputeChange: NS (ITER=6) (NRM,RELC): (  1.6671340     0.22077336E-08 ) :: navier-stokes
FlowSolve: iter:    6 Assembly: (s)    0.02    0.09
FlowSolve: iter:    6 Solve:    (s)    0.01    0.07
FlowSolve:  Result Norm     :    1.6671340430091628
FlowSolve:  Relative Change :    2.2077335927967066E-009
FlowSolve: 
FlowSolve: 
FlowSolve: -------------------------------------
FlowSolve:  NAVIER-STOKES ITERATION           7
FlowSolve: -------------------------------------
FlowSolve: 
FlowSolve: Starting Assembly...
FlowSolve: Assembly:
FlowSolve: Assembly done
FlowSolve: Dirichlet conditions done
BiCGStabl:        8 0.7969E-11 0.7969E-11
ComputeChange: NS (ITER=7) (NRM,RELC): (  1.6671340     0.65660383E-09 ) :: navier-stokes
FlowSolve: iter:    7 Assembly: (s)    0.02    0.11
FlowSolve: iter:    7 Solve:    (s)    0.01    0.08
FlowSolve:  Result Norm     :    1.6671340419145162
FlowSolve:  Relative Change :    6.5660382891180863E-010
FlowSolve: 
FlowSolve: 
FlowSolve: -------------------------------------
FlowSolve:  NAVIER-STOKES ITERATION           8
FlowSolve: -------------------------------------
FlowSolve: 
FlowSolve: Starting Assembly...
FlowSolve: Assembly:
FlowSolve: Assembly done
FlowSolve: Dirichlet conditions done
BiCGStabl:        8 0.9306E-11 0.9306E-11
ComputeChange: NS (ITER=8) (NRM,RELC): (  1.6671340     0.19855625E-09 ) :: navier-stokes
FlowSolve: iter:    8 Assembly: (s)    0.02    0.13
FlowSolve: iter:    8 Solve:    (s)    0.01    0.09
FlowSolve:  Result Norm     :    1.6671340415834963
FlowSolve:  Relative Change :    1.9855624675953888E-010
FlowSolve: 
FlowSolve: 
FlowSolve: -------------------------------------
FlowSolve:  NAVIER-STOKES ITERATION           9
FlowSolve: -------------------------------------
FlowSolve: 
FlowSolve: Starting Assembly...
FlowSolve: Assembly:
FlowSolve: Assembly done
FlowSolve: Dirichlet conditions done
BiCGStabl:        7 0.3737E-11 0.3737E-11
ComputeChange: NS (ITER=9) (NRM,RELC): (  1.6671340     0.60349056E-10 ) :: navier-stokes
FlowSolve: iter:    9 Assembly: (s)    0.02    0.14
FlowSolve: iter:    9 Solve:    (s)    0.01    0.10
FlowSolve:  Result Norm     :    1.6671340414828864
FlowSolve:  Relative Change :    6.0349055503203274E-011
ComputeChange: SS (ITER=34) (NRM,RELC): (  1.6671354     0.45434341E-06 ) :: navier-stokes
ResultOutputSolver: -------------------------------------
ResultOutputSolver: Saving in unstructured VTK XML (.vtu) format
ResultOutputSolver: -------------------------------------
MAIN: 
MAIN: -------------------------------------
MAIN:  Steady state iteration:           35
MAIN: -------------------------------------
MAIN: 
HeatSolver: ------------------------------------------------
HeatSolver: Solving energy equation for temperature
HeatSolver: Heat solver iteration: 1
IterSolver: "Linear System GCR Restart" not given, setting it to 200
   gcr:    10  0.4288E-10  0.4589E-10
ComputeChange: NS (ITER=1) (NRM,RELC): (  300.00014     0.18268708E-10 ) :: heat equation
ComputeChange: SS (ITER=35) (NRM,RELC): (  300.00014     0.63950710E-11 ) :: heat equation
FlowSolve: 
FlowSolve: 
FlowSolve: -------------------------------------
FlowSolve:  NAVIER-STOKES ITERATION           1
FlowSolve: -------------------------------------
FlowSolve: 
FlowSolve: Starting Assembly...
FlowSolve: Assembly:
FlowSolve: Assembly done
FlowSolve: Dirichlet conditions done
      10 0.6570E-09 0.6570E-09
BiCGStabl:       12 0.8356E-11 0.8356E-11
ComputeChange: NS (ITER=1) (NRM,RELC): (  1.6671347     0.47532380E-06 ) :: navier-stokes
FlowSolve: iter:    1 Assembly: (s)    0.01    0.01
FlowSolve: iter:    1 Solve:    (s)    0.01    0.01
FlowSolve:  Result Norm     :    1.6671346557112767
FlowSolve:  Relative Change :    4.7532379600727220E-007
FlowSolve: 
FlowSolve: 
FlowSolve: -------------------------------------
FlowSolve:  NAVIER-STOKES ITERATION           2
FlowSolve: -------------------------------------
FlowSolve: 
FlowSolve: Starting Assembly...
FlowSolve: Assembly:
FlowSolve: Assembly done
FlowSolve: Dirichlet conditions done
      10 0.1974E-09 0.1974E-09
BiCGStabl:       12 0.4919E-11 0.4919E-11
ComputeChange: NS (ITER=2) (NRM,RELC): (  1.6671344     0.14250413E-06 ) :: navier-stokes
FlowSolve: iter:    2 Assembly: (s)    0.02    0.03
FlowSolve: iter:    2 Solve:    (s)    0.01    0.03
FlowSolve:  Result Norm     :    1.6671344181377123
FlowSolve:  Relative Change :    1.4250413455831539E-007
FlowSolve: 
FlowSolve: 
FlowSolve: -------------------------------------
FlowSolve:  NAVIER-STOKES ITERATION           3
FlowSolve: -------------------------------------
FlowSolve: 
FlowSolve: Starting Assembly...
FlowSolve: Assembly:
FlowSolve: Assembly done
FlowSolve: Dirichlet conditions done
      10 0.5931E-10 0.5931E-10
BiCGStabl:       11 0.3023E-11 0.3023E-11
ComputeChange: NS (ITER=3) (NRM,RELC): (  1.6671343     0.42724618E-07 ) :: navier-stokes
FlowSolve: iter:    3 Assembly: (s)    0.02    0.05
FlowSolve: iter:    3 Solve:    (s)    0.01    0.04
FlowSolve:  Result Norm     :    1.6671343469100321
FlowSolve:  Relative Change :    4.2724618330151146E-008
FlowSolve: 
FlowSolve: 
FlowSolve: -------------------------------------
FlowSolve:  NAVIER-STOKES ITERATION           4
FlowSolve: -------------------------------------
FlowSolve: 
FlowSolve: Starting Assembly...
FlowSolve: Assembly:
FlowSolve: Assembly done
FlowSolve: Dirichlet conditions done
      10 0.1782E-10 0.1782E-10
BiCGStabl:       11 0.7955E-11 0.7955E-11
ComputeChange: NS (ITER=4) (NRM,RELC): (  1.6671343     0.12808201E-07 ) :: navier-stokes
FlowSolve: iter:    4 Assembly: (s)    0.02    0.06
FlowSolve: iter:    4 Solve:    (s)    0.01    0.05
FlowSolve:  Result Norm     :    1.6671343255570397
FlowSolve:  Relative Change :    1.2808201487549159E-008
FlowSolve: 
FlowSolve: 
FlowSolve: -------------------------------------
FlowSolve:  NAVIER-STOKES ITERATION           5
FlowSolve: -------------------------------------
FlowSolve: 
FlowSolve: Starting Assembly...
FlowSolve: Assembly:
FlowSolve: Assembly done
FlowSolve: Dirichlet conditions done
      10 0.5352E-11 0.5352E-11
BiCGStabl:       10 0.5352E-11 0.5352E-11
ComputeChange: NS (ITER=5) (NRM,RELC): (  1.6671343     0.38386108E-08 ) :: navier-stokes
FlowSolve: iter:    5 Assembly: (s)    0.02    0.08
FlowSolve: iter:    5 Solve:    (s)    0.01    0.06
FlowSolve:  Result Norm     :    1.6671343191575598
FlowSolve:  Relative Change :    3.8386108120496662E-009
FlowSolve: 
FlowSolve: 
FlowSolve: -------------------------------------
FlowSolve:  NAVIER-STOKES ITERATION           6
FlowSolve: -------------------------------------
FlowSolve: 
FlowSolve: Starting Assembly...
FlowSolve: Assembly:
FlowSolve: Assembly done
FlowSolve: Dirichlet conditions done
BiCGStabl:       10 0.6000E-11 0.6000E-11
ComputeChange: NS (ITER=6) (NRM,RELC): (  1.6671343     0.11546632E-08 ) :: navier-stokes
FlowSolve: iter:    6 Assembly: (s)    0.01    0.09
FlowSolve: iter:    6 Solve:    (s)    0.01    0.07
FlowSolve:  Result Norm     :    1.6671343172325812
FlowSolve:  Relative Change :    1.1546631845672890E-009
FlowSolve: 
FlowSolve: 
FlowSolve: -------------------------------------
FlowSolve:  NAVIER-STOKES ITERATION           7
FlowSolve: -------------------------------------
FlowSolve: 
FlowSolve: Starting Assembly...
FlowSolve: Assembly:
FlowSolve: Assembly done
FlowSolve: Dirichlet conditions done
BiCGStabl:        8 0.5899E-11 0.5899E-11
ComputeChange: NS (ITER=7) (NRM,RELC): (  1.6671343     0.34194805E-09 ) :: navier-stokes
FlowSolve: iter:    7 Assembly: (s)    0.02    0.11
FlowSolve: iter:    7 Solve:    (s)    0.01    0.08
FlowSolve:  Result Norm     :    1.6671343166625079
FlowSolve:  Relative Change :    3.4194804586916424E-010
FlowSolve: 
FlowSolve: 
FlowSolve: -------------------------------------
FlowSolve:  NAVIER-STOKES ITERATION           8
FlowSolve: -------------------------------------
FlowSolve: 
FlowSolve: Starting Assembly...
FlowSolve: Assembly:
FlowSolve: Assembly done
FlowSolve: Dirichlet conditions done
BiCGStabl:        7 0.9632E-11 0.9632E-11
ComputeChange: NS (ITER=8) (NRM,RELC): (  1.6671343     0.10223911E-09 ) :: navier-stokes
FlowSolve: iter:    8 Assembly: (s)    0.02    0.13
FlowSolve: iter:    8 Solve:    (s)    0.01    0.09
FlowSolve:  Result Norm     :    1.6671343164920616
FlowSolve:  Relative Change :    1.0223910696751641E-010
FlowSolve: 
FlowSolve: 
FlowSolve: -------------------------------------
FlowSolve:  NAVIER-STOKES ITERATION           9
FlowSolve: -------------------------------------
FlowSolve: 
FlowSolve: Starting Assembly...
FlowSolve: Assembly:
FlowSolve: Assembly done
FlowSolve: Dirichlet conditions done
BiCGStabl:        6 0.9954E-11 0.9954E-11
ComputeChange: NS (ITER=9) (NRM,RELC): (  1.6671343     0.34864454E-10 ) :: navier-stokes
FlowSolve: iter:    9 Assembly: (s)    0.02    0.14
FlowSolve: iter:    9 Solve:    (s)    0.01    0.10
FlowSolve:  Result Norm     :    1.6671343164339378
FlowSolve:  Relative Change :    3.4864454218734654E-011
ComputeChange: SS (ITER=35) (NRM,RELC): (  1.6671351     0.23759596E-06 ) :: navier-stokes
ResultOutputSolver: -------------------------------------
ResultOutputSolver: Saving in unstructured VTK XML (.vtu) format
ResultOutputSolver: -------------------------------------
MAIN: 
MAIN: -------------------------------------
MAIN:  Steady state iteration:           36
MAIN: -------------------------------------
MAIN: 
HeatSolver: ------------------------------------------------
HeatSolver: Solving energy equation for temperature
HeatSolver: Heat solver iteration: 1
IterSolver: "Linear System GCR Restart" not given, setting it to 200
   gcr:    10  0.3259E-10  0.3498E-10
ComputeChange: NS (ITER=1) (NRM,RELC): (  300.00014     0.14955875E-10 ) :: heat equation
ComputeChange: SS (ITER=36) (NRM,RELC): (  300.00014     0.52343290E-11 ) :: heat equation
FlowSolve: 
FlowSolve: 
FlowSolve: -------------------------------------
FlowSolve:  NAVIER-STOKES ITERATION           1
FlowSolve: -------------------------------------
FlowSolve: 
FlowSolve: Starting Assembly...
FlowSolve: Assembly:
FlowSolve: Assembly done
FlowSolve: Dirichlet conditions done
      10 0.4919E-09 0.4919E-09
BiCGStabl:       12 0.5993E-11 0.5993E-11
ComputeChange: NS (ITER=1) (NRM,RELC): (  1.6671347     0.18516368E-06 ) :: navier-stokes
FlowSolve: iter:    1 Assembly: (s)    0.02    0.02
FlowSolve: iter:    1 Solve:    (s)    0.01    0.01
FlowSolve:  Result Norm     :    1.6671347433428021
FlowSolve:  Relative Change :    1.8516367728610427E-007
FlowSolve: 
FlowSolve: 
FlowSolve: -------------------------------------
FlowSolve:  NAVIER-STOKES ITERATION           2
FlowSolve: -------------------------------------
FlowSolve: 
FlowSolve: Starting Assembly...
FlowSolve: Assembly:
FlowSolve: Assembly done
FlowSolve: Dirichlet conditions done
      10 0.1477E-09 0.1477E-09
BiCGStabl:       11 0.5970E-11 0.5970E-11
ComputeChange: NS (ITER=2) (NRM,RELC): (  1.6671347     0.55480507E-07 ) :: navier-stokes
FlowSolve: iter:    2 Assembly: (s)    0.02    0.03
FlowSolve: iter:    2 Solve:    (s)    0.01    0.03
FlowSolve:  Result Norm     :    1.6671346508493234
FlowSolve:  Relative Change :    5.5480507252973024E-008
FlowSolve: 
FlowSolve: 
FlowSolve: -------------------------------------
FlowSolve:  NAVIER-STOKES ITERATION           3
FlowSolve: -------------------------------------
FlowSolve: 
FlowSolve: Starting Assembly...
FlowSolve: Assembly:
FlowSolve: Assembly done
FlowSolve: Dirichlet conditions done
      10 0.4437E-10 0.4437E-10
BiCGStabl:       11 0.1794E-11 0.1794E-11
ComputeChange: NS (ITER=3) (NRM,RELC): (  1.6671346     0.16623311E-07 ) :: navier-stokes
FlowSolve: iter:    3 Assembly: (s)    0.02    0.05
FlowSolve: iter:    3 Solve:    (s)    0.01    0.04
FlowSolve:  Result Norm     :    1.6671346231360256
FlowSolve:  Relative Change :    1.6623311197440947E-008
FlowSolve: 
FlowSolve: 
FlowSolve: -------------------------------------
FlowSolve:  NAVIER-STOKES ITERATION           4
FlowSolve: -------------------------------------
FlowSolve: 
FlowSolve: Starting Assembly...
FlowSolve: Assembly:
FlowSolve: Assembly done
FlowSolve: Dirichlet conditions done
      10 0.1333E-10 0.1333E-10
BiCGStabl:       11 0.6103E-11 0.6103E-11
ComputeChange: NS (ITER=4) (NRM,RELC): (  1.6671346     0.49802945E-08 ) :: navier-stokes
FlowSolve: iter:    4 Assembly: (s)    0.02    0.06
FlowSolve: iter:    4 Solve:    (s)    0.01    0.05
FlowSolve:  Result Norm     :    1.6671346148332042
FlowSolve:  Relative Change :    4.9802944674128105E-009
FlowSolve: 
FlowSolve: 
FlowSolve: -------------------------------------
FlowSolve:  NAVIER-STOKES ITERATION           5
FlowSolve: -------------------------------------
FlowSolve: 
FlowSolve: Starting Assembly...
FlowSolve: Assembly:
FlowSolve: Assembly done
FlowSolve: Dirichlet conditions done
BiCGStabl:       10 0.7905E-11 0.7905E-11
ComputeChange: NS (ITER=5) (NRM,RELC): (  1.6671346     0.14910327E-08 ) :: navier-stokes
FlowSolve: iter:    5 Assembly: (s)    0.01    0.08
FlowSolve: iter:    5 Solve:    (s)    0.01    0.06
FlowSolve:  Result Norm     :    1.6671346123474520
FlowSolve:  Relative Change :    1.4910327279051607E-009
FlowSolve: 
FlowSolve: 
FlowSolve: -------------------------------------
FlowSolve:  NAVIER-STOKES ITERATION           6
FlowSolve: -------------------------------------
FlowSolve: 
FlowSolve: Starting Assembly...
FlowSolve: Assembly:
FlowSolve: Assembly done
FlowSolve: Dirichlet conditions done
BiCGStabl:       10 0.4867E-11 0.4867E-11
ComputeChange: NS (ITER=6) (NRM,RELC): (  1.6671346     0.44973148E-09 ) :: navier-stokes
FlowSolve: iter:    6 Assembly: (s)    0.01    0.09
FlowSolve: iter:    6 Solve:    (s)    0.01    0.07
FlowSolve:  Result Norm     :    1.6671346115976891
FlowSolve:  Relative Change :    4.4973148120900163E-010
FlowSolve: 
FlowSolve: 
FlowSolve: -------------------------------------
FlowSolve:  NAVIER-STOKES ITERATION           7
FlowSolve: -------------------------------------
FlowSolve: 
FlowSolve: Starting Assembly...
FlowSolve: Assembly:
FlowSolve: Assembly done
FlowSolve: Dirichlet conditions done
BiCGStabl:        8 0.4338E-11 0.4338E-11
ComputeChange: NS (ITER=7) (NRM,RELC): (  1.6671346     0.13145950E-09 ) :: navier-stokes
FlowSolve: iter:    7 Assembly: (s)    0.02    0.11
FlowSolve: iter:    7 Solve:    (s)    0.01    0.08
FlowSolve:  Result Norm     :    1.6671346113785284
FlowSolve:  Relative Change :    1.3145950428120437E-010
FlowSolve: 
FlowSolve: 
FlowSolve: -------------------------------------
FlowSolve:  NAVIER-STOKES ITERATION           8
FlowSolve: -------------------------------------
FlowSolve: 
FlowSolve: Starting Assembly...
FlowSolve: Assembly:
FlowSolve: Assembly done
FlowSolve: Dirichlet conditions done
BiCGStabl:        7 0.7259E-11 0.7259E-11
ComputeChange: NS (ITER=8) (NRM,RELC): (  1.6671346     0.39243049E-10 ) :: navier-stokes
FlowSolve: iter:    8 Assembly: (s)    0.02    0.12
FlowSolve: iter:    8 Solve:    (s)    0.01    0.09
FlowSolve:  Result Norm     :    1.6671346113131049
FlowSolve:  Relative Change :    3.9243048518381010E-011
ComputeChange: SS (ITER=36) (NRM,RELC): (  1.6671349     0.92528116E-07 ) :: navier-stokes
ResultOutputSolver: -------------------------------------
ResultOutputSolver: Saving in unstructured VTK XML (.vtu) format
ResultOutputSolver: -------------------------------------
MAIN: 
MAIN: -------------------------------------
MAIN:  Steady state iteration:           37
MAIN: -------------------------------------
MAIN: 
HeatSolver: ------------------------------------------------
HeatSolver: Solving energy equation for temperature
HeatSolver: Heat solver iteration: 1
IterSolver: "Linear System GCR Restart" not given, setting it to 200
   gcr:    10  0.2469E-10  0.2654E-10
ComputeChange: NS (ITER=1) (NRM,RELC): (  300.00014     0.12683655E-10 ) :: heat equation
ComputeChange: SS (ITER=37) (NRM,RELC): (  300.00014     0.44400373E-11 ) :: heat equation
FlowSolve: 
FlowSolve: 
FlowSolve: -------------------------------------
FlowSolve:  NAVIER-STOKES ITERATION           1
FlowSolve: -------------------------------------
FlowSolve: 
FlowSolve: Starting Assembly...
FlowSolve: Assembly:
FlowSolve: Assembly done
FlowSolve: Dirichlet conditions done
      10 0.3789E-09 0.3789E-09
BiCGStabl:       12 0.8207E-11 0.8207E-11
ComputeChange: NS (ITER=1) (NRM,RELC): (  1.6671349     0.11456762E-07 ) :: navier-stokes
FlowSolve: iter:    1 Assembly: (s)    0.02    0.02
FlowSolve: iter:    1 Solve:    (s)    0.01    0.01
FlowSolve:  Result Norm     :    1.6671348786788043
FlowSolve:  Relative Change :    1.1456761716335791E-008
FlowSolve: 
FlowSolve: 
FlowSolve: -------------------------------------
FlowSolve:  NAVIER-STOKES ITERATION           2
FlowSolve: -------------------------------------
FlowSolve: 
FlowSolve: Starting Assembly...
FlowSolve: Assembly:
FlowSolve: Assembly done
FlowSolve: Dirichlet conditions done
      10 0.1138E-09 0.1138E-09
BiCGStabl:       11 0.4404E-11 0.4404E-11
ComputeChange: NS (ITER=2) (NRM,RELC): (  1.6671349     0.33852290E-08 ) :: navier-stokes
FlowSolve: iter:    2 Assembly: (s)    0.02    0.03
FlowSolve: iter:    2 Solve:    (s)    0.01    0.02
FlowSolve:  Result Norm     :    1.6671348730351709
FlowSolve:  Relative Change :    3.3852290058629908E-009
FlowSolve: 
FlowSolve: 
FlowSolve: -------------------------------------
FlowSolve:  NAVIER-STOKES ITERATION           3
FlowSolve: -------------------------------------
FlowSolve: 
FlowSolve: Starting Assembly...
FlowSolve: Assembly:
FlowSolve: Assembly done
FlowSolve: Dirichlet conditions done
      10 0.3415E-10 0.3415E-10
BiCGStabl:       11 0.1322E-11 0.1322E-11
ComputeChange: NS (ITER=3) (NRM,RELC): (  1.6671349     0.99982472E-09 ) :: navier-stokes
FlowSolve: iter:    3 Assembly: (s)    0.02    0.05
FlowSolve: iter:    3 Solve:    (s)    0.01    0.04
FlowSolve:  Result Norm     :    1.6671348713683283
FlowSolve:  Relative Change :    9.9982472425462613E-010
FlowSolve: 
FlowSolve: 
FlowSolve: -------------------------------------
FlowSolve:  NAVIER-STOKES ITERATION           4
FlowSolve: -------------------------------------
FlowSolve: 
FlowSolve: Starting Assembly...
FlowSolve: Assembly:
FlowSolve: Assembly done
FlowSolve: Dirichlet conditions done
      10 0.1025E-10 0.1025E-10
BiCGStabl:       11 0.4854E-11 0.4854E-11
ComputeChange: NS (ITER=4) (NRM,RELC): (  1.6671349     0.29499363E-09 ) :: navier-stokes
FlowSolve: iter:    4 Assembly: (s)    0.02    0.06
FlowSolve: iter:    4 Solve:    (s)    0.01    0.05
FlowSolve:  Result Norm     :    1.6671348708765341
FlowSolve:  Relative Change :    2.9499362617222804E-010
FlowSolve: 
FlowSolve: 
FlowSolve: -------------------------------------
FlowSolve:  NAVIER-STOKES ITERATION           5
FlowSolve: -------------------------------------
FlowSolve: 
FlowSolve: Starting Assembly...
FlowSolve: Assembly:
FlowSolve: Assembly done
FlowSolve: Dirichlet conditions done
BiCGStabl:       10 0.5681E-11 0.5681E-11
ComputeChange: NS (ITER=5) (NRM,RELC): (  1.6671349     0.86181898E-10 ) :: navier-stokes
FlowSolve: iter:    5 Assembly: (s)    0.02    0.08
FlowSolve: iter:    5 Solve:    (s)    0.01    0.06
FlowSolve:  Result Norm     :    1.6671348707328573
FlowSolve:  Relative Change :    8.6181898485066974E-011
ComputeChange: SS (ITER=37) (NRM,RELC): (  1.6671349     0.56793299E-08 ) :: navier-stokes
ResultOutputSolver: -------------------------------------
ResultOutputSolver: Saving in unstructured VTK XML (.vtu) format
ResultOutputSolver: -------------------------------------
MAIN: 
MAIN: -------------------------------------
MAIN:  Steady state iteration:           38
MAIN: -------------------------------------
MAIN: 
HeatSolver: ------------------------------------------------
HeatSolver: Solving energy equation for temperature
HeatSolver: Heat solver iteration: 1
IterSolver: "Linear System GCR Restart" not given, setting it to 200
   gcr:    10  0.1870E-10  0.2011E-10
ComputeChange: NS (ITER=1) (NRM,RELC): (  300.00014     0.10702663E-10 ) :: heat equation
ComputeChange: SS (ITER=38) (NRM,RELC): (  300.00014     0.37442742E-11 ) :: heat equation
FlowSolve: 
FlowSolve: 
FlowSolve: -------------------------------------
FlowSolve:  NAVIER-STOKES ITERATION           1
FlowSolve: -------------------------------------
FlowSolve: 
FlowSolve: Starting Assembly...
FlowSolve: Assembly:
FlowSolve: Assembly done
FlowSolve: Dirichlet conditions done
      10 0.2843E-09 0.2843E-09
BiCGStabl:       12 0.6381E-11 0.6381E-11
ComputeChange: NS (ITER=1) (NRM,RELC): (  1.6671350     0.84444232E-07 ) :: navier-stokes
FlowSolve: iter:    1 Assembly: (s)    0.02    0.02
FlowSolve: iter:    1 Solve:    (s)    0.01    0.01
FlowSolve:  Result Norm     :    1.6671350290904929
FlowSolve:  Relative Change :    8.4444231624559998E-008
FlowSolve: 
FlowSolve: 
FlowSolve: -------------------------------------
FlowSolve:  NAVIER-STOKES ITERATION           2
FlowSolve: -------------------------------------
FlowSolve: 
FlowSolve: Starting Assembly...
FlowSolve: Assembly:
FlowSolve: Assembly done
FlowSolve: Dirichlet conditions done
      10 0.8535E-10 0.8535E-10
BiCGStabl:       11 0.3788E-11 0.3788E-11
ComputeChange: NS (ITER=2) (NRM,RELC): (  1.6671351     0.25372405E-07 ) :: navier-stokes
FlowSolve: iter:    2 Assembly: (s)    0.02    0.03
FlowSolve: iter:    2 Solve:    (s)    0.01    0.02
FlowSolve:  Result Norm     :    1.6671350713897188
FlowSolve:  Relative Change :    2.5372405129158063E-008
FlowSolve: 
FlowSolve: 
FlowSolve: -------------------------------------
FlowSolve:  NAVIER-STOKES ITERATION           3
FlowSolve: -------------------------------------
FlowSolve: 
FlowSolve: Starting Assembly...
FlowSolve: Assembly:
FlowSolve: Assembly done
FlowSolve: Dirichlet conditions done
      10 0.2562E-10 0.2562E-10
BiCGStabl:       11 0.9772E-11 0.9772E-11
ComputeChange: NS (ITER=3) (NRM,RELC): (  1.6671351     0.76226422E-08 ) :: navier-stokes
FlowSolve: iter:    3 Assembly: (s)    0.02    0.05
FlowSolve: iter:    3 Solve:    (s)    0.01    0.04
FlowSolve:  Result Norm     :    1.6671350840976931
FlowSolve:  Relative Change :    7.6226422190547886E-009
FlowSolve: 
FlowSolve: 
FlowSolve: -------------------------------------
FlowSolve:  NAVIER-STOKES ITERATION           4
FlowSolve: -------------------------------------
FlowSolve: 
FlowSolve: Starting Assembly...
FlowSolve: Assembly:
FlowSolve: Assembly done
FlowSolve: Dirichlet conditions done
BiCGStabl:       10 0.9988E-11 0.9988E-11
ComputeChange: NS (ITER=4) (NRM,RELC): (  1.6671351     0.22941341E-08 ) :: navier-stokes
FlowSolve: iter:    4 Assembly: (s)    0.02    0.06
FlowSolve: iter:    4 Solve:    (s)    0.01    0.05
FlowSolve:  Result Norm     :    1.6671350879223246
FlowSolve:  Relative Change :    2.2941341301542115E-009
FlowSolve: 
FlowSolve: 
FlowSolve: -------------------------------------
FlowSolve:  NAVIER-STOKES ITERATION           5
FlowSolve: -------------------------------------
FlowSolve: 
FlowSolve: Starting Assembly...
FlowSolve: Assembly:
FlowSolve: Assembly done
FlowSolve: Dirichlet conditions done
BiCGStabl:       10 0.9441E-11 0.9441E-11
ComputeChange: NS (ITER=5) (NRM,RELC): (  1.6671351     0.68325767E-09 ) :: navier-stokes
FlowSolve: iter:    5 Assembly: (s)    0.01    0.08
FlowSolve: iter:    5 Solve:    (s)    0.01    0.06
FlowSolve:  Result Norm     :    1.6671350890614074
FlowSolve:  Relative Change :    6.8325766515509059E-010
FlowSolve: 
FlowSolve: 
FlowSolve: -------------------------------------
FlowSolve:  NAVIER-STOKES ITERATION           6
FlowSolve: -------------------------------------
FlowSolve: 
FlowSolve: Starting Assembly...
FlowSolve: Assembly:
FlowSolve: Assembly done
FlowSolve: Dirichlet conditions done
BiCGStabl:        8 0.7493E-11 0.7493E-11
ComputeChange: NS (ITER=6) (NRM,RELC): (  1.6671351     0.21207138E-09 ) :: navier-stokes
FlowSolve: iter:    6 Assembly: (s)    0.01    0.09
FlowSolve: iter:    6 Solve:    (s)    0.01    0.07
FlowSolve:  Result Norm     :    1.6671350894149590
FlowSolve:  Relative Change :    2.1207137603735836E-010
FlowSolve: 
FlowSolve: 
FlowSolve: -------------------------------------
FlowSolve:  NAVIER-STOKES ITERATION           7
FlowSolve: -------------------------------------
FlowSolve: 
FlowSolve: Starting Assembly...
FlowSolve: Assembly:
FlowSolve: Assembly done
FlowSolve: Dirichlet conditions done
BiCGStabl:        8 0.8376E-11 0.8376E-11
ComputeChange: NS (ITER=7) (NRM,RELC): (  1.6671351     0.62058503E-10 ) :: navier-stokes
FlowSolve: iter:    7 Assembly: (s)    0.02    0.11
FlowSolve: iter:    7 Solve:    (s)    0.01    0.08
FlowSolve:  Result Norm     :    1.6671350895184189
FlowSolve:  Relative Change :    6.2058502614251506E-011
ComputeChange: SS (ITER=38) (NRM,RELC): (  1.6671350     0.42241079E-07 ) :: navier-stokes
ResultOutputSolver: -------------------------------------
ResultOutputSolver: Saving in unstructured VTK XML (.vtu) format
ResultOutputSolver: -------------------------------------
MAIN: 
MAIN: -------------------------------------
MAIN:  Steady state iteration:           39
MAIN: -------------------------------------
MAIN: 
HeatSolver: ------------------------------------------------
HeatSolver: Solving energy equation for temperature
HeatSolver: Heat solver iteration: 1
IterSolver: "Linear System GCR Restart" not given, setting it to 200
   gcr:    10  0.1414E-10  0.1523E-10
ComputeChange: NS (ITER=1) (NRM,RELC): (  300.00014     0.86151844E-11 ) :: heat equation
ComputeChange: SS (ITER=39) (NRM,RELC): (  300.00014     0.30161104E-11 ) :: heat equation
FlowSolve: 
FlowSolve: 
FlowSolve: -------------------------------------
FlowSolve:  NAVIER-STOKES ITERATION           1
FlowSolve: -------------------------------------
FlowSolve: 
FlowSolve: Starting Assembly...
FlowSolve: Assembly:
FlowSolve: Assembly done
FlowSolve: Dirichlet conditions done
      10 0.1848E-09 0.1848E-09
BiCGStabl:       11 0.7849E-11 0.7849E-11
ComputeChange: NS (ITER=1) (NRM,RELC): (  1.6671352     0.14294218E-06 ) :: navier-stokes
FlowSolve: iter:    1 Assembly: (s)    0.02    0.02
FlowSolve: iter:    1 Solve:    (s)    0.01    0.01
FlowSolve:  Result Norm     :    1.6671351970360642
FlowSolve:  Relative Change :    1.4294218079060830E-007
FlowSolve: 
FlowSolve: 
FlowSolve: -------------------------------------
FlowSolve:  NAVIER-STOKES ITERATION           2
FlowSolve: -------------------------------------
FlowSolve: 
FlowSolve: Starting Assembly...
FlowSolve: Assembly:
FlowSolve: Assembly done
FlowSolve: Dirichlet conditions done
      10 0.5551E-10 0.5551E-10
BiCGStabl:       11 0.2356E-11 0.2356E-11
ComputeChange: NS (ITER=2) (NRM,RELC): (  1.6671353     0.42913349E-07 ) :: navier-stokes
FlowSolve: iter:    2 Assembly: (s)    0.02    0.03
FlowSolve: iter:    2 Solve:    (s)    0.01    0.02
FlowSolve:  Result Norm     :    1.6671352685784204
FlowSolve:  Relative Change :    4.2913349111410175E-008
FlowSolve: 
FlowSolve: 
FlowSolve: -------------------------------------
FlowSolve:  NAVIER-STOKES ITERATION           3
FlowSolve: -------------------------------------
FlowSolve: 
FlowSolve: Starting Assembly...
FlowSolve: Assembly:
FlowSolve: Assembly done
FlowSolve: Dirichlet conditions done
      10 0.1667E-10 0.1667E-10
BiCGStabl:       11 0.9298E-11 0.9298E-11
ComputeChange: NS (ITER=3) (NRM,RELC): (  1.6671353     0.12883374E-07 ) :: navier-stokes
FlowSolve: iter:    3 Assembly: (s)    0.02    0.05
FlowSolve: iter:    3 Solve:    (s)    0.01    0.04
FlowSolve:  Result Norm     :    1.6671352900567475
FlowSolve:  Relative Change :    1.2883373882918875E-008
FlowSolve: 
FlowSolve: 
FlowSolve: -------------------------------------
FlowSolve:  NAVIER-STOKES ITERATION           4
FlowSolve: -------------------------------------
FlowSolve: 
FlowSolve: Starting Assembly...
FlowSolve: Assembly:
FlowSolve: Assembly done
FlowSolve: Dirichlet conditions done
      10 0.5003E-11 0.5003E-11
BiCGStabl:       10 0.5003E-11 0.5003E-11
ComputeChange: NS (ITER=4) (NRM,RELC): (  1.6671353     0.38692581E-08 ) :: navier-stokes
FlowSolve: iter:    4 Assembly: (s)    0.01    0.06
FlowSolve: iter:    4 Solve:    (s)    0.01    0.05
FlowSolve:  Result Norm     :    1.6671352965073243
FlowSolve:  Relative Change :    3.8692581012583139E-009
FlowSolve: 
FlowSolve: 
FlowSolve: -------------------------------------
FlowSolve:  NAVIER-STOKES ITERATION           5
FlowSolve: -------------------------------------
FlowSolve: 
FlowSolve: Starting Assembly...
FlowSolve: Assembly:
FlowSolve: Assembly done
FlowSolve: Dirichlet conditions done
BiCGStabl:       10 0.3292E-11 0.3292E-11
ComputeChange: NS (ITER=5) (NRM,RELC): (  1.6671353     0.11603843E-08 ) :: navier-stokes
FlowSolve: iter:    5 Assembly: (s)    0.02    0.08
FlowSolve: iter:    5 Solve:    (s)    0.01    0.06
FlowSolve:  Result Norm     :    1.6671352984418419
FlowSolve:  Relative Change :    1.1603843192010689E-009
FlowSolve: 
FlowSolve: 
FlowSolve: -------------------------------------
FlowSolve:  NAVIER-STOKES ITERATION           6
FlowSolve: -------------------------------------
FlowSolve: 
FlowSolve: Starting Assembly...
FlowSolve: Assembly:
FlowSolve: Assembly done
FlowSolve: Dirichlet conditions done
BiCGStabl:        8 0.4824E-11 0.4824E-11
ComputeChange: NS (ITER=6) (NRM,RELC): (  1.6671353     0.35014325E-09 ) :: navier-stokes
FlowSolve: iter:    6 Assembly: (s)    0.01    0.09
FlowSolve: iter:    6 Solve:    (s)    0.01    0.07
FlowSolve:  Result Norm     :    1.6671352990255781
FlowSolve:  Relative Change :    3.5014324929432343E-010
FlowSolve: 
FlowSolve: 
FlowSolve: -------------------------------------
FlowSolve:  NAVIER-STOKES ITERATION           7
FlowSolve: -------------------------------------
FlowSolve: 
FlowSolve: Starting Assembly...
FlowSolve: Assembly:
FlowSolve: Assembly done
FlowSolve: Dirichlet conditions done
BiCGStabl:        7 0.8970E-11 0.8970E-11
ComputeChange: NS (ITER=7) (NRM,RELC): (  1.6671353     0.10504388E-09 ) :: navier-stokes
FlowSolve: iter:    7 Assembly: (s)    0.01    0.11
FlowSolve: iter:    7 Solve:    (s)    0.01    0.07
FlowSolve:  Result Norm     :    1.6671352992007005
FlowSolve:  Relative Change :    1.0504388045171733E-010
FlowSolve: 
FlowSolve: 
FlowSolve: -------------------------------------
FlowSolve:  NAVIER-STOKES ITERATION           8
FlowSolve: -------------------------------------
FlowSolve: 
FlowSolve: Starting Assembly...
FlowSolve: Assembly:
FlowSolve: Assembly done
FlowSolve: Dirichlet conditions done
BiCGStabl:        7 0.2717E-11 0.2717E-11
ComputeChange: NS (ITER=8) (NRM,RELC): (  1.6671353     0.29928704E-10 ) :: navier-stokes
FlowSolve: iter:    8 Assembly: (s)    0.01    0.12
FlowSolve: iter:    8 Solve:    (s)    0.01    0.08
FlowSolve:  Result Norm     :    1.6671352992505957
FlowSolve:  Relative Change :    2.9928704110979645E-011
ComputeChange: SS (ITER=39) (NRM,RELC): (  1.6671351     0.71488402E-07 ) :: navier-stokes
ResultOutputSolver: -------------------------------------
ResultOutputSolver: Saving in unstructured VTK XML (.vtu) format
ResultOutputSolver: -------------------------------------
MAIN: 
MAIN: -------------------------------------
MAIN:  Steady state iteration:           40
MAIN: -------------------------------------
MAIN: 
HeatSolver: ------------------------------------------------
HeatSolver: Solving energy equation for temperature
HeatSolver: Heat solver iteration: 1
IterSolver: "Linear System GCR Restart" not given, setting it to 200
   gcr:    10  0.1060E-10  0.1141E-10
ComputeChange: NS (ITER=1) (NRM,RELC): (  300.00014     0.72721645E-11 ) :: heat equation
ComputeChange: SS (ITER=40) (NRM,RELC): (  300.00014     0.25448786E-11 ) :: heat equation
FlowSolve: 
FlowSolve: 
FlowSolve: -------------------------------------
FlowSolve:  NAVIER-STOKES ITERATION           1
FlowSolve: -------------------------------------
FlowSolve: 
FlowSolve: Starting Assembly...
FlowSolve: Assembly:
FlowSolve: Assembly done
FlowSolve: Dirichlet conditions done
      10 0.1327E-09 0.1327E-09
BiCGStabl:       11 0.6820E-11 0.6820E-11
ComputeChange: NS (ITER=1) (NRM,RELC): (  1.6671353     0.15968333E-06 ) :: navier-stokes
FlowSolve: iter:    1 Assembly: (s)    0.02    0.02
FlowSolve: iter:    1 Solve:    (s)    0.01    0.01
FlowSolve:  Result Norm     :    1.6671353441266623
FlowSolve:  Relative Change :    1.5968333048216479E-007
FlowSolve: 
FlowSolve: 
FlowSolve: -------------------------------------
FlowSolve:  NAVIER-STOKES ITERATION           2
FlowSolve: -------------------------------------
FlowSolve: 
FlowSolve: Starting Assembly...
FlowSolve: Assembly:
FlowSolve: Assembly done
FlowSolve: Dirichlet conditions done
      10 0.3985E-10 0.3985E-10
BiCGStabl:       11 0.2047E-11 0.2047E-11
ComputeChange: NS (ITER=2) (NRM,RELC): (  1.6671354     0.47928291E-07 ) :: navier-stokes
FlowSolve: iter:    2 Assembly: (s)    0.01    0.03
FlowSolve: iter:    2 Solve:    (s)    0.01    0.02
FlowSolve:  Result Norm     :    1.6671354240296117
FlowSolve:  Relative Change :    4.7928290726243591E-008
FlowSolve: 
FlowSolve: 
FlowSolve: -------------------------------------
FlowSolve:  NAVIER-STOKES ITERATION           3
FlowSolve: -------------------------------------
FlowSolve: 
FlowSolve: Starting Assembly...
FlowSolve: Assembly:
FlowSolve: Assembly done
FlowSolve: Dirichlet conditions done
      10 0.1196E-10 0.1196E-10
BiCGStabl:       11 0.7242E-11 0.7242E-11
ComputeChange: NS (ITER=3) (NRM,RELC): (  1.6671354     0.14385516E-07 ) :: navier-stokes
FlowSolve: iter:    3 Assembly: (s)    0.02    0.05
FlowSolve: iter:    3 Solve:    (s)    0.01    0.03
FlowSolve:  Result Norm     :    1.6671354480122156
FlowSolve:  Relative Change :    1.4385516248179464E-008
FlowSolve: 
FlowSolve: 
FlowSolve: -------------------------------------
FlowSolve:  NAVIER-STOKES ITERATION           4
FlowSolve: -------------------------------------
FlowSolve: 
FlowSolve: Starting Assembly...
FlowSolve: Assembly:
FlowSolve: Assembly done
FlowSolve: Dirichlet conditions done
BiCGStabl:       10 0.7551E-11 0.7551E-11
ComputeChange: NS (ITER=4) (NRM,RELC): (  1.6671355     0.43189484E-08 ) :: navier-stokes
FlowSolve: iter:    4 Assembly: (s)    0.02    0.06
FlowSolve: iter:    4 Solve:    (s)    0.01    0.05
FlowSolve:  Result Norm     :    1.6671354552124875
FlowSolve:  Relative Change :    4.3189483657576994E-009
FlowSolve: 
FlowSolve: 
FlowSolve: -------------------------------------
FlowSolve:  NAVIER-STOKES ITERATION           5
FlowSolve: -------------------------------------
FlowSolve: 
FlowSolve: Starting Assembly...
FlowSolve: Assembly:
FlowSolve: Assembly done
FlowSolve: Dirichlet conditions done
BiCGStabl:       10 0.2262E-11 0.2262E-11
ComputeChange: NS (ITER=5) (NRM,RELC): (  1.6671355     0.12953898E-08 ) :: navier-stokes
FlowSolve: iter:    5 Assembly: (s)    0.01    0.08
FlowSolve: iter:    5 Solve:    (s)    0.01    0.06
FlowSolve:  Result Norm     :    1.6671354573720778
FlowSolve:  Relative Change :    1.2953898114442656E-009
FlowSolve: 
FlowSolve: 
FlowSolve: -------------------------------------
FlowSolve:  NAVIER-STOKES ITERATION           6
FlowSolve: -------------------------------------
FlowSolve: 
FlowSolve: Starting Assembly...
FlowSolve: Assembly:
FlowSolve: Assembly done
FlowSolve: Dirichlet conditions done
BiCGStabl:        8 0.3344E-11 0.3344E-11
ComputeChange: NS (ITER=6) (NRM,RELC): (  1.6671355     0.38993419E-09 ) :: navier-stokes
FlowSolve: iter:    6 Assembly: (s)    0.01    0.09
FlowSolve: iter:    6 Solve:    (s)    0.01    0.07
FlowSolve:  Result Norm     :    1.6671354580221509
FlowSolve:  Relative Change :    3.8993418528464107E-010
FlowSolve: 
FlowSolve: 
FlowSolve: -------------------------------------
FlowSolve:  NAVIER-STOKES ITERATION           7
FlowSolve: -------------------------------------
FlowSolve: 
FlowSolve: Starting Assembly...
FlowSolve: Assembly:
FlowSolve: Assembly done
FlowSolve: Dirichlet conditions done
BiCGStabl:        7 0.7116E-11 0.7116E-11
ComputeChange: NS (ITER=7) (NRM,RELC): (  1.6671355     0.11687707E-09 ) :: navier-stokes
FlowSolve: iter:    7 Assembly: (s)    0.01    0.11
FlowSolve: iter:    7 Solve:    (s)    0.01    0.07
FlowSolve:  Result Norm     :    1.6671354582170008
FlowSolve:  Relative Change :    1.1687707380492134E-010
FlowSolve: 
FlowSolve: 
FlowSolve: -------------------------------------
FlowSolve:  NAVIER-STOKES ITERATION           8
FlowSolve: -------------------------------------
FlowSolve: 
FlowSolve: Starting Assembly...
FlowSolve: Assembly:
FlowSolve: Assembly done
FlowSolve: Dirichlet conditions done
BiCGStabl:        7 0.2170E-11 0.2170E-11
ComputeChange: NS (ITER=8) (NRM,RELC): (  1.6671355     0.34129891E-10 ) :: navier-stokes
FlowSolve: iter:    8 Assembly: (s)    0.01    0.12
FlowSolve: iter:    8 Solve:    (s)    0.01    0.08
FlowSolve:  Result Norm     :    1.6671354582739000
FlowSolve:  Relative Change :    3.4129891350596539E-011
ComputeChange: SS (ITER=40) (NRM,RELC): (  1.6671352     0.79853140E-07 ) :: navier-stokes
ResultOutputSolver: -------------------------------------
ResultOutputSolver: Saving in unstructured VTK XML (.vtu) format
ResultOutputSolver: -------------------------------------
MAIN: 
MAIN: -------------------------------------
MAIN:  Steady state iteration:           41
MAIN: -------------------------------------
MAIN: 
HeatSolver: ------------------------------------------------
HeatSolver: Solving energy equation for temperature
HeatSolver: Heat solver iteration: 1
IterSolver: "Linear System GCR Restart" not given, setting it to 200
   gcr:    10  0.7937E-11  0.8536E-11
ComputeChange: NS (ITER=1) (NRM,RELC): (  300.00014     0.58705960E-11 ) :: heat equation
ComputeChange: SS (ITER=41) (NRM,RELC): (  300.00014     0.20556465E-11 ) :: heat equation
FlowSolve: 
FlowSolve: 
FlowSolve: -------------------------------------
FlowSolve:  NAVIER-STOKES ITERATION           1
FlowSolve: -------------------------------------
FlowSolve: 
FlowSolve: Starting Assembly...
FlowSolve: Assembly:
FlowSolve: Assembly done
FlowSolve: Dirichlet conditions done
      10 0.5870E-10 0.5870E-10
BiCGStabl:       11 0.9728E-11 0.9728E-11
ComputeChange: NS (ITER=1) (NRM,RELC): (  1.6671355     0.16403476E-06 ) :: navier-stokes
FlowSolve: iter:    1 Assembly: (s)    0.02    0.02
FlowSolve: iter:    1 Solve:    (s)    0.01    0.01
FlowSolve:  Result Norm     :    1.6671354845070838
FlowSolve:  Relative Change :    1.6403476101313725E-007
FlowSolve: 
FlowSolve: 
FlowSolve: -------------------------------------
FlowSolve:  NAVIER-STOKES ITERATION           2
FlowSolve: -------------------------------------
FlowSolve: 
FlowSolve: Starting Assembly...
FlowSolve: Assembly:
FlowSolve: Assembly done
FlowSolve: Dirichlet conditions done
      10 0.1764E-10 0.1764E-10
BiCGStabl:       11 0.2928E-11 0.2928E-11
ComputeChange: NS (ITER=2) (NRM,RELC): (  1.6671356     0.49228432E-07 ) :: navier-stokes
FlowSolve: iter:    2 Assembly: (s)    0.01    0.03
FlowSolve: iter:    2 Solve:    (s)    0.01    0.02
FlowSolve:  Result Norm     :    1.6671355665775514
FlowSolve:  Relative Change :    4.9228431807522081E-008
FlowSolve: 
FlowSolve: 
FlowSolve: -------------------------------------
FlowSolve:  NAVIER-STOKES ITERATION           3
FlowSolve: -------------------------------------
FlowSolve: 
FlowSolve: Starting Assembly...
FlowSolve: Assembly:
FlowSolve: Assembly done
FlowSolve: Dirichlet conditions done
      10 0.5300E-11 0.5300E-11
BiCGStabl:       10 0.5300E-11 0.5300E-11
ComputeChange: NS (ITER=3) (NRM,RELC): (  1.6671356     0.14776284E-07 ) :: navier-stokes
FlowSolve: iter:    3 Assembly: (s)    0.02    0.05
FlowSolve: iter:    3 Solve:    (s)    0.01    0.03
FlowSolve:  Result Norm     :    1.6671355912116195
FlowSolve:  Relative Change :    1.4776283603181599E-008
FlowSolve: 
FlowSolve: 
FlowSolve: -------------------------------------
FlowSolve:  NAVIER-STOKES ITERATION           4
FlowSolve: -------------------------------------
FlowSolve: 
FlowSolve: Starting Assembly...
FlowSolve: Assembly:
FlowSolve: Assembly done
FlowSolve: Dirichlet conditions done
BiCGStabl:        9 0.9862E-11 0.9862E-11
ComputeChange: NS (ITER=4) (NRM,RELC): (  1.6671356     0.44354706E-08 ) :: navier-stokes
FlowSolve: iter:    4 Assembly: (s)    0.02    0.06
FlowSolve: iter:    4 Solve:    (s)    0.01    0.04
FlowSolve:  Result Norm     :    1.6671355986061505
FlowSolve:  Relative Change :    4.4354706420444258E-009
FlowSolve: 
FlowSolve: 
FlowSolve: -------------------------------------
FlowSolve:  NAVIER-STOKES ITERATION           5
FlowSolve: -------------------------------------
FlowSolve: 
FlowSolve: Starting Assembly...
FlowSolve: Assembly:
FlowSolve: Assembly done
FlowSolve: Dirichlet conditions done
BiCGStabl:        8 0.4969E-11 0.4969E-11
ComputeChange: NS (ITER=5) (NRM,RELC): (  1.6671356     0.13289148E-08 ) :: navier-stokes
FlowSolve: iter:    5 Assembly: (s)    0.02    0.08
FlowSolve: iter:    5 Solve:    (s)    0.01    0.05
FlowSolve:  Result Norm     :    1.6671356008216316
FlowSolve:  Relative Change :    1.3289147758972957E-009
FlowSolve: 
FlowSolve: 
FlowSolve: -------------------------------------
FlowSolve:  NAVIER-STOKES ITERATION           6
FlowSolve: -------------------------------------
FlowSolve: 
FlowSolve: Starting Assembly...
FlowSolve: Assembly:
FlowSolve: Assembly done
FlowSolve: Dirichlet conditions done
BiCGStabl:        7 0.5274E-11 0.5274E-11
ComputeChange: NS (ITER=6) (NRM,RELC): (  1.6671356     0.39874582E-09 ) :: navier-stokes
FlowSolve: iter:    6 Assembly: (s)    0.01    0.09
FlowSolve: iter:    6 Solve:    (s)    0.01    0.06
FlowSolve:  Result Norm     :    1.6671356014863949
FlowSolve:  Relative Change :    3.9874582188355802E-010
FlowSolve: 
FlowSolve: 
FlowSolve: -------------------------------------
FlowSolve:  NAVIER-STOKES ITERATION           7
FlowSolve: -------------------------------------
FlowSolve: 
FlowSolve: Starting Assembly...
FlowSolve: Assembly:
FlowSolve: Assembly done
FlowSolve: Dirichlet conditions done
BiCGStabl:        7 0.3427E-11 0.3427E-11
ComputeChange: NS (ITER=7) (NRM,RELC): (  1.6671356     0.11897027E-09 ) :: navier-stokes
FlowSolve: iter:    7 Assembly: (s)    0.02    0.11
FlowSolve: iter:    7 Solve:    (s)    0.01    0.07
FlowSolve:  Result Norm     :    1.6671356016847345
FlowSolve:  Relative Change :    1.1897026660807299E-010
FlowSolve: 
FlowSolve: 
FlowSolve: -------------------------------------
FlowSolve:  NAVIER-STOKES ITERATION           8
FlowSolve: -------------------------------------
FlowSolve: 
FlowSolve: Starting Assembly...
FlowSolve: Assembly:
FlowSolve: Assembly done
FlowSolve: Dirichlet conditions done
BiCGStabl:        6 0.8212E-11 0.8212E-11
ComputeChange: NS (ITER=8) (NRM,RELC): (  1.6671356     0.36349887E-10 ) :: navier-stokes
FlowSolve: iter:    8 Assembly: (s)    0.01    0.12
FlowSolve: iter:    8 Solve:    (s)    0.01    0.08
FlowSolve:  Result Norm     :    1.6671356017453347
FlowSolve:  Relative Change :    3.6349887477175404E-011
ComputeChange: SS (ITER=41) (NRM,RELC): (  1.6671353     0.82025164E-07 ) :: navier-stokes
ResultOutputSolver: -------------------------------------
ResultOutputSolver: Saving in unstructured VTK XML (.vtu) format
ResultOutputSolver: -------------------------------------
MAIN: 
MAIN: -------------------------------------
MAIN:  Steady state iteration:           42
MAIN: -------------------------------------
MAIN: 
HeatSolver: ------------------------------------------------
HeatSolver: Solving energy equation for temperature
HeatSolver: Heat solver iteration: 1
IterSolver: "Linear System GCR Restart" not given, setting it to 200
ComputeChange: NS (ITER=1) (NRM,RELC): (  300.00014     0.47763607E-11 ) :: heat equation
ComputeChange: SS (ITER=42) (NRM,RELC): (  300.00014     0.16711957E-11 ) :: heat equation
FlowSolve: 
FlowSolve: 
FlowSolve: -------------------------------------
FlowSolve:  NAVIER-STOKES ITERATION           1
FlowSolve: -------------------------------------
FlowSolve: 
FlowSolve: Starting Assembly...
FlowSolve: Assembly:
FlowSolve: Assembly done
FlowSolve: Dirichlet conditions done
      10 0.1054E-09 0.1054E-09
BiCGStabl:       11 0.5223E-11 0.5223E-11
ComputeChange: NS (ITER=1) (NRM,RELC): (  1.6671356     0.15680104E-06 ) :: navier-stokes
FlowSolve: iter:    1 Assembly: (s)    0.02    0.02
FlowSolve: iter:    1 Solve:    (s)    0.01    0.01
FlowSolve:  Result Norm     :    1.6671356091945613
FlowSolve:  Relative Change :    1.5680104302541101E-007
FlowSolve: 
FlowSolve: 
FlowSolve: -------------------------------------
FlowSolve:  NAVIER-STOKES ITERATION           2
FlowSolve: -------------------------------------
FlowSolve: 
FlowSolve: Starting Assembly...
FlowSolve: Assembly:
FlowSolve: Assembly done
FlowSolve: Dirichlet conditions done
      10 0.3164E-10 0.3164E-10
BiCGStabl:       11 0.1570E-11 0.1570E-11
ComputeChange: NS (ITER=2) (NRM,RELC): (  1.6671357     0.47053699E-07 ) :: navier-stokes
FlowSolve: iter:    2 Assembly: (s)    0.01    0.03
FlowSolve: iter:    2 Solve:    (s)    0.01    0.02
FlowSolve:  Result Norm     :    1.6671356876394603
FlowSolve:  Relative Change :    4.7053699016912699E-008
FlowSolve: 
FlowSolve: 
FlowSolve: -------------------------------------
FlowSolve:  NAVIER-STOKES ITERATION           3
FlowSolve: -------------------------------------
FlowSolve: 
FlowSolve: Starting Assembly...
FlowSolve: Assembly:
FlowSolve: Assembly done
FlowSolve: Dirichlet conditions done
      10 0.9499E-11 0.9499E-11
BiCGStabl:       10 0.9499E-11 0.9499E-11
ComputeChange: NS (ITER=3) (NRM,RELC): (  1.6671357     0.14122183E-07 ) :: navier-stokes
FlowSolve: iter:    3 Assembly: (s)    0.01    0.04
FlowSolve: iter:    3 Solve:    (s)    0.01    0.03
FlowSolve:  Result Norm     :    1.6671357111830558
FlowSolve:  Relative Change :    1.4122183050791103E-008
FlowSolve: 
FlowSolve: 
FlowSolve: -------------------------------------
FlowSolve:  NAVIER-STOKES ITERATION           4
FlowSolve: -------------------------------------
FlowSolve: 
FlowSolve: Starting Assembly...
FlowSolve: Assembly:
FlowSolve: Assembly done
FlowSolve: Dirichlet conditions done
BiCGStabl:       10 0.5035E-11 0.5035E-11
ComputeChange: NS (ITER=4) (NRM,RELC): (  1.6671357     0.42364476E-08 ) :: navier-stokes
FlowSolve: iter:    4 Assembly: (s)    0.02    0.06
FlowSolve: iter:    4 Solve:    (s)    0.01    0.05
FlowSolve:  Result Norm     :    1.6671357182457889
FlowSolve:  Relative Change :    4.2364475805528898E-009
FlowSolve: 
FlowSolve: 
FlowSolve: -------------------------------------
FlowSolve:  NAVIER-STOKES ITERATION           5
FlowSolve: -------------------------------------
FlowSolve: 
FlowSolve: Starting Assembly...
FlowSolve: Assembly:
FlowSolve: Assembly done
FlowSolve: Dirichlet conditions done
BiCGStabl:       10 0.4549E-11 0.4549E-11
ComputeChange: NS (ITER=5) (NRM,RELC): (  1.6671357     0.12696351E-08 ) :: navier-stokes
FlowSolve: iter:    5 Assembly: (s)    0.02    0.08
FlowSolve: iter:    5 Solve:    (s)    0.01    0.06
FlowSolve:  Result Norm     :    1.6671357203624428
FlowSolve:  Relative Change :    1.2696350625232151E-009
FlowSolve: 
FlowSolve: 
FlowSolve: -------------------------------------
FlowSolve:  NAVIER-STOKES ITERATION           6
FlowSolve: -------------------------------------
FlowSolve: 
FlowSolve: Starting Assembly...
FlowSolve: Assembly:
FlowSolve: Assembly done
FlowSolve: Dirichlet conditions done
BiCGStabl:        9 0.7269E-11 0.7269E-11
ComputeChange: NS (ITER=6) (NRM,RELC): (  1.6671357     0.38141787E-09 ) :: navier-stokes
FlowSolve: iter:    6 Assembly: (s)    0.01    0.09
FlowSolve: iter:    6 Solve:    (s)    0.01    0.07
FlowSolve:  Result Norm     :    1.6671357209983182
FlowSolve:  Relative Change :    3.8141786807449650E-010
FlowSolve: 
FlowSolve: 
FlowSolve: -------------------------------------
FlowSolve:  NAVIER-STOKES ITERATION           7
FlowSolve: -------------------------------------
FlowSolve: 
FlowSolve: Starting Assembly...
FlowSolve: Assembly:
FlowSolve: Assembly done
FlowSolve: Dirichlet conditions done
BiCGStabl:        6 0.5525E-11 0.5525E-11
ComputeChange: NS (ITER=7) (NRM,RELC): (  1.6671357     0.11298926E-09 ) :: navier-stokes
FlowSolve: iter:    7 Assembly: (s)    0.01    0.10
FlowSolve: iter:    7 Solve:    (s)    0.01    0.07
FlowSolve:  Result Norm     :    1.6671357211866866
FlowSolve:  Relative Change :    1.1298926031063645E-010
FlowSolve: 
FlowSolve: 
FlowSolve: -------------------------------------
FlowSolve:  NAVIER-STOKES ITERATION           8
FlowSolve: -------------------------------------
FlowSolve: 
FlowSolve: Starting Assembly...
FlowSolve: Assembly:
FlowSolve: Assembly done
FlowSolve: Dirichlet conditions done
BiCGStabl:        5 0.6237E-11 0.6237E-11
ComputeChange: NS (ITER=8) (NRM,RELC): (  1.6671357     0.34475645E-10 ) :: navier-stokes
FlowSolve: iter:    8 Assembly: (s)    0.01    0.12
FlowSolve: iter:    8 Solve:    (s)    0.01    0.08
FlowSolve:  Result Norm     :    1.6671357212441622
FlowSolve:  Relative Change :    3.4475645335658118E-011
ComputeChange: SS (ITER=42) (NRM,RELC): (  1.6671355     0.78404102E-07 ) :: navier-stokes
ResultOutputSolver: -------------------------------------
ResultOutputSolver: Saving in unstructured VTK XML (.vtu) format
ResultOutputSolver: -------------------------------------
MAIN: 
MAIN: -------------------------------------
MAIN:  Steady state iteration:           43
MAIN: -------------------------------------
MAIN: 
HeatSolver: ------------------------------------------------
HeatSolver: Solving energy equation for temperature
HeatSolver: Heat solver iteration: 1
IterSolver: "Linear System GCR Restart" not given, setting it to 200
ComputeChange: NS (ITER=1) (NRM,RELC): (  300.00014     0.39269310E-11 ) :: heat equation
ComputeChange: SS (ITER=43) (NRM,RELC): (  300.00014     0.13737153E-11 ) :: heat equation
FlowSolve: 
FlowSolve: 
FlowSolve: -------------------------------------
FlowSolve:  NAVIER-STOKES ITERATION           1
FlowSolve: -------------------------------------
FlowSolve: 
FlowSolve: Starting Assembly...
FlowSolve: Assembly:
FlowSolve: Assembly done
FlowSolve: Dirichlet conditions done
      10 0.6034E-10 0.6034E-10
BiCGStabl:       11 0.4187E-11 0.4187E-11
ComputeChange: NS (ITER=1) (NRM,RELC): (  1.6671357     0.13920021E-06 ) :: navier-stokes
FlowSolve: iter:    1 Assembly: (s)    0.02    0.02
FlowSolve: iter:    1 Solve:    (s)    0.01    0.01
FlowSolve:  Result Norm     :    1.6671357105618605
FlowSolve:  Relative Change :    1.3920021111464543E-007
FlowSolve: 
FlowSolve: 
FlowSolve: -------------------------------------
FlowSolve:  NAVIER-STOKES ITERATION           2
FlowSolve: -------------------------------------
FlowSolve: 
FlowSolve: Starting Assembly...
FlowSolve: Assembly:
FlowSolve: Assembly done
FlowSolve: Dirichlet conditions done
      10 0.1811E-10 0.1811E-10
BiCGStabl:       11 0.8613E-11 0.8613E-11
ComputeChange: NS (ITER=2) (NRM,RELC): (  1.6671358     0.41770307E-07 ) :: navier-stokes
FlowSolve: iter:    2 Assembly: (s)    0.02    0.03
FlowSolve: iter:    2 Solve:    (s)    0.01    0.02
FlowSolve:  Result Norm     :    1.6671357801986317
FlowSolve:  Relative Change :    4.1770306605954573E-008
FlowSolve: 
FlowSolve: 
FlowSolve: -------------------------------------
FlowSolve:  NAVIER-STOKES ITERATION           3
FlowSolve: -------------------------------------
FlowSolve: 
FlowSolve: Starting Assembly...
FlowSolve: Assembly:
FlowSolve: Assembly done
FlowSolve: Dirichlet conditions done
      10 0.5428E-11 0.5428E-11
BiCGStabl:       10 0.5428E-11 0.5428E-11
ComputeChange: NS (ITER=3) (NRM,RELC): (  1.6671358     0.12535606E-07 ) :: navier-stokes
FlowSolve: iter:    3 Assembly: (s)    0.02    0.05
FlowSolve: iter:    3 Solve:    (s)    0.01    0.03
FlowSolve:  Result Norm     :    1.6671358010971891
FlowSolve:  Relative Change :    1.2535605945450171E-008
FlowSolve: 
FlowSolve: 
FlowSolve: -------------------------------------
FlowSolve:  NAVIER-STOKES ITERATION           4
FlowSolve: -------------------------------------
FlowSolve: 
FlowSolve: Starting Assembly...
FlowSolve: Assembly:
FlowSolve: Assembly done
FlowSolve: Dirichlet conditions done
BiCGStabl:       10 0.3040E-11 0.3040E-11
ComputeChange: NS (ITER=4) (NRM,RELC): (  1.6671358     0.37606301E-08 ) :: navier-stokes
FlowSolve: iter:    4 Assembly: (s)    0.02    0.06
FlowSolve: iter:    4 Solve:    (s)    0.01    0.05
FlowSolve:  Result Norm     :    1.6671358073666702
FlowSolve:  Relative Change :    3.7606301421494787E-009
FlowSolve: 
FlowSolve: 
FlowSolve: -------------------------------------
FlowSolve:  NAVIER-STOKES ITERATION           5
FlowSolve: -------------------------------------
FlowSolve: 
FlowSolve: Starting Assembly...
FlowSolve: Assembly:
FlowSolve: Assembly done
FlowSolve: Dirichlet conditions done
BiCGStabl:       10 0.3623E-11 0.3623E-11
ComputeChange: NS (ITER=5) (NRM,RELC): (  1.6671358     0.11268901E-08 ) :: navier-stokes
FlowSolve: iter:    5 Assembly: (s)    0.02    0.08
FlowSolve: iter:    5 Solve:    (s)    0.01    0.06
FlowSolve:  Result Norm     :    1.6671358092453490
FlowSolve:  Relative Change :    1.1268900582352253E-009
FlowSolve: 
FlowSolve: 
FlowSolve: -------------------------------------
FlowSolve:  NAVIER-STOKES ITERATION           6
FlowSolve: -------------------------------------
FlowSolve: 
FlowSolve: Starting Assembly...
FlowSolve: Assembly:
FlowSolve: Assembly done
FlowSolve: Dirichlet conditions done
BiCGStabl:        8 0.8944E-11 0.8944E-11
ComputeChange: NS (ITER=6) (NRM,RELC): (  1.6671358     0.34165139E-09 ) :: navier-stokes
FlowSolve: iter:    6 Assembly: (s)    0.02    0.09
FlowSolve: iter:    6 Solve:    (s)    0.01    0.07
FlowSolve:  Result Norm     :    1.6671358098149283
FlowSolve:  Relative Change :    3.4165139359354735E-010
FlowSolve: 
FlowSolve: 
FlowSolve: -------------------------------------
FlowSolve:  NAVIER-STOKES ITERATION           7
FlowSolve: -------------------------------------
FlowSolve: 
FlowSolve: Starting Assembly...
FlowSolve: Assembly:
FlowSolve: Assembly done
FlowSolve: Dirichlet conditions done
BiCGStabl:        6 0.8916E-11 0.8916E-11
ComputeChange: NS (ITER=7) (NRM,RELC): (  1.6671358     0.95968198E-10 ) :: navier-stokes
FlowSolve: iter:    7 Assembly: (s)    0.01    0.11
FlowSolve: iter:    7 Solve:    (s)    0.01    0.07
FlowSolve:  Result Norm     :    1.6671358099749203
FlowSolve:  Relative Change :    9.5968198081454439E-011
ComputeChange: SS (ITER=43) (NRM,RELC): (  1.6671356     0.69590910E-07 ) :: navier-stokes
ResultOutputSolver: -------------------------------------
ResultOutputSolver: Saving in unstructured VTK XML (.vtu) format
ResultOutputSolver: -------------------------------------
MAIN: 
MAIN: -------------------------------------
MAIN:  Steady state iteration:           44
MAIN: -------------------------------------
MAIN: 
HeatSolver: ------------------------------------------------
HeatSolver: Solving energy equation for temperature
HeatSolver: Heat solver iteration: 1
IterSolver: "Linear System GCR Restart" not given, setting it to 200
ComputeChange: NS (ITER=1) (NRM,RELC): (  300.00014     0.33410651E-11 ) :: heat equation
ComputeChange: SS (ITER=44) (NRM,RELC): (  300.00014     0.11688896E-11 ) :: heat equation
FlowSolve: 
FlowSolve: 
FlowSolve: -------------------------------------
FlowSolve:  NAVIER-STOKES ITERATION           1
FlowSolve: -------------------------------------
FlowSolve: 
FlowSolve: Starting Assembly...
FlowSolve: Assembly:
FlowSolve: Assembly done
FlowSolve: Dirichlet conditions done
      10 0.4171E-10 0.4171E-10
BiCGStabl:       11 0.3248E-11 0.3248E-11
ComputeChange: NS (ITER=1) (NRM,RELC): (  1.6671358     0.11231115E-06 ) :: navier-stokes
FlowSolve: iter:    1 Assembly: (s)    0.01    0.01
FlowSolve: iter:    1 Solve:    (s)    0.01    0.01
FlowSolve:  Result Norm     :    1.6671357817516417
FlowSolve:  Relative Change :    1.1231115182529922E-007
FlowSolve: 
FlowSolve: 
FlowSolve: -------------------------------------
FlowSolve:  NAVIER-STOKES ITERATION           2
FlowSolve: -------------------------------------
FlowSolve: 
FlowSolve: Starting Assembly...
FlowSolve: Assembly:
FlowSolve: Assembly done
FlowSolve: Dirichlet conditions done
      10 0.1252E-10 0.1252E-10
BiCGStabl:       11 0.6083E-11 0.6083E-11
ComputeChange: NS (ITER=2) (NRM,RELC): (  1.6671358     0.33701161E-07 ) :: navier-stokes
FlowSolve: iter:    2 Assembly: (s)    0.02    0.03
FlowSolve: iter:    2 Solve:    (s)    0.01    0.02
FlowSolve:  Result Norm     :    1.6671358379360546
FlowSolve:  Relative Change :    3.3701161337994489E-008
FlowSolve: 
FlowSolve: 
FlowSolve: -------------------------------------
FlowSolve:  NAVIER-STOKES ITERATION           3
FlowSolve: -------------------------------------
FlowSolve: 
FlowSolve: Starting Assembly...
FlowSolve: Assembly:
FlowSolve: Assembly done
FlowSolve: Dirichlet conditions done
BiCGStabl:       10 0.6910E-11 0.6910E-11
ComputeChange: NS (ITER=3) (NRM,RELC): (  1.6671359     0.10113907E-07 ) :: navier-stokes
FlowSolve: iter:    3 Assembly: (s)    0.01    0.04
FlowSolve: iter:    3 Solve:    (s)    0.01    0.03
FlowSolve:  Result Norm     :    1.6671358547973112
FlowSolve:  Relative Change :    1.0113906824030762E-008
FlowSolve: 
FlowSolve: 
FlowSolve: -------------------------------------
FlowSolve:  NAVIER-STOKES ITERATION           4
FlowSolve: -------------------------------------
FlowSolve: 
FlowSolve: Starting Assembly...
FlowSolve: Assembly:
FlowSolve: Assembly done
FlowSolve: Dirichlet conditions done
BiCGStabl:       10 0.8975E-11 0.8975E-11
ComputeChange: NS (ITER=4) (NRM,RELC): (  1.6671359     0.30305973E-08 ) :: navier-stokes
FlowSolve: iter:    4 Assembly: (s)    0.01    0.06
FlowSolve: iter:    4 Solve:    (s)    0.01    0.04
FlowSolve:  Result Norm     :    1.6671358598497286
FlowSolve:  Relative Change :    3.0305972672645984E-009
FlowSolve: 
FlowSolve: 
FlowSolve: -------------------------------------
FlowSolve:  NAVIER-STOKES ITERATION           5
FlowSolve: -------------------------------------
FlowSolve: 
FlowSolve: Starting Assembly...
FlowSolve: Assembly:
FlowSolve: Assembly done
FlowSolve: Dirichlet conditions done
BiCGStabl:        8 0.7766E-11 0.7766E-11
ComputeChange: NS (ITER=5) (NRM,RELC): (  1.6671359     0.91565025E-09 ) :: navier-stokes
FlowSolve: iter:    5 Assembly: (s)    0.02    0.07
FlowSolve: iter:    5 Solve:    (s)    0.01    0.05
FlowSolve:  Result Norm     :    1.6671358613762419
FlowSolve:  Relative Change :    9.1565024556567914E-010
FlowSolve: 
FlowSolve: 
FlowSolve: -------------------------------------
FlowSolve:  NAVIER-STOKES ITERATION           6
FlowSolve: -------------------------------------
FlowSolve: 
FlowSolve: Starting Assembly...
FlowSolve: Assembly:
FlowSolve: Assembly done
FlowSolve: Dirichlet conditions done
BiCGStabl:        8 0.5828E-11 0.5828E-11
ComputeChange: NS (ITER=6) (NRM,RELC): (  1.6671359     0.27316959E-09 ) :: navier-stokes
FlowSolve: iter:    6 Assembly: (s)    0.01    0.09
FlowSolve: iter:    6 Solve:    (s)    0.01    0.06
FlowSolve:  Result Norm     :    1.6671358618316527
FlowSolve:  Relative Change :    2.7316959022633614E-010
FlowSolve: 
FlowSolve: 
FlowSolve: -------------------------------------
FlowSolve:  NAVIER-STOKES ITERATION           7
FlowSolve: -------------------------------------
FlowSolve: 
FlowSolve: Starting Assembly...
FlowSolve: Assembly:
FlowSolve: Assembly done
FlowSolve: Dirichlet conditions done
BiCGStabl:        6 0.8237E-11 0.8237E-11
ComputeChange: NS (ITER=7) (NRM,RELC): (  1.6671359     0.76443448E-10 ) :: navier-stokes
FlowSolve: iter:    7 Assembly: (s)    0.01    0.10
FlowSolve: iter:    7 Solve:    (s)    0.01    0.07
FlowSolve:  Result Norm     :    1.6671358619590944
FlowSolve:  Relative Change :    7.6443447550467258E-011
ComputeChange: SS (ITER=44) (NRM,RELC): (  1.6671357     0.56147710E-07 ) :: navier-stokes
ResultOutputSolver: -------------------------------------
ResultOutputSolver: Saving in unstructured VTK XML (.vtu) format
ResultOutputSolver: -------------------------------------
MAIN: 
MAIN: -------------------------------------
MAIN:  Steady state iteration:           45
MAIN: -------------------------------------
MAIN: 
HeatSolver: ------------------------------------------------
HeatSolver: Solving energy equation for temperature
HeatSolver: Heat solver iteration: 1
IterSolver: "Linear System GCR Restart" not given, setting it to 200
ComputeChange: NS (ITER=1) (NRM,RELC): (  300.00014     0.28433064E-11 ) :: heat equation
ComputeChange: SS (ITER=45) (NRM,RELC): (  300.00014     0.99532778E-12 ) :: heat equation
FlowSolve: 
FlowSolve: 
FlowSolve: -------------------------------------
FlowSolve:  NAVIER-STOKES ITERATION           1
FlowSolve: -------------------------------------
FlowSolve: 
FlowSolve: Starting Assembly...
FlowSolve: Assembly:
FlowSolve: Assembly done
FlowSolve: Dirichlet conditions done
      10 0.3138E-10 0.3138E-10
BiCGStabl:       11 0.2366E-11 0.2366E-11
ComputeChange: NS (ITER=1) (NRM,RELC): (  1.6671358     0.84892545E-07 ) :: navier-stokes
FlowSolve: iter:    1 Assembly: (s)    0.02    0.02
FlowSolve: iter:    1 Solve:    (s)    0.01    0.01
FlowSolve:  Result Norm     :    1.6671358296469596
FlowSolve:  Relative Change :    8.4892545354556473E-008
FlowSolve: 
FlowSolve: 
FlowSolve: -------------------------------------
FlowSolve:  NAVIER-STOKES ITERATION           2
FlowSolve: -------------------------------------
FlowSolve: 
FlowSolve: Starting Assembly...
FlowSolve: Assembly:
FlowSolve: Assembly done
FlowSolve: Dirichlet conditions done
      10 0.9418E-11 0.9418E-11
BiCGStabl:       10 0.9418E-11 0.9418E-11
ComputeChange: NS (ITER=2) (NRM,RELC): (  1.6671359     0.25476406E-07 ) :: navier-stokes
FlowSolve: iter:    2 Assembly: (s)    0.02    0.03
FlowSolve: iter:    2 Solve:    (s)    0.01    0.02
FlowSolve:  Result Norm     :    1.6671358721195895
FlowSolve:  Relative Change :    2.5476406037977020E-008
FlowSolve: 
FlowSolve: 
FlowSolve: -------------------------------------
FlowSolve:  NAVIER-STOKES ITERATION           3
FlowSolve: -------------------------------------
FlowSolve: 
FlowSolve: Starting Assembly...
FlowSolve: Assembly:
FlowSolve: Assembly done
FlowSolve: Dirichlet conditions done
BiCGStabl:       10 0.6116E-11 0.6116E-11
ComputeChange: NS (ITER=3) (NRM,RELC): (  1.6671359     0.76429477E-08 ) :: navier-stokes
FlowSolve: iter:    3 Assembly: (s)    0.02    0.05
FlowSolve: iter:    3 Solve:    (s)    0.01    0.03
FlowSolve:  Result Norm     :    1.6671358848614217
FlowSolve:  Relative Change :    7.6429476567357715E-009
FlowSolve: 
FlowSolve: 
FlowSolve: -------------------------------------
FlowSolve:  NAVIER-STOKES ITERATION           4
FlowSolve: -------------------------------------
FlowSolve: 
FlowSolve: Starting Assembly...
FlowSolve: Assembly:
FlowSolve: Assembly done
FlowSolve: Dirichlet conditions done
BiCGStabl:       10 0.7797E-11 0.7797E-11
ComputeChange: NS (ITER=4) (NRM,RELC): (  1.6671359     0.22901592E-08 ) :: navier-stokes
FlowSolve: iter:    4 Assembly: (s)    0.02    0.06
FlowSolve: iter:    4 Solve:    (s)    0.01    0.05
FlowSolve:  Result Norm     :    1.6671358886794283
FlowSolve:  Relative Change :    2.2901591932957764E-009
FlowSolve: 
FlowSolve: 
FlowSolve: -------------------------------------
FlowSolve:  NAVIER-STOKES ITERATION           5
FlowSolve: -------------------------------------
FlowSolve: 
FlowSolve: Starting Assembly...
FlowSolve: Assembly:
FlowSolve: Assembly done
FlowSolve: Dirichlet conditions done
BiCGStabl:        8 0.6342E-11 0.6342E-11
ComputeChange: NS (ITER=5) (NRM,RELC): (  1.6671359     0.69214013E-09 ) :: navier-stokes
FlowSolve: iter:    5 Assembly: (s)    0.02    0.08
FlowSolve: iter:    5 Solve:    (s)    0.01    0.05
FlowSolve:  Result Norm     :    1.6671358898333200
FlowSolve:  Relative Change :    6.9214012866823716E-010
FlowSolve: 
FlowSolve: 
FlowSolve: -------------------------------------
FlowSolve:  NAVIER-STOKES ITERATION           6
FlowSolve: -------------------------------------
FlowSolve: 
FlowSolve: Starting Assembly...
FlowSolve: Assembly:
FlowSolve: Assembly done
FlowSolve: Dirichlet conditions done
BiCGStabl:        7 0.8030E-11 0.8030E-11
ComputeChange: NS (ITER=6) (NRM,RELC): (  1.6671359     0.20743376E-09 ) :: navier-stokes
FlowSolve: iter:    6 Assembly: (s)    0.01    0.09
FlowSolve: iter:    6 Solve:    (s)    0.01    0.06
FlowSolve:  Result Norm     :    1.6671358901791402
FlowSolve:  Relative Change :    2.0743375713345643E-010
FlowSolve: 
FlowSolve: 
FlowSolve: -------------------------------------
FlowSolve:  NAVIER-STOKES ITERATION           7
FlowSolve: -------------------------------------
FlowSolve: 
FlowSolve: Starting Assembly...
FlowSolve: Assembly:
FlowSolve: Assembly done
FlowSolve: Dirichlet conditions done
BiCGStabl:        5 0.8812E-11 0.8812E-11
ComputeChange: NS (ITER=7) (NRM,RELC): (  1.6671359     0.55978649E-10 ) :: navier-stokes
FlowSolve: iter:    7 Assembly: (s)    0.02    0.11
FlowSolve: iter:    7 Solve:    (s)    0.01    0.07
FlowSolve:  Result Norm     :    1.6671358902724642
FlowSolve:  Relative Change :    5.5978649208806254E-011
ComputeChange: SS (ITER=45) (NRM,RELC): (  1.6671358     0.42440154E-07 ) :: navier-stokes
ResultOutputSolver: -------------------------------------
ResultOutputSolver: Saving in unstructured VTK XML (.vtu) format
ResultOutputSolver: -------------------------------------
MAIN: 
MAIN: -------------------------------------
MAIN:  Steady state iteration:           46
MAIN: -------------------------------------
MAIN: 
HeatSolver: ------------------------------------------------
HeatSolver: Solving energy equation for temperature
HeatSolver: Heat solver iteration: 1
IterSolver: "Linear System GCR Restart" not given, setting it to 200
ComputeChange: NS (ITER=1) (NRM,RELC): (  300.00014     0.21350378E-11 ) :: heat equation
ComputeChange: SS (ITER=46) (NRM,RELC): (  300.00014     0.74692216E-12 ) :: heat equation
FlowSolve: 
FlowSolve: 
FlowSolve: -------------------------------------
FlowSolve:  NAVIER-STOKES ITERATION           1
FlowSolve: -------------------------------------
FlowSolve: 
FlowSolve: Starting Assembly...
FlowSolve: Assembly:
FlowSolve: Assembly done
FlowSolve: Dirichlet conditions done
      10 0.2168E-10 0.2168E-10
BiCGStabl:       11 0.9296E-11 0.9296E-11
ComputeChange: NS (ITER=1) (NRM,RELC): (  1.6671359     0.69258490E-07 ) :: navier-stokes
FlowSolve: iter:    1 Assembly: (s)    0.02    0.02
FlowSolve: iter:    1 Solve:    (s)    0.01    0.01
FlowSolve:  Result Norm     :    1.6671358743363689
FlowSolve:  Relative Change :    6.9258490311436414E-008
FlowSolve: 
FlowSolve: 
FlowSolve: -------------------------------------
FlowSolve:  NAVIER-STOKES ITERATION           2
FlowSolve: -------------------------------------
FlowSolve: 
FlowSolve: Starting Assembly...
FlowSolve: Assembly:
FlowSolve: Assembly done
FlowSolve: Dirichlet conditions done
      10 0.6500E-11 0.6500E-11
BiCGStabl:       10 0.6500E-11 0.6500E-11
ComputeChange: NS (ITER=2) (NRM,RELC): (  1.6671359     0.20785171E-07 ) :: navier-stokes
FlowSolve: iter:    2 Assembly: (s)    0.02    0.03
FlowSolve: iter:    2 Solve:    (s)    0.01    0.02
FlowSolve:  Result Norm     :    1.6671359089880733
FlowSolve:  Relative Change :    2.0785170883827501E-008
FlowSolve: 
FlowSolve: 
FlowSolve: -------------------------------------
FlowSolve:  NAVIER-STOKES ITERATION           3
FlowSolve: -------------------------------------
FlowSolve: 
FlowSolve: Starting Assembly...
FlowSolve: Assembly:
FlowSolve: Assembly done
FlowSolve: Dirichlet conditions done
BiCGStabl:       10 0.5319E-11 0.5319E-11
ComputeChange: NS (ITER=3) (NRM,RELC): (  1.6671359     0.62355802E-08 ) :: navier-stokes
FlowSolve: iter:    3 Assembly: (s)    0.01    0.05
FlowSolve: iter:    3 Solve:    (s)    0.01    0.03
FlowSolve:  Result Norm     :    1.6671359193836330
FlowSolve:  Relative Change :    6.2355802294820279E-009
FlowSolve: 
FlowSolve: 
FlowSolve: -------------------------------------
FlowSolve:  NAVIER-STOKES ITERATION           4
FlowSolve: -------------------------------------
FlowSolve: 
FlowSolve: Starting Assembly...
FlowSolve: Assembly:
FlowSolve: Assembly done
FlowSolve: Dirichlet conditions done
BiCGStabl:       10 0.7505E-11 0.7505E-11
ComputeChange: NS (ITER=4) (NRM,RELC): (  1.6671359     0.18683715E-08 ) :: navier-stokes
FlowSolve: iter:    4 Assembly: (s)    0.01    0.06
FlowSolve: iter:    4 Solve:    (s)    0.01    0.04
FlowSolve:  Result Norm     :    1.6671359224984623
FlowSolve:  Relative Change :    1.8683715252396676E-009
FlowSolve: 
FlowSolve: 
FlowSolve: -------------------------------------
FlowSolve:  NAVIER-STOKES ITERATION           5
FlowSolve: -------------------------------------
FlowSolve: 
FlowSolve: Starting Assembly...
FlowSolve: Assembly:
FlowSolve: Assembly done
FlowSolve: Dirichlet conditions done
BiCGStabl:        8 0.9427E-11 0.9427E-11
ComputeChange: NS (ITER=5) (NRM,RELC): (  1.6671359     0.56560259E-09 ) :: navier-stokes
FlowSolve: iter:    5 Assembly: (s)    0.02    0.08
FlowSolve: iter:    5 Solve:    (s)    0.01    0.05
FlowSolve:  Result Norm     :    1.6671359234413987
FlowSolve:  Relative Change :    5.6560258983063420E-010
FlowSolve: 
FlowSolve: 
FlowSolve: -------------------------------------
FlowSolve:  NAVIER-STOKES ITERATION           6
FlowSolve: -------------------------------------
FlowSolve: 
FlowSolve: Starting Assembly...
FlowSolve: Assembly:
FlowSolve: Assembly done
FlowSolve: Dirichlet conditions done
BiCGStabl:        6 0.8698E-11 0.8698E-11
ComputeChange: NS (ITER=6) (NRM,RELC): (  1.6671359     0.16433118E-09 ) :: navier-stokes
FlowSolve: iter:    6 Assembly: (s)    0.02    0.09
FlowSolve: iter:    6 Solve:    (s)    0.01    0.06
FlowSolve:  Result Norm     :    1.6671359237153611
FlowSolve:  Relative Change :    1.6433117686454020E-010
FlowSolve: 
FlowSolve: 
FlowSolve: -------------------------------------
FlowSolve:  NAVIER-STOKES ITERATION           7
FlowSolve: -------------------------------------
FlowSolve: 
FlowSolve: Starting Assembly...
FlowSolve: Assembly:
FlowSolve: Assembly done
FlowSolve: Dirichlet conditions done
BiCGStabl:        5 0.8535E-11 0.8535E-11
ComputeChange: NS (ITER=7) (NRM,RELC): (  1.6671359     0.47069885E-10 ) :: navier-stokes
FlowSolve: iter:    7 Assembly: (s)    0.02    0.11
FlowSolve: iter:    7 Solve:    (s)    0.01    0.07
FlowSolve:  Result Norm     :    1.6671359237938330
FlowSolve:  Relative Change :    4.7069884662677753E-011
ComputeChange: SS (ITER=46) (NRM,RELC): (  1.6671358     0.34623611E-07 ) :: navier-stokes
ResultOutputSolver: -------------------------------------
ResultOutputSolver: Saving in unstructured VTK XML (.vtu) format
ResultOutputSolver: -------------------------------------
MAIN: 
MAIN: -------------------------------------
MAIN:  Steady state iteration:           47
MAIN: -------------------------------------
MAIN: 
HeatSolver: ------------------------------------------------
HeatSolver: Solving energy equation for temperature
HeatSolver: Heat solver iteration: 1
IterSolver: "Linear System GCR Restart" not given, setting it to 200
ComputeChange: NS (ITER=1) (NRM,RELC): (  300.00014     0.14803914E-11 ) :: heat equation
ComputeChange: SS (ITER=47) (NRM,RELC): (  300.00014     0.51841173E-12 ) :: heat equation
FlowSolve: 
FlowSolve: 
FlowSolve: -------------------------------------
FlowSolve:  NAVIER-STOKES ITERATION           1
FlowSolve: -------------------------------------
FlowSolve: 
FlowSolve: Starting Assembly...
FlowSolve: Assembly:
FlowSolve: Assembly done
FlowSolve: Dirichlet conditions done
      10 0.1385E-10 0.1385E-10
BiCGStabl:       11 0.7533E-11 0.7533E-11
ComputeChange: NS (ITER=1) (NRM,RELC): (  1.6671359     0.61386231E-07 ) :: navier-stokes
FlowSolve: iter:    1 Assembly: (s)    0.01    0.01
FlowSolve: iter:    1 Solve:    (s)    0.01    0.01
FlowSolve:  Result Norm     :    1.6671359189345070
FlowSolve:  Relative Change :    6.1386231049031834E-008
FlowSolve: 
FlowSolve: 
FlowSolve: -------------------------------------
FlowSolve:  NAVIER-STOKES ITERATION           2
FlowSolve: -------------------------------------
FlowSolve: 
FlowSolve: Starting Assembly...
FlowSolve: Assembly:
FlowSolve: Assembly done
FlowSolve: Dirichlet conditions done
      10 0.4152E-11 0.4152E-11
BiCGStabl:       10 0.4152E-11 0.4152E-11
ComputeChange: NS (ITER=2) (NRM,RELC): (  1.6671359     0.18420898E-07 ) :: navier-stokes
FlowSolve: iter:    2 Assembly: (s)    0.02    0.03
FlowSolve: iter:    2 Solve:    (s)    0.01    0.02
FlowSolve:  Result Norm     :    1.6671359496446485
FlowSolve:  Relative Change :    1.8420898325826136E-008
FlowSolve: 
FlowSolve: 
FlowSolve: -------------------------------------
FlowSolve:  NAVIER-STOKES ITERATION           3
FlowSolve: -------------------------------------
FlowSolve: 
FlowSolve: Starting Assembly...
FlowSolve: Assembly:
FlowSolve: Assembly done
FlowSolve: Dirichlet conditions done
BiCGStabl:       10 0.3500E-11 0.3500E-11
ComputeChange: NS (ITER=3) (NRM,RELC): (  1.6671360     0.55263722E-08 ) :: navier-stokes
FlowSolve: iter:    3 Assembly: (s)    0.01    0.04
FlowSolve: iter:    3 Solve:    (s)    0.01    0.03
FlowSolve:  Result Norm     :    1.6671359588578623
FlowSolve:  Relative Change :    5.5263721737738678E-009
FlowSolve: 
FlowSolve: 
FlowSolve: -------------------------------------
FlowSolve:  NAVIER-STOKES ITERATION           4
FlowSolve: -------------------------------------
FlowSolve: 
FlowSolve: Starting Assembly...
FlowSolve: Assembly:
FlowSolve: Assembly done
FlowSolve: Dirichlet conditions done
BiCGStabl:        8 0.8525E-11 0.8525E-11
ComputeChange: NS (ITER=4) (NRM,RELC): (  1.6671360     0.16617955E-08 ) :: navier-stokes
FlowSolve: iter:    4 Assembly: (s)    0.01    0.06
FlowSolve: iter:    4 Solve:    (s)    0.01    0.04
FlowSolve:  Result Norm     :    1.6671359616283012
FlowSolve:  Relative Change :    1.6617954716340036E-009
FlowSolve: 
FlowSolve: 
FlowSolve: -------------------------------------
FlowSolve:  NAVIER-STOKES ITERATION           5
FlowSolve: -------------------------------------
FlowSolve: 
FlowSolve: Starting Assembly...
FlowSolve: Assembly:
FlowSolve: Assembly done
FlowSolve: Dirichlet conditions done
BiCGStabl:        7 0.9676E-11 0.9676E-11
ComputeChange: NS (ITER=5) (NRM,RELC): (  1.6671360     0.49737345E-09 ) :: navier-stokes
FlowSolve: iter:    5 Assembly: (s)    0.01    0.07
FlowSolve: iter:    5 Solve:    (s)    0.01    0.05
FlowSolve:  Result Norm     :    1.6671359624574904
FlowSolve:  Relative Change :    4.9737344803074101E-010
FlowSolve: 
FlowSolve: 
FlowSolve: -------------------------------------
FlowSolve:  NAVIER-STOKES ITERATION           6
FlowSolve: -------------------------------------
FlowSolve: 
FlowSolve: Starting Assembly...
FlowSolve: Assembly:
FlowSolve: Assembly done
FlowSolve: Dirichlet conditions done
BiCGStabl:        6 0.7145E-11 0.7145E-11
ComputeChange: NS (ITER=6) (NRM,RELC): (  1.6671360     0.14450276E-09 ) :: navier-stokes
FlowSolve: iter:    6 Assembly: (s)    0.02    0.09
FlowSolve: iter:    6 Solve:    (s)    0.01    0.06
FlowSolve:  Result Norm     :    1.6671359626983961
FlowSolve:  Relative Change :    1.4450275514941106E-010
FlowSolve: 
FlowSolve: 
FlowSolve: -------------------------------------
FlowSolve:  NAVIER-STOKES ITERATION           7
FlowSolve: -------------------------------------
FlowSolve: 
FlowSolve: Starting Assembly...
FlowSolve: Assembly:
FlowSolve: Assembly done
FlowSolve: Dirichlet conditions done
BiCGStabl:        5 0.7769E-11 0.7769E-11
ComputeChange: NS (ITER=7) (NRM,RELC): (  1.6671360     0.40622325E-10 ) :: navier-stokes
FlowSolve: iter:    7 Assembly: (s)    0.02    0.10
FlowSolve: iter:    7 Solve:    (s)    0.01    0.07
FlowSolve:  Result Norm     :    1.6671359627661191
FlowSolve:  Relative Change :    4.0622324682702618E-011
ComputeChange: SS (ITER=47) (NRM,RELC): (  1.6671359     0.30687226E-07 ) :: navier-stokes
ResultOutputSolver: -------------------------------------
ResultOutputSolver: Saving in unstructured VTK XML (.vtu) format
ResultOutputSolver: -------------------------------------
MAIN: 
MAIN: -------------------------------------
MAIN:  Steady state iteration:           48
MAIN: -------------------------------------
MAIN: 
HeatSolver: ------------------------------------------------
HeatSolver: Solving energy equation for temperature
HeatSolver: Heat solver iteration: 1
IterSolver: "Linear System GCR Restart" not given, setting it to 200
ComputeChange: NS (ITER=1) (NRM,RELC): (  300.00014     0.13367671E-11 ) :: heat equation
ComputeChange: SS (ITER=48) (NRM,RELC): (  300.00014     0.46857902E-12 ) :: heat equation
FlowSolve: 
FlowSolve: 
FlowSolve: -------------------------------------
FlowSolve:  NAVIER-STOKES ITERATION           1
FlowSolve: -------------------------------------
FlowSolve: 
FlowSolve: Starting Assembly...
FlowSolve: Assembly:
FlowSolve: Assembly done
FlowSolve: Dirichlet conditions done
      10 0.1048E-10 0.1048E-10
BiCGStabl:       11 0.5774E-11 0.5774E-11
ComputeChange: NS (ITER=1) (NRM,RELC): (  1.6671359     0.47714616E-07 ) :: navier-stokes
FlowSolve: iter:    1 Assembly: (s)    0.01    0.01
FlowSolve: iter:    1 Solve:    (s)    0.01    0.01
FlowSolve:  Result Norm     :    1.6671359473018434
FlowSolve:  Relative Change :    4.7714616256900650E-008
FlowSolve: 
FlowSolve: 
FlowSolve: -------------------------------------
FlowSolve:  NAVIER-STOKES ITERATION           2
FlowSolve: -------------------------------------
FlowSolve: 
FlowSolve: Starting Assembly...
FlowSolve: Assembly:
FlowSolve: Assembly done
FlowSolve: Dirichlet conditions done
      10 0.3142E-11 0.3142E-11
BiCGStabl:       10 0.3142E-11 0.3142E-11
ComputeChange: NS (ITER=2) (NRM,RELC): (  1.6671360     0.14318271E-07 ) :: navier-stokes
FlowSolve: iter:    2 Assembly: (s)    0.02    0.03
FlowSolve: iter:    2 Solve:    (s)    0.01    0.02
FlowSolve:  Result Norm     :    1.6671359711723472
FlowSolve:  Relative Change :    1.4318270602682737E-008
FlowSolve: 
FlowSolve: 
FlowSolve: -------------------------------------
FlowSolve:  NAVIER-STOKES ITERATION           3
FlowSolve: -------------------------------------
FlowSolve: 
FlowSolve: Starting Assembly...
FlowSolve: Assembly:
FlowSolve: Assembly done
FlowSolve: Dirichlet conditions done
BiCGStabl:       10 0.3390E-11 0.3390E-11
ComputeChange: NS (ITER=3) (NRM,RELC): (  1.6671360     0.42955774E-08 ) :: navier-stokes
FlowSolve: iter:    3 Assembly: (s)    0.02    0.05
FlowSolve: iter:    3 Solve:    (s)    0.01    0.03
FlowSolve:  Result Norm     :    1.6671359783336588
FlowSolve:  Relative Change :    4.2955773567477169E-009
FlowSolve: 
FlowSolve: 
FlowSolve: -------------------------------------
FlowSolve:  NAVIER-STOKES ITERATION           4
FlowSolve: -------------------------------------
FlowSolve: 
FlowSolve: Starting Assembly...
FlowSolve: Assembly:
FlowSolve: Assembly done
FlowSolve: Dirichlet conditions done
BiCGStabl:        8 0.6945E-11 0.6945E-11
ComputeChange: NS (ITER=4) (NRM,RELC): (  1.6671360     0.12918366E-08 ) :: navier-stokes
FlowSolve: iter:    4 Assembly: (s)    0.02    0.06
FlowSolve: iter:    4 Solve:    (s)    0.01    0.04
FlowSolve:  Result Norm     :    1.6671359804873260
FlowSolve:  Relative Change :    1.2918365815028970E-009
FlowSolve: 
FlowSolve: 
FlowSolve: -------------------------------------
FlowSolve:  NAVIER-STOKES ITERATION           5
FlowSolve: -------------------------------------
FlowSolve: 
FlowSolve: Starting Assembly...
FlowSolve: Assembly:
FlowSolve: Assembly done
FlowSolve: Dirichlet conditions done
BiCGStabl:        7 0.6880E-11 0.6880E-11
ComputeChange: NS (ITER=5) (NRM,RELC): (  1.6671360     0.38643651E-09 ) :: navier-stokes
FlowSolve: iter:    5 Assembly: (s)    0.02    0.08
FlowSolve: iter:    5 Solve:    (s)    0.01    0.05
FlowSolve:  Result Norm     :    1.6671359811315682
FlowSolve:  Relative Change :    3.8643651300605383E-010
FlowSolve: 
FlowSolve: 
FlowSolve: -------------------------------------
FlowSolve:  NAVIER-STOKES ITERATION           6
FlowSolve: -------------------------------------
FlowSolve: 
FlowSolve: Starting Assembly...
FlowSolve: Assembly:
FlowSolve: Assembly done
FlowSolve: Dirichlet conditions done
BiCGStabl:        6 0.5359E-11 0.5359E-11
ComputeChange: NS (ITER=6) (NRM,RELC): (  1.6671360     0.11247553E-09 ) :: navier-stokes
FlowSolve: iter:    6 Assembly: (s)    0.02    0.09
FlowSolve: iter:    6 Solve:    (s)    0.01    0.06
FlowSolve:  Result Norm     :    1.6671359813190803
FlowSolve:  Relative Change :    1.1247553171077655E-010
FlowSolve: 
FlowSolve: 
FlowSolve: -------------------------------------
FlowSolve:  NAVIER-STOKES ITERATION           7
FlowSolve: -------------------------------------
FlowSolve: 
FlowSolve: Starting Assembly...
FlowSolve: Assembly:
FlowSolve: Assembly done
FlowSolve: Dirichlet conditions done
BiCGStabl:        4 0.9815E-11 0.9815E-11
ComputeChange: NS (ITER=7) (NRM,RELC): (  1.6671360     0.29098124E-10 ) :: navier-stokes
FlowSolve: iter:    7 Assembly: (s)    0.02    0.11
FlowSolve: iter:    7 Solve:    (s)    0.01    0.06
FlowSolve:  Result Norm     :    1.6671359813675908
FlowSolve:  Relative Change :    2.9098123650413266E-011
ComputeChange: SS (ITER=48) (NRM,RELC): (  1.6671359     0.23851907E-07 ) :: navier-stokes
ResultOutputSolver: -------------------------------------
ResultOutputSolver: Saving in unstructured VTK XML (.vtu) format
ResultOutputSolver: -------------------------------------
MAIN: 
MAIN: -------------------------------------
MAIN:  Steady state iteration:           49
MAIN: -------------------------------------
MAIN: 
HeatSolver: ------------------------------------------------
HeatSolver: Solving energy equation for temperature
HeatSolver: Heat solver iteration: 1
IterSolver: "Linear System GCR Restart" not given, setting it to 200
ComputeChange: NS (ITER=1) (NRM,RELC): (  300.00014     0.89073594E-12 ) :: heat equation
ComputeChange: SS (ITER=49) (NRM,RELC): (  300.00014     0.31055440E-12 ) :: heat equation
FlowSolve: 
FlowSolve: 
FlowSolve: -------------------------------------
FlowSolve:  NAVIER-STOKES ITERATION           1
FlowSolve: -------------------------------------
FlowSolve: 
FlowSolve: Starting Assembly...
FlowSolve: Assembly:
FlowSolve: Assembly done
FlowSolve: Dirichlet conditions done
      10 0.6921E-11 0.6921E-11
BiCGStabl:       10 0.6921E-11 0.6921E-11
ComputeChange: NS (ITER=1) (NRM,RELC): (  1.6671360     0.40348412E-07 ) :: navier-stokes
FlowSolve: iter:    1 Assembly: (s)    0.02    0.02
FlowSolve: iter:    1 Solve:    (s)    0.01    0.01
FlowSolve:  Result Norm     :    1.6671359747857522
FlowSolve:  Relative Change :    4.0348412435252529E-008
FlowSolve: 
FlowSolve: 
FlowSolve: -------------------------------------
FlowSolve:  NAVIER-STOKES ITERATION           2
FlowSolve: -------------------------------------
FlowSolve: 
FlowSolve: Starting Assembly...
FlowSolve: Assembly:
FlowSolve: Assembly done
FlowSolve: Dirichlet conditions done
BiCGStabl:       10 0.8517E-11 0.8517E-11
ComputeChange: NS (ITER=2) (NRM,RELC): (  1.6671360     0.12105062E-07 ) :: navier-stokes
FlowSolve: iter:    2 Assembly: (s)    0.02    0.03
FlowSolve: iter:    2 Solve:    (s)    0.01    0.02
FlowSolve:  Result Norm     :    1.6671359949665363
FlowSolve:  Relative Change :    1.2105061817370419E-008
FlowSolve: 
FlowSolve: 
FlowSolve: -------------------------------------
FlowSolve:  NAVIER-STOKES ITERATION           3
FlowSolve: -------------------------------------
FlowSolve: 
FlowSolve: Starting Assembly...
FlowSolve: Assembly:
FlowSolve: Assembly done
FlowSolve: Dirichlet conditions done
BiCGStabl:       10 0.2535E-11 0.2535E-11
ComputeChange: NS (ITER=3) (NRM,RELC): (  1.6671360     0.36316010E-08 ) :: navier-stokes
FlowSolve: iter:    3 Assembly: (s)    0.02    0.05
FlowSolve: iter:    3 Solve:    (s)    0.01    0.03
FlowSolve:  Result Norm     :    1.6671360010209091
FlowSolve:  Relative Change :    3.6316010140629328E-009
FlowSolve: 
FlowSolve: 
FlowSolve: -------------------------------------
FlowSolve:  NAVIER-STOKES ITERATION           4
FlowSolve: -------------------------------------
FlowSolve: 
FlowSolve: Starting Assembly...
FlowSolve: Assembly:
FlowSolve: Assembly done
FlowSolve: Dirichlet conditions done
BiCGStabl:        8 0.8732E-11 0.8732E-11
ComputeChange: NS (ITER=4) (NRM,RELC): (  1.6671360     0.10927374E-08 ) :: navier-stokes
FlowSolve: iter:    4 Assembly: (s)    0.01    0.06
FlowSolve: iter:    4 Solve:    (s)    0.01    0.04
FlowSolve:  Result Norm     :    1.6671360028426510
FlowSolve:  Relative Change :    1.0927374049613103E-009
FlowSolve: 
FlowSolve: 
FlowSolve: -------------------------------------
FlowSolve:  NAVIER-STOKES ITERATION           5
FlowSolve: -------------------------------------
FlowSolve: 
FlowSolve: Starting Assembly...
FlowSolve: Assembly:
FlowSolve: Assembly done
FlowSolve: Dirichlet conditions done
BiCGStabl:        7 0.8476E-11 0.8476E-11
ComputeChange: NS (ITER=5) (NRM,RELC): (  1.6671360     0.32637428E-09 ) :: navier-stokes
FlowSolve: iter:    5 Assembly: (s)    0.01    0.08
FlowSolve: iter:    5 Solve:    (s)    0.01    0.05
FlowSolve:  Result Norm     :    1.6671360033867613
FlowSolve:  Relative Change :    3.2637427980981016E-010
FlowSolve: 
FlowSolve: 
FlowSolve: -------------------------------------
FlowSolve:  NAVIER-STOKES ITERATION           6
FlowSolve: -------------------------------------
FlowSolve: 
FlowSolve: Starting Assembly...
FlowSolve: Assembly:
FlowSolve: Assembly done
FlowSolve: Dirichlet conditions done
BiCGStabl:        6 0.9307E-11 0.9307E-11
ComputeChange: NS (ITER=6) (NRM,RELC): (  1.6671360     0.94572630E-10 ) :: navier-stokes
FlowSolve: iter:    6 Assembly: (s)    0.01    0.09
FlowSolve: iter:    6 Solve:    (s)    0.01    0.06
FlowSolve:  Result Norm     :    1.6671360035444267
FlowSolve:  Relative Change :    9.4572629908134222E-011
ComputeChange: SS (ITER=49) (NRM,RELC): (  1.6671359     0.20159566E-07 ) :: navier-stokes
ResultOutputSolver: -------------------------------------
ResultOutputSolver: Saving in unstructured VTK XML (.vtu) format
ResultOutputSolver: -------------------------------------
MAIN: 
MAIN: -------------------------------------
MAIN:  Steady state iteration:           50
MAIN: -------------------------------------
MAIN: 
HeatSolver: ------------------------------------------------
HeatSolver: Solving energy equation for temperature
HeatSolver: Heat solver iteration: 1
IterSolver: "Linear System GCR Restart" not given, setting it to 200
ComputeChange: NS (ITER=1) (NRM,RELC): (  300.00014     0.64327771E-12 ) :: heat equation
ComputeChange: SS (ITER=50) (NRM,RELC): (  300.00014     0.22528931E-12 ) :: heat equation
FlowSolve: 
FlowSolve: 
FlowSolve: -------------------------------------
FlowSolve:  NAVIER-STOKES ITERATION           1
FlowSolve: -------------------------------------
FlowSolve: 
FlowSolve: Starting Assembly...
FlowSolve: Assembly:
FlowSolve: Assembly done
FlowSolve: Dirichlet conditions done
      10 0.4396E-11 0.4396E-11
BiCGStabl:       10 0.4396E-11 0.4396E-11
ComputeChange: NS (ITER=1) (NRM,RELC): (  1.6671360     0.33233733E-07 ) :: navier-stokes
FlowSolve: iter:    1 Assembly: (s)    0.02    0.02
FlowSolve: iter:    1 Solve:    (s)    0.01    0.01
FlowSolve:  Result Norm     :    1.6671359965333525
FlowSolve:  Relative Change :    3.3233733082167843E-008
FlowSolve: 
FlowSolve: 
FlowSolve: -------------------------------------
FlowSolve:  NAVIER-STOKES ITERATION           2
FlowSolve: -------------------------------------
FlowSolve: 
FlowSolve: Starting Assembly...
FlowSolve: Assembly:
FlowSolve: Assembly done
FlowSolve: Dirichlet conditions done
BiCGStabl:       10 0.7027E-11 0.7027E-11
ComputeChange: NS (ITER=2) (NRM,RELC): (  1.6671360     0.99707731E-08 ) :: navier-stokes
FlowSolve: iter:    2 Assembly: (s)    0.01    0.03
FlowSolve: iter:    2 Solve:    (s)    0.01    0.02
FlowSolve:  Result Norm     :    1.6671360131559874
FlowSolve:  Relative Change :    9.9707730958087842E-009
FlowSolve: 
FlowSolve: 
FlowSolve: -------------------------------------
FlowSolve:  NAVIER-STOKES ITERATION           3
FlowSolve: -------------------------------------
FlowSolve: 
FlowSolve: Starting Assembly...
FlowSolve: Assembly:
FlowSolve: Assembly done
FlowSolve: Dirichlet conditions done
BiCGStabl:       10 0.2025E-11 0.2025E-11
ComputeChange: NS (ITER=3) (NRM,RELC): (  1.6671360     0.29913741E-08 ) :: navier-stokes
FlowSolve: iter:    3 Assembly: (s)    0.02    0.05
FlowSolve: iter:    3 Solve:    (s)    0.01    0.03
FlowSolve:  Result Norm     :    1.6671360181430148
FlowSolve:  Relative Change :    2.9913740755676794E-009
FlowSolve: 
FlowSolve: 
FlowSolve: -------------------------------------
FlowSolve:  NAVIER-STOKES ITERATION           4
FlowSolve: -------------------------------------
FlowSolve: 
FlowSolve: Starting Assembly...
FlowSolve: Assembly:
FlowSolve: Assembly done
FlowSolve: Dirichlet conditions done
BiCGStabl:        8 0.7454E-11 0.7454E-11
ComputeChange: NS (ITER=4) (NRM,RELC): (  1.6671360     0.90025574E-09 ) :: navier-stokes
FlowSolve: iter:    4 Assembly: (s)    0.01    0.06
FlowSolve: iter:    4 Solve:    (s)    0.01    0.04
FlowSolve:  Result Norm     :    1.6671360196438636
FlowSolve:  Relative Change :    9.0025574493121902E-010
FlowSolve: 
FlowSolve: 
FlowSolve: -------------------------------------
FlowSolve:  NAVIER-STOKES ITERATION           5
FlowSolve: -------------------------------------
FlowSolve: 
FlowSolve: Starting Assembly...
FlowSolve: Assembly:
FlowSolve: Assembly done
FlowSolve: Dirichlet conditions done
BiCGStabl:        6 0.9633E-11 0.9633E-11
ComputeChange: NS (ITER=5) (NRM,RELC): (  1.6671360     0.26504289E-09 ) :: navier-stokes
FlowSolve: iter:    5 Assembly: (s)    0.01    0.08
FlowSolve: iter:    5 Solve:    (s)    0.01    0.05
FlowSolve:  Result Norm     :    1.6671360200857261
FlowSolve:  Relative Change :    2.6504288869465466E-010
FlowSolve: 
FlowSolve: 
FlowSolve: -------------------------------------
FlowSolve:  NAVIER-STOKES ITERATION           6
FlowSolve: -------------------------------------
FlowSolve: 
FlowSolve: Starting Assembly...
FlowSolve: Assembly:
FlowSolve: Assembly done
FlowSolve: Dirichlet conditions done
BiCGStabl:        6 0.7691E-11 0.7691E-11
ComputeChange: NS (ITER=6) (NRM,RELC): (  1.6671360     0.80572840E-10 ) :: navier-stokes
FlowSolve: iter:    6 Assembly: (s)    0.02    0.09
FlowSolve: iter:    6 Solve:    (s)    0.01    0.06
FlowSolve:  Result Norm     :    1.6671360202200520
FlowSolve:  Relative Change :    8.0572839963639555E-011
ComputeChange: SS (ITER=50) (NRM,RELC): (  1.6671360     0.16604612E-07 ) :: navier-stokes
ResultOutputSolver: -------------------------------------
ResultOutputSolver: Saving in unstructured VTK XML (.vtu) format
ResultOutputSolver: -------------------------------------
MAIN: 
MAIN: -------------------------------------
MAIN:  Steady state iteration:           51
MAIN: -------------------------------------
MAIN: 
HeatSolver: ------------------------------------------------
HeatSolver: Solving energy equation for temperature
HeatSolver: Heat solver iteration: 1
IterSolver: "Linear System GCR Restart" not given, setting it to 200
ComputeChange: NS (ITER=1) (NRM,RELC): (  300.00014     0.41741997E-12 ) :: heat equation
ComputeChange: SS (ITER=51) (NRM,RELC): (  300.00014     0.14760334E-12 ) :: heat equation
FlowSolve: 
FlowSolve: 
FlowSolve: -------------------------------------
FlowSolve:  NAVIER-STOKES ITERATION           1
FlowSolve: -------------------------------------
FlowSolve: 
FlowSolve: Starting Assembly...
FlowSolve: Assembly:
FlowSolve: Assembly done
FlowSolve: Dirichlet conditions done
      10 0.3049E-11 0.3049E-11
BiCGStabl:       10 0.3049E-11 0.3049E-11
ComputeChange: NS (ITER=1) (NRM,RELC): (  1.6671360     0.25483390E-07 ) :: navier-stokes
FlowSolve: iter:    1 Assembly: (s)    0.02    0.02
FlowSolve: iter:    1 Solve:    (s)    0.01    0.01
FlowSolve:  Result Norm     :    1.6671360112946241
FlowSolve:  Relative Change :    2.5483390220578129E-008
FlowSolve: 
FlowSolve: 
FlowSolve: -------------------------------------
FlowSolve:  NAVIER-STOKES ITERATION           2
FlowSolve: -------------------------------------
FlowSolve: 
FlowSolve: Starting Assembly...
FlowSolve: Assembly:
FlowSolve: Assembly done
FlowSolve: Dirichlet conditions done
BiCGStabl:       10 0.4625E-11 0.4625E-11
ComputeChange: NS (ITER=2) (NRM,RELC): (  1.6671360     0.76455970E-08 ) :: navier-stokes
FlowSolve: iter:    2 Assembly: (s)    0.02    0.03
FlowSolve: iter:    2 Solve:    (s)    0.01    0.02
FlowSolve:  Result Norm     :    1.6671360240408741
FlowSolve:  Relative Change :    7.6455969521072319E-009
FlowSolve: 
FlowSolve: 
FlowSolve: -------------------------------------
FlowSolve:  NAVIER-STOKES ITERATION           3
FlowSolve: -------------------------------------
FlowSolve: 
FlowSolve: Starting Assembly...
FlowSolve: Assembly:
FlowSolve: Assembly done
FlowSolve: Dirichlet conditions done
BiCGStabl:        8 0.9302E-11 0.9302E-11
ComputeChange: NS (ITER=3) (NRM,RELC): (  1.6671360     0.22987650E-08 ) :: navier-stokes
FlowSolve: iter:    3 Assembly: (s)    0.02    0.05
FlowSolve: iter:    3 Solve:    (s)    0.01    0.03
FlowSolve:  Result Norm     :    1.6671360278732281
FlowSolve:  Relative Change :    2.2987650257919361E-009
FlowSolve: 
FlowSolve: 
FlowSolve: -------------------------------------
FlowSolve:  NAVIER-STOKES ITERATION           4
FlowSolve: -------------------------------------
FlowSolve: 
FlowSolve: Starting Assembly...
FlowSolve: Assembly:
FlowSolve: Assembly done
FlowSolve: Dirichlet conditions done
BiCGStabl:        7 0.7548E-11 0.7548E-11
ComputeChange: NS (ITER=4) (NRM,RELC): (  1.6671360     0.68728519E-09 ) :: navier-stokes
FlowSolve: iter:    4 Assembly: (s)    0.02    0.06
FlowSolve: iter:    4 Solve:    (s)    0.01    0.04
FlowSolve:  Result Norm     :    1.6671360290190260
FlowSolve:  Relative Change :    6.8728518936224684E-010
FlowSolve: 
FlowSolve: 
FlowSolve: -------------------------------------
FlowSolve:  NAVIER-STOKES ITERATION           5
FlowSolve: -------------------------------------
FlowSolve: 
FlowSolve: Starting Assembly...
FlowSolve: Assembly:
FlowSolve: Assembly done
FlowSolve: Dirichlet conditions done
BiCGStabl:        6 0.6709E-11 0.6709E-11
ComputeChange: NS (ITER=5) (NRM,RELC): (  1.6671360     0.20214586E-09 ) :: navier-stokes
FlowSolve: iter:    5 Assembly: (s)    0.01    0.08
FlowSolve: iter:    5 Solve:    (s)    0.01    0.05
FlowSolve:  Result Norm     :    1.6671360293560307
FlowSolve:  Relative Change :    2.0214586003250451E-010
FlowSolve: 
FlowSolve: 
FlowSolve: -------------------------------------
FlowSolve:  NAVIER-STOKES ITERATION           6
FlowSolve: -------------------------------------
FlowSolve: 
FlowSolve: Starting Assembly...
FlowSolve: Assembly:
FlowSolve: Assembly done
FlowSolve: Dirichlet conditions done
BiCGStabl:        6 0.5865E-11 0.5865E-11
ComputeChange: NS (ITER=6) (NRM,RELC): (  1.6671360     0.61297291E-10 ) :: navier-stokes
FlowSolve: iter:    6 Assembly: (s)    0.02    0.09
FlowSolve: iter:    6 Solve:    (s)    0.01    0.06
FlowSolve:  Result Norm     :    1.6671360294582216
FlowSolve:  Relative Change :    6.1297291035797447E-011
ComputeChange: SS (ITER=51) (NRM,RELC): (  1.6671360     0.12732468E-07 ) :: navier-stokes
ResultOutputSolver: -------------------------------------
ResultOutputSolver: Saving in unstructured VTK XML (.vtu) format
ResultOutputSolver: -------------------------------------
MAIN: 
MAIN: -------------------------------------
MAIN:  Steady state iteration:           52
MAIN: -------------------------------------
MAIN: 
HeatSolver: ------------------------------------------------
HeatSolver: Solving energy equation for temperature
HeatSolver: Heat solver iteration: 1
IterSolver: "Linear System GCR Restart" not given, setting it to 200
ComputeChange: NS (ITER=1) (NRM,RELC): (  300.00014     0.44659958E-12 ) :: heat equation
ComputeChange: SS (ITER=52) (NRM,RELC): (  300.00014     0.15575089E-12 ) :: heat equation
FlowSolve: 
FlowSolve: 
FlowSolve: -------------------------------------
FlowSolve:  NAVIER-STOKES ITERATION           1
FlowSolve: -------------------------------------
FlowSolve: 
FlowSolve: Starting Assembly...
FlowSolve: Assembly:
FlowSolve: Assembly done
FlowSolve: Dirichlet conditions done
BiCGStabl:       10 0.9247E-11 0.9247E-11
ComputeChange: NS (ITER=1) (NRM,RELC): (  1.6671360     0.18202242E-07 ) :: navier-stokes
FlowSolve: iter:    1 Assembly: (s)    0.02    0.02
FlowSolve: iter:    1 Solve:    (s)    0.01    0.01
FlowSolve:  Result Norm     :    1.6671360203827168
FlowSolve:  Relative Change :    1.8202242471353190E-008
FlowSolve: 
FlowSolve: 
FlowSolve: -------------------------------------
FlowSolve:  NAVIER-STOKES ITERATION           2
FlowSolve: -------------------------------------
FlowSolve: 
FlowSolve: Starting Assembly...
FlowSolve: Assembly:
FlowSolve: Assembly done
FlowSolve: Dirichlet conditions done
BiCGStabl:       10 0.2797E-11 0.2797E-11
ComputeChange: NS (ITER=2) (NRM,RELC): (  1.6671360     0.54610535E-08 ) :: navier-stokes
FlowSolve: iter:    2 Assembly: (s)    0.01    0.03
FlowSolve: iter:    2 Solve:    (s)    0.01    0.02
FlowSolve:  Result Norm     :    1.6671360294870359
FlowSolve:  Relative Change :    5.4610535314714957E-009
FlowSolve: 
FlowSolve: 
FlowSolve: -------------------------------------
FlowSolve:  NAVIER-STOKES ITERATION           3
FlowSolve: -------------------------------------
FlowSolve: 
FlowSolve: Starting Assembly...
FlowSolve: Assembly:
FlowSolve: Assembly done
FlowSolve: Dirichlet conditions done
BiCGStabl:        8 0.8686E-11 0.8686E-11
ComputeChange: NS (ITER=3) (NRM,RELC): (  1.6671360     0.16428837E-08 ) :: navier-stokes
FlowSolve: iter:    3 Assembly: (s)    0.01    0.04
FlowSolve: iter:    3 Solve:    (s)    0.01    0.03
FlowSolve:  Result Norm     :    1.6671360322259465
FlowSolve:  Relative Change :    1.6428837258259805E-009
FlowSolve: 
FlowSolve: 
FlowSolve: -------------------------------------
FlowSolve:  NAVIER-STOKES ITERATION           4
FlowSolve: -------------------------------------
FlowSolve: 
FlowSolve: Starting Assembly...
FlowSolve: Assembly:
FlowSolve: Assembly done
FlowSolve: Dirichlet conditions done
BiCGStabl:        7 0.5992E-11 0.5992E-11
ComputeChange: NS (ITER=4) (NRM,RELC): (  1.6671360     0.49065137E-09 ) :: navier-stokes
FlowSolve: iter:    4 Assembly: (s)    0.01    0.06
FlowSolve: iter:    4 Solve:    (s)    0.01    0.04
FlowSolve:  Result Norm     :    1.6671360330439291
FlowSolve:  Relative Change :    4.9065136530815635E-010
FlowSolve: 
FlowSolve: 
FlowSolve: -------------------------------------
FlowSolve:  NAVIER-STOKES ITERATION           5
FlowSolve: -------------------------------------
FlowSolve: 
FlowSolve: Starting Assembly...
FlowSolve: Assembly:
FlowSolve: Assembly done
FlowSolve: Dirichlet conditions done
BiCGStabl:        6 0.4996E-11 0.4996E-11
ComputeChange: NS (ITER=5) (NRM,RELC): (  1.6671360     0.14407721E-09 ) :: navier-stokes
FlowSolve: iter:    5 Assembly: (s)    0.01    0.07
FlowSolve: iter:    5 Solve:    (s)    0.01    0.05
FlowSolve:  Result Norm     :    1.6671360332841254
FlowSolve:  Relative Change :    1.4407720936400046E-010
FlowSolve: 
FlowSolve: 
FlowSolve: -------------------------------------
FlowSolve:  NAVIER-STOKES ITERATION           6
FlowSolve: -------------------------------------
FlowSolve: 
FlowSolve: Starting Assembly...
FlowSolve: Assembly:
FlowSolve: Assembly done
FlowSolve: Dirichlet conditions done
BiCGStabl:        6 0.7907E-11 0.7907E-11
ComputeChange: NS (ITER=6) (NRM,RELC): (  1.6671360     0.40599414E-10 ) :: navier-stokes
FlowSolve: iter:    6 Assembly: (s)    0.02    0.09
FlowSolve: iter:    6 Solve:    (s)    0.01    0.05
FlowSolve:  Result Norm     :    1.6671360333518102
FlowSolve:  Relative Change :    4.0599414411051461E-011
ComputeChange: SS (ITER=52) (NRM,RELC): (  1.6671360     0.90935284E-08 ) :: navier-stokes
ResultOutputSolver: -------------------------------------
ResultOutputSolver: Saving in unstructured VTK XML (.vtu) format
ResultOutputSolver: -------------------------------------
MAIN: 
MAIN: -------------------------------------
MAIN:  Steady state iteration:           53
MAIN: -------------------------------------
MAIN: 
HeatSolver: ------------------------------------------------
HeatSolver: Solving energy equation for temperature
HeatSolver: Heat solver iteration: 1
IterSolver: "Linear System GCR Restart" not given, setting it to 200
ComputeChange: NS (ITER=1) (NRM,RELC): (  300.00014     0.19440440E-12 ) :: heat equation
ComputeChange: SS (ITER=53) (NRM,RELC): (  300.00014     0.67075202E-13 ) :: heat equation
FlowSolve: 
FlowSolve: 
FlowSolve: -------------------------------------
FlowSolve:  NAVIER-STOKES ITERATION           1
FlowSolve: -------------------------------------
FlowSolve: 
FlowSolve: Starting Assembly...
FlowSolve: Assembly:
FlowSolve: Assembly done
FlowSolve: Dirichlet conditions done
BiCGStabl:       10 0.3626E-11 0.3626E-11
ComputeChange: NS (ITER=1) (NRM,RELC): (  1.6671360     0.12086352E-07 ) :: navier-stokes
FlowSolve: iter:    1 Assembly: (s)    0.02    0.02
FlowSolve: iter:    1 Solve:    (s)    0.01    0.01
FlowSolve:  Result Norm     :    1.6671360253468439
FlowSolve:  Relative Change :    1.2086351835979941E-008
FlowSolve: 
FlowSolve: 
FlowSolve: -------------------------------------
FlowSolve:  NAVIER-STOKES ITERATION           2
FlowSolve: -------------------------------------
FlowSolve: 
FlowSolve: Starting Assembly...
FlowSolve: Assembly:
FlowSolve: Assembly done
FlowSolve: Dirichlet conditions done
BiCGStabl:       10 0.1088E-11 0.1088E-11
ComputeChange: NS (ITER=2) (NRM,RELC): (  1.6671360     0.36261738E-08 ) :: navier-stokes
FlowSolve: iter:    2 Assembly: (s)    0.02    0.03
FlowSolve: iter:    2 Solve:    (s)    0.01    0.02
FlowSolve:  Result Norm     :    1.6671360313921688
FlowSolve:  Relative Change :    3.6261737521477423E-009
FlowSolve: 
FlowSolve: 
FlowSolve: -------------------------------------
FlowSolve:  NAVIER-STOKES ITERATION           3
FlowSolve: -------------------------------------
FlowSolve: 
FlowSolve: Starting Assembly...
FlowSolve: Assembly:
FlowSolve: Assembly done
FlowSolve: Dirichlet conditions done
BiCGStabl:        8 0.9105E-11 0.9105E-11
ComputeChange: NS (ITER=3) (NRM,RELC): (  1.6671360     0.10921736E-08 ) :: navier-stokes
FlowSolve: iter:    3 Assembly: (s)    0.02    0.05
FlowSolve: iter:    3 Solve:    (s)    0.01    0.03
FlowSolve:  Result Norm     :    1.6671360332129708
FlowSolve:  Relative Change :    1.0921735949411721E-009
FlowSolve: 
FlowSolve: 
FlowSolve: -------------------------------------
FlowSolve:  NAVIER-STOKES ITERATION           4
FlowSolve: -------------------------------------
FlowSolve: 
FlowSolve: Starting Assembly...
FlowSolve: Assembly:
FlowSolve: Assembly done
FlowSolve: Dirichlet conditions done
BiCGStabl:        7 0.9589E-11 0.9589E-11
ComputeChange: NS (ITER=4) (NRM,RELC): (  1.6671360     0.32548976E-09 ) :: navier-stokes
FlowSolve: iter:    4 Assembly: (s)    0.02    0.06
FlowSolve: iter:    4 Solve:    (s)    0.01    0.04
FlowSolve:  Result Norm     :    1.6671360337556065
FlowSolve:  Relative Change :    3.2548976402733028E-010
FlowSolve: 
FlowSolve: 
FlowSolve: -------------------------------------
FlowSolve:  NAVIER-STOKES ITERATION           5
FlowSolve: -------------------------------------
FlowSolve: 
FlowSolve: Starting Assembly...
FlowSolve: Assembly:
FlowSolve: Assembly done
FlowSolve: Dirichlet conditions done
BiCGStabl:        6 0.3436E-11 0.3436E-11
ComputeChange: NS (ITER=5) (NRM,RELC): (  1.6671360     0.94906933E-10 ) :: navier-stokes
FlowSolve: iter:    5 Assembly: (s)    0.02    0.08
FlowSolve: iter:    5 Solve:    (s)    0.01    0.05
FlowSolve:  Result Norm     :    1.6671360339138293
FlowSolve:  Relative Change :    9.4906933213301192E-011
ComputeChange: SS (ITER=53) (NRM,RELC): (  1.6671360     0.60287830E-08 ) :: navier-stokes
ResultOutputSolver: -------------------------------------
ResultOutputSolver: Saving in unstructured VTK XML (.vtu) format
ResultOutputSolver: -------------------------------------
MAIN: 
MAIN: -------------------------------------
MAIN:  Steady state iteration:           54
MAIN: -------------------------------------
MAIN: 
HeatSolver: ------------------------------------------------
HeatSolver: Solving energy equation for temperature
HeatSolver: Heat solver iteration: 1
IterSolver: "Linear System GCR Restart" not given, setting it to 200
ComputeChange: NS (ITER=1) (NRM,RELC): (  300.00014     0.21448906E-12 ) :: heat equation
ComputeChange: SS (ITER=54) (NRM,RELC): (  300.00014     0.75033277E-13 ) :: heat equation
FlowSolve: 
FlowSolve: 
FlowSolve: -------------------------------------
FlowSolve:  NAVIER-STOKES ITERATION           1
FlowSolve: -------------------------------------
FlowSolve: 
FlowSolve: Starting Assembly...
FlowSolve: Assembly:
FlowSolve: Assembly done
FlowSolve: Dirichlet conditions done
BiCGStabl:       10 0.2804E-11 0.2804E-11
ComputeChange: NS (ITER=1) (NRM,RELC): (  1.6671360     0.76690272E-08 ) :: navier-stokes
FlowSolve: iter:    1 Assembly: (s)    0.02    0.02
FlowSolve: iter:    1 Solve:    (s)    0.01    0.01
FlowSolve:  Result Norm     :    1.6671360280333642
FlowSolve:  Relative Change :    7.6690271880819233E-009
FlowSolve: 
FlowSolve: 
FlowSolve: -------------------------------------
FlowSolve:  NAVIER-STOKES ITERATION           2
FlowSolve: -------------------------------------
FlowSolve: 
FlowSolve: Starting Assembly...
FlowSolve: Assembly:
FlowSolve: Assembly done
FlowSolve: Dirichlet conditions done
BiCGStabl:       10 0.5921E-11 0.5921E-11
ComputeChange: NS (ITER=2) (NRM,RELC): (  1.6671360     0.22979855E-08 ) :: navier-stokes
FlowSolve: iter:    2 Assembly: (s)    0.02    0.03
FlowSolve: iter:    2 Solve:    (s)    0.01    0.02
FlowSolve:  Result Norm     :    1.6671360318644186
FlowSolve:  Relative Change :    2.2979854635813052E-009
FlowSolve: 
FlowSolve: 
FlowSolve: -------------------------------------
FlowSolve:  NAVIER-STOKES ITERATION           3
FlowSolve: -------------------------------------
FlowSolve: 
FlowSolve: Starting Assembly...
FlowSolve: Assembly:
FlowSolve: Assembly done
FlowSolve: Dirichlet conditions done
BiCGStabl:        8 0.8424E-11 0.8424E-11
ComputeChange: NS (ITER=3) (NRM,RELC): (  1.6671360     0.69584353E-09 ) :: navier-stokes
FlowSolve: iter:    3 Assembly: (s)    0.02    0.05
FlowSolve: iter:    3 Solve:    (s)    0.01    0.03
FlowSolve:  Result Norm     :    1.6671360330244844
FlowSolve:  Relative Change :    6.9584352962543334E-010
FlowSolve: 
FlowSolve: 
FlowSolve: -------------------------------------
FlowSolve:  NAVIER-STOKES ITERATION           4
FlowSolve: -------------------------------------
FlowSolve: 
FlowSolve: Starting Assembly...
FlowSolve: Assembly:
FlowSolve: Assembly done
FlowSolve: Dirichlet conditions done
BiCGStabl:        6 0.8948E-11 0.8948E-11
ComputeChange: NS (ITER=4) (NRM,RELC): (  1.6671360     0.20433815E-09 ) :: navier-stokes
FlowSolve: iter:    4 Assembly: (s)    0.02    0.06
FlowSolve: iter:    4 Solve:    (s)    0.01    0.04
FlowSolve:  Result Norm     :    1.6671360333651439
FlowSolve:  Relative Change :    2.0433815467087653E-010
FlowSolve: 
FlowSolve: 
FlowSolve: -------------------------------------
FlowSolve:  NAVIER-STOKES ITERATION           5
FlowSolve: -------------------------------------
FlowSolve: 
FlowSolve: Starting Assembly...
FlowSolve: Assembly:
FlowSolve: Assembly done
FlowSolve: Dirichlet conditions done
BiCGStabl:        6 0.8984E-11 0.8984E-11
ComputeChange: NS (ITER=5) (NRM,RELC): (  1.6671360     0.61494811E-10 ) :: navier-stokes
FlowSolve: iter:    5 Assembly: (s)    0.02    0.08
FlowSolve: iter:    5 Solve:    (s)    0.01    0.05
FlowSolve:  Result Norm     :    1.6671360334676641
FlowSolve:  Relative Change :    6.1494810552348920E-011
ComputeChange: SS (ITER=54) (NRM,RELC): (  1.6671360     0.38250421E-08 ) :: navier-stokes
ResultOutputSolver: -------------------------------------
ResultOutputSolver: Saving in unstructured VTK XML (.vtu) format
ResultOutputSolver: -------------------------------------
MAIN: 
MAIN: -------------------------------------
MAIN:  Steady state iteration:           55
MAIN: -------------------------------------
MAIN: 
HeatSolver: ------------------------------------------------
HeatSolver: Solving energy equation for temperature
HeatSolver: Heat solver iteration: 1
IterSolver: "Linear System GCR Restart" not given, setting it to 200
ComputeChange: NS (ITER=1) (NRM,RELC): (  300.00014     0.24177389E-12 ) :: heat equation
ComputeChange: SS (ITER=55) (NRM,RELC): (  300.00014     0.83938741E-13 ) :: heat equation
FlowSolve: 
FlowSolve: 
FlowSolve: -------------------------------------
FlowSolve:  NAVIER-STOKES ITERATION           1
FlowSolve: -------------------------------------
FlowSolve: 
FlowSolve: Starting Assembly...
FlowSolve: Assembly:
FlowSolve: Assembly done
FlowSolve: Dirichlet conditions done
BiCGStabl:       10 0.1822E-11 0.1822E-11
ComputeChange: NS (ITER=1) (NRM,RELC): (  1.6671360     0.41886369E-08 ) :: navier-stokes
FlowSolve: iter:    1 Assembly: (s)    0.02    0.02
FlowSolve: iter:    1 Solve:    (s)    0.01    0.01
FlowSolve:  Result Norm     :    1.6671360286079457
FlowSolve:  Relative Change :    4.1886369104731186E-009
FlowSolve: 
FlowSolve: 
FlowSolve: -------------------------------------
FlowSolve:  NAVIER-STOKES ITERATION           2
FlowSolve: -------------------------------------
FlowSolve: 
FlowSolve: Starting Assembly...
FlowSolve: Assembly:
FlowSolve: Assembly done
FlowSolve: Dirichlet conditions done
BiCGStabl:       10 0.3815E-11 0.3815E-11
ComputeChange: NS (ITER=2) (NRM,RELC): (  1.6671360     0.12550160E-08 ) :: navier-stokes
FlowSolve: iter:    2 Assembly: (s)    0.02    0.03
FlowSolve: iter:    2 Solve:    (s)    0.01    0.02
FlowSolve:  Result Norm     :    1.6671360307002281
FlowSolve:  Relative Change :    1.2550159735981001E-009
FlowSolve: 
FlowSolve: 
FlowSolve: -------------------------------------
FlowSolve:  NAVIER-STOKES ITERATION           3
FlowSolve: -------------------------------------
FlowSolve: 
FlowSolve: Starting Assembly...
FlowSolve: Assembly:
FlowSolve: Assembly done
FlowSolve: Dirichlet conditions done
BiCGStabl:        8 0.7333E-11 0.7333E-11
ComputeChange: NS (ITER=3) (NRM,RELC): (  1.6671360     0.38154020E-09 ) :: navier-stokes
FlowSolve: iter:    3 Assembly: (s)    0.02    0.05
FlowSolve: iter:    3 Solve:    (s)    0.01    0.03
FlowSolve:  Result Norm     :    1.6671360313363075
FlowSolve:  Relative Change :    3.8154019799821978E-010
FlowSolve: 
FlowSolve: 
FlowSolve: -------------------------------------
FlowSolve:  NAVIER-STOKES ITERATION           4
FlowSolve: -------------------------------------
FlowSolve: 
FlowSolve: Starting Assembly...
FlowSolve: Assembly:
FlowSolve: Assembly done
FlowSolve: Dirichlet conditions done
BiCGStabl:        6 0.7708E-11 0.7708E-11
ComputeChange: NS (ITER=4) (NRM,RELC): (  1.6671360     0.11094385E-09 ) :: navier-stokes
FlowSolve: iter:    4 Assembly: (s)    0.02    0.06
FlowSolve: iter:    4 Solve:    (s)    0.01    0.04
FlowSolve:  Result Norm     :    1.6671360315212660
FlowSolve:  Relative Change :    1.1094385189871552E-010
FlowSolve: 
FlowSolve: 
FlowSolve: -------------------------------------
FlowSolve:  NAVIER-STOKES ITERATION           5
FlowSolve: -------------------------------------
FlowSolve: 
FlowSolve: Starting Assembly...
FlowSolve: Assembly:
FlowSolve: Assembly done
FlowSolve: Dirichlet conditions done
BiCGStabl:        6 0.6088E-11 0.6088E-11
ComputeChange: NS (ITER=5) (NRM,RELC): (  1.6671360     0.30533503E-10 ) :: navier-stokes
FlowSolve: iter:    5 Assembly: (s)    0.02    0.08
FlowSolve: iter:    5 Solve:    (s)    0.01    0.05
FlowSolve:  Result Norm     :    1.6671360315721695
FlowSolve:  Relative Change :    3.0533503368187529E-011
ComputeChange: SS (ITER=55) (NRM,RELC): (  1.6671360     0.20883341E-08 ) :: navier-stokes
ResultOutputSolver: -------------------------------------
ResultOutputSolver: Saving in unstructured VTK XML (.vtu) format
ResultOutputSolver: -------------------------------------
MAIN: 
MAIN: -------------------------------------
MAIN:  Steady state iteration:           56
MAIN: -------------------------------------
MAIN: 
HeatSolver: ------------------------------------------------
HeatSolver: Solving energy equation for temperature
HeatSolver: Heat solver iteration: 1
IterSolver: "Linear System GCR Restart" not given, setting it to 200
ComputeChange: NS (ITER=1) (NRM,RELC): (  300.00014     0.50590618E-13 ) :: heat equation
ComputeChange: SS (ITER=56) (NRM,RELC): (  300.00014     0.18568841E-13 ) :: heat equation
FlowSolve: 
FlowSolve: 
FlowSolve: -------------------------------------
FlowSolve:  NAVIER-STOKES ITERATION           1
FlowSolve: -------------------------------------
FlowSolve: 
FlowSolve: Starting Assembly...
FlowSolve: Assembly:
FlowSolve: Assembly done
FlowSolve: Dirichlet conditions done
BiCGStabl:       10 0.7522E-11 0.7522E-11
ComputeChange: NS (ITER=1) (NRM,RELC): (  1.6671360     0.25248499E-08 ) :: navier-stokes
FlowSolve: iter:    1 Assembly: (s)    0.02    0.02
FlowSolve: iter:    1 Solve:    (s)    0.01    0.01
FlowSolve:  Result Norm     :    1.6671360293157236
FlowSolve:  Relative Change :    2.5248499214044965E-009
FlowSolve: 
FlowSolve: 
FlowSolve: -------------------------------------
FlowSolve:  NAVIER-STOKES ITERATION           2
FlowSolve: -------------------------------------
FlowSolve: 
FlowSolve: Starting Assembly...
FlowSolve: Assembly:
FlowSolve: Assembly done
FlowSolve: Dirichlet conditions done
BiCGStabl:       10 0.2252E-11 0.2252E-11
ComputeChange: NS (ITER=2) (NRM,RELC): (  1.6671360     0.75998534E-09 ) :: navier-stokes
FlowSolve: iter:    2 Assembly: (s)    0.02    0.03
FlowSolve: iter:    2 Solve:    (s)    0.01    0.02
FlowSolve:  Result Norm     :    1.6671360305827225
FlowSolve:  Relative Change :    7.5998534459044367E-010
FlowSolve: 
FlowSolve: 
FlowSolve: -------------------------------------
FlowSolve:  NAVIER-STOKES ITERATION           3
FlowSolve: -------------------------------------
FlowSolve: 
FlowSolve: Starting Assembly...
FlowSolve: Assembly:
FlowSolve: Assembly done
FlowSolve: Dirichlet conditions done
BiCGStabl:        8 0.5422E-11 0.5422E-11
ComputeChange: NS (ITER=3) (NRM,RELC): (  1.6671360     0.23160053E-09 ) :: navier-stokes
FlowSolve: iter:    3 Assembly: (s)    0.01    0.05
FlowSolve: iter:    3 Solve:    (s)    0.01    0.03
FlowSolve:  Result Norm     :    1.6671360309688321
FlowSolve:  Relative Change :    2.3160053026157849E-010
FlowSolve: 
FlowSolve: 
FlowSolve: -------------------------------------
FlowSolve:  NAVIER-STOKES ITERATION           4
FlowSolve: -------------------------------------
FlowSolve: 
FlowSolve: Starting Assembly...
FlowSolve: Assembly:
FlowSolve: Assembly done
FlowSolve: Dirichlet conditions done
BiCGStabl:        6 0.5699E-11 0.5699E-11
ComputeChange: NS (ITER=4) (NRM,RELC): (  1.6671360     0.66962762E-10 ) :: navier-stokes
FlowSolve: iter:    4 Assembly: (s)    0.01    0.06
FlowSolve: iter:    4 Solve:    (s)    0.01    0.04
FlowSolve:  Result Norm     :    1.6671360310804682
FlowSolve:  Relative Change :    6.6962762289958443E-011
ComputeChange: SS (ITER=56) (NRM,RELC): (  1.6671360     0.12541895E-08 ) :: navier-stokes
ResultOutputSolver: -------------------------------------
ResultOutputSolver: Saving in unstructured VTK XML (.vtu) format
ResultOutputSolver: -------------------------------------
MAIN: 
MAIN: -------------------------------------
MAIN:  Steady state iteration:           57
MAIN: -------------------------------------
MAIN: 
HeatSolver: ------------------------------------------------
HeatSolver: Solving energy equation for temperature
HeatSolver: Heat solver iteration: 1
IterSolver: "Linear System GCR Restart" not given, setting it to 200
ComputeChange: NS (ITER=1) (NRM,RELC): (  300.00014     0.50780096E-13 ) :: heat equation
ComputeChange: SS (ITER=57) (NRM,RELC): (  300.00014     0.17053017E-13 ) :: heat equation
FlowSolve: 
FlowSolve: 
FlowSolve: -------------------------------------
FlowSolve:  NAVIER-STOKES ITERATION           1
FlowSolve: -------------------------------------
FlowSolve: 
FlowSolve: Starting Assembly...
FlowSolve: Assembly:
FlowSolve: Assembly done
FlowSolve: Dirichlet conditions done
BiCGStabl:       10 0.4583E-11 0.4583E-11
ComputeChange: NS (ITER=1) (NRM,RELC): (  1.6671360     0.14249164E-08 ) :: navier-stokes
FlowSolve: iter:    1 Assembly: (s)    0.01    0.01
FlowSolve: iter:    1 Solve:    (s)    0.01    0.01
FlowSolve:  Result Norm     :    1.6671360295728894
FlowSolve:  Relative Change :    1.4249164497678003E-009
FlowSolve: 
FlowSolve: 
FlowSolve: -------------------------------------
FlowSolve:  NAVIER-STOKES ITERATION           2
FlowSolve: -------------------------------------
FlowSolve: 
FlowSolve: Starting Assembly...
FlowSolve: Assembly:
FlowSolve: Assembly done
FlowSolve: Dirichlet conditions done
BiCGStabl:        9 0.5999E-11 0.5999E-11
ComputeChange: NS (ITER=2) (NRM,RELC): (  1.6671360     0.42793295E-09 ) :: navier-stokes
FlowSolve: iter:    2 Assembly: (s)    0.01    0.03
FlowSolve: iter:    2 Solve:    (s)    0.01    0.02
FlowSolve:  Result Norm     :    1.6671360302863119
FlowSolve:  Relative Change :    4.2793294574258529E-010
FlowSolve: 
FlowSolve: 
FlowSolve: -------------------------------------
FlowSolve:  NAVIER-STOKES ITERATION           3
FlowSolve: -------------------------------------
FlowSolve: 
FlowSolve: Starting Assembly...
FlowSolve: Assembly:
FlowSolve: Assembly done
FlowSolve: Dirichlet conditions done
BiCGStabl:        8 0.5577E-11 0.5577E-11
ComputeChange: NS (ITER=3) (NRM,RELC): (  1.6671360     0.13250839E-09 ) :: navier-stokes
FlowSolve: iter:    3 Assembly: (s)    0.02    0.04
FlowSolve: iter:    3 Solve:    (s)    0.01    0.03
FlowSolve:  Result Norm     :    1.6671360305072214
FlowSolve:  Relative Change :    1.3250839096320150E-010
FlowSolve: 
FlowSolve: 
FlowSolve: -------------------------------------
FlowSolve:  NAVIER-STOKES ITERATION           4
FlowSolve: -------------------------------------
FlowSolve: 
FlowSolve: Starting Assembly...
FlowSolve: Assembly:
FlowSolve: Assembly done
FlowSolve: Dirichlet conditions done
BiCGStabl:        6 0.5733E-11 0.5733E-11
ComputeChange: NS (ITER=4) (NRM,RELC): (  1.6671360     0.34357234E-10 ) :: navier-stokes
FlowSolve: iter:    4 Assembly: (s)    0.02    0.06
FlowSolve: iter:    4 Solve:    (s)    0.01    0.04
FlowSolve:  Result Norm     :    1.6671360305644995
FlowSolve:  Relative Change :    3.4357233691866489E-011
ComputeChange: SS (ITER=57) (NRM,RELC): (  1.6671360     0.70690010E-09 ) :: navier-stokes
ResultOutputSolver: -------------------------------------
ResultOutputSolver: Saving in unstructured VTK XML (.vtu) format
ResultOutputSolver: -------------------------------------
MAIN: 
MAIN: -------------------------------------
MAIN:  Steady state iteration:           58
MAIN: -------------------------------------
MAIN: 
HeatSolver: ------------------------------------------------
HeatSolver: Solving energy equation for temperature
HeatSolver: Heat solver iteration: 1
IterSolver: "Linear System GCR Restart" not given, setting it to 200
ComputeChange: NS (ITER=1) (NRM,RELC): (  300.00014     0.53243310E-13 ) :: heat equation
ComputeChange: SS (ITER=58) (NRM,RELC): (  300.00014     0.19326753E-13 ) :: heat equation
FlowSolve: 
FlowSolve: 
FlowSolve: -------------------------------------
FlowSolve:  NAVIER-STOKES ITERATION           1
FlowSolve: -------------------------------------
FlowSolve: 
FlowSolve: Starting Assembly...
FlowSolve: Assembly:
FlowSolve: Assembly done
FlowSolve: Dirichlet conditions done
BiCGStabl:        9 0.8662E-11 0.8662E-11
ComputeChange: NS (ITER=1) (NRM,RELC): (  1.6671360     0.67171230E-09 ) :: navier-stokes
FlowSolve: iter:    1 Assembly: (s)    0.01    0.01
FlowSolve: iter:    1 Solve:    (s)    0.01    0.01
FlowSolve:  Result Norm     :    1.6671360294956943
FlowSolve:  Relative Change :    6.7171230195080307E-010
FlowSolve: 
FlowSolve: 
FlowSolve: -------------------------------------
FlowSolve:  NAVIER-STOKES ITERATION           2
FlowSolve: -------------------------------------
FlowSolve: 
FlowSolve: Starting Assembly...
FlowSolve: Assembly:
FlowSolve: Assembly done
FlowSolve: Dirichlet conditions done
BiCGStabl:        9 0.2650E-11 0.2650E-11
ComputeChange: NS (ITER=2) (NRM,RELC): (  1.6671360     0.20276293E-09 ) :: navier-stokes
FlowSolve: iter:    2 Assembly: (s)    0.02    0.03
FlowSolve: iter:    2 Solve:    (s)    0.01    0.02
FlowSolve:  Result Norm     :    1.6671360298337277
FlowSolve:  Relative Change :    2.0276292579069828E-010
FlowSolve: 
FlowSolve: 
FlowSolve: -------------------------------------
FlowSolve:  NAVIER-STOKES ITERATION           3
FlowSolve: -------------------------------------
FlowSolve: 
FlowSolve: Starting Assembly...
FlowSolve: Assembly:
FlowSolve: Assembly done
FlowSolve: Dirichlet conditions done
BiCGStabl:        6 0.4814E-11 0.4814E-11
ComputeChange: NS (ITER=3) (NRM,RELC): (  1.6671360     0.59265489E-10 ) :: navier-stokes
FlowSolve: iter:    3 Assembly: (s)    0.02    0.05
FlowSolve: iter:    3 Solve:    (s)    0.01    0.03
FlowSolve:  Result Norm     :    1.6671360299325313
FlowSolve:  Relative Change :    5.9265488941311774E-011
ComputeChange: SS (ITER=58) (NRM,RELC): (  1.6671360     0.32680914E-09 ) :: navier-stokes
ResultOutputSolver: -------------------------------------
ResultOutputSolver: Saving in unstructured VTK XML (.vtu) format
ResultOutputSolver: -------------------------------------
MAIN: 
MAIN: -------------------------------------
MAIN:  Steady state iteration:           59
MAIN: -------------------------------------
MAIN: 
HeatSolver: ------------------------------------------------
HeatSolver: Solving energy equation for temperature
HeatSolver: Heat solver iteration: 1
IterSolver: "Linear System GCR Restart" not given, setting it to 200
ComputeChange: NS (ITER=1) (NRM,RELC): (  300.00014     0.56843391E-13 ) :: heat equation
ComputeChange: SS (ITER=59) (NRM,RELC): (  300.00014     0.20084665E-13 ) :: heat equation
FlowSolve: 
FlowSolve: 
FlowSolve: -------------------------------------
FlowSolve:  NAVIER-STOKES ITERATION           1
FlowSolve: -------------------------------------
FlowSolve: 
FlowSolve: Starting Assembly...
FlowSolve: Assembly:
FlowSolve: Assembly done
FlowSolve: Dirichlet conditions done
BiCGStabl:        8 0.8773E-11 0.8773E-11
ComputeChange: NS (ITER=1) (NRM,RELC): (  1.6671360     0.13308483E-09 ) :: navier-stokes
FlowSolve: iter:    1 Assembly: (s)    0.02    0.02
FlowSolve: iter:    1 Solve:    (s)    0.01    0.01
FlowSolve:  Result Norm     :    1.6671360291425643
FlowSolve:  Relative Change :    1.3308483416535936E-010
FlowSolve: 
FlowSolve: 
FlowSolve: -------------------------------------
FlowSolve:  NAVIER-STOKES ITERATION           2
FlowSolve: -------------------------------------
FlowSolve: 
FlowSolve: Starting Assembly...
FlowSolve: Assembly:
FlowSolve: Assembly done
FlowSolve: Dirichlet conditions done
BiCGStabl:        7 0.7372E-11 0.7372E-11
ComputeChange: NS (ITER=2) (NRM,RELC): (  1.6671360     0.38174971E-10 ) :: navier-stokes
FlowSolve: iter:    2 Assembly: (s)    0.02    0.03
FlowSolve: iter:    2 Solve:    (s)    0.01    0.02
FlowSolve:  Result Norm     :    1.6671360292062072
FlowSolve:  Relative Change :    3.8174970511758494E-011
ComputeChange: SS (ITER=59) (NRM,RELC): (  1.6671360     0.59941291E-10 ) :: navier-stokes
ResultOutputSolver: -------------------------------------
ResultOutputSolver: Saving in unstructured VTK XML (.vtu) format
ResultOutputSolver: -------------------------------------
MAIN: *** Elmer Solver: ALL DONE ***
MAIN: The end
SOLVER TOTAL TIME(CPU,REAL):        15.16       16.50
ELMER SOLVER FINISHED AT: 2026/10/01 07:36:57
